# MAPbI3 n=3 superfluid scan | Eg=2.178282 eV  Ex=1.991594 eV  binding=186.7 meV | density n = G_DEG * INT d2k/(2pi)^2 f_c (Kramers degeneracy G_DEG=2)
# target_n=5.000e+12 cm^-2  n=4.756767e+12 cm^-2  dmu=2.033600 eV  inverted
# kx_invA  omega_eV  A_kw
-3.000000e-01 -6.275930e-01 5.412847e-01
-2.850000e-01 -6.275930e-01 5.278408e-01
-2.700000e-01 -6.275930e-01 5.125195e-01
-2.550000e-01 -6.275930e-01 4.952539e-01
-2.400000e-01 -6.275930e-01 4.760036e-01
-2.250000e-01 -6.275930e-01 4.547623e-01
-2.100000e-01 -6.275930e-01 4.315736e-01
-1.950000e-01 -6.275930e-01 4.065582e-01
-1.800000e-01 -6.275930e-01 3.799433e-01
-1.650000e-01 -6.275930e-01 3.520815e-01
-1.500000e-01 -6.275930e-01 3.234446e-01
-1.350000e-01 -6.275930e-01 2.945694e-01
-1.200000e-01 -6.275930e-01 2.659192e-01
-1.050000e-01 -6.275930e-01 2.375889e-01
-9.000000e-02 -6.275930e-01 2.087517e-01
-7.500000e-02 -6.275930e-01 1.772079e-01
-6.000000e-02 -6.275930e-01 1.419389e-01
-4.500000e-02 -6.275930e-01 1.093290e-01
-3.000000e-02 -6.275930e-01 8.721103e-02
-1.500000e-02 -6.275930e-01 7.574488e-02
5.551115e-17 -6.275930e-01 7.229538e-02
1.500000e-02 -6.275930e-01 7.574488e-02
3.000000e-02 -6.275930e-01 8.721103e-02
4.500000e-02 -6.275930e-01 1.093290e-01
6.000000e-02 -6.275930e-01 1.419389e-01
7.500000e-02 -6.275930e-01 1.772079e-01
9.000000e-02 -6.275930e-01 2.087517e-01
1.050000e-01 -6.275930e-01 2.375889e-01
1.200000e-01 -6.275930e-01 2.659192e-01
1.350000e-01 -6.275930e-01 2.945694e-01
1.500000e-01 -6.275930e-01 3.234446e-01
1.650000e-01 -6.275930e-01 3.520815e-01
1.800000e-01 -6.275930e-01 3.799433e-01
1.950000e-01 -6.275930e-01 4.065582e-01
2.100000e-01 -6.275930e-01 4.315736e-01
2.250000e-01 -6.275930e-01 4.547623e-01
2.400000e-01 -6.275930e-01 4.760036e-01
2.550000e-01 -6.275930e-01 4.952539e-01
2.700000e-01 -6.275930e-01 5.125195e-01
2.850000e-01 -6.275930e-01 5.278408e-01
3.000000e-01 -6.275930e-01 5.412847e-01
-3.000000e-01 -6.139287e-01 5.839747e-01
-2.850000e-01 -6.139287e-01 5.689434e-01
-2.700000e-01 -6.139287e-01 5.518377e-01
-2.550000e-01 -6.139287e-01 5.325934e-01
-2.400000e-01 -6.139287e-01 5.111779e-01
-2.250000e-01 -6.139287e-01 4.875986e-01
-2.100000e-01 -6.139287e-01 4.619206e-01
-1.950000e-01 -6.139287e-01 4.342958e-01
-1.800000e-01 -6.139287e-01 4.049948e-01
-1.650000e-01 -6.139287e-01 3.744251e-01
-1.500000e-01 -6.139287e-01 3.431225e-01
-1.350000e-01 -6.139287e-01 3.116904e-01
-1.200000e-01 -6.139287e-01 2.806493e-01
-1.050000e-01 -6.139287e-01 2.501261e-01
-9.000000e-02 -6.139287e-01 2.192757e-01
-7.500000e-02 -6.139287e-01 1.858126e-01
-6.000000e-02 -6.139287e-01 1.486685e-01
-4.500000e-02 -6.139287e-01 1.144611e-01
-3.000000e-02 -6.139287e-01 9.129630e-02
-1.500000e-02 -6.139287e-01 7.929428e-02
5.551115e-17 -6.139287e-01 7.568428e-02
1.500000e-02 -6.139287e-01 7.929428e-02
3.000000e-02 -6.139287e-01 9.129630e-02
4.500000e-02 -6.139287e-01 1.144611e-01
6.000000e-02 -6.139287e-01 1.486685e-01
7.500000e-02 -6.139287e-01 1.858126e-01
9.000000e-02 -6.139287e-01 2.192757e-01
1.050000e-01 -6.139287e-01 2.501261e-01
1.200000e-01 -6.139287e-01 2.806493e-01
1.350000e-01 -6.139287e-01 3.116904e-01
1.500000e-01 -6.139287e-01 3.431225e-01
1.650000e-01 -6.139287e-01 3.744251e-01
1.800000e-01 -6.139287e-01 4.049948e-01
1.950000e-01 -6.139287e-01 4.342958e-01
2.100000e-01 -6.139287e-01 4.619206e-01
2.250000e-01 -6.139287e-01 4.875986e-01
2.400000e-01 -6.139287e-01 5.111779e-01
2.550000e-01 -6.139287e-01 5.325934e-01
2.700000e-01 -6.139287e-01 5.518377e-01
2.850000e-01 -6.139287e-01 5.689434e-01
3.000000e-01 -6.139287e-01 5.839747e-01
-3.000000e-01 -6.002645e-01 6.318378e-01
-2.850000e-01 -6.002645e-01 6.149633e-01
-2.700000e-01 -6.002645e-01 5.957897e-01
-2.550000e-01 -6.002645e-01 5.742573e-01
-2.400000e-01 -6.002645e-01 5.503443e-01
-2.250000e-01 -6.002645e-01 5.240758e-01
-2.100000e-01 -6.002645e-01 4.955438e-01
-1.950000e-01 -6.002645e-01 4.649381e-01
-1.800000e-01 -6.002645e-01 4.325807e-01
-1.650000e-01 -6.002645e-01 3.989435e-01
-1.500000e-01 -6.002645e-01 3.646360e-01
-1.350000e-01 -6.002645e-01 3.303364e-01
-1.200000e-01 -6.002645e-01 2.966295e-01
-1.050000e-01 -6.002645e-01 2.636769e-01
-9.000000e-02 -6.002645e-01 2.306132e-01
-7.500000e-02 -6.002645e-01 1.950601e-01
-6.000000e-02 -6.002645e-01 1.558931e-01
-4.500000e-02 -6.002645e-01 1.199726e-01
-3.000000e-02 -6.002645e-01 9.568846e-02
-1.500000e-02 -6.002645e-01 8.311434e-02
5.551115e-17 -6.002645e-01 7.933311e-02
1.500000e-02 -6.002645e-01 8.311434e-02
3.000000e-02 -6.002645e-01 9.568846e-02
4.500000e-02 -6.002645e-01 1.199726e-01
6.000000e-02 -6.002645e-01 1.558931e-01
7.500000e-02 -6.002645e-01 1.950601e-01
9.000000e-02 -6.002645e-01 2.306132e-01
1.050000e-01 -6.002645e-01 2.636769e-01
1.200000e-01 -6.002645e-01 2.966295e-01
1.350000e-01 -6.002645e-01 3.303364e-01
1.500000e-01 -6.002645e-01 3.646360e-01
1.650000e-01 -6.002645e-01 3.989435e-01
1.800000e-01 -6.002645e-01 4.325807e-01
1.950000e-01 -6.002645e-01 4.649381e-01
2.100000e-01 -6.002645e-01 4.955438e-01
2.250000e-01 -6.002645e-01 5.240758e-01
2.400000e-01 -6.002645e-01 5.503443e-01
2.550000e-01 -6.002645e-01 5.742573e-01
2.700000e-01 -6.002645e-01 5.957897e-01
2.850000e-01 -6.002645e-01 6.149633e-01
3.000000e-01 -6.002645e-01 6.318378e-01
-3.000000e-01 -5.866002e-01 6.857289e-01
-2.850000e-01 -5.866002e-01 6.667030e-01
-2.700000e-01 -5.866002e-01 6.451204e-01
-2.550000e-01 -5.866002e-01 6.209289e-01
-2.400000e-01 -5.866002e-01 5.941208e-01
-2.250000e-01 -5.866002e-01 5.647446e-01
-2.100000e-01 -5.866002e-01 5.329255e-01
-1.950000e-01 -5.866002e-01 4.988999e-01
-1.800000e-01 -5.866002e-01 4.630507e-01
-1.650000e-01 -5.866002e-01 4.259254e-01
-1.500000e-01 -5.866002e-01 3.882182e-01
-1.350000e-01 -5.866002e-01 3.506925e-01
-1.200000e-01 -5.866002e-01 3.140042e-01
-1.050000e-01 -5.866002e-01 2.783527e-01
-9.000000e-02 -5.866002e-01 2.428498e-01
-7.500000e-02 -5.866002e-01 2.050157e-01
-6.000000e-02 -5.866002e-01 1.636623e-01
-4.500000e-02 -5.866002e-01 1.259017e-01
-3.000000e-02 -5.866002e-01 1.004192e-01
-1.500000e-02 -5.866002e-01 8.723350e-02
5.551115e-17 -5.866002e-01 8.326938e-02
1.500000e-02 -5.866002e-01 8.723350e-02
3.000000e-02 -5.866002e-01 1.004192e-01
4.500000e-02 -5.866002e-01 1.259017e-01
6.000000e-02 -5.866002e-01 1.636623e-01
7.500000e-02 -5.866002e-01 2.050157e-01
9.000000e-02 -5.866002e-01 2.428498e-01
1.050000e-01 -5.866002e-01 2.783527e-01
1.200000e-01 -5.866002e-01 3.140042e-01
1.350000e-01 -5.866002e-01 3.506925e-01
1.500000e-01 -5.866002e-01 3.882182e-01
1.650000e-01 -5.866002e-01 4.259254e-01
1.800000e-01 -5.866002e-01 4.630507e-01
1.950000e-01 -5.866002e-01 4.988999e-01
2.100000e-01 -5.866002e-01 5.329255e-01
2.250000e-01 -5.866002e-01 5.647446e-01
2.400000e-01 -5.866002e-01 5.941208e-01
2.550000e-01 -5.866002e-01 6.209289e-01
2.700000e-01 -5.866002e-01 6.451204e-01
2.850000e-01 -5.866002e-01 6.667030e-01
3.000000e-01 -5.866002e-01 6.857289e-01
-3.000000e-01 -5.729359e-01 7.466838e-01
-2.850000e-01 -5.729359e-01 7.251323e-01
-2.700000e-01 -5.729359e-01 7.007279e-01
-2.550000e-01 -5.729359e-01 6.734290e-01
-2.400000e-01 -5.729359e-01 6.432477e-01
-2.250000e-01 -5.729359e-01 6.102620e-01
-2.100000e-01 -5.729359e-01 5.746390e-01
-1.950000e-01 -5.729359e-01 5.366715e-01
-1.800000e-01 -5.729359e-01 4.968159e-01
-1.650000e-01 -5.729359e-01 4.557081e-01
-1.500000e-01 -5.729359e-01 4.141402e-01
-1.350000e-01 -5.729359e-01 3.729722e-01
-1.200000e-01 -5.729359e-01 3.329390e-01
-1.050000e-01 -5.729359e-01 2.942806e-01
-9.000000e-02 -5.729359e-01 2.560825e-01
-7.500000e-02 -5.729359e-01 2.157532e-01
-6.000000e-02 -5.729359e-01 1.720319e-01
-4.500000e-02 -5.729359e-01 1.322919e-01
-3.000000e-02 -5.729359e-01 1.055244e-01
-1.500000e-02 -5.729359e-01 9.168406e-02
5.551115e-17 -5.729359e-01 8.752435e-02
1.500000e-02 -5.729359e-01 9.168406e-02
3.000000e-02 -5.729359e-01 1.055244e-01
4.500000e-02 -5.729359e-01 1.322919e-01
6.000000e-02 -5.729359e-01 1.720319e-01
7.500000e-02 -5.729359e-01 2.157532e-01
9.000000e-02 -5.729359e-01 2.560825e-01
1.050000e-01 -5.729359e-01 2.942806e-01
1.200000e-01 -5.729359e-01 3.329390e-01
1.350000e-01 -5.729359e-01 3.729722e-01
1.500000e-01 -5.729359e-01 4.141402e-01
1.650000e-01 -5.729359e-01 4.557081e-01
1.800000e-01 -5.729359e-01 4.968159e-01
1.950000e-01 -5.729359e-01 5.366715e-01
2.100000e-01 -5.729359e-01 5.746390e-01
2.250000e-01 -5.729359e-01 6.102620e-01
2.400000e-01 -5.729359e-01 6.432477e-01
2.550000e-01 -5.729359e-01 6.734290e-01
2.700000e-01 -5.729359e-01 7.007279e-01
2.850000e-01 -5.729359e-01 7.251323e-01
3.000000e-01 -5.729359e-01 7.466838e-01
-3.000000e-01 -5.592716e-01 8.159646e-01
-2.850000e-01 -5.592716e-01 7.914305e-01
-2.700000e-01 -5.592716e-01 7.637013e-01
-2.550000e-01 -5.592716e-01 7.327506e-01
-2.400000e-01 -5.592716e-01 6.986170e-01
-2.250000e-01 -5.592716e-01 6.614167e-01
-2.100000e-01 -5.592716e-01 6.213689e-01
-1.950000e-01 -5.592716e-01 5.788361e-01
-1.800000e-01 -5.592716e-01 5.343624e-01
-1.650000e-01 -5.592716e-01 4.886881e-01
-1.500000e-01 -5.592716e-01 4.427187e-01
-1.350000e-01 -5.592716e-01 3.974233e-01
-1.200000e-01 -5.592716e-01 3.536248e-01
-1.050000e-01 -5.592716e-01 3.116060e-01
-9.000000e-02 -5.592716e-01 2.704217e-01
-7.500000e-02 -5.592716e-01 2.273563e-01
-6.000000e-02 -5.592716e-01 1.810653e-01
-4.500000e-02 -5.592716e-01 1.391922e-01
-3.000000e-02 -5.592716e-01 1.110447e-01
-1.500000e-02 -5.592716e-01 9.650273e-02
5.551115e-17 -5.592716e-01 9.213361e-02
1.500000e-02 -5.592716e-01 9.650273e-02
3.000000e-02 -5.592716e-01 1.110447e-01
4.500000e-02 -5.592716e-01 1.391922e-01
6.000000e-02 -5.592716e-01 1.810653e-01
7.500000e-02 -5.592716e-01 2.273563e-01
9.000000e-02 -5.592716e-01 2.704217e-01
1.050000e-01 -5.592716e-01 3.116060e-01
1.200000e-01 -5.592716e-01 3.536248e-01
1.350000e-01 -5.592716e-01 3.974233e-01
1.500000e-01 -5.592716e-01 4.427187e-01
1.650000e-01 -5.592716e-01 4.886881e-01
1.800000e-01 -5.592716e-01 5.343624e-01
1.950000e-01 -5.592716e-01 5.788361e-01
2.100000e-01 -5.592716e-01 6.213689e-01
2.250000e-01 -5.592716e-01 6.614167e-01
2.400000e-01 -5.592716e-01 6.986170e-01
2.550000e-01 -5.592716e-01 7.327506e-01
2.700000e-01 -5.592716e-01 7.637013e-01
2.850000e-01 -5.592716e-01 7.914305e-01
3.000000e-01 -5.592716e-01 8.159646e-01
-3.000000e-01 -5.456073e-01 8.951211e-01
-2.850000e-01 -5.456073e-01 8.670421e-01
-2.700000e-01 -5.456073e-01 8.353706e-01
-2.550000e-01 -5.456073e-01 8.001023e-01
-2.400000e-01 -5.456073e-01 7.613104e-01
-2.250000e-01 -5.456073e-01 7.191608e-01
-2.100000e-01 -5.456073e-01 6.739382e-01
-1.950000e-01 -5.456073e-01 6.260905e-01
-1.800000e-01 -5.456073e-01 5.762678e-01
-1.650000e-01 -5.456073e-01 5.253336e-01
-1.500000e-01 -5.456073e-01 4.743246e-01
-1.350000e-01 -5.456073e-01 4.243343e-01
-1.200000e-01 -5.456073e-01 3.762821e-01
-1.050000e-01 -5.456073e-01 3.304961e-01
-9.000000e-02 -5.456073e-01 2.859934e-01
-7.500000e-02 -5.456073e-01 2.399198e-01
-6.000000e-02 -5.456073e-01 1.908344e-01
-4.500000e-02 -5.456073e-01 1.466582e-01
-3.000000e-02 -5.456073e-01 1.170264e-01
-1.500000e-02 -5.456073e-01 1.017315e-01
5.551115e-17 -5.456073e-01 9.713783e-02
1.500000e-02 -5.456073e-01 1.017315e-01
3.000000e-02 -5.456073e-01 1.170264e-01
4.500000e-02 -5.456073e-01 1.466582e-01
6.000000e-02 -5.456073e-01 1.908344e-01
7.500000e-02 -5.456073e-01 2.399198e-01
9.000000e-02 -5.456073e-01 2.859934e-01
1.050000e-01 -5.456073e-01 3.304961e-01
1.200000e-01 -5.456073e-01 3.762821e-01
1.350000e-01 -5.456073e-01 4.243343e-01
1.500000e-01 -5.456073e-01 4.743246e-01
1.650000e-01 -5.456073e-01 5.253336e-01
1.800000e-01 -5.456073e-01 5.762678e-01
1.950000e-01 -5.456073e-01 6.260905e-01
2.100000e-01 -5.456073e-01 6.739382e-01
2.250000e-01 -5.456073e-01 7.191608e-01
2.400000e-01 -5.456073e-01 7.613104e-01
2.550000e-01 -5.456073e-01 8.001023e-01
2.700000e-01 -5.456073e-01 8.353706e-01
2.850000e-01 -5.456073e-01 8.670421e-01
3.000000e-01 -5.456073e-01 8.951211e-01
-3.000000e-01 -5.319431e-01 9.860702e-01
-2.850000e-01 -5.319431e-01 9.537489e-01
-2.700000e-01 -5.319431e-01 9.173720e-01
-2.550000e-01 -5.319431e-01 8.769654e-01
-2.400000e-01 -5.319431e-01 8.326489e-01
-2.250000e-01 -5.319431e-01 7.846518e-01
-2.100000e-01 -5.319431e-01 7.333422e-01
-1.950000e-01 -5.319431e-01 6.792730e-01
-1.800000e-01 -5.319431e-01 6.232225e-01
-1.650000e-01 -5.319431e-01 5.662003e-01
-1.500000e-01 -5.319431e-01 5.093955e-01
-1.350000e-01 -5.319431e-01 4.540424e-01
-1.200000e-01 -5.319431e-01 4.011671e-01
-1.050000e-01 -5.319431e-01 3.511432e-01
-9.000000e-02 -5.319431e-01 3.029417e-01
-7.500000e-02 -5.319431e-01 2.535523e-01
-6.000000e-02 -5.319431e-01 2.014208e-01
-4.500000e-02 -5.319431e-01 1.547534e-01
-3.000000e-02 -5.319431e-01 1.235227e-01
-1.500000e-02 -5.319431e-01 1.074183e-01
5.551115e-17 -5.319431e-01 1.025837e-01
1.500000e-02 -5.319431e-01 1.074183e-01
3.000000e-02 -5.319431e-01 1.235227e-01
4.500000e-02 -5.319431e-01 1.547534e-01
6.000000e-02 -5.319431e-01 2.014208e-01
7.500000e-02 -5.319431e-01 2.535523e-01
9.000000e-02 -5.319431e-01 3.029417e-01
1.050000e-01 -5.319431e-01 3.511432e-01
1.200000e-01 -5.319431e-01 4.011671e-01
1.350000e-01 -5.319431e-01 4.540424e-01
1.500000e-01 -5.319431e-01 5.093955e-01
1.650000e-01 -5.319431e-01 5.662003e-01
1.800000e-01 -5.319431e-01 6.232225e-01
1.950000e-01 -5.319431e-01 6.792730e-01
2.100000e-01 -5.319431e-01 7.333422e-01
2.250000e-01 -5.319431e-01 7.846518e-01
2.400000e-01 -5.319431e-01 8.326489e-01
2.550000e-01 -5.319431e-01 8.769654e-01
2.700000e-01 -5.319431e-01 9.173720e-01
2.850000e-01 -5.319431e-01 9.537489e-01
3.000000e-01 -5.319431e-01 9.860702e-01
-3.000000e-01 -5.182788e-01 1.091201e+00
-2.850000e-01 -5.182788e-01 1.053766e+00
-2.700000e-01 -5.182788e-01 1.011733e+00
-2.550000e-01 -5.182788e-01 9.651693e-01
-2.400000e-01 -5.182788e-01 9.142565e-01
-2.250000e-01 -5.182788e-01 8.593066e-01
-2.100000e-01 -5.182788e-01 8.007925e-01
-1.950000e-01 -5.182788e-01 7.393978e-01
-1.800000e-01 -5.182788e-01 6.760563e-01
-1.650000e-01 -5.182788e-01 6.119514e-01
-1.500000e-01 -5.182788e-01 5.484495e-01
-1.350000e-01 -5.182788e-01 4.869443e-01
-1.200000e-01 -5.182788e-01 4.285782e-01
-1.050000e-01 -5.182788e-01 3.737701e-01
-9.000000e-02 -5.182788e-01 3.214325e-01
-7.500000e-02 -5.182788e-01 2.683775e-01
-6.000000e-02 -5.182788e-01 2.129179e-01
-4.500000e-02 -5.182788e-01 1.635504e-01
-3.000000e-02 -5.182788e-01 1.305942e-01
-1.500000e-02 -5.182788e-01 1.136185e-01
5.551115e-17 -5.182788e-01 1.085248e-01
1.500000e-02 -5.182788e-01 1.136185e-01
3.000000e-02 -5.182788e-01 1.305942e-01
4.500000e-02 -5.182788e-01 1.635504e-01
6.000000e-02 -5.182788e-01 2.129179e-01
7.500000e-02 -5.182788e-01 2.683775e-01
9.000000e-02 -5.182788e-01 3.214325e-01
1.050000e-01 -5.182788e-01 3.737701e-01
1.200000e-01 -5.182788e-01 4.285782e-01
1.350000e-01 -5.182788e-01 4.869443e-01
1.500000e-01 -5.182788e-01 5.484495e-01
1.650000e-01 -5.182788e-01 6.119514e-01
1.800000e-01 -5.182788e-01 6.760563e-01
1.950000e-01 -5.182788e-01 7.393978e-01
2.100000e-01 -5.182788e-01 8.007925e-01
2.250000e-01 -5.182788e-01 8.593066e-01
2.400000e-01 -5.182788e-01 9.142565e-01
2.550000e-01 -5.182788e-01 9.651693e-01
2.700000e-01 -5.182788e-01 1.011733e+00
2.850000e-01 -5.182788e-01 1.053766e+00
3.000000e-01 -5.182788e-01 1.091201e+00
-3.000000e-01 -5.046145e-01 1.213516e+00
-2.850000e-01 -5.046145e-01 1.169870e+00
-2.700000e-01 -5.046145e-01 1.120986e+00
-2.550000e-01 -5.046145e-01 1.066990e+00
-2.400000e-01 -5.046145e-01 1.008146e+00
-2.250000e-01 -5.046145e-01 9.448715e-01
-2.100000e-01 -5.046145e-01 8.777745e-01
-1.950000e-01 -5.046145e-01 8.077006e-01
-1.800000e-01 -5.046145e-01 7.357734e-01
-1.650000e-01 -5.046145e-01 6.633834e-01
-1.500000e-01 -5.046145e-01 5.921037e-01
-1.350000e-01 -5.046145e-01 5.235082e-01
-1.200000e-01 -5.046145e-01 4.588652e-01
-1.050000e-01 -5.046145e-01 3.986354e-01
-9.000000e-02 -5.046145e-01 3.416572e-01
-7.500000e-02 -5.046145e-01 2.845377e-01
-6.000000e-02 -5.046145e-01 2.254325e-01
-4.500000e-02 -5.046145e-01 1.731324e-01
-3.000000e-02 -5.046145e-01 1.383107e-01
-1.500000e-02 -5.046145e-01 1.203959e-01
5.551115e-17 -5.046145e-01 1.150233e-01
1.500000e-02 -5.046145e-01 1.203959e-01
3.000000e-02 -5.046145e-01 1.383107e-01
4.500000e-02 -5.046145e-01 1.731324e-01
6.000000e-02 -5.046145e-01 2.254325e-01
7.500000e-02 -5.046145e-01 2.845377e-01
9.000000e-02 -5.046145e-01 3.416572e-01
1.050000e-01 -5.046145e-01 3.986354e-01
1.200000e-01 -5.046145e-01 4.588652e-01
1.350000e-01 -5.046145e-01 5.235082e-01
1.500000e-01 -5.046145e-01 5.921037e-01
1.650000e-01 -5.046145e-01 6.633834e-01
1.800000e-01 -5.046145e-01 7.357734e-01
1.950000e-01 -5.046145e-01 8.077006e-01
2.100000e-01 -5.046145e-01 8.777745e-01
2.250000e-01 -5.046145e-01 9.448715e-01
2.400000e-01 -5.046145e-01 1.008146e+00
2.550000e-01 -5.046145e-01 1.066990e+00
2.700000e-01 -5.046145e-01 1.120986e+00
2.850000e-01 -5.046145e-01 1.169870e+00
3.000000e-01 -5.046145e-01 1.213516e+00
-3.000000e-01 -4.909502e-01 1.356819e+00
-2.850000e-01 -4.909502e-01 1.305568e+00
-2.700000e-01 -4.909502e-01 1.248321e+00
-2.550000e-01 -4.909502e-01 1.185283e+00
-2.400000e-01 -4.909502e-01 1.116829e+00
-2.250000e-01 -4.909502e-01 1.043516e+00
-2.100000e-01 -4.909502e-01 9.661226e-01
-1.950000e-01 -4.909502e-01 8.856973e-01
-1.800000e-01 -4.909502e-01 8.035964e-01
-1.650000e-01 -4.909502e-01 7.214585e-01
-1.500000e-01 -4.909502e-01 6.410972e-01
-1.350000e-01 -4.909502e-01 5.642901e-01
-1.200000e-01 -4.909502e-01 4.924396e-01
-1.050000e-01 -4.909502e-01 4.260411e-01
-9.000000e-02 -4.909502e-01 3.638373e-01
-7.500000e-02 -4.909502e-01 3.021969e-01
-6.000000e-02 -4.909502e-01 2.390876e-01
-4.500000e-02 -4.909502e-01 1.835953e-01
-3.000000e-02 -4.909502e-01 1.467532e-01
-1.500000e-02 -4.909502e-01 1.278242e-01
5.551115e-17 -4.909502e-01 1.221512e-01
1.500000e-02 -4.909502e-01 1.278242e-01
3.000000e-02 -4.909502e-01 1.467532e-01
4.500000e-02 -4.909502e-01 1.835953e-01
6.000000e-02 -4.909502e-01 2.390876e-01
7.500000e-02 -4.909502e-01 3.021969e-01
9.000000e-02 -4.909502e-01 3.638373e-01
1.050000e-01 -4.909502e-01 4.260411e-01
1.200000e-01 -4.909502e-01 4.924396e-01
1.350000e-01 -4.909502e-01 5.642901e-01
1.500000e-01 -4.909502e-01 6.410972e-01
1.650000e-01 -4.909502e-01 7.214585e-01
1.800000e-01 -4.909502e-01 8.035964e-01
1.950000e-01 -4.909502e-01 8.856973e-01
2.100000e-01 -4.909502e-01 9.661226e-01
2.250000e-01 -4.909502e-01 1.043516e+00
2.400000e-01 -4.909502e-01 1.116829e+00
2.550000e-01 -4.909502e-01 1.185283e+00
2.700000e-01 -4.909502e-01 1.248321e+00
2.850000e-01 -4.909502e-01 1.305568e+00
3.000000e-01 -4.909502e-01 1.356819e+00
-3.000000e-01 -4.772859e-01 1.525974e+00
-2.850000e-01 -4.772859e-01 1.465330e+00
-2.700000e-01 -4.772859e-01 1.397787e+00
-2.550000e-01 -4.772859e-01 1.323661e+00
-2.400000e-01 -4.772859e-01 1.243470e+00
-2.250000e-01 -4.772859e-01 1.157958e+00
-2.100000e-01 -4.772859e-01 1.068120e+00
-1.950000e-01 -4.772859e-01 9.752614e-01
-1.800000e-01 -4.772859e-01 8.810249e-01
-1.650000e-01 -4.772859e-01 7.873466e-01
-1.500000e-01 -4.772859e-01 6.963209e-01
-1.350000e-01 -4.772859e-01 6.099538e-01
-1.200000e-01 -4.772859e-01 5.297881e-01
-1.050000e-01 -4.772859e-01 4.563412e-01
-9.000000e-02 -4.772859e-01 3.882305e-01
-7.500000e-02 -4.772859e-01 3.215445e-01
-6.000000e-02 -4.772859e-01 2.540250e-01
-4.500000e-02 -4.772859e-01 1.950499e-01
-3.000000e-02 -4.772859e-01 1.560153e-01
-1.500000e-02 -4.772859e-01 1.359896e-01
5.551115e-17 -4.772859e-01 1.299923e-01
1.500000e-02 -4.772859e-01 1.359896e-01
3.000000e-02 -4.772859e-01 1.560153e-01
4.500000e-02 -4.772859e-01 1.950499e-01
6.000000e-02 -4.772859e-01 2.540250e-01
7.500000e-02 -4.772859e-01 3.215445e-01
9.000000e-02 -4.772859e-01 3.882305e-01
1.050000e-01 -4.772859e-01 4.563412e-01
1.200000e-01 -4.772859e-01 5.297881e-01
1.350000e-01 -4.772859e-01 6.099538e-01
1.500000e-01 -4.772859e-01 6.963209e-01
1.650000e-01 -4.772859e-01 7.873466e-01
1.800000e-01 -4.772859e-01 8.810249e-01
1.950000e-01 -4.772859e-01 9.752614e-01
2.100000e-01 -4.772859e-01 1.068120e+00
2.250000e-01 -4.772859e-01 1.157958e+00
2.400000e-01 -4.772859e-01 1.243470e+00
2.550000e-01 -4.772859e-01 1.323661e+00
2.700000e-01 -4.772859e-01 1.397787e+00
2.850000e-01 -4.772859e-01 1.465330e+00
3.000000e-01 -4.772859e-01 1.525974e+00
-3.000000e-01 -4.636217e-01 1.727246e+00
-2.850000e-01 -4.636217e-01 1.654900e+00
-2.700000e-01 -4.636217e-01 1.574573e+00
-2.550000e-01 -4.636217e-01 1.486729e+00
-2.400000e-01 -4.636217e-01 1.392086e+00
-2.250000e-01 -4.636217e-01 1.291626e+00
-2.100000e-01 -4.636217e-01 1.186629e+00
-1.950000e-01 -4.636217e-01 1.078726e+00
-1.800000e-01 -4.636217e-01 9.699115e-01
-1.650000e-01 -4.636217e-01 8.624805e-01
-1.500000e-01 -4.636217e-01 7.588553e-01
-1.350000e-01 -4.636217e-01 6.612964e-01
-1.200000e-01 -4.636217e-01 5.714893e-01
-1.050000e-01 -4.636217e-01 4.899525e-01
-9.000000e-02 -4.636217e-01 4.151380e-01
-7.500000e-02 -4.636217e-01 3.428008e-01
-6.000000e-02 -4.636217e-01 2.704092e-01
-4.500000e-02 -4.636217e-01 2.076248e-01
-3.000000e-02 -4.636217e-01 1.662061e-01
-1.500000e-02 -4.636217e-01 1.449926e-01
5.551115e-17 -4.636217e-01 1.386448e-01
1.500000e-02 -4.636217e-01 1.449926e-01
3.000000e-02 -4.636217e-01 1.662061e-01
4.500000e-02 -4.636217e-01 2.076248e-01
6.000000e-02 -4.636217e-01 2.704092e-01
7.500000e-02 -4.636217e-01 3.428008e-01
9.000000e-02 -4.636217e-01 4.151380e-01
1.050000e-01 -4.636217e-01 4.899525e-01
1.200000e-01 -4.636217e-01 5.714893e-01
1.350000e-01 -4.636217e-01 6.612964e-01
1.500000e-01 -4.636217e-01 7.588553e-01
1.650000e-01 -4.636217e-01 8.624805e-01
1.800000e-01 -4.636217e-01 9.699115e-01
1.950000e-01 -4.636217e-01 1.078726e+00
2.100000e-01 -4.636217e-01 1.186629e+00
2.250000e-01 -4.636217e-01 1.291626e+00
2.400000e-01 -4.636217e-01 1.392086e+00
2.550000e-01 -4.636217e-01 1.486729e+00
2.700000e-01 -4.636217e-01 1.574573e+00
2.850000e-01 -4.636217e-01 1.654900e+00
3.000000e-01 -4.636217e-01 1.727246e+00
-3.000000e-01 -4.499574e-01 1.968780e+00
-2.850000e-01 -4.499574e-01 1.881725e+00
-2.700000e-01 -4.499574e-01 1.785379e+00
-2.550000e-01 -4.499574e-01 1.680417e+00
-2.400000e-01 -4.499574e-01 1.567819e+00
-2.250000e-01 -4.499574e-01 1.448888e+00
-2.100000e-01 -4.499574e-01 1.325275e+00
-1.950000e-01 -4.499574e-01 1.199021e+00
-1.800000e-01 -4.499574e-01 1.072562e+00
-1.650000e-01 -4.499574e-01 9.486272e-01
-1.500000e-01 -4.499574e-01 8.300198e-01
-1.350000e-01 -4.499574e-01 7.192813e-01
-1.200000e-01 -4.499574e-01 6.182354e-01
-1.050000e-01 -4.499574e-01 5.273687e-01
-9.000000e-02 -4.499574e-01 4.449133e-01
-7.500000e-02 -4.499574e-01 3.662227e-01
-6.000000e-02 -4.499574e-01 2.884315e-01
-4.500000e-02 -4.499574e-01 2.214699e-01
-3.000000e-02 -4.499574e-01 1.774534e-01
-1.500000e-02 -4.499574e-01 1.549512e-01
5.551115e-17 -4.499574e-01 1.482243e-01
1.500000e-02 -4.499574e-01 1.549512e-01
3.000000e-02 -4.499574e-01 1.774534e-01
4.500000e-02 -4.499574e-01 2.214699e-01
6.000000e-02 -4.499574e-01 2.884315e-01
7.500000e-02 -4.499574e-01 3.662227e-01
9.000000e-02 -4.499574e-01 4.449133e-01
1.050000e-01 -4.499574e-01 5.273687e-01
1.200000e-01 -4.499574e-01 6.182354e-01
1.350000e-01 -4.499574e-01 7.192813e-01
1.500000e-01 -4.499574e-01 8.300198e-01
1.650000e-01 -4.499574e-01 9.486272e-01
1.800000e-01 -4.499574e-01 1.072562e+00
1.950000e-01 -4.499574e-01 1.199021e+00
2.100000e-01 -4.499574e-01 1.325275e+00
2.250000e-01 -4.499574e-01 1.448888e+00
2.400000e-01 -4.499574e-01 1.567819e+00
2.550000e-01 -4.499574e-01 1.680417e+00
2.700000e-01 -4.499574e-01 1.785379e+00
2.850000e-01 -4.499574e-01 1.881725e+00
3.000000e-01 -4.499574e-01 1.968780e+00
-3.000000e-01 -4.362931e-01 2.261233e+00
-2.850000e-01 -4.362931e-01 2.155523e+00
-2.700000e-01 -4.362931e-01 2.038931e+00
-2.550000e-01 -4.362931e-01 1.912412e+00
-2.400000e-01 -4.362931e-01 1.777310e+00
-2.250000e-01 -4.362931e-01 1.635354e+00
-2.100000e-01 -4.362931e-01 1.488679e+00
-1.950000e-01 -4.362931e-01 1.339856e+00
-1.800000e-01 -4.362931e-01 1.191873e+00
-1.650000e-01 -4.362931e-01 1.047983e+00
-1.500000e-01 -4.362931e-01 9.114371e-01
-1.350000e-01 -4.362931e-01 7.850804e-01
-1.200000e-01 -4.362931e-01 6.708589e-01
-1.050000e-01 -4.362931e-01 5.691774e-01
-9.000000e-02 -4.362931e-01 4.779733e-01
-7.500000e-02 -4.362931e-01 3.921111e-01
-6.000000e-02 -4.362931e-01 3.083156e-01
-4.500000e-02 -4.362931e-01 2.367608e-01
-3.000000e-02 -4.362931e-01 1.899075e-01
-1.500000e-02 -4.362931e-01 1.660049e-01
5.551115e-17 -4.362931e-01 1.588673e-01
1.500000e-02 -4.362931e-01 1.660049e-01
3.000000e-02 -4.362931e-01 1.899075e-01
4.500000e-02 -4.362931e-01 2.367608e-01
6.000000e-02 -4.362931e-01 3.083156e-01
7.500000e-02 -4.362931e-01 3.921111e-01
9.000000e-02 -4.362931e-01 4.779733e-01
1.050000e-01 -4.362931e-01 5.691774e-01
1.200000e-01 -4.362931e-01 6.708589e-01
1.350000e-01 -4.362931e-01 7.850804e-01
1.500000e-01 -4.362931e-01 9.114371e-01
1.650000e-01 -4.362931e-01 1.047983e+00
1.800000e-01 -4.362931e-01 1.191873e+00
1.950000e-01 -4.362931e-01 1.339856e+00
2.100000e-01 -4.362931e-01 1.488679e+00
2.250000e-01 -4.362931e-01 1.635354e+00
2.400000e-01 -4.362931e-01 1.777310e+00
2.550000e-01 -4.362931e-01 1.912412e+00
2.700000e-01 -4.362931e-01 2.038931e+00
2.850000e-01 -4.362931e-01 2.155523e+00
3.000000e-01 -4.362931e-01 2.261233e+00
-3.000000e-01 -4.226288e-01 2.618622e+00
-2.850000e-01 -4.226288e-01 2.489065e+00
-2.700000e-01 -4.226288e-01 2.346662e+00
-2.550000e-01 -4.226288e-01 2.192764e+00
-2.400000e-01 -4.226288e-01 2.029205e+00
-2.250000e-01 -4.226288e-01 1.858288e+00
-2.100000e-01 -4.226288e-01 1.682789e+00
-1.950000e-01 -4.226288e-01 1.505968e+00
-1.800000e-01 -4.226288e-01 1.331506e+00
-1.650000e-01 -4.226288e-01 1.163300e+00
-1.500000e-01 -4.226288e-01 1.005118e+00
-1.350000e-01 -4.226288e-01 8.601289e-01
-1.200000e-01 -4.226288e-01 7.303678e-01
-1.050000e-01 -4.226288e-01 6.160821e-01
-9.000000e-02 -4.226288e-01 5.148125e-01
-7.500000e-02 -4.226288e-01 4.208207e-01
-6.000000e-02 -4.226288e-01 3.303243e-01
-4.500000e-02 -4.226288e-01 2.537040e-01
-3.000000e-02 -4.226288e-01 2.037458e-01
-1.500000e-02 -4.226288e-01 1.783190e-01
5.551115e-17 -4.226288e-01 1.707360e-01
1.500000e-02 -4.226288e-01 1.783190e-01
3.000000e-02 -4.226288e-01 2.037458e-01
4.500000e-02 -4.226288e-01 2.537040e-01
6.000000e-02 -4.226288e-01 3.303243e-01
7.500000e-02 -4.226288e-01 4.208207e-01
9.000000e-02 -4.226288e-01 5.148125e-01
1.050000e-01 -4.226288e-01 6.160821e-01
1.200000e-01 -4.226288e-01 7.303678e-01
1.350000e-01 -4.226288e-01 8.601289e-01
1.500000e-01 -4.226288e-01 1.005118e+00
1.650000e-01 -4.226288e-01 1.163300e+00
1.800000e-01 -4.226288e-01 1.331506e+00
1.950000e-01 -4.226288e-01 1.505968e+00
2.100000e-01 -4.226288e-01 1.682789e+00
2.250000e-01 -4.226288e-01 1.858288e+00
2.400000e-01 -4.226288e-01 2.029205e+00
2.550000e-01 -4.226288e-01 2.192764e+00
2.700000e-01 -4.226288e-01 2.346662e+00
2.850000e-01 -4.226288e-01 2.489065e+00
3.000000e-01 -4.226288e-01 2.618622e+00
-3.000000e-01 -4.089645e-01 3.059419e+00
-2.850000e-01 -4.089645e-01 2.899174e+00
-2.700000e-01 -4.089645e-01 2.723629e+00
-2.550000e-01 -4.089645e-01 2.534679e+00
-2.400000e-01 -4.089645e-01 2.334831e+00
-2.250000e-01 -4.089645e-01 2.127167e+00
-2.100000e-01 -4.089645e-01 1.915322e+00
-1.950000e-01 -4.089645e-01 1.703456e+00
-1.800000e-01 -4.089645e-01 1.496138e+00
-1.650000e-01 -4.089645e-01 1.298055e+00
-1.500000e-01 -4.089645e-01 1.113574e+00
-1.350000e-01 -4.089645e-01 9.461977e-01
-1.200000e-01 -4.089645e-01 7.979904e-01
-1.050000e-01 -4.089645e-01 6.689302e-01
-9.000000e-02 -4.089645e-01 5.560203e-01
-7.500000e-02 -4.089645e-01 4.527709e-01
-6.000000e-02 -4.089645e-01 3.547675e-01
-4.500000e-02 -4.089645e-01 2.725440e-01
-3.000000e-02 -4.089645e-01 2.191794e-01
-1.500000e-02 -4.089645e-01 1.920908e-01
5.551115e-17 -4.089645e-01 1.840242e-01
1.500000e-02 -4.089645e-01 1.920908e-01
3.000000e-02 -4.089645e-01 2.191794e-01
4.500000e-02 -4.089645e-01 2.725440e-01
6.000000e-02 -4.089645e-01 3.547675e-01
7.500000e-02 -4.089645e-01 4.527709e-01
9.000000e-02 -4.089645e-01 5.560203e-01
1.050000e-01 -4.089645e-01 6.689302e-01
1.200000e-01 -4.089645e-01 7.979904e-01
1.350000e-01 -4.089645e-01 9.461977e-01
1.500000e-01 -4.089645e-01 1.113574e+00
1.650000e-01 -4.089645e-01 1.298055e+00
1.800000e-01 -4.089645e-01 1.496138e+00
1.950000e-01 -4.089645e-01 1.703456e+00
2.100000e-01 -4.089645e-01 1.915322e+00
2.250000e-01 -4.089645e-01 2.127167e+00
2.400000e-01 -4.089645e-01 2.334831e+00
2.550000e-01 -4.089645e-01 2.534679e+00
2.700000e-01 -4.089645e-01 2.723629e+00
2.850000e-01 -4.089645e-01 2.899174e+00
3.000000e-01 -4.089645e-01 3.059419e+00
-3.000000e-01 -3.953003e-01 3.607841e+00
-2.850000e-01 -3.953003e-01 3.407967e+00
-2.700000e-01 -3.953003e-01 3.189659e+00
-2.550000e-01 -3.953003e-01 2.955560e+00
-2.400000e-01 -3.953003e-01 2.709101e+00
-2.250000e-01 -3.953003e-01 2.454436e+00
-2.100000e-01 -3.953003e-01 2.196362e+00
-1.950000e-01 -3.953003e-01 1.940240e+00
-1.800000e-01 -3.953003e-01 1.691788e+00
-1.650000e-01 -3.953003e-01 1.456676e+00
-1.500000e-01 -3.953003e-01 1.239967e+00
-1.350000e-01 -3.953003e-01 1.045489e+00
-1.200000e-01 -3.953003e-01 8.752344e-01
-1.050000e-01 -3.953003e-01 7.287489e-01
-9.000000e-02 -3.953003e-01 6.023036e-01
-7.500000e-02 -3.953003e-01 4.884610e-01
-6.000000e-02 -3.953003e-01 3.820132e-01
-4.500000e-02 -3.953003e-01 2.935712e-01
-3.000000e-02 -3.953003e-01 2.364602e-01
-1.500000e-02 -3.953003e-01 2.075571e-01
5.551115e-17 -3.953003e-01 1.989651e-01
1.500000e-02 -3.953003e-01 2.075571e-01
3.000000e-02 -3.953003e-01 2.364602e-01
4.500000e-02 -3.953003e-01 2.935712e-01
6.000000e-02 -3.953003e-01 3.820132e-01
7.500000e-02 -3.953003e-01 4.884610e-01
9.000000e-02 -3.953003e-01 6.023036e-01
1.050000e-01 -3.953003e-01 7.287489e-01
1.200000e-01 -3.953003e-01 8.752344e-01
1.350000e-01 -3.953003e-01 1.045489e+00
1.500000e-01 -3.953003e-01 1.239967e+00
1.650000e-01 -3.953003e-01 1.456676e+00
1.800000e-01 -3.953003e-01 1.691788e+00
1.950000e-01 -3.953003e-01 1.940240e+00
2.100000e-01 -3.953003e-01 2.196362e+00
2.250000e-01 -3.953003e-01 2.454436e+00
2.400000e-01 -3.953003e-01 2.709101e+00
2.550000e-01 -3.953003e-01 2.955560e+00
2.700000e-01 -3.953003e-01 3.189659e+00
2.850000e-01 -3.953003e-01 3.407967e+00
3.000000e-01 -3.953003e-01 3.607841e+00
-3.000000e-01 -3.816360e-01 4.295084e+00
-2.850000e-01 -3.816360e-01 4.044162e+00
-2.700000e-01 -3.816360e-01 3.770668e+00
-2.550000e-01 -3.816360e-01 3.478262e+00
-2.400000e-01 -3.816360e-01 3.171657e+00
-2.250000e-01 -3.816360e-01 2.856489e+00
-2.100000e-01 -3.816360e-01 2.539165e+00
-1.950000e-01 -3.816360e-01 2.226678e+00
-1.800000e-01 -3.816360e-01 1.926269e+00
-1.650000e-01 -3.816360e-01 1.644855e+00
-1.500000e-01 -3.816360e-01 1.388312e+00
-1.350000e-01 -3.816360e-01 1.160761e+00
-1.200000e-01 -3.816360e-01 9.639637e-01
-1.050000e-01 -3.816360e-01 7.967917e-01
-9.000000e-02 -3.816360e-01 6.545153e-01
-7.500000e-02 -3.816360e-01 5.284886e-01
-6.000000e-02 -3.816360e-01 4.125003e-01
-4.500000e-02 -3.816360e-01 3.171329e-01
-3.000000e-02 -3.816360e-01 2.558910e-01
-1.500000e-02 -3.816360e-01 2.250038e-01
5.551115e-17 -3.816360e-01 2.158407e-01
1.500000e-02 -3.816360e-01 2.250038e-01
3.000000e-02 -3.816360e-01 2.558910e-01
4.500000e-02 -3.816360e-01 3.171329e-01
6.000000e-02 -3.816360e-01 4.125003e-01
7.500000e-02 -3.816360e-01 5.284886e-01
9.000000e-02 -3.816360e-01 6.545153e-01
1.050000e-01 -3.816360e-01 7.967917e-01
1.200000e-01 -3.816360e-01 9.639637e-01
1.350000e-01 -3.816360e-01 1.160761e+00
1.500000e-01 -3.816360e-01 1.388312e+00
1.650000e-01 -3.816360e-01 1.644855e+00
1.800000e-01 -3.816360e-01 1.926269e+00
1.950000e-01 -3.816360e-01 2.226678e+00
2.100000e-01 -3.816360e-01 2.539165e+00
2.250000e-01 -3.816360e-01 2.856489e+00
2.400000e-01 -3.816360e-01 3.171657e+00
2.550000e-01 -3.816360e-01 3.478262e+00
2.700000e-01 -3.816360e-01 3.770668e+00
2.850000e-01 -3.816360e-01 4.044162e+00
3.000000e-01 -3.816360e-01 4.295084e+00
-3.000000e-01 -3.679717e-01 5.159690e+00
-2.850000e-01 -3.679717e-01 4.843891e+00
-2.700000e-01 -3.679717e-01 4.499786e+00
-2.550000e-01 -3.679717e-01 4.132391e+00
-2.400000e-01 -3.679717e-01 3.748184e+00
-2.250000e-01 -3.679717e-01 3.354892e+00
-2.100000e-01 -3.679717e-01 2.961197e+00
-1.950000e-01 -3.679717e-01 2.576389e+00
-1.800000e-01 -3.679717e-01 2.209796e+00
-1.650000e-01 -3.679717e-01 1.869966e+00
-1.500000e-01 -3.679717e-01 1.563752e+00
-1.350000e-01 -3.679717e-01 1.295503e+00
-1.200000e-01 -3.679717e-01 1.066501e+00
-1.050000e-01 -3.679717e-01 8.745995e-01
-9.000000e-02 -3.679717e-01 7.136911e-01
-7.500000e-02 -3.679717e-01 5.735731e-01
-6.000000e-02 -3.679717e-01 4.467555e-01
-4.500000e-02 -3.679717e-01 3.436469e-01
-3.000000e-02 -3.679717e-01 2.778383e-01
-1.500000e-02 -3.679717e-01 2.447784e-01
5.551115e-17 -3.679717e-01 2.349942e-01
1.500000e-02 -3.679717e-01 2.447784e-01
3.000000e-02 -3.679717e-01 2.778383e-01
4.500000e-02 -3.679717e-01 3.436469e-01
6.000000e-02 -3.679717e-01 4.467555e-01
7.500000e-02 -3.679717e-01 5.735731e-01
9.000000e-02 -3.679717e-01 7.136911e-01
1.050000e-01 -3.679717e-01 8.745995e-01
1.200000e-01 -3.679717e-01 1.066501e+00
1.350000e-01 -3.679717e-01 1.295503e+00
1.500000e-01 -3.679717e-01 1.563752e+00
1.650000e-01 -3.679717e-01 1.869966e+00
1.800000e-01 -3.679717e-01 2.209796e+00
1.950000e-01 -3.679717e-01 2.576389e+00
2.100000e-01 -3.679717e-01 2.961197e+00
2.250000e-01 -3.679717e-01 3.354892e+00
2.400000e-01 -3.679717e-01 3.748184e+00
2.550000e-01 -3.679717e-01 4.132391e+00
2.700000e-01 -3.679717e-01 4.499786e+00
2.850000e-01 -3.679717e-01 4.843891e+00
3.000000e-01 -3.679717e-01 5.159690e+00
-3.000000e-01 -3.543074e-01 6.244871e+00
-2.850000e-01 -3.543074e-01 5.849425e+00
-2.700000e-01 -3.543074e-01 5.417220e+00
-2.550000e-01 -3.543074e-01 4.954966e+00
-2.400000e-01 -3.543074e-01 4.471552e+00
-2.250000e-01 -3.543074e-01 3.977692e+00
-2.100000e-01 -3.543074e-01 3.485399e+00
-1.950000e-01 -3.543074e-01 3.007322e+00
-1.800000e-01 -3.543074e-01 2.555796e+00
-1.650000e-01 -3.543074e-01 2.141635e+00
-1.500000e-01 -3.543074e-01 1.772929e+00
-1.350000e-01 -3.543074e-01 1.454157e+00
-1.200000e-01 -3.543074e-01 1.185765e+00
-1.050000e-01 -3.543074e-01 9.640800e-01
-9.000000e-02 -3.543074e-01 7.810975e-01
-7.500000e-02 -3.543074e-01 6.245863e-01
-6.000000e-02 -3.543074e-01 4.854148e-01
-4.500000e-02 -3.543074e-01 3.736190e-01
-3.000000e-02 -3.543074e-01 3.027479e-01
-1.500000e-02 -3.543074e-01 2.673062e-01
5.551115e-17 -3.543074e-01 2.568469e-01
1.500000e-02 -3.543074e-01 2.673062e-01
3.000000e-02 -3.543074e-01 3.027479e-01
4.500000e-02 -3.543074e-01 3.736190e-01
6.000000e-02 -3.543074e-01 4.854148e-01
7.500000e-02 -3.543074e-01 6.245863e-01
9.000000e-02 -3.543074e-01 7.810975e-01
1.050000e-01 -3.543074e-01 9.640800e-01
1.200000e-01 -3.543074e-01 1.185765e+00
1.350000e-01 -3.543074e-01 1.454157e+00
1.500000e-01 -3.543074e-01 1.772929e+00
1.650000e-01 -3.543074e-01 2.141635e+00
1.800000e-01 -3.543074e-01 2.555796e+00
1.950000e-01 -3.543074e-01 3.007322e+00
2.100000e-01 -3.543074e-01 3.485399e+00
2.250000e-01 -3.543074e-01 3.977692e+00
2.400000e-01 -3.543074e-01 4.471552e+00
2.550000e-01 -3.543074e-01 4.954966e+00
2.700000e-01 -3.543074e-01 5.417220e+00
2.850000e-01 -3.543074e-01 5.849425e+00
3.000000e-01 -3.543074e-01 6.244871e+00
-3.000000e-01 -3.406431e-01 7.587926e+00
-2.850000e-01 -3.406431e-01 7.102070e+00
-2.700000e-01 -3.406431e-01 6.566150e+00
-2.550000e-01 -3.406431e-01 5.988701e+00
-2.400000e-01 -3.406431e-01 5.381755e+00
-2.250000e-01 -3.406431e-01 4.760327e+00
-2.100000e-01 -3.406431e-01 4.141469e+00
-1.950000e-01 -3.406431e-01 3.543025e+00
-1.800000e-01 -3.406431e-01 2.981964e+00
-1.650000e-01 -3.406431e-01 2.472505e+00
-1.500000e-01 -3.406431e-01 2.024488e+00
-1.350000e-01 -3.406431e-01 1.642438e+00
-1.200000e-01 -3.406431e-01 1.325450e+00
-1.050000e-01 -3.406431e-01 1.067615e+00
-9.000000e-02 -3.406431e-01 8.582941e-01
-7.500000e-02 -3.406431e-01 6.825914e-01
-6.000000e-02 -3.406431e-01 5.292510e-01
-4.500000e-02 -3.406431e-01 4.076652e-01
-3.000000e-02 -3.406431e-01 3.311666e-01
-1.500000e-02 -3.406431e-01 2.931115e-01
5.551115e-17 -3.406431e-01 2.819189e-01
1.500000e-02 -3.406431e-01 2.931115e-01
3.000000e-02 -3.406431e-01 3.311666e-01
4.500000e-02 -3.406431e-01 4.076652e-01
6.000000e-02 -3.406431e-01 5.292510e-01
7.500000e-02 -3.406431e-01 6.825914e-01
9.000000e-02 -3.406431e-01 8.582941e-01
1.050000e-01 -3.406431e-01 1.067615e+00
1.200000e-01 -3.406431e-01 1.325450e+00
1.350000e-01 -3.406431e-01 1.642438e+00
1.500000e-01 -3.406431e-01 2.024488e+00
1.650000e-01 -3.406431e-01 2.472505e+00
1.800000e-01 -3.406431e-01 2.981964e+00
1.950000e-01 -3.406431e-01 3.543025e+00
2.100000e-01 -3.406431e-01 4.141469e+00
2.250000e-01 -3.406431e-01 4.760327e+00
2.400000e-01 -3.406431e-01 5.381755e+00
2.550000e-01 -3.406431e-01 5.988701e+00
2.700000e-01 -3.406431e-01 6.566150e+00
2.850000e-01 -3.406431e-01 7.102070e+00
3.000000e-01 -3.406431e-01 7.587926e+00
-3.000000e-01 -3.269789e-01 9.192800e+00
-2.850000e-01 -3.269789e-01 8.621670e+00
-2.700000e-01 -3.269789e-01 7.978814e+00
-2.550000e-01 -3.269789e-01 7.273741e+00
-2.400000e-01 -3.269789e-01 6.522016e+00
-2.250000e-01 -3.269789e-01 5.744654e+00
-2.100000e-01 -3.269789e-01 4.966519e+00
-1.950000e-01 -3.269789e-01 4.213918e+00
-1.800000e-01 -3.269789e-01 3.511530e+00
-1.650000e-01 -3.269789e-01 2.879235e+00
-1.500000e-01 -3.269789e-01 2.329762e+00
-1.350000e-01 -3.269789e-01 1.867750e+00
-1.200000e-01 -3.269789e-01 1.490279e+00
-1.050000e-01 -3.269789e-01 1.188199e+00
-9.000000e-02 -3.269789e-01 9.472166e-01
-7.500000e-02 -3.269789e-01 7.488948e-01
-6.000000e-02 -3.269789e-01 5.792102e-01
-4.500000e-02 -3.269789e-01 4.465418e-01
-3.000000e-02 -3.269789e-01 3.637695e-01
-1.500000e-02 -3.269789e-01 3.228454e-01
5.551115e-17 -3.269789e-01 3.108579e-01
1.500000e-02 -3.269789e-01 3.228454e-01
3.000000e-02 -3.269789e-01 3.637695e-01
4.500000e-02 -3.269789e-01 4.465418e-01
6.000000e-02 -3.269789e-01 5.792102e-01
7.500000e-02 -3.269789e-01 7.488948e-01
9.000000e-02 -3.269789e-01 9.472166e-01
1.050000e-01 -3.269789e-01 1.188199e+00
1.200000e-01 -3.269789e-01 1.490279e+00
1.350000e-01 -3.269789e-01 1.867750e+00
1.500000e-01 -3.269789e-01 2.329762e+00
1.650000e-01 -3.269789e-01 2.879235e+00
1.800000e-01 -3.269789e-01 3.511530e+00
1.950000e-01 -3.269789e-01 4.213918e+00
2.100000e-01 -3.269789e-01 4.966519e+00
2.250000e-01 -3.269789e-01 5.744654e+00
2.400000e-01 -3.269789e-01 6.522016e+00
2.550000e-01 -3.269789e-01 7.273741e+00
2.700000e-01 -3.269789e-01 7.978814e+00
2.850000e-01 -3.269789e-01 8.621670e+00
3.000000e-01 -3.269789e-01 9.192800e+00
-3.000000e-01 -3.133146e-01 1.097589e+01
-2.850000e-01 -3.133146e-01 1.036212e+01
-2.700000e-01 -3.133146e-01 9.642872e+00
-2.550000e-01 -3.133146e-01 8.824811e+00
-2.400000e-01 -3.133146e-01 7.925340e+00
-2.250000e-01 -3.133146e-01 6.972631e+00
-2.100000e-01 -3.133146e-01 6.003287e+00
-1.950000e-01 -3.133146e-01 5.057806e+00
-1.800000e-01 -3.133146e-01 4.174532e+00
-1.650000e-01 -3.133146e-01 3.383728e+00
-1.500000e-01 -3.133146e-01 2.703669e+00
-1.350000e-01 -3.133146e-01 2.139763e+00
-1.200000e-01 -3.133146e-01 1.686336e+00
-1.050000e-01 -3.133146e-01 1.329635e+00
-9.000000e-02 -3.133146e-01 1.050286e+00
-7.500000e-02 -3.133146e-01 8.251135e-01
-6.000000e-02 -3.133146e-01 6.364582e-01
-4.500000e-02 -3.133146e-01 4.911836e-01
-3.000000e-02 -3.133146e-01 4.013970e-01
-1.500000e-02 -3.133146e-01 3.573235e-01
5.551115e-17 -3.133146e-01 3.444769e-01
1.500000e-02 -3.133146e-01 3.573235e-01
3.000000e-02 -3.133146e-01 4.013970e-01
4.500000e-02 -3.133146e-01 4.911836e-01
6.000000e-02 -3.133146e-01 6.364582e-01
7.500000e-02 -3.133146e-01 8.251135e-01
9.000000e-02 -3.133146e-01 1.050286e+00
1.050000e-01 -3.133146e-01 1.329635e+00
1.200000e-01 -3.133146e-01 1.686336e+00
1.350000e-01 -3.133146e-01 2.139763e+00
1.500000e-01 -3.133146e-01 2.703669e+00
1.650000e-01 -3.133146e-01 3.383728e+00
1.800000e-01 -3.133146e-01 4.174532e+00
1.950000e-01 -3.133146e-01 5.057806e+00
2.100000e-01 -3.133146e-01 6.003287e+00
2.250000e-01 -3.133146e-01 6.972631e+00
2.400000e-01 -3.133146e-01 7.925340e+00
2.550000e-01 -3.133146e-01 8.824811e+00
2.700000e-01 -3.133146e-01 9.642872e+00
2.850000e-01 -3.133146e-01 1.036212e+01
3.000000e-01 -3.133146e-01 1.097589e+01
-3.000000e-01 -2.996503e-01 1.269480e+01
-2.850000e-01 -2.996503e-01 1.214189e+01
-2.700000e-01 -2.996503e-01 1.144019e+01
-2.550000e-01 -2.996503e-01 1.058322e+01
-2.400000e-01 -2.996503e-01 9.581742e+00
-2.250000e-01 -2.996503e-01 8.467499e+00
-2.100000e-01 -2.996503e-01 7.291733e+00
-1.950000e-01 -2.996503e-01 6.117673e+00
-1.800000e-01 -2.996503e-01 5.008404e+00
-1.650000e-01 -2.996503e-01 4.014437e+00
-1.500000e-01 -2.996503e-01 3.165857e+00
-1.350000e-01 -2.996503e-01 2.471177e+00
-1.200000e-01 -2.996503e-01 1.921524e+00
-1.050000e-01 -2.996503e-01 1.496789e+00
-9.000000e-02 -2.996503e-01 1.170555e+00
-7.500000e-02 -2.996503e-01 9.132642e-01
-6.000000e-02 -2.996503e-01 7.024433e-01
-4.500000e-02 -2.996503e-01 5.427552e-01
-3.000000e-02 -2.996503e-01 4.451032e-01
-1.500000e-02 -2.996503e-01 3.975752e-01
5.551115e-17 -2.996503e-01 3.838045e-01
1.500000e-02 -2.996503e-01 3.975752e-01
3.000000e-02 -2.996503e-01 4.451032e-01
4.500000e-02 -2.996503e-01 5.427552e-01
6.000000e-02 -2.996503e-01 7.024433e-01
7.500000e-02 -2.996503e-01 9.132642e-01
9.000000e-02 -2.996503e-01 1.170555e+00
1.050000e-01 -2.996503e-01 1.496789e+00
1.200000e-01 -2.996503e-01 1.921524e+00
1.350000e-01 -2.996503e-01 2.471177e+00
1.500000e-01 -2.996503e-01 3.165857e+00
1.650000e-01 -2.996503e-01 4.014437e+00
1.800000e-01 -2.996503e-01 5.008404e+00
1.950000e-01 -2.996503e-01 6.117673e+00
2.100000e-01 -2.996503e-01 7.291733e+00
2.250000e-01 -2.996503e-01 8.467499e+00
2.400000e-01 -2.996503e-01 9.581742e+00
2.550000e-01 -2.996503e-01 1.058322e+01
2.700000e-01 -2.996503e-01 1.144019e+01
2.850000e-01 -2.996503e-01 1.214189e+01
3.000000e-01 -2.996503e-01 1.269480e+01
-3.000000e-01 -2.859860e-01 1.393309e+01
-2.850000e-01 -2.859860e-01 1.359629e+01
-2.700000e-01 -2.859860e-01 1.307964e+01
-2.550000e-01 -2.859860e-01 1.234600e+01
-2.400000e-01 -2.859860e-01 1.137790e+01
-2.250000e-01 -2.859860e-01 1.019190e+01
-2.100000e-01 -2.859860e-01 8.845884e+00
-1.950000e-01 -2.859860e-01 7.432249e+00
-1.800000e-01 -2.859860e-01 6.055982e+00
-1.650000e-01 -2.859860e-01 4.807202e+00
-1.500000e-01 -2.859860e-01 3.742013e+00
-1.350000e-01 -2.859860e-01 2.878731e+00
-1.200000e-01 -2.859860e-01 2.206182e+00
-1.050000e-01 -2.859860e-01 1.695938e+00
-9.000000e-02 -2.859860e-01 1.311908e+00
-7.500000e-02 -2.859860e-01 1.015883e+00
-6.000000e-02 -2.859860e-01 7.789785e-01
-4.500000e-02 -2.859860e-01 6.027192e-01
-3.000000e-02 -2.859860e-01 4.962218e-01
-1.500000e-02 -2.859860e-01 4.449112e-01
5.551115e-17 -2.859860e-01 4.301538e-01
1.500000e-02 -2.859860e-01 4.449112e-01
3.000000e-02 -2.859860e-01 4.962218e-01
4.500000e-02 -2.859860e-01 6.027192e-01
6.000000e-02 -2.859860e-01 7.789785e-01
7.500000e-02 -2.859860e-01 1.015883e+00
9.000000e-02 -2.859860e-01 1.311908e+00
1.050000e-01 -2.859860e-01 1.695938e+00
1.200000e-01 -2.859860e-01 2.206182e+00
1.350000e-01 -2.859860e-01 2.878731e+00
1.500000e-01 -2.859860e-01 3.742013e+00
1.650000e-01 -2.859860e-01 4.807202e+00
1.800000e-01 -2.859860e-01 6.055982e+00
1.950000e-01 -2.859860e-01 7.432249e+00
2.100000e-01 -2.859860e-01 8.845884e+00
2.250000e-01 -2.859860e-01 1.019190e+01
2.400000e-01 -2.859860e-01 1.137790e+01
2.550000e-01 -2.859860e-01 1.234600e+01
2.700000e-01 -2.859860e-01 1.307964e+01
2.850000e-01 -2.859860e-01 1.359629e+01
3.000000e-01 -2.859860e-01 1.393309e+01
-3.000000e-01 -2.723217e-01 1.426405e+01
-2.850000e-01 -2.723217e-01 1.427039e+01
-2.700000e-01 -2.723217e-01 1.411747e+01
-2.550000e-01 -2.723217e-01 1.372817e+01
-2.400000e-01 -2.723217e-01 1.302914e+01
-2.250000e-01 -2.723217e-01 1.197988e+01
-2.100000e-01 -2.723217e-01 1.060543e+01
-1.950000e-01 -2.723217e-01 9.010793e+00
-1.800000e-01 -2.723217e-01 7.356590e+00
-1.650000e-01 -2.723217e-01 5.804067e+00
-1.500000e-01 -2.723217e-01 4.464988e+00
-1.350000e-01 -2.723217e-01 3.384424e+00
-1.200000e-01 -2.723217e-01 2.553908e+00
-1.050000e-01 -2.723217e-01 1.935251e+00
-9.000000e-02 -2.723217e-01 1.479324e+00
-7.500000e-02 -2.723217e-01 1.136188e+00
-6.000000e-02 -2.723217e-01 8.683528e-01
-4.500000e-02 -2.723217e-01 6.729284e-01
-3.000000e-02 -2.723217e-01 5.564544e-01
-1.500000e-02 -2.723217e-01 5.010147e-01
5.551115e-17 -2.723217e-01 4.852151e-01
1.500000e-02 -2.723217e-01 5.010147e-01
3.000000e-02 -2.723217e-01 5.564544e-01
4.500000e-02 -2.723217e-01 6.729284e-01
6.000000e-02 -2.723217e-01 8.683528e-01
7.500000e-02 -2.723217e-01 1.136188e+00
9.000000e-02 -2.723217e-01 1.479324e+00
1.050000e-01 -2.723217e-01 1.935251e+00
1.200000e-01 -2.723217e-01 2.553908e+00
1.350000e-01 -2.723217e-01 3.384424e+00
1.500000e-01 -2.723217e-01 4.464988e+00
1.650000e-01 -2.723217e-01 5.804067e+00
1.800000e-01 -2.723217e-01 7.356590e+00
1.950000e-01 -2.723217e-01 9.010793e+00
2.100000e-01 -2.723217e-01 1.060543e+01
2.250000e-01 -2.723217e-01 1.197988e+01
2.400000e-01 -2.723217e-01 1.302914e+01
2.550000e-01 -2.723217e-01 1.372817e+01
2.700000e-01 -2.723217e-01 1.411747e+01
2.850000e-01 -2.723217e-01 1.427039e+01
3.000000e-01 -2.723217e-01 1.426405e+01
-3.000000e-01 -2.586575e-01 1.355443e+01
-2.850000e-01 -2.586575e-01 1.390114e+01
-2.700000e-01 -2.586575e-01 1.417441e+01
-2.550000e-01 -2.586575e-01 1.428076e+01
-2.400000e-01 -2.586575e-01 1.409457e+01
-2.250000e-01 -2.586575e-01 1.348303e+01
-2.100000e-01 -2.586575e-01 1.236478e+01
-1.950000e-01 -2.586575e-01 1.078184e+01
-1.800000e-01 -2.586575e-01 8.921870e+00
-1.650000e-01 -2.586575e-01 7.046408e+00
-1.500000e-01 -2.586575e-01 5.374695e+00
-1.350000e-01 -2.586575e-01 4.016812e+00
-1.200000e-01 -2.586575e-01 2.982622e+00
-1.050000e-01 -2.586575e-01 2.225428e+00
-9.000000e-02 -2.586575e-01 1.679249e+00
-7.500000e-02 -2.586575e-01 1.278291e+00
-6.000000e-02 -2.586575e-01 9.734803e-01
-4.500000e-02 -2.586575e-01 7.557489e-01
-3.000000e-02 -2.586575e-01 6.279908e-01
-1.500000e-02 -2.586575e-01 5.680652e-01
5.551115e-17 -2.586575e-01 5.511822e-01
1.500000e-02 -2.586575e-01 5.680652e-01
3.000000e-02 -2.586575e-01 6.279908e-01
4.500000e-02 -2.586575e-01 7.557489e-01
6.000000e-02 -2.586575e-01 9.734803e-01
7.500000e-02 -2.586575e-01 1.278291e+00
9.000000e-02 -2.586575e-01 1.679249e+00
1.050000e-01 -2.586575e-01 2.225428e+00
1.200000e-01 -2.586575e-01 2.982622e+00
1.350000e-01 -2.586575e-01 4.016812e+00
1.500000e-01 -2.586575e-01 5.374695e+00
1.650000e-01 -2.586575e-01 7.046408e+00
1.800000e-01 -2.586575e-01 8.921870e+00
1.950000e-01 -2.586575e-01 1.078184e+01
2.100000e-01 -2.586575e-01 1.236478e+01
2.250000e-01 -2.586575e-01 1.348303e+01
2.400000e-01 -2.586575e-01 1.409457e+01
2.550000e-01 -2.586575e-01 1.428076e+01
2.700000e-01 -2.586575e-01 1.417441e+01
2.850000e-01 -2.586575e-01 1.390114e+01
3.000000e-01 -2.586575e-01 1.355443e+01
-3.000000e-01 -2.449932e-01 1.207985e+01
-2.850000e-01 -2.449932e-01 1.263684e+01
-2.700000e-01 -2.449932e-01 1.322731e+01
-2.550000e-01 -2.449932e-01 1.378512e+01
-2.400000e-01 -2.449932e-01 1.418753e+01
-2.250000e-01 -2.449932e-01 1.424521e+01
-2.100000e-01 -2.449932e-01 1.373674e+01
-1.950000e-01 -2.449932e-01 1.252184e+01
-1.800000e-01 -2.449932e-01 1.068596e+01
-1.650000e-01 -2.449932e-01 8.554971e+00
-1.500000e-01 -2.449932e-01 6.514113e+00
-1.350000e-01 -2.449932e-01 4.811795e+00
-1.200000e-01 -2.449932e-01 3.515825e+00
-1.050000e-01 -2.449932e-01 2.580553e+00
-9.000000e-02 -2.449932e-01 1.920081e+00
-7.500000e-02 -2.449932e-01 1.447500e+00
-6.000000e-02 -2.449932e-01 1.098103e+00
-4.500000e-02 -2.449932e-01 8.542290e-01
-3.000000e-02 -2.449932e-01 7.136716e-01
-1.500000e-02 -2.449932e-01 6.489066e-01
5.551115e-17 -2.449932e-01 6.309231e-01
1.500000e-02 -2.449932e-01 6.489066e-01
3.000000e-02 -2.449932e-01 7.136716e-01
4.500000e-02 -2.449932e-01 8.542290e-01
6.000000e-02 -2.449932e-01 1.098103e+00
7.500000e-02 -2.449932e-01 1.447500e+00
9.000000e-02 -2.449932e-01 1.920081e+00
1.050000e-01 -2.449932e-01 2.580553e+00
1.200000e-01 -2.449932e-01 3.515825e+00
1.350000e-01 -2.449932e-01 4.811795e+00
1.500000e-01 -2.449932e-01 6.514113e+00
1.650000e-01 -2.449932e-01 8.554971e+00
1.800000e-01 -2.449932e-01 1.068596e+01
1.950000e-01 -2.449932e-01 1.252184e+01
2.100000e-01 -2.449932e-01 1.373674e+01
2.250000e-01 -2.449932e-01 1.424521e+01
2.400000e-01 -2.449932e-01 1.418753e+01
2.550000e-01 -2.449932e-01 1.378512e+01
2.700000e-01 -2.449932e-01 1.322731e+01
2.850000e-01 -2.449932e-01 1.263684e+01
3.000000e-01 -2.449932e-01 1.207985e+01
-3.000000e-01 -2.313289e-01 1.029612e+01
-2.850000e-01 -2.313289e-01 1.090911e+01
-2.700000e-01 -2.313289e-01 1.162945e+01
-2.550000e-01 -2.313289e-01 1.243843e+01
-2.400000e-01 -2.313289e-01 1.327026e+01
-2.250000e-01 -2.313289e-01 1.397263e+01
-2.100000e-01 -2.313289e-01 1.427364e+01
-1.950000e-01 -2.313289e-01 1.382864e+01
-1.800000e-01 -2.313289e-01 1.243434e+01
-1.650000e-01 -2.313289e-01 1.028621e+01
-1.500000e-01 -2.313289e-01 7.915638e+00
-1.350000e-01 -2.313289e-01 5.811304e+00
-1.200000e-01 -2.313289e-01 4.183826e+00
-1.050000e-01 -2.313289e-01 3.019178e+00
-9.000000e-02 -2.313289e-01 2.212839e+00
-7.500000e-02 -2.313289e-01 1.650716e+00
-6.000000e-02 -2.313289e-01 1.247065e+00
-4.500000e-02 -2.313289e-01 9.723279e-01
-3.000000e-02 -2.313289e-01 8.172098e-01
-1.500000e-02 -2.313289e-01 7.472725e-01
5.551115e-17 -2.313289e-01 7.282085e-01
1.500000e-02 -2.313289e-01 7.472725e-01
3.000000e-02 -2.313289e-01 8.172098e-01
4.500000e-02 -2.313289e-01 9.723279e-01
6.000000e-02 -2.313289e-01 1.247065e+00
7.500000e-02 -2.313289e-01 1.650716e+00
9.000000e-02 -2.313289e-01 2.212839e+00
1.050000e-01 -2.313289e-01 3.019178e+00
1.200000e-01 -2.313289e-01 4.183826e+00
1.350000e-01 -2.313289e-01 5.811304e+00
1.500000e-01 -2.313289e-01 7.915638e+00
1.650000e-01 -2.313289e-01 1.028621e+01
1.800000e-01 -2.313289e-01 1.243434e+01
1.950000e-01 -2.313289e-01 1.382864e+01
2.100000e-01 -2.313289e-01 1.427364e+01
2.250000e-01 -2.313289e-01 1.397263e+01
2.400000e-01 -2.313289e-01 1.327026e+01
2.550000e-01 -2.313289e-01 1.243843e+01
2.700000e-01 -2.313289e-01 1.162945e+01
2.850000e-01 -2.313289e-01 1.090911e+01
3.000000e-01 -2.313289e-01 1.029612e+01
-3.000000e-01 -2.176646e-01 8.561574e+00
-2.850000e-01 -2.176646e-01 9.129493e+00
-2.700000e-01 -2.176646e-01 9.831686e+00
-2.550000e-01 -2.176646e-01 1.068532e+01
-2.400000e-01 -2.176646e-01 1.168696e+01
-2.250000e-01 -2.176646e-01 1.277535e+01
-2.100000e-01 -2.176646e-01 1.376271e+01
-1.950000e-01 -2.176646e-01 1.426366e+01
-1.800000e-01 -2.176646e-01 1.377236e+01
-1.650000e-01 -2.176646e-01 1.206338e+01
-1.500000e-01 -2.176646e-01 9.567989e+00
-1.350000e-01 -2.176646e-01 7.056115e+00
-1.200000e-01 -2.176646e-01 5.024167e+00
-1.050000e-01 -2.176646e-01 3.565583e+00
-9.000000e-02 -2.176646e-01 2.572041e+00
-7.500000e-02 -2.176646e-01 1.896973e+00
-6.000000e-02 -2.176646e-01 1.426688e+00
-4.500000e-02 -2.176646e-01 1.115224e+00
-3.000000e-02 -2.176646e-01 9.434857e-01
-1.500000e-02 -2.176646e-01 8.680818e-01
5.551115e-17 -2.176646e-01 8.480069e-01
1.500000e-02 -2.176646e-01 8.680818e-01
3.000000e-02 -2.176646e-01 9.434857e-01
4.500000e-02 -2.176646e-01 1.115224e+00
6.000000e-02 -2.176646e-01 1.426688e+00
7.500000e-02 -2.176646e-01 1.896973e+00
9.000000e-02 -2.176646e-01 2.572041e+00
1.050000e-01 -2.176646e-01 3.565583e+00
1.200000e-01 -2.176646e-01 5.024167e+00
1.350000e-01 -2.176646e-01 7.056115e+00
1.500000e-01 -2.176646e-01 9.567989e+00
1.650000e-01 -2.176646e-01 1.206338e+01
1.800000e-01 -2.176646e-01 1.377236e+01
1.950000e-01 -2.176646e-01 1.426366e+01
2.100000e-01 -2.176646e-01 1.376271e+01
2.250000e-01 -2.176646e-01 1.277535e+01
2.400000e-01 -2.176646e-01 1.168696e+01
2.550000e-01 -2.176646e-01 1.068532e+01
2.700000e-01 -2.176646e-01 9.831686e+00
2.850000e-01 -2.176646e-01 9.129493e+00
3.000000e-01 -2.176646e-01 8.561574e+00
-3.000000e-01 -2.040003e-01 7.051514e+00
-2.850000e-01 -2.040003e-01 7.533558e+00
-2.700000e-01 -2.040003e-01 8.145226e+00
-2.550000e-01 -2.040003e-01 8.919570e+00
-2.400000e-01 -2.040003e-01 9.890097e+00
-2.250000e-01 -2.040003e-01 1.107166e+01
-2.100000e-01 -2.040003e-01 1.240693e+01
-1.950000e-01 -2.040003e-01 1.365297e+01
-1.800000e-01 -2.040003e-01 1.425699e+01
-1.650000e-01 -2.040003e-01 1.352719e+01
-1.500000e-01 -2.040003e-01 1.135566e+01
-1.350000e-01 -2.040003e-01 8.565258e+00
-1.200000e-01 -2.040003e-01 6.079195e+00
-1.050000e-01 -2.040003e-01 4.250908e+00
-9.000000e-02 -2.040003e-01 3.016790e+00
-7.500000e-02 -2.040003e-01 2.198163e+00
-6.000000e-02 -2.040003e-01 1.645269e+00
-4.500000e-02 -2.040003e-01 1.289729e+00
-3.000000e-02 -2.040003e-01 1.098930e+00
-1.500000e-02 -2.040003e-01 1.017805e+00
5.551115e-17 -2.040003e-01 9.968409e-01
1.500000e-02 -2.040003e-01 1.017805e+00
3.000000e-02 -2.040003e-01 1.098930e+00
4.500000e-02 -2.040003e-01 1.289729e+00
6.000000e-02 -2.040003e-01 1.645269e+00
7.500000e-02 -2.040003e-01 2.198163e+00
9.000000e-02 -2.040003e-01 3.016790e+00
1.050000e-01 -2.040003e-01 4.250908e+00
1.200000e-01 -2.040003e-01 6.079195e+00
1.350000e-01 -2.040003e-01 8.565258e+00
1.500000e-01 -2.040003e-01 1.135566e+01
1.650000e-01 -2.040003e-01 1.352719e+01
1.800000e-01 -2.040003e-01 1.425699e+01
1.950000e-01 -2.040003e-01 1.365297e+01
2.100000e-01 -2.040003e-01 1.240693e+01
2.250000e-01 -2.040003e-01 1.107166e+01
2.400000e-01 -2.040003e-01 9.890097e+00
2.550000e-01 -2.040003e-01 8.919570e+00
2.700000e-01 -2.040003e-01 8.145226e+00
2.850000e-01 -2.040003e-01 7.533558e+00
3.000000e-01 -2.040003e-01 7.051514e+00
-3.000000e-01 -1.903361e-01 5.808494e+00
-2.850000e-01 -1.903361e-01 6.200419e+00
-2.700000e-01 -1.903361e-01 6.703913e+00
-2.550000e-01 -1.903361e-01 7.354238e+00
-2.400000e-01 -1.903361e-01 8.197128e+00
-2.250000e-01 -1.903361e-01 9.284755e+00
-2.100000e-01 -1.903361e-01 1.065199e+01
-1.950000e-01 -1.903361e-01 1.223671e+01
-1.800000e-01 -1.903361e-01 1.369526e+01
-1.650000e-01 -1.903361e-01 1.422344e+01
-1.500000e-01 -1.903361e-01 1.299171e+01
-1.350000e-01 -1.903361e-01 1.029151e+01
-1.200000e-01 -1.903361e-01 7.386153e+00
-1.050000e-01 -1.903361e-01 5.113227e+00
-9.000000e-02 -1.903361e-01 3.571992e+00
-7.500000e-02 -1.903361e-01 2.569948e+00
-6.000000e-02 -1.903361e-01 1.913742e+00
-4.500000e-02 -1.903361e-01 1.504818e+00
-3.000000e-02 -1.903361e-01 1.291988e+00
-1.500000e-02 -1.903361e-01 1.204858e+00
5.551115e-17 -1.903361e-01 1.183145e+00
1.500000e-02 -1.903361e-01 1.204858e+00
3.000000e-02 -1.903361e-01 1.291988e+00
4.500000e-02 -1.903361e-01 1.504818e+00
6.000000e-02 -1.903361e-01 1.913742e+00
7.500000e-02 -1.903361e-01 2.569948e+00
9.000000e-02 -1.903361e-01 3.571992e+00
1.050000e-01 -1.903361e-01 5.113227e+00
1.200000e-01 -1.903361e-01 7.386153e+00
1.350000e-01 -1.903361e-01 1.029151e+01
1.500000e-01 -1.903361e-01 1.299171e+01
1.650000e-01 -1.903361e-01 1.422344e+01
1.800000e-01 -1.903361e-01 1.369526e+01
1.950000e-01 -1.903361e-01 1.223671e+01
2.100000e-01 -1.903361e-01 1.065199e+01
2.250000e-01 -1.903361e-01 9.284755e+00
2.400000e-01 -1.903361e-01 8.197128e+00
2.550000e-01 -1.903361e-01 7.354238e+00
2.700000e-01 -1.903361e-01 6.703913e+00
2.850000e-01 -1.903361e-01 6.200419e+00
3.000000e-01 -1.903361e-01 5.808494e+00
-3.000000e-01 -1.766718e-01 4.811270e+00
-2.850000e-01 -1.766718e-01 5.124128e+00
-2.700000e-01 -1.766718e-01 5.527981e+00
-2.550000e-01 -1.766718e-01 6.054173e+00
-2.400000e-01 -1.766718e-01 6.747022e+00
-2.250000e-01 -1.766718e-01 7.667306e+00
-2.100000e-01 -1.766718e-01 8.889095e+00
-1.950000e-01 -1.766718e-01 1.046683e+01
-1.800000e-01 -1.766718e-01 1.230922e+01
-1.650000e-01 -1.766718e-01 1.388128e+01
-1.500000e-01 -1.766718e-01 1.403582e+01
-1.350000e-01 -1.766718e-01 1.205233e+01
-1.200000e-01 -1.766718e-01 8.951169e+00
-1.050000e-01 -1.766718e-01 6.194187e+00
-9.000000e-02 -1.766718e-01 4.269292e+00
-7.500000e-02 -1.766718e-01 3.032846e+00
-6.000000e-02 -1.766718e-01 2.246487e+00
-4.500000e-02 -1.766718e-01 1.772262e+00
-3.000000e-02 -1.766718e-01 1.533593e+00
-1.500000e-02 -1.766718e-01 1.439878e+00
5.551115e-17 -1.766718e-01 1.417431e+00
1.500000e-02 -1.766718e-01 1.439878e+00
3.000000e-02 -1.766718e-01 1.533593e+00
4.500000e-02 -1.766718e-01 1.772262e+00
6.000000e-02 -1.766718e-01 2.246487e+00
7.500000e-02 -1.766718e-01 3.032846e+00
9.000000e-02 -1.766718e-01 4.269292e+00
1.050000e-01 -1.766718e-01 6.194187e+00
1.200000e-01 -1.766718e-01 8.951169e+00
1.350000e-01 -1.766718e-01 1.205233e+01
1.500000e-01 -1.766718e-01 1.403582e+01
1.650000e-01 -1.766718e-01 1.388128e+01
1.800000e-01 -1.766718e-01 1.230922e+01
1.950000e-01 -1.766718e-01 1.046683e+01
2.100000e-01 -1.766718e-01 8.889095e+00
2.250000e-01 -1.766718e-01 7.667306e+00
2.400000e-01 -1.766718e-01 6.747022e+00
2.550000e-01 -1.766718e-01 6.054173e+00
2.700000e-01 -1.766718e-01 5.527981e+00
2.850000e-01 -1.766718e-01 5.124128e+00
3.000000e-01 -1.766718e-01 4.811270e+00
-3.000000e-01 -1.630075e-01 4.018250e+00
-2.850000e-01 -1.630075e-01 4.266820e+00
-2.700000e-01 -1.630075e-01 4.587891e+00
-2.550000e-01 -1.630075e-01 5.007236e+00
-2.400000e-01 -1.630075e-01 5.562664e+00
-2.250000e-01 -1.630075e-01 6.309861e+00
-2.100000e-01 -1.630075e-01 7.328440e+00
-1.950000e-01 -1.630075e-01 8.718412e+00
-1.800000e-01 -1.630075e-01 1.054775e+01
-1.650000e-01 -1.630075e-01 1.263838e+01
-1.500000e-01 -1.630075e-01 1.410753e+01
-1.350000e-01 -1.630075e-01 1.348384e+01
-1.200000e-01 -1.630075e-01 1.069725e+01
-1.050000e-01 -1.630075e-01 7.526954e+00
-9.000000e-02 -1.630075e-01 5.146546e+00
-7.500000e-02 -1.630075e-01 3.613219e+00
-6.000000e-02 -1.630075e-01 2.662216e+00
-4.500000e-02 -1.630075e-01 2.107255e+00
-3.000000e-02 -1.630075e-01 1.837402e+00
-1.500000e-02 -1.630075e-01 1.735438e+00
5.551115e-17 -1.630075e-01 1.711728e+00
1.500000e-02 -1.630075e-01 1.735438e+00
3.000000e-02 -1.630075e-01 1.837402e+00
4.500000e-02 -1.630075e-01 2.107255e+00
6.000000e-02 -1.630075e-01 2.662216e+00
7.500000e-02 -1.630075e-01 3.613219e+00
9.000000e-02 -1.630075e-01 5.146546e+00
1.050000e-01 -1.630075e-01 7.526954e+00
1.200000e-01 -1.630075e-01 1.069725e+01
1.350000e-01 -1.630075e-01 1.348384e+01
1.500000e-01 -1.630075e-01 1.410753e+01
1.650000e-01 -1.630075e-01 1.263838e+01
1.800000e-01 -1.630075e-01 1.054775e+01
1.950000e-01 -1.630075e-01 8.718412e+00
2.100000e-01 -1.630075e-01 7.328440e+00
2.250000e-01 -1.630075e-01 6.309861e+00
2.400000e-01 -1.630075e-01 5.562664e+00
2.550000e-01 -1.630075e-01 5.007236e+00
2.700000e-01 -1.630075e-01 4.587891e+00
2.850000e-01 -1.630075e-01 4.266820e+00
3.000000e-01 -1.630075e-01 4.018250e+00
-3.000000e-01 -1.493432e-01 3.387312e+00
-2.850000e-01 -1.493432e-01 3.585338e+00
-2.700000e-01 -1.493432e-01 3.840715e+00
-2.550000e-01 -1.493432e-01 4.173921e+00
-2.400000e-01 -1.493432e-01 4.615457e+00
-2.250000e-01 -1.493432e-01 5.211644e+00
-2.100000e-01 -1.493432e-01 6.033143e+00
-1.950000e-01 -1.493432e-01 7.183858e+00
-1.800000e-01 -1.493432e-01 8.793597e+00
-1.650000e-01 -1.493432e-01 1.092177e+01
-1.500000e-01 -1.493432e-01 1.317771e+01
-1.350000e-01 -1.493432e-01 1.413597e+01
-1.200000e-01 -1.493432e-01 1.239422e+01
-1.050000e-01 -1.493432e-01 9.106284e+00
-9.000000e-02 -1.493432e-01 6.242980e+00
-7.500000e-02 -1.493432e-01 4.343444e+00
-6.000000e-02 -1.493432e-01 3.184586e+00
-4.500000e-02 -1.493432e-01 2.528635e+00
-3.000000e-02 -1.493432e-01 2.219133e+00
-1.500000e-02 -1.493432e-01 2.104164e+00
5.551115e-17 -1.493432e-01 2.077077e+00
1.500000e-02 -1.493432e-01 2.104164e+00
3.000000e-02 -1.493432e-01 2.219133e+00
4.500000e-02 -1.493432e-01 2.528635e+00
6.000000e-02 -1.493432e-01 3.184586e+00
7.500000e-02 -1.493432e-01 4.343444e+00
9.000000e-02 -1.493432e-01 6.242980e+00
1.050000e-01 -1.493432e-01 9.106284e+00
1.200000e-01 -1.493432e-01 1.239422e+01
1.350000e-01 -1.493432e-01 1.413597e+01
1.500000e-01 -1.493432e-01 1.317771e+01
1.650000e-01 -1.493432e-01 1.092177e+01
1.800000e-01 -1.493432e-01 8.793597e+00
1.950000e-01 -1.493432e-01 7.183858e+00
2.100000e-01 -1.493432e-01 6.033143e+00
2.250000e-01 -1.493432e-01 5.211644e+00
2.400000e-01 -1.493432e-01 4.615457e+00
2.550000e-01 -1.493432e-01 4.173921e+00
2.700000e-01 -1.493432e-01 3.840715e+00
2.850000e-01 -1.493432e-01 3.585338e+00
3.000000e-01 -1.493432e-01 3.387312e+00
-3.000000e-01 -1.356789e-01 2.882595e+00
-2.850000e-01 -1.356789e-01 3.041394e+00
-2.700000e-01 -1.356789e-01 3.245623e+00
-2.550000e-01 -1.356789e-01 3.511345e+00
-2.400000e-01 -1.356789e-01 3.862593e+00
-2.250000e-01 -1.356789e-01 4.336294e+00
-2.100000e-01 -1.356789e-01 4.990355e+00
-1.950000e-01 -1.356789e-01 5.915640e+00
-1.800000e-01 -1.356789e-01 7.247625e+00
-1.650000e-01 -1.356789e-01 9.145104e+00
-1.500000e-01 -1.356789e-01 1.159406e+01
-1.350000e-01 -1.356789e-01 1.375374e+01
-1.200000e-01 -1.356789e-01 1.363888e+01
-1.050000e-01 -1.356789e-01 1.083220e+01
-9.000000e-02 -1.356789e-01 7.583994e+00
-7.500000e-02 -1.356789e-01 5.259313e+00
-6.000000e-02 -1.356789e-01 3.841591e+00
-4.500000e-02 -1.356789e-01 3.057715e+00
-3.000000e-02 -1.356789e-01 2.693454e+00
-1.500000e-02 -1.356789e-01 2.553116e+00
5.551115e-17 -1.356789e-01 2.516751e+00
1.500000e-02 -1.356789e-01 2.553116e+00
3.000000e-02 -1.356789e-01 2.693454e+00
4.500000e-02 -1.356789e-01 3.057715e+00
6.000000e-02 -1.356789e-01 3.841591e+00
7.500000e-02 -1.356789e-01 5.259313e+00
9.000000e-02 -1.356789e-01 7.583994e+00
1.050000e-01 -1.356789e-01 1.083220e+01
1.200000e-01 -1.356789e-01 1.363888e+01
1.350000e-01 -1.356789e-01 1.375374e+01
1.500000e-01 -1.356789e-01 1.159406e+01
1.650000e-01 -1.356789e-01 9.145104e+00
1.800000e-01 -1.356789e-01 7.247625e+00
1.950000e-01 -1.356789e-01 5.915640e+00
2.100000e-01 -1.356789e-01 4.990355e+00
2.250000e-01 -1.356789e-01 4.336294e+00
2.400000e-01 -1.356789e-01 3.862593e+00
2.550000e-01 -1.356789e-01 3.511345e+00
2.700000e-01 -1.356789e-01 3.245623e+00
2.850000e-01 -1.356789e-01 3.041394e+00
3.000000e-01 -1.356789e-01 2.882595e+00
-3.000000e-01 -1.220147e-01 2.475642e+00
-2.850000e-01 -1.220147e-01 2.604064e+00
-2.700000e-01 -1.220147e-01 2.768685e+00
-2.550000e-01 -1.220147e-01 2.982087e+00
-2.400000e-01 -1.220147e-01 3.263064e+00
-2.250000e-01 -1.220147e-01 3.640561e+00
-2.100000e-01 -1.220147e-01 4.160408e+00
-1.950000e-01 -1.220147e-01 4.896509e+00
-1.800000e-01 -1.220147e-01 5.967357e+00
-1.650000e-01 -1.220147e-01 7.547880e+00
-1.500000e-01 -1.220147e-01 9.805830e+00
-1.350000e-01 -1.220147e-01 1.249051e+01
-1.200000e-01 -1.220147e-01 1.400695e+01
-1.050000e-01 -1.220147e-01 1.244318e+01
-9.000000e-02 -1.220147e-01 9.146083e+00
-7.500000e-02 -1.220147e-01 6.390361e+00
-6.000000e-02 -1.220147e-01 4.661425e+00
-4.500000e-02 -1.220147e-01 3.713405e+00
-3.000000e-02 -1.220147e-01 3.265433e+00
-1.500000e-02 -1.220147e-01 3.071256e+00
5.551115e-17 -1.220147e-01 3.012260e+00
1.500000e-02 -1.220147e-01 3.071256e+00
3.000000e-02 -1.220147e-01 3.265433e+00
4.500000e-02 -1.220147e-01 3.713405e+00
6.000000e-02 -1.220147e-01 4.661425e+00
7.500000e-02 -1.220147e-01 6.390361e+00
9.000000e-02 -1.220147e-01 9.146083e+00
1.050000e-01 -1.220147e-01 1.244318e+01
1.200000e-01 -1.220147e-01 1.400695e+01
1.350000e-01 -1.220147e-01 1.249051e+01
1.500000e-01 -1.220147e-01 9.805830e+00
1.650000e-01 -1.220147e-01 7.547880e+00
1.800000e-01 -1.220147e-01 5.967357e+00
1.950000e-01 -1.220147e-01 4.896509e+00
2.100000e-01 -1.220147e-01 4.160408e+00
2.250000e-01 -1.220147e-01 3.640561e+00
2.400000e-01 -1.220147e-01 3.263064e+00
2.550000e-01 -1.220147e-01 2.982087e+00
2.700000e-01 -1.220147e-01 2.768685e+00
2.850000e-01 -1.220147e-01 2.604064e+00
3.000000e-01 -1.220147e-01 2.475642e+00
-3.000000e-01 -1.083504e-01 2.144556e+00
-2.850000e-01 -1.083504e-01 2.249368e+00
-2.700000e-01 -1.083504e-01 2.383261e+00
-2.550000e-01 -1.083504e-01 2.556130e+00
-2.400000e-01 -1.083504e-01 2.782692e+00
-2.250000e-01 -1.083504e-01 3.085544e+00
-2.100000e-01 -1.083504e-01 3.500487e+00
-1.950000e-01 -1.083504e-01 4.085767e+00
-1.800000e-01 -1.083504e-01 4.937651e+00
-1.650000e-01 -1.083504e-01 6.212011e+00
-1.500000e-01 -1.083504e-01 8.125269e+00
-1.350000e-01 -1.083504e-01 1.077570e+01
-1.200000e-01 -1.083504e-01 1.335065e+01
-1.050000e-01 -1.083504e-01 1.352111e+01
-9.000000e-02 -1.083504e-01 1.079679e+01
-7.500000e-02 -1.083504e-01 7.735415e+00
-6.000000e-02 -1.083504e-01 5.660077e+00
-4.500000e-02 -1.083504e-01 4.499331e+00
-3.000000e-02 -1.083504e-01 3.912686e+00
-1.500000e-02 -1.083504e-01 3.609042e+00
5.551115e-17 -1.083504e-01 3.503378e+00
1.500000e-02 -1.083504e-01 3.609042e+00
3.000000e-02 -1.083504e-01 3.912686e+00
4.500000e-02 -1.083504e-01 4.499331e+00
6.000000e-02 -1.083504e-01 5.660077e+00
7.500000e-02 -1.083504e-01 7.735415e+00
9.000000e-02 -1.083504e-01 1.079679e+01
1.050000e-01 -1.083504e-01 1.352111e+01
1.200000e-01 -1.083504e-01 1.335065e+01
1.350000e-01 -1.083504e-01 1.077570e+01
1.500000e-01 -1.083504e-01 8.125269e+00
1.650000e-01 -1.083504e-01 6.212011e+00
1.800000e-01 -1.083504e-01 4.937651e+00
1.950000e-01 -1.083504e-01 4.085767e+00
2.100000e-01 -1.083504e-01 3.500487e+00
2.250000e-01 -1.083504e-01 3.085544e+00
2.400000e-01 -1.083504e-01 2.782692e+00
2.550000e-01 -1.083504e-01 2.556130e+00
2.700000e-01 -1.083504e-01 2.383261e+00
2.850000e-01 -1.083504e-01 2.249368e+00
3.000000e-01 -1.083504e-01 2.144556e+00
-3.000000e-01 -9.468610e-02 1.872681e+00
-2.850000e-01 -9.468610e-02 1.959021e+00
-2.700000e-01 -9.468610e-02 2.068937e+00
-2.550000e-01 -9.468610e-02 2.210270e+00
-2.400000e-01 -9.468610e-02 2.394608e+00
-2.250000e-01 -9.468610e-02 2.639647e+00
-2.100000e-01 -9.468610e-02 2.973296e+00
-1.950000e-01 -9.468610e-02 3.440940e+00
-1.800000e-01 -9.468610e-02 4.118320e+00
-1.650000e-01 -9.468610e-02 5.132920e+00
-1.500000e-01 -9.468610e-02 6.687661e+00
-1.350000e-01 -9.468610e-02 9.014759e+00
-1.200000e-01 -9.468610e-02 1.192626e+01
-1.050000e-01 -9.468610e-02 1.368048e+01
-9.000000e-02 -9.468610e-02 1.223863e+01
-7.500000e-02 -9.468610e-02 9.215654e+00
-6.000000e-02 -9.468610e-02 6.813607e+00
-4.500000e-02 -9.468610e-02 5.377936e+00
-3.000000e-02 -9.468610e-02 4.559285e+00
-1.500000e-02 -9.468610e-02 4.062122e+00
5.551115e-17 -9.468610e-02 3.879291e+00
1.500000e-02 -9.468610e-02 4.062122e+00
3.000000e-02 -9.468610e-02 4.559285e+00
4.500000e-02 -9.468610e-02 5.377936e+00
6.000000e-02 -9.468610e-02 6.813607e+00
7.500000e-02 -9.468610e-02 9.215654e+00
9.000000e-02 -9.468610e-02 1.223863e+01
1.050000e-01 -9.468610e-02 1.368048e+01
1.200000e-01 -9.468610e-02 1.192626e+01
1.350000e-01 -9.468610e-02 9.014759e+00
1.500000e-01 -9.468610e-02 6.687661e+00
1.650000e-01 -9.468610e-02 5.132920e+00
1.800000e-01 -9.468610e-02 4.118320e+00
1.950000e-01 -9.468610e-02 3.440940e+00
2.100000e-01 -9.468610e-02 2.973296e+00
2.250000e-01 -9.468610e-02 2.639647e+00
2.400000e-01 -9.468610e-02 2.394608e+00
2.550000e-01 -9.468610e-02 2.210270e+00
2.700000e-01 -9.468610e-02 2.068937e+00
2.850000e-01 -9.468610e-02 1.959021e+00
3.000000e-01 -9.468610e-02 1.872681e+00
-3.000000e-01 -8.102182e-02 1.647375e+00
-2.850000e-01 -8.102182e-02 1.719144e+00
-2.700000e-01 -8.102182e-02 1.810208e+00
-2.550000e-01 -8.102182e-02 1.926831e+00
-2.400000e-01 -8.102182e-02 2.078215e+00
-2.250000e-01 -8.102182e-02 2.278305e+00
-2.100000e-01 -8.102182e-02 2.548949e+00
-1.950000e-01 -8.102182e-02 2.925469e+00
-1.800000e-01 -8.102182e-02 3.466754e+00
-1.650000e-01 -8.102182e-02 4.273237e+00
-1.500000e-01 -8.102182e-02 5.514234e+00
-1.350000e-01 -8.102182e-02 7.438036e+00
-1.200000e-01 -8.102182e-02 1.018013e+01
-1.050000e-01 -8.102182e-02 1.285669e+01
-9.000000e-02 -8.102182e-02 1.305452e+01
-7.500000e-02 -8.102182e-02 1.061637e+01
-6.000000e-02 -8.102182e-02 8.012776e+00
-4.500000e-02 -8.102182e-02 6.235164e+00
-3.000000e-02 -8.102182e-02 5.062571e+00
-1.500000e-02 -8.102182e-02 4.293375e+00
5.551115e-17 -8.102182e-02 4.015590e+00
1.500000e-02 -8.102182e-02 4.293375e+00
3.000000e-02 -8.102182e-02 5.062571e+00
4.500000e-02 -8.102182e-02 6.235164e+00
6.000000e-02 -8.102182e-02 8.012776e+00
7.500000e-02 -8.102182e-02 1.061637e+01
9.000000e-02 -8.102182e-02 1.305452e+01
1.050000e-01 -8.102182e-02 1.285669e+01
1.200000e-01 -8.102182e-02 1.018013e+01
1.350000e-01 -8.102182e-02 7.438036e+00
1.500000e-01 -8.102182e-02 5.514234e+00
1.650000e-01 -8.102182e-02 4.273237e+00
1.800000e-01 -8.102182e-02 3.466754e+00
1.950000e-01 -8.102182e-02 2.925469e+00
2.100000e-01 -8.102182e-02 2.548949e+00
2.250000e-01 -8.102182e-02 2.278305e+00
2.400000e-01 -8.102182e-02 2.078215e+00
2.550000e-01 -8.102182e-02 1.926831e+00
2.700000e-01 -8.102182e-02 1.810208e+00
2.850000e-01 -8.102182e-02 1.719144e+00
3.000000e-01 -8.102182e-02 1.647375e+00
-3.000000e-01 -6.735754e-02 1.459014e+00
-2.850000e-01 -6.735754e-02 1.519189e+00
-2.700000e-01 -6.735754e-02 1.595300e+00
-2.550000e-01 -6.735754e-02 1.692402e+00
-2.400000e-01 -6.735754e-02 1.817863e+00
-2.250000e-01 -6.735754e-02 1.982771e+00
-2.100000e-01 -6.735754e-02 2.204348e+00
-1.950000e-01 -6.735754e-02 2.510205e+00
-1.800000e-01 -6.735754e-02 2.946064e+00
-1.650000e-01 -6.735754e-02 3.589894e+00
-1.500000e-01 -6.735754e-02 4.575990e+00
-1.350000e-01 -6.735754e-02 6.121978e+00
-1.200000e-01 -6.735754e-02 8.471092e+00
-1.050000e-01 -6.735754e-02 1.136243e+01
-9.000000e-02 -6.735754e-02 1.293653e+01
-7.500000e-02 -6.735754e-02 1.158397e+01
-6.000000e-02 -6.735754e-02 9.026275e+00
-4.500000e-02 -6.735754e-02 6.869333e+00
-3.000000e-02 -6.735754e-02 5.258116e+00
-1.500000e-02 -6.735754e-02 4.213809e+00
5.551115e-17 -6.735754e-02 3.858070e+00
1.500000e-02 -6.735754e-02 4.213809e+00
3.000000e-02 -6.735754e-02 5.258116e+00
4.500000e-02 -6.735754e-02 6.869333e+00
6.000000e-02 -6.735754e-02 9.026275e+00
7.500000e-02 -6.735754e-02 1.158397e+01
9.000000e-02 -6.735754e-02 1.293653e+01
1.050000e-01 -6.735754e-02 1.136243e+01
1.200000e-01 -6.735754e-02 8.471092e+00
1.350000e-01 -6.735754e-02 6.121978e+00
1.500000e-01 -6.735754e-02 4.575990e+00
1.650000e-01 -6.735754e-02 3.589894e+00
1.800000e-01 -6.735754e-02 2.946064e+00
1.950000e-01 -6.735754e-02 2.510205e+00
2.100000e-01 -6.735754e-02 2.204348e+00
2.250000e-01 -6.735754e-02 1.982771e+00
2.400000e-01 -6.735754e-02 1.817863e+00
2.550000e-01 -6.735754e-02 1.692402e+00
2.700000e-01 -6.735754e-02 1.595300e+00
2.850000e-01 -6.735754e-02 1.519189e+00
3.000000e-01 -6.735754e-02 1.459014e+00
-3.000000e-01 -5.369326e-02 1.300225e+00
-2.850000e-01 -5.369326e-02 1.351091e+00
-2.700000e-01 -5.369326e-02 1.415236e+00
-2.550000e-01 -5.369326e-02 1.496777e+00
-2.400000e-01 -5.369326e-02 1.601673e+00
-2.250000e-01 -5.369326e-02 1.738816e+00
-2.100000e-01 -5.369326e-02 1.921901e+00
-1.950000e-01 -5.369326e-02 2.172669e+00
-1.800000e-01 -5.369326e-02 2.526770e+00
-1.650000e-01 -5.369326e-02 3.044548e+00
-1.500000e-01 -5.369326e-02 3.830269e+00
-1.350000e-01 -5.369326e-02 5.059846e+00
-1.200000e-01 -5.369326e-02 6.978260e+00
-1.050000e-01 -5.369326e-02 9.635482e+00
-9.000000e-02 -5.369326e-02 1.193256e+01
-7.500000e-02 -5.369326e-02 1.177745e+01
-6.000000e-02 -5.369326e-02 9.548430e+00
-4.500000e-02 -5.369326e-02 7.065478e+00
-3.000000e-02 -5.369326e-02 5.068445e+00
-1.500000e-02 -5.369326e-02 3.855632e+00
5.551115e-17 -5.369326e-02 3.469061e+00
1.500000e-02 -5.369326e-02 3.855632e+00
3.000000e-02 -5.369326e-02 5.068445e+00
4.500000e-02 -5.369326e-02 7.065478e+00
6.000000e-02 -5.369326e-02 9.548430e+00
7.500000e-02 -5.369326e-02 1.177745e+01
9.000000e-02 -5.369326e-02 1.193256e+01
1.050000e-01 -5.369326e-02 9.635482e+00
1.200000e-01 -5.369326e-02 6.978260e+00
1.350000e-01 -5.369326e-02 5.059846e+00
1.500000e-01 -5.369326e-02 3.830269e+00
1.650000e-01 -5.369326e-02 3.044548e+00
1.800000e-01 -5.369326e-02 2.526770e+00
1.950000e-01 -5.369326e-02 2.172669e+00
2.100000e-01 -5.369326e-02 1.921901e+00
2.250000e-01 -5.369326e-02 1.738816e+00
2.400000e-01 -5.369326e-02 1.601673e+00
2.550000e-01 -5.369326e-02 1.496777e+00
2.700000e-01 -5.369326e-02 1.415236e+00
2.850000e-01 -5.369326e-02 1.351091e+00
3.000000e-01 -5.369326e-02 1.300225e+00
-3.000000e-01 -4.002898e-02 1.165316e+00
-2.850000e-01 -4.002898e-02 1.208642e+00
-2.700000e-01 -4.002898e-02 1.263127e+00
-2.550000e-01 -4.002898e-02 1.332154e+00
-2.400000e-01 -4.002898e-02 1.420586e+00
-2.250000e-01 -4.002898e-02 1.535624e+00
-2.100000e-01 -4.002898e-02 1.688259e+00
-1.950000e-01 -4.002898e-02 1.895757e+00
-1.800000e-01 -4.002898e-02 2.186112e+00
-1.650000e-01 -4.002898e-02 2.606180e+00
-1.500000e-01 -4.002898e-02 3.236375e+00
-1.350000e-01 -4.002898e-02 4.213906e+00
-1.200000e-01 -4.002898e-02 5.747415e+00
-1.050000e-01 -4.002898e-02 7.993523e+00
-9.000000e-02 -4.002898e-02 1.040443e+01
-7.500000e-02 -4.002898e-02 1.111857e+01
-6.000000e-02 -4.002898e-02 9.378519e+00
-4.500000e-02 -4.002898e-02 6.745000e+00
-3.000000e-02 -4.002898e-02 4.568927e+00
-1.500000e-02 -4.002898e-02 3.344241e+00
5.551115e-17 -4.002898e-02 2.974612e+00
1.500000e-02 -4.002898e-02 3.344241e+00
3.000000e-02 -4.002898e-02 4.568927e+00
4.500000e-02 -4.002898e-02 6.745000e+00
6.000000e-02 -4.002898e-02 9.378519e+00
7.500000e-02 -4.002898e-02 1.111857e+01
9.000000e-02 -4.002898e-02 1.040443e+01
1.050000e-01 -4.002898e-02 7.993523e+00
1.200000e-01 -4.002898e-02 5.747415e+00
1.350000e-01 -4.002898e-02 4.213906e+00
1.500000e-01 -4.002898e-02 3.236375e+00
1.650000e-01 -4.002898e-02 2.606180e+00
1.800000e-01 -4.002898e-02 2.186112e+00
1.950000e-01 -4.002898e-02 1.895757e+00
2.100000e-01 -4.002898e-02 1.688259e+00
2.250000e-01 -4.002898e-02 1.535624e+00
2.400000e-01 -4.002898e-02 1.420586e+00
2.550000e-01 -4.002898e-02 1.332154e+00
2.700000e-01 -4.002898e-02 1.263127e+00
2.850000e-01 -4.002898e-02 1.208642e+00
3.000000e-01 -4.002898e-02 1.165316e+00
-3.000000e-01 -2.636470e-02 1.049857e+00
-2.850000e-01 -2.636470e-02 1.087024e+00
-2.700000e-01 -2.636470e-02 1.133643e+00
-2.550000e-01 -2.636470e-02 1.192518e+00
-2.400000e-01 -2.636470e-02 1.267653e+00
-2.250000e-01 -2.636470e-02 1.364935e+00
-2.100000e-01 -2.636470e-02 1.493266e+00
-1.950000e-01 -2.636470e-02 1.666486e+00
-1.800000e-01 -2.636470e-02 1.906764e+00
-1.650000e-01 -2.636470e-02 2.250723e+00
-1.500000e-01 -2.636470e-02 2.760450e+00
-1.350000e-01 -2.636470e-02 3.541443e+00
-1.200000e-01 -2.636470e-02 4.759291e+00
-1.050000e-01 -2.636470e-02 6.580530e+00
-9.000000e-02 -2.636470e-02 8.754609e+00
-7.500000e-02 -2.636470e-02 9.859969e+00
-6.000000e-02 -2.636470e-02 8.585245e+00
-4.500000e-02 -2.636470e-02 6.033410e+00
-3.000000e-02 -2.636470e-02 3.923564e+00
-1.500000e-02 -2.636470e-02 2.807106e+00
5.551115e-17 -2.636470e-02 2.482208e+00
1.500000e-02 -2.636470e-02 2.807106e+00
3.000000e-02 -2.636470e-02 3.923564e+00
4.500000e-02 -2.636470e-02 6.033410e+00
6.000000e-02 -2.636470e-02 8.585245e+00
7.500000e-02 -2.636470e-02 9.859969e+00
9.000000e-02 -2.636470e-02 8.754609e+00
1.050000e-01 -2.636470e-02 6.580530e+00
1.200000e-01 -2.636470e-02 4.759291e+00
1.350000e-01 -2.636470e-02 3.541443e+00
1.500000e-01 -2.636470e-02 2.760450e+00
1.650000e-01 -2.636470e-02 2.250723e+00
1.800000e-01 -2.636470e-02 1.906764e+00
1.950000e-01 -2.636470e-02 1.666486e+00
2.100000e-01 -2.636470e-02 1.493266e+00
2.250000e-01 -2.636470e-02 1.364935e+00
2.400000e-01 -2.636470e-02 1.267653e+00
2.550000e-01 -2.636470e-02 1.192518e+00
2.700000e-01 -2.636470e-02 1.133643e+00
2.850000e-01 -2.636470e-02 1.087024e+00
3.000000e-01 -2.636470e-02 1.049857e+00
-3.000000e-01 -1.270041e-02 9.503711e-01
-2.850000e-01 -1.270041e-02 9.824662e-01
-2.700000e-01 -1.270041e-02 1.022627e+00
-2.550000e-01 -1.270041e-02 1.073196e+00
-2.400000e-01 -1.270041e-02 1.137501e+00
-2.250000e-01 -1.270041e-02 1.220394e+00
-2.100000e-01 -1.270041e-02 1.329153e+00
-1.950000e-01 -1.270041e-02 1.474976e+00
-1.800000e-01 -1.270041e-02 1.675579e+00
-1.650000e-01 -1.270041e-02 1.959821e+00
-1.500000e-01 -1.270041e-02 2.375891e+00
-1.350000e-01 -1.270041e-02 3.004645e+00
-1.200000e-01 -1.270041e-02 3.973395e+00
-1.050000e-01 -1.270041e-02 5.423910e+00
-9.000000e-02 -1.270041e-02 7.238965e+00
-7.500000e-02 -1.270041e-02 8.378838e+00
-6.000000e-02 -1.270041e-02 7.446964e+00
-4.500000e-02 -1.270041e-02 5.155192e+00
-3.000000e-02 -1.270041e-02 3.275879e+00
-1.500000e-02 -1.270041e-02 2.320574e+00
5.551115e-17 -1.270041e-02 2.048259e+00
1.500000e-02 -1.270041e-02 2.320574e+00
3.000000e-02 -1.270041e-02 3.275879e+00
4.500000e-02 -1.270041e-02 5.155192e+00
6.000000e-02 -1.270041e-02 7.446964e+00
7.500000e-02 -1.270041e-02 8.378838e+00
9.000000e-02 -1.270041e-02 7.238965e+00
1.050000e-01 -1.270041e-02 5.423910e+00
1.200000e-01 -1.270041e-02 3.973395e+00
1.350000e-01 -1.270041e-02 3.004645e+00
1.500000e-01 -1.270041e-02 2.375891e+00
1.650000e-01 -1.270041e-02 1.959821e+00
1.800000e-01 -1.270041e-02 1.675579e+00
1.950000e-01 -1.270041e-02 1.474976e+00
2.100000e-01 -1.270041e-02 1.329153e+00
2.250000e-01 -1.270041e-02 1.220394e+00
2.400000e-01 -1.270041e-02 1.137501e+00
2.550000e-01 -1.270041e-02 1.073196e+00
2.700000e-01 -1.270041e-02 1.022627e+00
2.850000e-01 -1.270041e-02 9.824662e-01
3.000000e-01 -1.270041e-02 9.503711e-01
-3.000000e-01 9.638653e-04 8.641058e-01
-2.850000e-01 9.638653e-04 8.919923e-01
-2.700000e-01 9.638653e-04 9.268083e-01
-2.550000e-01 9.638653e-04 9.705285e-01
-2.400000e-01 9.638653e-04 1.025938e+00
-2.250000e-01 9.638653e-04 1.097073e+00
-2.100000e-01 9.638653e-04 1.189934e+00
-1.950000e-01 9.638653e-04 1.313663e+00
-1.800000e-01 9.638653e-04 1.482552e+00
-1.650000e-01 9.638653e-04 1.719542e+00
-1.500000e-01 9.638653e-04 2.062316e+00
-1.350000e-01 9.638653e-04 2.573005e+00
-1.200000e-01 9.638653e-04 3.348216e+00
-1.050000e-01 9.638653e-04 4.498090e+00
-9.000000e-02 9.638653e-04 5.957390e+00
-7.500000e-02 9.638653e-04 6.957901e+00
-6.000000e-02 9.638653e-04 6.248707e+00
-4.500000e-02 9.638653e-04 4.292839e+00
-3.000000e-02 9.638653e-04 2.702788e+00
-1.500000e-02 9.638653e-04 1.912132e+00
5.551115e-17 9.638653e-04 1.688924e+00
1.500000e-02 9.638653e-04 1.912132e+00
3.000000e-02 9.638653e-04 2.702788e+00
4.500000e-02 9.638653e-04 4.292839e+00
6.000000e-02 9.638653e-04 6.248707e+00
7.500000e-02 9.638653e-04 6.957901e+00
9.000000e-02 9.638653e-04 5.957390e+00
1.050000e-01 9.638653e-04 4.498090e+00
1.200000e-01 9.638653e-04 3.348216e+00
1.350000e-01 9.638653e-04 2.573005e+00
1.500000e-01 9.638653e-04 2.062316e+00
1.650000e-01 9.638653e-04 1.719542e+00
1.800000e-01 9.638653e-04 1.482552e+00
1.950000e-01 9.638653e-04 1.313663e+00
2.100000e-01 9.638653e-04 1.189934e+00
2.250000e-01 9.638653e-04 1.097073e+00
2.400000e-01 9.638653e-04 1.025938e+00
2.550000e-01 9.638653e-04 9.705285e-01
2.700000e-01 9.638653e-04 9.268083e-01
2.850000e-01 9.638653e-04 8.919923e-01
3.000000e-01 9.638653e-04 8.641058e-01
-3.000000e-01 1.462815e-02 7.888636e-01
-2.850000e-01 1.462815e-02 8.132325e-01
-2.700000e-01 1.462815e-02 8.435934e-01
-2.550000e-01 1.462815e-02 8.816221e-01
-2.400000e-01 1.462815e-02 9.296689e-01
-2.250000e-01 1.462815e-02 9.911164e-01
-2.100000e-01 1.462815e-02 1.070955e+00
-1.950000e-01 1.462815e-02 1.176715e+00
-1.800000e-01 1.462815e-02 1.320026e+00
-1.650000e-01 1.462815e-02 1.519294e+00
-1.500000e-01 1.462815e-02 1.804236e+00
-1.350000e-01 1.462815e-02 2.222872e+00
-1.200000e-01 1.462815e-02 2.848254e+00
-1.050000e-01 1.462815e-02 3.762147e+00
-9.000000e-02 1.462815e-02 4.916997e+00
-7.500000e-02 1.462815e-02 5.729459e+00
-6.000000e-02 1.462815e-02 5.162053e+00
-4.500000e-02 1.462815e-02 3.538335e+00
-3.000000e-02 1.462815e-02 2.227283e+00
-1.500000e-02 1.462815e-02 1.581672e+00
5.551115e-17 1.462815e-02 1.399953e+00
1.500000e-02 1.462815e-02 1.581672e+00
3.000000e-02 1.462815e-02 2.227283e+00
4.500000e-02 1.462815e-02 3.538335e+00
6.000000e-02 1.462815e-02 5.162053e+00
7.500000e-02 1.462815e-02 5.729459e+00
9.000000e-02 1.462815e-02 4.916997e+00
1.050000e-01 1.462815e-02 3.762147e+00
1.200000e-01 1.462815e-02 2.848254e+00
1.350000e-01 1.462815e-02 2.222872e+00
1.500000e-01 1.462815e-02 1.804236e+00
1.650000e-01 1.462815e-02 1.519294e+00
1.800000e-01 1.462815e-02 1.320026e+00
1.950000e-01 1.462815e-02 1.176715e+00
2.100000e-01 1.462815e-02 1.070955e+00
2.250000e-01 1.462815e-02 9.911164e-01
2.400000e-01 1.462815e-02 9.296689e-01
2.550000e-01 1.462815e-02 8.816221e-01
2.700000e-01 1.462815e-02 8.435934e-01
2.850000e-01 1.462815e-02 8.132325e-01
3.000000e-01 1.462815e-02 7.888636e-01
-3.000000e-01 2.829243e-02 7.228765e-01
-2.850000e-01 2.829243e-02 7.442853e-01
-2.700000e-01 2.829243e-02 7.709064e-01
-2.550000e-01 2.829243e-02 8.041719e-01
-2.400000e-01 2.829243e-02 8.460793e-01
-2.250000e-01 2.829243e-02 8.994851e-01
-2.100000e-01 2.829243e-02 9.685725e-01
-1.950000e-01 2.829243e-02 1.059594e+00
-1.800000e-01 2.829243e-02 1.182098e+00
-1.650000e-01 2.829243e-02 1.350985e+00
-1.500000e-01 2.829243e-02 1.589896e+00
-1.350000e-01 2.829243e-02 1.936218e+00
-1.200000e-01 2.829243e-02 2.445283e+00
-1.050000e-01 2.829243e-02 3.176269e+00
-9.000000e-02 2.829243e-02 4.086782e+00
-7.500000e-02 2.829243e-02 4.721678e+00
-6.000000e-02 2.829243e-02 4.249228e+00
-4.500000e-02 2.829243e-02 2.915758e+00
-3.000000e-02 2.829243e-02 1.844548e+00
-1.500000e-02 2.829243e-02 1.318300e+00
5.551115e-17 2.829243e-02 1.170063e+00
1.500000e-02 2.829243e-02 1.318300e+00
3.000000e-02 2.829243e-02 1.844548e+00
4.500000e-02 2.829243e-02 2.915758e+00
6.000000e-02 2.829243e-02 4.249228e+00
7.500000e-02 2.829243e-02 4.721678e+00
9.000000e-02 2.829243e-02 4.086782e+00
1.050000e-01 2.829243e-02 3.176269e+00
1.200000e-01 2.829243e-02 2.445283e+00
1.350000e-01 2.829243e-02 1.936218e+00
1.500000e-01 2.829243e-02 1.589896e+00
1.650000e-01 2.829243e-02 1.350985e+00
1.800000e-01 2.829243e-02 1.182098e+00
1.950000e-01 2.829243e-02 1.059594e+00
2.100000e-01 2.829243e-02 9.685725e-01
2.250000e-01 2.829243e-02 8.994851e-01
2.400000e-01 2.829243e-02 8.460793e-01
2.550000e-01 2.829243e-02 8.041719e-01
2.700000e-01 2.829243e-02 7.709064e-01
2.850000e-01 2.829243e-02 7.442853e-01
3.000000e-01 2.829243e-02 7.228765e-01
-3.000000e-01 4.195671e-02 6.647109e-01
-2.850000e-01 4.195671e-02 6.836127e-01
-2.700000e-01 4.195671e-02 7.070740e-01
-2.550000e-01 4.195671e-02 7.363263e-01
-2.400000e-01 4.195671e-02 7.730787e-01
-2.250000e-01 4.195671e-02 8.197607e-01
-2.100000e-01 4.195671e-02 8.799044e-01
-1.950000e-01 4.195671e-02 9.587434e-01
-1.800000e-01 4.195671e-02 1.064181e+00
-1.650000e-01 4.195671e-02 1.208385e+00
-1.500000e-01 4.195671e-02 1.410329e+00
-1.350000e-01 4.195671e-02 1.699359e+00
-1.200000e-01 4.195671e-02 2.117565e+00
-1.050000e-01 4.195671e-02 2.707074e+00
-9.000000e-02 4.195671e-02 3.426985e+00
-7.500000e-02 4.195671e-02 3.914294e+00
-6.000000e-02 4.195671e-02 3.510424e+00
-4.500000e-02 4.195671e-02 2.415810e+00
-3.000000e-02 4.195671e-02 1.539977e+00
-1.500000e-02 4.195671e-02 1.109014e+00
5.551115e-17 4.195671e-02 9.872880e-01
1.500000e-02 4.195671e-02 1.109014e+00
3.000000e-02 4.195671e-02 1.539977e+00
4.500000e-02 4.195671e-02 2.415810e+00
6.000000e-02 4.195671e-02 3.510424e+00
7.500000e-02 4.195671e-02 3.914294e+00
9.000000e-02 4.195671e-02 3.426985e+00
1.050000e-01 4.195671e-02 2.707074e+00
1.200000e-01 4.195671e-02 2.117565e+00
1.350000e-01 4.195671e-02 1.699359e+00
1.500000e-01 4.195671e-02 1.410329e+00
1.650000e-01 4.195671e-02 1.208385e+00
1.800000e-01 4.195671e-02 1.064181e+00
1.950000e-01 4.195671e-02 9.587434e-01
2.100000e-01 4.195671e-02 8.799044e-01
2.250000e-01 4.195671e-02 8.197607e-01
2.400000e-01 4.195671e-02 7.730787e-01
2.550000e-01 4.195671e-02 7.363263e-01
2.700000e-01 4.195671e-02 7.070740e-01
2.850000e-01 4.195671e-02 6.836127e-01
3.000000e-01 4.195671e-02 6.647109e-01
-3.000000e-01 5.562099e-02 6.131959e-01
-2.850000e-01 5.562099e-02 6.299619e-01
-2.700000e-01 5.562099e-02 6.507368e-01
-2.550000e-01 5.562099e-02 6.765864e-01
-2.400000e-01 5.562099e-02 7.089821e-01
-2.250000e-01 5.562099e-02 7.500038e-01
-2.100000e-01 5.562099e-02 8.026551e-01
-1.950000e-01 5.562099e-02 8.713483e-01
-1.800000e-01 5.562099e-02 9.626778e-01
-1.650000e-01 5.562099e-02 1.086661e+00
-1.500000e-01 5.562099e-02 1.258657e+00
-1.350000e-01 5.562099e-02 1.501892e+00
-1.200000e-01 5.562099e-02 1.848562e+00
-1.050000e-01 5.562099e-02 2.328250e+00
-9.000000e-02 5.562099e-02 2.901038e+00
-7.500000e-02 5.562099e-02 3.272417e+00
-6.000000e-02 5.562099e-02 2.921485e+00
-4.500000e-02 5.562099e-02 2.018178e+00
-3.000000e-02 5.562099e-02 1.297836e+00
-1.500000e-02 5.562099e-02 9.421058e-01
5.551115e-17 5.562099e-02 8.412695e-01
1.500000e-02 5.562099e-02 9.421058e-01
3.000000e-02 5.562099e-02 1.297836e+00
4.500000e-02 5.562099e-02 2.018178e+00
6.000000e-02 5.562099e-02 2.921485e+00
7.500000e-02 5.562099e-02 3.272417e+00
9.000000e-02 5.562099e-02 2.901038e+00
1.050000e-01 5.562099e-02 2.328250e+00
1.200000e-01 5.562099e-02 1.848562e+00
1.350000e-01 5.562099e-02 1.501892e+00
1.500000e-01 5.562099e-02 1.258657e+00
1.650000e-01 5.562099e-02 1.086661e+00
1.800000e-01 5.562099e-02 9.626778e-01
1.950000e-01 5.562099e-02 8.713483e-01
2.100000e-01 5.562099e-02 8.026551e-01
2.250000e-01 5.562099e-02 7.500038e-01
2.400000e-01 5.562099e-02 7.089821e-01
2.550000e-01 5.562099e-02 6.765864e-01
2.700000e-01 5.562099e-02 6.507368e-01
2.850000e-01 5.562099e-02 6.299619e-01
3.000000e-01 5.562099e-02 6.131959e-01
-3.000000e-01 6.928527e-02 5.673688e-01
-2.850000e-01 6.928527e-02 5.823046e-01
-2.700000e-01 6.928527e-02 6.007826e-01
-2.550000e-01 6.928527e-02 6.237299e-01
-2.400000e-01 6.928527e-02 6.524209e-01
-2.250000e-01 6.928527e-02 6.886475e-01
-2.100000e-01 6.928527e-02 7.349799e-01
-1.950000e-01 6.928527e-02 7.951645e-01
-1.800000e-01 6.928527e-02 8.747435e-01
-1.650000e-01 6.928527e-02 9.820294e-01
-1.500000e-01 6.928527e-02 1.129559e+00
-1.350000e-01 6.928527e-02 1.335864e+00
-1.200000e-01 6.928527e-02 1.625722e+00
-1.050000e-01 6.928527e-02 2.019603e+00
-9.000000e-02 6.928527e-02 2.478958e+00
-7.500000e-02 6.928527e-02 2.761567e+00
-6.000000e-02 6.928527e-02 2.453422e+00
-4.500000e-02 6.928527e-02 1.701914e+00
-3.000000e-02 6.928527e-02 1.104429e+00
-1.500000e-02 6.928527e-02 8.080625e-01
5.551115e-17 6.928527e-02 7.237287e-01
1.500000e-02 6.928527e-02 8.080625e-01
3.000000e-02 6.928527e-02 1.104429e+00
4.500000e-02 6.928527e-02 1.701914e+00
6.000000e-02 6.928527e-02 2.453422e+00
7.500000e-02 6.928527e-02 2.761567e+00
9.000000e-02 6.928527e-02 2.478958e+00
1.050000e-01 6.928527e-02 2.019603e+00
1.200000e-01 6.928527e-02 1.625722e+00
1.350000e-01 6.928527e-02 1.335864e+00
1.500000e-01 6.928527e-02 1.129559e+00
1.650000e-01 6.928527e-02 9.820294e-01
1.800000e-01 6.928527e-02 8.747435e-01
1.950000e-01 6.928527e-02 7.951645e-01
2.100000e-01 6.928527e-02 7.349799e-01
2.250000e-01 6.928527e-02 6.886475e-01
2.400000e-01 6.928527e-02 6.524209e-01
2.550000e-01 6.928527e-02 6.237299e-01
2.700000e-01 6.928527e-02 6.007826e-01
2.850000e-01 6.928527e-02 5.823046e-01
3.000000e-01 6.928527e-02 5.673688e-01
-3.000000e-01 8.294955e-02 5.264324e-01
-2.850000e-01 8.294955e-02 5.397918e-01
-2.700000e-01 8.294955e-02 5.562950e-01
-2.550000e-01 8.294955e-02 5.767531e-01
-2.400000e-01 8.294955e-02 6.022758e-01
-2.250000e-01 8.294955e-02 6.344155e-01
-2.100000e-01 8.294955e-02 6.753855e-01
-1.950000e-01 8.294955e-02 7.283872e-01
-1.800000e-01 8.294955e-02 7.981109e-01
-1.650000e-01 8.294955e-02 8.915059e-01
-1.500000e-01 8.294955e-02 1.018885e+00
-1.350000e-01 8.294955e-02 1.195152e+00
-1.200000e-01 8.294955e-02 1.439492e+00
-1.050000e-01 8.294955e-02 1.765788e+00
-9.000000e-02 8.294955e-02 2.137342e+00
-7.500000e-02 8.294955e-02 2.352657e+00
-6.000000e-02 8.294955e-02 2.080086e+00
-4.500000e-02 8.294955e-02 1.449060e+00
-3.000000e-02 8.294955e-02 9.487825e-01
-1.500000e-02 8.294955e-02 6.994864e-01
5.551115e-17 8.294955e-02 6.282748e-01
1.500000e-02 8.294955e-02 6.994864e-01
3.000000e-02 8.294955e-02 9.487825e-01
4.500000e-02 8.294955e-02 1.449060e+00
6.000000e-02 8.294955e-02 2.080086e+00
7.500000e-02 8.294955e-02 2.352657e+00
9.000000e-02 8.294955e-02 2.137342e+00
1.050000e-01 8.294955e-02 1.765788e+00
1.200000e-01 8.294955e-02 1.439492e+00
1.350000e-01 8.294955e-02 1.195152e+00
1.500000e-01 8.294955e-02 1.018885e+00
1.650000e-01 8.294955e-02 8.915059e-01
1.800000e-01 8.294955e-02 7.981109e-01
1.950000e-01 8.294955e-02 7.283872e-01
2.100000e-01 8.294955e-02 6.753855e-01
2.250000e-01 8.294955e-02 6.344155e-01
2.400000e-01 8.294955e-02 6.022758e-01
2.550000e-01 8.294955e-02 5.767531e-01
2.700000e-01 8.294955e-02 5.562950e-01
2.850000e-01 8.294955e-02 5.397918e-01
3.000000e-01 8.294955e-02 5.264324e-01
-3.000000e-01 9.661383e-02 4.897227e-01
-2.850000e-01 9.661383e-02 5.017175e-01
-2.700000e-01 9.661383e-02 5.165144e-01
-2.550000e-01 9.661383e-02 5.348263e-01
-2.400000e-01 9.661383e-02 5.576246e-01
-2.250000e-01 9.661383e-02 5.862616e-01
-2.100000e-01 9.661383e-02 6.226541e-01
-1.950000e-01 9.661383e-02 6.695543e-01
-1.800000e-01 9.661383e-02 7.309579e-01
-1.650000e-01 9.661383e-02 8.127145e-01
-1.500000e-01 9.661383e-02 9.233706e-01
-1.350000e-01 9.661383e-02 1.075004e+00
-1.200000e-01 9.661383e-02 1.282553e+00
-1.050000e-01 9.661383e-02 1.555156e+00
-9.000000e-02 9.661383e-02 1.858300e+00
-7.500000e-02 9.661383e-02 2.022700e+00
-6.000000e-02 9.661383e-02 1.780213e+00
-4.500000e-02 9.661383e-02 1.245325e+00
-3.000000e-02 9.661383e-02 8.224171e-01
-1.500000e-02 9.661383e-02 6.107311e-01
5.551115e-17 9.661383e-02 5.500427e-01
1.500000e-02 9.661383e-02 6.107311e-01
3.000000e-02 9.661383e-02 8.224171e-01
4.500000e-02 9.661383e-02 1.245325e+00
6.000000e-02 9.661383e-02 1.780213e+00
7.500000e-02 9.661383e-02 2.022700e+00
9.000000e-02 9.661383e-02 1.858300e+00
1.050000e-01 9.661383e-02 1.555156e+00
1.200000e-01 9.661383e-02 1.282553e+00
1.350000e-01 9.661383e-02 1.075004e+00
1.500000e-01 9.661383e-02 9.233706e-01
1.650000e-01 9.661383e-02 8.127145e-01
1.800000e-01 9.661383e-02 7.309579e-01
1.950000e-01 9.661383e-02 6.695543e-01
2.100000e-01 9.661383e-02 6.226541e-01
2.250000e-01 9.661383e-02 5.862616e-01
2.400000e-01 9.661383e-02 5.576246e-01
2.550000e-01 9.661383e-02 5.348263e-01
2.700000e-01 9.661383e-02 5.165144e-01
2.850000e-01 9.661383e-02 5.017175e-01
3.000000e-01 9.661383e-02 4.897227e-01
-3.000000e-01 1.102781e-01 4.566837e-01
-2.850000e-01 1.102781e-01 4.674916e-01
-2.700000e-01 1.102781e-01 4.808069e-01
-2.550000e-01 1.102781e-01 4.972592e-01
-2.400000e-01 1.102781e-01 5.177029e-01
-2.250000e-01 1.102781e-01 5.433220e-01
-2.100000e-01 1.102781e-01 5.757853e-01
-1.950000e-01 1.102781e-01 6.174726e-01
-1.800000e-01 1.102781e-01 6.718083e-01
-1.650000e-01 1.102781e-01 7.437491e-01
-1.500000e-01 1.102781e-01 8.404273e-01
-1.350000e-01 1.102781e-01 9.716996e-01
-1.200000e-01 1.102781e-01 1.149260e+00
-1.050000e-01 1.102781e-01 1.378829e+00
-9.000000e-02 1.102781e-01 1.628249e+00
-7.500000e-02 1.102781e-01 1.754037e+00
-6.000000e-02 1.102781e-01 1.537264e+00
-4.500000e-02 1.102781e-01 1.079698e+00
-3.000000e-02 1.102781e-01 7.188755e-01
-1.500000e-02 1.102781e-01 5.375110e-01
5.551115e-17 1.102781e-01 4.853400e-01
1.500000e-02 1.102781e-01 5.375110e-01
3.000000e-02 1.102781e-01 7.188755e-01
4.500000e-02 1.102781e-01 1.079698e+00
6.000000e-02 1.102781e-01 1.537264e+00
7.500000e-02 1.102781e-01 1.754037e+00
9.000000e-02 1.102781e-01 1.628249e+00
1.050000e-01 1.102781e-01 1.378829e+00
1.200000e-01 1.102781e-01 1.149260e+00
1.350000e-01 1.102781e-01 9.716996e-01
1.500000e-01 1.102781e-01 8.404273e-01
1.650000e-01 1.102781e-01 7.437491e-01
1.800000e-01 1.102781e-01 6.718083e-01
1.950000e-01 1.102781e-01 6.174726e-01
2.100000e-01 1.102781e-01 5.757853e-01
2.250000e-01 1.102781e-01 5.433220e-01
2.400000e-01 1.102781e-01 5.177029e-01
2.550000e-01 1.102781e-01 4.972592e-01
2.700000e-01 1.102781e-01 4.808069e-01
2.850000e-01 1.102781e-01 4.674916e-01
3.000000e-01 1.102781e-01 4.566837e-01
-3.000000e-01 1.239424e-01 4.268466e-01
-2.850000e-01 1.239424e-01 4.366176e-01
-2.700000e-01 1.239424e-01 4.486407e-01
-2.550000e-01 1.239424e-01 4.634743e-01
-2.400000e-01 1.239424e-01 4.818733e-01
-2.250000e-01 1.239424e-01 5.048792e-01
-2.100000e-01 1.239424e-01 5.339524e-01
-1.950000e-01 1.239424e-01 5.711614e-01
-1.800000e-01 1.239424e-01 6.194581e-01
-1.650000e-01 1.239424e-01 6.830683e-01
-1.500000e-01 1.239424e-01 7.679834e-01
-1.350000e-01 1.239424e-01 8.823016e-01
-1.200000e-01 1.239424e-01 1.035219e+00
-1.050000e-01 1.239424e-01 1.230000e+00
-9.000000e-02 1.239424e-01 1.436873e+00
-7.500000e-02 1.239424e-01 1.533242e+00
-6.000000e-02 1.239424e-01 1.338614e+00
-4.500000e-02 1.239424e-01 9.437995e-01
-3.000000e-02 1.239424e-01 6.332574e-01
-1.500000e-02 1.239424e-01 4.765692e-01
5.551115e-17 1.239424e-01 4.313574e-01
1.500000e-02 1.239424e-01 4.765692e-01
3.000000e-02 1.239424e-01 6.332574e-01
4.500000e-02 1.239424e-01 9.437995e-01
6.000000e-02 1.239424e-01 1.338614e+00
7.500000e-02 1.239424e-01 1.533242e+00
9.000000e-02 1.239424e-01 1.436873e+00
1.050000e-01 1.239424e-01 1.230000e+00
1.200000e-01 1.239424e-01 1.035219e+00
1.350000e-01 1.239424e-01 8.823016e-01
1.500000e-01 1.239424e-01 7.679834e-01
1.650000e-01 1.239424e-01 6.830683e-01
1.800000e-01 1.239424e-01 6.194581e-01
1.950000e-01 1.239424e-01 5.711614e-01
2.100000e-01 1.239424e-01 5.339524e-01
2.250000e-01 1.239424e-01 5.048792e-01
2.400000e-01 1.239424e-01 4.818733e-01
2.550000e-01 1.239424e-01 4.634743e-01
2.700000e-01 1.239424e-01 4.486407e-01
2.850000e-01 1.239424e-01 4.366176e-01
3.000000e-01 1.239424e-01 4.268466e-01
-3.000000e-01 1.376067e-01 3.998145e-01
-2.850000e-01 1.376067e-01 4.086759e-01
-2.700000e-01 1.376067e-01 4.195672e-01
-2.550000e-01 1.376067e-01 4.329856e-01
-2.400000e-01 1.376067e-01 4.496009e-01
-2.250000e-01 1.376067e-01 4.703335e-01
-2.100000e-01 1.376067e-01 4.964672e-01
-1.950000e-01 1.376067e-01 5.298094e-01
-1.800000e-01 1.376067e-01 5.729179e-01
-1.650000e-01 1.376067e-01 6.294167e-01
-1.500000e-01 1.376067e-01 7.043695e-01
-1.350000e-01 1.376067e-01 8.044716e-01
-1.200000e-01 1.376067e-01 9.369834e-01
-1.050000e-01 1.376067e-01 1.103406e+00
-9.000000e-02 1.376067e-01 1.276297e+00
-7.500000e-02 1.376067e-01 1.350126e+00
-6.000000e-02 1.376067e-01 1.174680e+00
-4.500000e-02 1.376067e-01 8.312724e-01
-3.000000e-02 1.376067e-01 5.618349e-01
-1.500000e-02 1.376067e-01 4.254178e-01
5.551115e-17 1.376067e-01 3.859451e-01
1.500000e-02 1.376067e-01 4.254178e-01
3.000000e-02 1.376067e-01 5.618349e-01
4.500000e-02 1.376067e-01 8.312724e-01
6.000000e-02 1.376067e-01 1.174680e+00
7.500000e-02 1.376067e-01 1.350126e+00
9.000000e-02 1.376067e-01 1.276297e+00
1.050000e-01 1.376067e-01 1.103406e+00
1.200000e-01 1.376067e-01 9.369834e-01
1.350000e-01 1.376067e-01 8.044716e-01
1.500000e-01 1.376067e-01 7.043695e-01
1.650000e-01 1.376067e-01 6.294167e-01
1.800000e-01 1.376067e-01 5.729179e-01
1.950000e-01 1.376067e-01 5.298094e-01
2.100000e-01 1.376067e-01 4.964672e-01
2.250000e-01 1.376067e-01 4.703335e-01
2.400000e-01 1.376067e-01 4.496009e-01
2.550000e-01 1.376067e-01 4.329856e-01
2.700000e-01 1.376067e-01 4.195672e-01
2.850000e-01 1.376067e-01 4.086759e-01
3.000000e-01 1.376067e-01 3.998145e-01
-3.000000e-01 1.512709e-01 3.752496e-01
-2.850000e-01 1.512709e-01 3.833099e-01
-2.700000e-01 1.512709e-01 3.932058e-01
-2.550000e-01 1.512709e-01 4.053818e-01
-2.400000e-01 1.512709e-01 4.204346e-01
-2.250000e-01 1.512709e-01 4.391808e-01
-2.100000e-01 1.512709e-01 4.627542e-01
-1.950000e-01 1.512709e-01 4.927412e-01
-1.800000e-01 1.512709e-01 5.313697e-01
-1.650000e-01 1.512709e-01 5.817641e-01
-1.500000e-01 1.512709e-01 6.482293e-01
-1.350000e-01 1.512709e-01 7.363330e-01
-1.200000e-01 1.512709e-01 8.518250e-01
-1.050000e-01 1.512709e-01 9.949464e-01
-9.000000e-02 1.512709e-01 1.140467e+00
-7.500000e-02 1.512709e-01 1.196926e+00
-6.000000e-02 1.512709e-01 1.038178e+00
-4.500000e-02 1.512709e-01 7.372766e-01
-3.000000e-02 1.512709e-01 5.017560e-01
-1.500000e-02 1.512709e-01 3.821433e-01
5.551115e-17 1.512709e-01 3.474457e-01
1.500000e-02 1.512709e-01 3.821433e-01
3.000000e-02 1.512709e-01 5.017560e-01
4.500000e-02 1.512709e-01 7.372766e-01
6.000000e-02 1.512709e-01 1.038178e+00
7.500000e-02 1.512709e-01 1.196926e+00
9.000000e-02 1.512709e-01 1.140467e+00
1.050000e-01 1.512709e-01 9.949464e-01
1.200000e-01 1.512709e-01 8.518250e-01
1.350000e-01 1.512709e-01 7.363330e-01
1.500000e-01 1.512709e-01 6.482293e-01
1.650000e-01 1.512709e-01 5.817641e-01
1.800000e-01 1.512709e-01 5.313697e-01
1.950000e-01 1.512709e-01 4.927412e-01
2.100000e-01 1.512709e-01 4.627542e-01
2.250000e-01 1.512709e-01 4.391808e-01
2.400000e-01 1.512709e-01 4.204346e-01
2.550000e-01 1.512709e-01 4.053818e-01
2.700000e-01 1.512709e-01 3.932058e-01
2.850000e-01 1.512709e-01 3.833099e-01
3.000000e-01 1.512709e-01 3.752496e-01
-3.000000e-01 1.649352e-01 3.528630e-01
-2.850000e-01 1.649352e-01 3.602152e-01
-2.700000e-01 1.649352e-01 3.692324e-01
-2.550000e-01 1.649352e-01 3.803135e-01
-2.400000e-01 1.649352e-01 3.939919e-01
-2.250000e-01 1.649352e-01 4.109952e-01
-2.100000e-01 1.649352e-01 4.323288e-01
-1.950000e-01 1.649352e-01 4.593913e-01
-1.800000e-01 1.649352e-01 4.941326e-01
-1.650000e-01 1.649352e-01 5.392600e-01
-1.500000e-01 1.649352e-01 5.984532e-01
-1.350000e-01 1.649352e-01 6.763676e-01
-1.200000e-01 1.649352e-01 7.775670e-01
-1.050000e-01 1.649352e-01 9.013985e-01
-9.000000e-02 1.649352e-01 1.024698e+00
-7.500000e-02 1.649352e-01 1.067691e+00
-6.000000e-02 1.649352e-01 9.235473e-01
-4.500000e-02 1.649352e-01 6.581061e-01
-3.000000e-02 1.649352e-01 4.508227e-01
-1.500000e-02 1.649352e-01 3.452617e-01
5.551115e-17 1.649352e-01 3.145708e-01
1.500000e-02 1.649352e-01 3.452617e-01
3.000000e-02 1.649352e-01 4.508227e-01
4.500000e-02 1.649352e-01 6.581061e-01
6.000000e-02 1.649352e-01 9.235473e-01
7.500000e-02 1.649352e-01 1.067691e+00
9.000000e-02 1.649352e-01 1.024698e+00
1.050000e-01 1.649352e-01 9.013985e-01
1.200000e-01 1.649352e-01 7.775670e-01
1.350000e-01 1.649352e-01 6.763676e-01
1.500000e-01 1.649352e-01 5.984532e-01
1.650000e-01 1.649352e-01 5.392600e-01
1.800000e-01 1.649352e-01 4.941326e-01
1.950000e-01 1.649352e-01 4.593913e-01
2.100000e-01 1.649352e-01 4.323288e-01
2.250000e-01 1.649352e-01 4.109952e-01
2.400000e-01 1.649352e-01 3.939919e-01
2.550000e-01 1.649352e-01 3.803135e-01
2.700000e-01 1.649352e-01 3.692324e-01
2.850000e-01 1.649352e-01 3.602152e-01
3.000000e-01 1.649352e-01 3.528630e-01
-3.000000e-01 1.785995e-01 3.324066e-01
-2.850000e-01 1.785995e-01 3.391305e-01
-2.700000e-01 1.785995e-01 3.473693e-01
-2.550000e-01 1.785995e-01 3.574818e-01
-2.400000e-01 1.785995e-01 3.699468e-01
-2.250000e-01 1.785995e-01 3.854149e-01
-2.100000e-01 1.785995e-01 4.047811e-01
-1.950000e-01 1.785995e-01 4.292837e-01
-1.800000e-01 1.785995e-01 4.606366e-01
-1.650000e-01 1.785995e-01 5.011973e-01
-1.500000e-01 1.785995e-01 5.541272e-01
-1.350000e-01 1.785995e-01 6.233386e-01
-1.200000e-01 1.785995e-01 7.124585e-01
-1.050000e-01 1.785995e-01 8.202070e-01
-9.000000e-02 1.785995e-01 9.253271e-01
-7.500000e-02 1.785995e-01 9.578245e-01
-6.000000e-02 1.785995e-01 8.265083e-01
-4.500000e-02 1.785995e-01 5.909017e-01
-3.000000e-02 1.785995e-01 4.073273e-01
-1.500000e-02 1.785995e-01 3.136127e-01
5.551115e-17 1.785995e-01 2.863105e-01
1.500000e-02 1.785995e-01 3.136127e-01
3.000000e-02 1.785995e-01 4.073273e-01
4.500000e-02 1.785995e-01 5.909017e-01
6.000000e-02 1.785995e-01 8.265083e-01
7.500000e-02 1.785995e-01 9.578245e-01
9.000000e-02 1.785995e-01 9.253271e-01
1.050000e-01 1.785995e-01 8.202070e-01
1.200000e-01 1.785995e-01 7.124585e-01
1.350000e-01 1.785995e-01 6.233386e-01
1.500000e-01 1.785995e-01 5.541272e-01
1.650000e-01 1.785995e-01 5.011973e-01
1.800000e-01 1.785995e-01 4.606366e-01
1.950000e-01 1.785995e-01 4.292837e-01
2.100000e-01 1.785995e-01 4.047811e-01
2.250000e-01 1.785995e-01 3.854149e-01
2.400000e-01 1.785995e-01 3.699468e-01
2.550000e-01 1.785995e-01 3.574818e-01
2.700000e-01 1.785995e-01 3.473693e-01
2.850000e-01 1.785995e-01 3.391305e-01
3.000000e-01 1.785995e-01 3.324066e-01
-3.000000e-01 1.922638e-01 3.136663e-01
-2.850000e-01 1.922638e-01 3.198311e-01
-2.700000e-01 1.922638e-01 3.273778e-01
-2.550000e-01 1.922638e-01 3.366306e-01
-2.400000e-01 1.922638e-01 3.480205e-01
-2.250000e-01 1.922638e-01 3.621311e-01
-2.100000e-01 1.922638e-01 3.797625e-01
-1.950000e-01 1.922638e-01 4.020151e-01
-1.800000e-01 1.922638e-01 4.304019e-01
-1.650000e-01 1.922638e-01 4.669850e-01
-1.500000e-01 1.922638e-01 5.144935e-01
-1.350000e-01 1.922638e-01 5.762309e-01
-1.200000e-01 1.922638e-01 6.550803e-01
-1.050000e-01 1.922638e-01 7.493297e-01
-9.000000e-02 1.922638e-01 8.394688e-01
-7.500000e-02 1.922638e-01 8.637465e-01
-6.000000e-02 1.922638e-01 7.437441e-01
-4.500000e-02 1.922638e-01 5.334394e-01
-3.000000e-02 1.922638e-01 3.699315e-01
-1.500000e-02 1.922638e-01 2.862809e-01
5.551115e-17 1.922638e-01 2.618663e-01
1.500000e-02 1.922638e-01 2.862809e-01
3.000000e-02 1.922638e-01 3.699315e-01
4.500000e-02 1.922638e-01 5.334394e-01
6.000000e-02 1.922638e-01 7.437441e-01
7.500000e-02 1.922638e-01 8.637465e-01
9.000000e-02 1.922638e-01 8.394688e-01
1.050000e-01 1.922638e-01 7.493297e-01
1.200000e-01 1.922638e-01 6.550803e-01
1.350000e-01 1.922638e-01 5.762309e-01
1.500000e-01 1.922638e-01 5.144935e-01
1.650000e-01 1.922638e-01 4.669850e-01
1.800000e-01 1.922638e-01 4.304019e-01
1.950000e-01 1.922638e-01 4.020151e-01
2.100000e-01 1.922638e-01 3.797625e-01
2.250000e-01 1.922638e-01 3.621311e-01
2.400000e-01 1.922638e-01 3.480205e-01
2.550000e-01 1.922638e-01 3.366306e-01
2.700000e-01 1.922638e-01 3.273778e-01
2.850000e-01 1.922638e-01 3.198311e-01
3.000000e-01 1.922638e-01 3.136663e-01
-3.000000e-01 2.059281e-01 2.964566e-01
-2.850000e-01 2.059281e-01 3.021222e-01
-2.700000e-01 2.059281e-01 3.090518e-01
-2.550000e-01 2.059281e-01 3.175388e-01
-2.400000e-01 2.059281e-01 3.279728e-01
-2.250000e-01 2.059281e-01 3.408792e-01
-2.100000e-01 2.059281e-01 3.569752e-01
-1.950000e-01 2.059281e-01 3.772427e-01
-1.800000e-01 2.059281e-01 4.030225e-01
-1.650000e-01 2.059281e-01 4.361261e-01
-1.500000e-01 2.059281e-01 4.789199e-01
-1.350000e-01 2.059281e-01 5.342060e-01
-1.200000e-01 2.059281e-01 6.042736e-01
-1.050000e-01 2.059281e-01 6.871215e-01
-9.000000e-02 2.059281e-01 7.648311e-01
-7.500000e-02 2.059281e-01 7.826441e-01
-6.000000e-02 2.059281e-01 6.726605e-01
-4.500000e-02 2.059281e-01 4.839742e-01
-3.000000e-02 2.059281e-01 3.375775e-01
-1.500000e-02 2.059281e-01 2.625386e-01
5.551115e-17 2.059281e-01 2.406017e-01
1.500000e-02 2.059281e-01 2.625386e-01
3.000000e-02 2.059281e-01 3.375775e-01
4.500000e-02 2.059281e-01 4.839742e-01
6.000000e-02 2.059281e-01 6.726605e-01
7.500000e-02 2.059281e-01 7.826441e-01
9.000000e-02 2.059281e-01 7.648311e-01
1.050000e-01 2.059281e-01 6.871215e-01
1.200000e-01 2.059281e-01 6.042736e-01
1.350000e-01 2.059281e-01 5.342060e-01
1.500000e-01 2.059281e-01 4.789199e-01
1.650000e-01 2.059281e-01 4.361261e-01
1.800000e-01 2.059281e-01 4.030225e-01
1.950000e-01 2.059281e-01 3.772427e-01
2.100000e-01 2.059281e-01 3.569752e-01
2.250000e-01 2.059281e-01 3.408792e-01
2.400000e-01 2.059281e-01 3.279728e-01
2.550000e-01 2.059281e-01 3.175388e-01
2.700000e-01 2.059281e-01 3.090518e-01
2.850000e-01 2.059281e-01 3.021222e-01
3.000000e-01 2.059281e-01 2.964566e-01
-3.000000e-01 2.195923e-01 2.806165e-01
-2.850000e-01 2.195923e-01 2.858350e-01
-2.700000e-01 2.195923e-01 2.922124e-01
-2.550000e-01 2.195923e-01 3.000154e-01
-2.400000e-01 2.195923e-01 3.095968e-01
-2.250000e-01 2.195923e-01 3.214312e-01
-2.100000e-01 2.195923e-01 3.361637e-01
-1.950000e-01 2.195923e-01 3.546734e-01
-1.800000e-01 2.195923e-01 3.781531e-01
-1.650000e-01 2.195923e-01 4.082004e-01
-1.500000e-01 2.195923e-01 4.468763e-01
-1.350000e-01 2.195923e-01 4.965670e-01
-1.200000e-01 2.195923e-01 5.590856e-01
-1.050000e-01 2.195923e-01 6.322469e-01
-9.000000e-02 2.195923e-01 6.995779e-01
-7.500000e-02 2.195923e-01 7.122891e-01
-6.000000e-02 2.195923e-01 6.112117e-01
-4.500000e-02 2.195923e-01 4.411257e-01
-3.000000e-02 2.195923e-01 3.094225e-01
-1.500000e-02 2.195923e-01 2.418020e-01
5.551115e-17 2.195923e-01 2.220050e-01
1.500000e-02 2.195923e-01 2.418020e-01
3.000000e-02 2.195923e-01 3.094225e-01
4.500000e-02 2.195923e-01 4.411257e-01
6.000000e-02 2.195923e-01 6.112117e-01
7.500000e-02 2.195923e-01 7.122891e-01
9.000000e-02 2.195923e-01 6.995779e-01
1.050000e-01 2.195923e-01 6.322469e-01
1.200000e-01 2.195923e-01 5.590856e-01
1.350000e-01 2.195923e-01 4.965670e-01
1.500000e-01 2.195923e-01 4.468763e-01
1.650000e-01 2.195923e-01 4.082004e-01
1.800000e-01 2.195923e-01 3.781531e-01
1.950000e-01 2.195923e-01 3.546734e-01
2.100000e-01 2.195923e-01 3.361637e-01
2.250000e-01 2.195923e-01 3.214312e-01
2.400000e-01 2.195923e-01 3.095968e-01
2.550000e-01 2.195923e-01 3.000154e-01
2.700000e-01 2.195923e-01 2.922124e-01
2.850000e-01 2.195923e-01 2.858350e-01
3.000000e-01 2.195923e-01 2.806165e-01
-3.000000e-01 2.332566e-01 2.660053e-01
-2.850000e-01 2.332566e-01 2.708222e-01
-2.700000e-01 2.332566e-01 2.767042e-01
-2.550000e-01 2.332566e-01 2.838943e-01
-2.400000e-01 2.332566e-01 2.927130e-01
-2.250000e-01 2.332566e-01 3.035899e-01
-2.100000e-01 2.332566e-01 3.171076e-01
-1.950000e-01 2.332566e-01 3.340555e-01
-1.800000e-01 2.332566e-01 3.554986e-01
-1.650000e-01 2.332566e-01 3.828511e-01
-1.500000e-01 2.332566e-01 4.179152e-01
-1.350000e-01 2.332566e-01 4.627307e-01
-1.200000e-01 2.332566e-01 5.187279e-01
-1.050000e-01 2.332566e-01 5.836138e-01
-9.000000e-02 2.332566e-01 6.422267e-01
-7.500000e-02 2.332566e-01 6.509012e-01
-6.000000e-02 2.332566e-01 5.577708e-01
-4.500000e-02 2.332566e-01 4.037923e-01
-3.000000e-02 2.332566e-01 2.847893e-01
-1.500000e-02 2.332566e-01 2.235996e-01
5.551115e-17 2.332566e-01 2.056621e-01
1.500000e-02 2.332566e-01 2.235996e-01
3.000000e-02 2.332566e-01 2.847893e-01
4.500000e-02 2.332566e-01 4.037923e-01
6.000000e-02 2.332566e-01 5.577708e-01
7.500000e-02 2.332566e-01 6.509012e-01
9.000000e-02 2.332566e-01 6.422267e-01
1.050000e-01 2.332566e-01 5.836138e-01
1.200000e-01 2.332566e-01 5.187279e-01
1.350000e-01 2.332566e-01 4.627307e-01
1.500000e-01 2.332566e-01 4.179152e-01
1.650000e-01 2.332566e-01 3.828511e-01
1.800000e-01 2.332566e-01 3.554986e-01
1.950000e-01 2.332566e-01 3.340555e-01
2.100000e-01 2.332566e-01 3.171076e-01
2.250000e-01 2.332566e-01 3.035899e-01
2.400000e-01 2.332566e-01 2.927130e-01
2.550000e-01 2.332566e-01 2.838943e-01
2.700000e-01 2.332566e-01 2.767042e-01
2.850000e-01 2.332566e-01 2.708222e-01
3.000000e-01 2.332566e-01 2.660053e-01
-3.000000e-01 2.469209e-01 2.524997e-01
-2.850000e-01 2.469209e-01 2.569550e-01
-2.700000e-01 2.469209e-01 2.623914e-01
-2.550000e-01 2.469209e-01 2.690307e-01
-2.400000e-01 2.469209e-01 2.771649e-01
-2.250000e-01 2.469209e-01 2.871844e-01
-2.100000e-01 2.469209e-01 2.996163e-01
-1.950000e-01 2.469209e-01 3.151721e-01
-1.800000e-01 2.469209e-01 3.348055e-01
-1.650000e-01 2.469209e-01 3.597733e-01
-1.500000e-01 2.469209e-01 3.916571e-01
-1.350000e-01 2.469209e-01 4.322072e-01
-1.200000e-01 2.469209e-01 4.825440e-01
-1.050000e-01 2.469209e-01 5.403235e-01
-9.000000e-02 2.469209e-01 5.915717e-01
-7.500000e-02 2.469209e-01 5.970473e-01
-6.000000e-02 2.469209e-01 5.110332e-01
-4.500000e-02 2.469209e-01 3.710884e-01
-3.000000e-02 2.469209e-01 2.631296e-01
-1.500000e-02 2.469209e-01 2.075474e-01
5.551115e-17 2.469209e-01 1.912349e-01
1.500000e-02 2.469209e-01 2.075474e-01
3.000000e-02 2.469209e-01 2.631296e-01
4.500000e-02 2.469209e-01 3.710884e-01
6.000000e-02 2.469209e-01 5.110332e-01
7.500000e-02 2.469209e-01 5.970473e-01
9.000000e-02 2.469209e-01 5.915717e-01
1.050000e-01 2.469209e-01 5.403235e-01
1.200000e-01 2.469209e-01 4.825440e-01
1.350000e-01 2.469209e-01 4.322072e-01
1.500000e-01 2.469209e-01 3.916571e-01
1.650000e-01 2.469209e-01 3.597733e-01
1.800000e-01 2.469209e-01 3.348055e-01
1.950000e-01 2.469209e-01 3.151721e-01
2.100000e-01 2.469209e-01 2.996163e-01
2.250000e-01 2.469209e-01 2.871844e-01
2.400000e-01 2.469209e-01 2.771649e-01
2.550000e-01 2.469209e-01 2.690307e-01
2.700000e-01 2.469209e-01 2.623914e-01
2.850000e-01 2.469209e-01 2.569550e-01
3.000000e-01 2.469209e-01 2.524997e-01
-3.000000e-01 2.605852e-01 2.399916e-01
-2.850000e-01 2.605852e-01 2.441204e-01
-2.700000e-01 2.605852e-01 2.491548e-01
-2.550000e-01 2.605852e-01 2.552979e-01
-2.400000e-01 2.605852e-01 2.628163e-01
-2.250000e-01 2.605852e-01 2.720656e-01
-2.100000e-01 2.605852e-01 2.835242e-01
-1.950000e-01 2.605852e-01 2.978352e-01
-1.800000e-01 2.605852e-01 3.158555e-01
-1.650000e-01 2.605852e-01 3.387056e-01
-1.500000e-01 2.605852e-01 3.677789e-01
-1.350000e-01 2.605852e-01 4.045817e-01
-1.200000e-01 2.605852e-01 4.499838e-01
-1.050000e-01 2.605852e-01 5.016310e-01
-9.000000e-02 2.605852e-01 5.466252e-01
-7.500000e-02 2.605852e-01 5.495642e-01
-6.000000e-02 2.605852e-01 4.699448e-01
-4.500000e-02 2.605852e-01 3.422960e-01
-3.000000e-02 2.605852e-01 2.439965e-01
-1.500000e-02 2.605852e-01 1.933307e-01
5.551115e-17 2.605852e-01 1.784459e-01
1.500000e-02 2.605852e-01 1.933307e-01
3.000000e-02 2.605852e-01 2.439965e-01
4.500000e-02 2.605852e-01 3.422960e-01
6.000000e-02 2.605852e-01 4.699448e-01
7.500000e-02 2.605852e-01 5.495642e-01
9.000000e-02 2.605852e-01 5.466252e-01
1.050000e-01 2.605852e-01 5.016310e-01
1.200000e-01 2.605852e-01 4.499838e-01
1.350000e-01 2.605852e-01 4.045817e-01
1.500000e-01 2.605852e-01 3.677789e-01
1.650000e-01 2.605852e-01 3.387056e-01
1.800000e-01 2.605852e-01 3.158555e-01
1.950000e-01 2.605852e-01 2.978352e-01
2.100000e-01 2.605852e-01 2.835242e-01
2.250000e-01 2.605852e-01 2.720656e-01
2.400000e-01 2.605852e-01 2.628163e-01
2.550000e-01 2.605852e-01 2.552979e-01
2.700000e-01 2.605852e-01 2.491548e-01
2.850000e-01 2.605852e-01 2.441204e-01
3.000000e-01 2.605852e-01 2.399916e-01
-3.000000e-01 2.742495e-01 2.283857e-01
-2.850000e-01 2.742495e-01 2.322189e-01
-2.700000e-01 2.742495e-01 2.368898e-01
-2.550000e-01 2.742495e-01 2.425846e-01
-2.400000e-01 2.742495e-01 2.495475e-01
-2.250000e-01 2.742495e-01 2.581032e-01
-2.100000e-01 2.742495e-01 2.686869e-01
-1.950000e-01 2.742495e-01 2.818815e-01
-1.800000e-01 2.742495e-01 2.984596e-01
-1.650000e-01 2.742495e-01 3.194231e-01
-1.500000e-01 2.742495e-01 3.460038e-01
-1.350000e-01 2.742495e-01 3.795021e-01
-1.200000e-01 2.742495e-01 4.205843e-01
-1.050000e-01 2.742495e-01 4.669152e-01
-9.000000e-02 2.742495e-01 5.065724e-01
-7.500000e-02 2.742495e-01 5.075015e-01
-6.000000e-02 2.742495e-01 4.336475e-01
-4.500000e-02 2.742495e-01 3.168292e-01
-3.000000e-02 2.742495e-01 2.270227e-01
-1.500000e-02 2.742495e-01 1.806897e-01
5.551115e-17 2.742495e-01 1.670655e-01
1.500000e-02 2.742495e-01 1.806897e-01
3.000000e-02 2.742495e-01 2.270227e-01
4.500000e-02 2.742495e-01 3.168292e-01
6.000000e-02 2.742495e-01 4.336475e-01
7.500000e-02 2.742495e-01 5.075015e-01
9.000000e-02 2.742495e-01 5.065724e-01
1.050000e-01 2.742495e-01 4.669152e-01
1.200000e-01 2.742495e-01 4.205843e-01
1.350000e-01 2.742495e-01 3.795021e-01
1.500000e-01 2.742495e-01 3.460038e-01
1.650000e-01 2.742495e-01 3.194231e-01
1.800000e-01 2.742495e-01 2.984596e-01
1.950000e-01 2.742495e-01 2.818815e-01
2.100000e-01 2.742495e-01 2.686869e-01
2.250000e-01 2.742495e-01 2.581032e-01
2.400000e-01 2.742495e-01 2.495475e-01
2.550000e-01 2.742495e-01 2.425846e-01
2.700000e-01 2.742495e-01 2.368898e-01
2.850000e-01 2.742495e-01 2.322189e-01
3.000000e-01 2.742495e-01 2.283857e-01
-3.000000e-01 2.879137e-01 2.175976e-01
-2.850000e-01 2.879137e-01 2.211628e-01
-2.700000e-01 2.879137e-01 2.255041e-01
-2.550000e-01 2.879137e-01 2.307930e-01
-2.400000e-01 2.879137e-01 2.372535e-01
-2.250000e-01 2.879137e-01 2.451828e-01
-2.100000e-01 2.879137e-01 2.549780e-01
-1.950000e-01 2.879137e-01 2.671688e-01
-1.800000e-01 2.879137e-01 2.824535e-01
-1.650000e-01 2.879137e-01 3.017310e-01
-1.500000e-01 2.879137e-01 3.260937e-01
-1.350000e-01 2.879137e-01 3.566675e-01
-1.200000e-01 2.879137e-01 3.939531e-01
-1.050000e-01 2.879137e-01 4.356554e-01
-9.000000e-02 2.879137e-01 4.707371e-01
-7.500000e-02 2.879137e-01 4.700772e-01
-6.000000e-02 2.879137e-01 4.014378e-01
-4.500000e-02 2.879137e-01 2.942064e-01
-3.000000e-02 2.879137e-01 2.119047e-01
-1.500000e-02 2.879137e-01 1.694087e-01
5.551115e-17 2.879137e-01 1.569029e-01
1.500000e-02 2.879137e-01 1.694087e-01
3.000000e-02 2.879137e-01 2.119047e-01
4.500000e-02 2.879137e-01 2.942064e-01
6.000000e-02 2.879137e-01 4.014378e-01
7.500000e-02 2.879137e-01 4.700772e-01
9.000000e-02 2.879137e-01 4.707371e-01
1.050000e-01 2.879137e-01 4.356554e-01
1.200000e-01 2.879137e-01 3.939531e-01
1.350000e-01 2.879137e-01 3.566675e-01
1.500000e-01 2.879137e-01 3.260937e-01
1.650000e-01 2.879137e-01 3.017310e-01
1.800000e-01 2.879137e-01 2.824535e-01
1.950000e-01 2.879137e-01 2.671688e-01
2.100000e-01 2.879137e-01 2.549780e-01
2.250000e-01 2.879137e-01 2.451828e-01
2.400000e-01 2.879137e-01 2.372535e-01
2.550000e-01 2.879137e-01 2.307930e-01
2.700000e-01 2.879137e-01 2.255041e-01
2.850000e-01 2.879137e-01 2.211628e-01
3.000000e-01 2.879137e-01 2.175976e-01
-3.000000e-01 3.015780e-01 2.075527e-01
-2.850000e-01 3.015780e-01 2.108741e-01
-2.700000e-01 3.015780e-01 2.149160e-01
-2.550000e-01 3.015780e-01 2.198365e-01
-2.400000e-01 3.015780e-01 2.258416e-01
-2.250000e-01 3.015780e-01 2.332038e-01
-2.100000e-01 3.015780e-01 2.422865e-01
-1.950000e-01 3.015780e-01 2.535722e-01
-1.800000e-01 3.015780e-01 2.676939e-01
-1.650000e-01 3.015780e-01 2.854603e-01
-1.500000e-01 3.015780e-01 3.078431e-01
-1.350000e-01 3.015780e-01 3.358200e-01
-1.200000e-01 3.015780e-01 3.697565e-01
-1.050000e-01 3.015780e-01 4.074125e-01
-9.000000e-02 3.015780e-01 4.385546e-01
-7.500000e-02 3.015780e-01 4.366434e-01
-6.000000e-02 3.015780e-01 3.727349e-01
-4.500000e-02 3.015780e-01 2.740289e-01
-3.000000e-02 3.015780e-01 1.983901e-01
-1.500000e-02 3.015780e-01 1.593073e-01
5.551115e-17 3.015780e-01 1.477980e-01
1.500000e-02 3.015780e-01 1.593073e-01
3.000000e-02 3.015780e-01 1.983901e-01
4.500000e-02 3.015780e-01 2.740289e-01
6.000000e-02 3.015780e-01 3.727349e-01
7.500000e-02 3.015780e-01 4.366434e-01
9.000000e-02 3.015780e-01 4.385546e-01
1.050000e-01 3.015780e-01 4.074125e-01
1.200000e-01 3.015780e-01 3.697565e-01
1.350000e-01 3.015780e-01 3.358200e-01
1.500000e-01 3.015780e-01 3.078431e-01
1.650000e-01 3.015780e-01 2.854603e-01
1.800000e-01 3.015780e-01 2.676939e-01
1.950000e-01 3.015780e-01 2.535722e-01
2.100000e-01 3.015780e-01 2.422865e-01
2.250000e-01 3.015780e-01 2.332038e-01
2.400000e-01 3.015780e-01 2.258416e-01
2.550000e-01 3.015780e-01 2.198365e-01
2.700000e-01 3.015780e-01 2.149160e-01
2.850000e-01 3.015780e-01 2.108741e-01
3.000000e-01 3.015780e-01 2.075527e-01
-3.000000e-01 3.152423e-01 1.981846e-01
-2.850000e-01 3.152423e-01 2.012837e-01
-2.700000e-01 3.152423e-01 2.050531e-01
-2.550000e-01 3.152423e-01 2.096385e-01
-2.400000e-01 3.152423e-01 2.152297e-01
-2.250000e-01 3.152423e-01 2.220775e-01
-2.100000e-01 3.152423e-01 2.305148e-01
-1.950000e-01 3.152423e-01 2.409824e-01
-1.800000e-01 3.152423e-01 2.540554e-01
-1.650000e-01 3.152423e-01 2.704636e-01
-1.500000e-01 3.152423e-01 2.910740e-01
-1.350000e-01 3.152423e-01 3.167374e-01
-1.200000e-01 3.152423e-01 3.477091e-01
-1.050000e-01 3.152423e-01 3.818142e-01
-9.000000e-02 3.152423e-01 4.095507e-01
-7.500000e-02 3.152423e-01 4.066603e-01
-6.000000e-02 3.152423e-01 3.470566e-01
-4.500000e-02 3.152423e-01 2.559649e-01
-3.000000e-02 3.152423e-01 1.862676e-01
-1.500000e-02 3.152423e-01 1.502341e-01
5.551115e-17 3.152423e-01 1.396166e-01
1.500000e-02 3.152423e-01 1.502341e-01
3.000000e-02 3.152423e-01 1.862676e-01
4.500000e-02 3.152423e-01 2.559649e-01
6.000000e-02 3.152423e-01 3.470566e-01
7.500000e-02 3.152423e-01 4.066603e-01
9.000000e-02 3.152423e-01 4.095507e-01
1.050000e-01 3.152423e-01 3.818142e-01
1.200000e-01 3.152423e-01 3.477091e-01
1.350000e-01 3.152423e-01 3.167374e-01
1.500000e-01 3.152423e-01 2.910740e-01
1.650000e-01 3.152423e-01 2.704636e-01
1.800000e-01 3.152423e-01 2.540554e-01
1.950000e-01 3.152423e-01 2.409824e-01
2.100000e-01 3.152423e-01 2.305148e-01
2.250000e-01 3.152423e-01 2.220775e-01
2.400000e-01 3.152423e-01 2.152297e-01
2.550000e-01 3.152423e-01 2.096385e-01
2.700000e-01 3.152423e-01 2.050531e-01
2.850000e-01 3.152423e-01 2.012837e-01
3.000000e-01 3.152423e-01 1.981846e-01
-3.000000e-01 3.289066e-01 1.894340e-01
-2.850000e-01 3.289066e-01 1.923303e-01
-2.700000e-01 3.289066e-01 1.958509e-01
-2.550000e-01 3.289066e-01 2.001308e-01
-2.400000e-01 3.289066e-01 2.053452e-01
-2.250000e-01 3.289066e-01 2.117251e-01
-2.100000e-01 3.289066e-01 2.195765e-01
-1.950000e-01 3.289066e-01 2.293028e-01
-1.800000e-01 3.289066e-01 2.414279e-01
-1.650000e-01 3.289066e-01 2.566122e-01
-1.500000e-01 3.289066e-01 2.756313e-01
-1.350000e-01 3.289066e-01 2.992273e-01
-1.200000e-01 3.289066e-01 3.275658e-01
-1.050000e-01 3.289066e-01 3.585436e-01
-9.000000e-02 3.289066e-01 3.833248e-01
-7.500000e-02 3.289066e-01 3.796753e-01
-6.000000e-02 3.289066e-01 3.239998e-01
-4.500000e-02 3.289066e-01 2.397367e-01
-3.000000e-02 3.289066e-01 1.753595e-01
-1.500000e-02 3.289066e-01 1.420612e-01
5.551115e-17 3.289066e-01 1.322448e-01
1.500000e-02 3.289066e-01 1.420612e-01
3.000000e-02 3.289066e-01 1.753595e-01
4.500000e-02 3.289066e-01 2.397367e-01
6.000000e-02 3.289066e-01 3.239998e-01
7.500000e-02 3.289066e-01 3.796753e-01
9.000000e-02 3.289066e-01 3.833248e-01
1.050000e-01 3.289066e-01 3.585436e-01
1.200000e-01 3.289066e-01 3.275658e-01
1.350000e-01 3.289066e-01 2.992273e-01
1.500000e-01 3.289066e-01 2.756313e-01
1.650000e-01 3.289066e-01 2.566122e-01
1.800000e-01 3.289066e-01 2.414279e-01
1.950000e-01 3.289066e-01 2.293028e-01
2.100000e-01 3.289066e-01 2.195765e-01
2.250000e-01 3.289066e-01 2.117251e-01
2.400000e-01 3.289066e-01 2.053452e-01
2.550000e-01 3.289066e-01 2.001308e-01
2.700000e-01 3.289066e-01 1.958509e-01
2.850000e-01 3.289066e-01 1.923303e-01
3.000000e-01 3.289066e-01 1.894340e-01
-3.000000e-01 3.425709e-01 1.812480e-01
-2.850000e-01 3.425709e-01 1.839587e-01
-2.700000e-01 3.425709e-01 1.872520e-01
-2.550000e-01 3.425709e-01 1.912528e-01
-2.400000e-01 3.425709e-01 1.961234e-01
-2.250000e-01 3.425709e-01 2.020770e-01
-2.100000e-01 3.425709e-01 2.093952e-01
-1.950000e-01 3.425709e-01 2.184482e-01
-1.800000e-01 3.425709e-01 2.297146e-01
-1.650000e-01 3.425709e-01 2.437931e-01
-1.500000e-01 3.425709e-01 2.613795e-01
-1.350000e-01 3.425709e-01 2.831228e-01
-1.200000e-01 3.425709e-01 3.091152e-01
-1.050000e-01 3.425709e-01 3.373293e-01
-9.000000e-02 3.425709e-01 3.595370e-01
-7.500000e-02 3.425709e-01 3.553069e-01
-6.000000e-02 3.425709e-01 3.032257e-01
-4.500000e-02 3.425709e-01 2.251102e-01
-3.000000e-02 3.425709e-01 1.655155e-01
-1.500000e-02 3.425709e-01 1.346799e-01
5.551115e-17 3.425709e-01 1.255858e-01
1.500000e-02 3.425709e-01 1.346799e-01
3.000000e-02 3.425709e-01 1.655155e-01
4.500000e-02 3.425709e-01 2.251102e-01
6.000000e-02 3.425709e-01 3.032257e-01
7.500000e-02 3.425709e-01 3.553069e-01
9.000000e-02 3.425709e-01 3.595370e-01
1.050000e-01 3.425709e-01 3.373293e-01
1.200000e-01 3.425709e-01 3.091152e-01
1.350000e-01 3.425709e-01 2.831228e-01
1.500000e-01 3.425709e-01 2.613795e-01
1.650000e-01 3.425709e-01 2.437931e-01
1.800000e-01 3.425709e-01 2.297146e-01
1.950000e-01 3.425709e-01 2.184482e-01
2.100000e-01 3.425709e-01 2.093952e-01
2.250000e-01 3.425709e-01 2.020770e-01
2.400000e-01 3.425709e-01 1.961234e-01
2.550000e-01 3.425709e-01 1.912528e-01
2.700000e-01 3.425709e-01 1.872520e-01
2.850000e-01 3.425709e-01 1.839587e-01
3.000000e-01 3.425709e-01 1.812480e-01
-3.000000e-01 3.562351e-01 1.735794e-01
-2.850000e-01 3.562351e-01 1.761200e-01
-2.700000e-01 3.562351e-01 1.792049e-01
-2.550000e-01 3.562351e-01 1.829503e-01
-2.400000e-01 3.562351e-01 1.875066e-01
-2.250000e-01 3.562351e-01 1.930708e-01
-2.100000e-01 3.562351e-01 1.999029e-01
-1.950000e-01 3.562351e-01 2.083432e-01
-1.800000e-01 3.562351e-01 2.188296e-01
-1.650000e-01 3.562351e-01 2.319066e-01
-1.500000e-01 3.562351e-01 2.482001e-01
-1.350000e-01 3.562351e-01 2.682784e-01
-1.200000e-01 3.562351e-01 2.921744e-01
-1.050000e-01 3.562351e-01 3.179382e-01
-9.000000e-02 3.562351e-01 3.378974e-01
-7.500000e-02 3.562351e-01 3.332321e-01
-6.000000e-02 3.562351e-01 2.844483e-01
-4.500000e-02 3.562351e-01 2.118874e-01
-3.000000e-02 3.562351e-01 1.566076e-01
-1.500000e-02 3.562351e-01 1.279977e-01
5.551115e-17 3.562351e-01 1.195572e-01
1.500000e-02 3.562351e-01 1.279977e-01
3.000000e-02 3.562351e-01 1.566076e-01
4.500000e-02 3.562351e-01 2.118874e-01
6.000000e-02 3.562351e-01 2.844483e-01
7.500000e-02 3.562351e-01 3.332321e-01
9.000000e-02 3.562351e-01 3.378974e-01
1.050000e-01 3.562351e-01 3.179382e-01
1.200000e-01 3.562351e-01 2.921744e-01
1.350000e-01 3.562351e-01 2.682784e-01
1.500000e-01 3.562351e-01 2.482001e-01
1.650000e-01 3.562351e-01 2.319066e-01
1.800000e-01 3.562351e-01 2.188296e-01
1.950000e-01 3.562351e-01 2.083432e-01
2.100000e-01 3.562351e-01 1.999029e-01
2.250000e-01 3.562351e-01 1.930708e-01
2.400000e-01 3.562351e-01 1.875066e-01
2.550000e-01 3.562351e-01 1.829503e-01
2.700000e-01 3.562351e-01 1.792049e-01
2.850000e-01 3.562351e-01 1.761200e-01
3.000000e-01 3.562351e-01 1.735794e-01
-3.000000e-01 3.698994e-01 1.663856e-01
-2.850000e-01 3.698994e-01 1.687699e-01
-2.700000e-01 3.698994e-01 1.716637e-01
-2.550000e-01 3.698994e-01 1.751749e-01
-2.400000e-01 3.698994e-01 1.794432e-01
-2.250000e-01 3.698994e-01 1.846511e-01
-2.100000e-01 3.698994e-01 1.910391e-01
-1.950000e-01 3.698994e-01 1.989205e-01
-1.800000e-01 3.698994e-01 2.086971e-01
-1.650000e-01 3.698994e-01 2.208651e-01
-1.500000e-01 3.698994e-01 2.359887e-01
-1.350000e-01 3.698994e-01 2.545668e-01
-1.200000e-01 3.698994e-01 2.765841e-01
-1.050000e-01 3.698994e-01 3.001690e-01
-9.000000e-02 3.698994e-01 3.181576e-01
-7.500000e-02 3.698994e-01 3.131755e-01
-6.000000e-02 3.698994e-01 2.674245e-01
-4.500000e-02 3.698994e-01 1.998997e-01
-3.000000e-02 3.698994e-01 1.485269e-01
-1.500000e-02 3.698994e-01 1.219350e-01
5.551115e-17 3.698994e-01 1.140880e-01
1.500000e-02 3.698994e-01 1.219350e-01
3.000000e-02 3.698994e-01 1.485269e-01
4.500000e-02 3.698994e-01 1.998997e-01
6.000000e-02 3.698994e-01 2.674245e-01
7.500000e-02 3.698994e-01 3.131755e-01
9.000000e-02 3.698994e-01 3.181576e-01
1.050000e-01 3.698994e-01 3.001690e-01
1.200000e-01 3.698994e-01 2.765841e-01
1.350000e-01 3.698994e-01 2.545668e-01
1.500000e-01 3.698994e-01 2.359887e-01
1.650000e-01 3.698994e-01 2.208651e-01
1.800000e-01 3.698994e-01 2.086971e-01
1.950000e-01 3.698994e-01 1.989205e-01
2.100000e-01 3.698994e-01 1.910391e-01
2.250000e-01 3.698994e-01 1.846511e-01
2.400000e-01 3.698994e-01 1.794432e-01
2.550000e-01 3.698994e-01 1.751749e-01
2.700000e-01 3.698994e-01 1.716637e-01
2.850000e-01 3.698994e-01 1.687699e-01
3.000000e-01 3.698994e-01 1.663856e-01
-3.000000e-01 3.835637e-01 1.596283e-01
-2.850000e-01 3.835637e-01 1.618689e-01
-2.700000e-01 3.835637e-01 1.645869e-01
-2.550000e-01 3.835637e-01 1.678830e-01
-2.400000e-01 3.835637e-01 1.718870e-01
-2.250000e-01 3.835637e-01 1.767684e-01
-2.100000e-01 3.835637e-01 1.827497e-01
-1.950000e-01 3.835637e-01 1.901204e-01
-1.800000e-01 3.835637e-01 1.992496e-01
-1.650000e-01 3.835637e-01 2.105906e-01
-1.500000e-01 3.835637e-01 2.246533e-01
-1.350000e-01 3.835637e-01 2.418764e-01
-1.200000e-01 3.835637e-01 2.622056e-01
-1.050000e-01 3.835637e-01 2.838471e-01
-9.000000e-02 3.835637e-01 3.001038e-01
-7.500000e-02 3.835637e-01 2.949018e-01
-6.000000e-02 3.835637e-01 2.519468e-01
-4.500000e-02 3.835637e-01 1.890031e-01
-3.000000e-02 3.835637e-01 1.411797e-01
-1.500000e-02 3.835637e-01 1.164236e-01
5.551115e-17 3.835637e-01 1.091172e-01
1.500000e-02 3.835637e-01 1.164236e-01
3.000000e-02 3.835637e-01 1.411797e-01
4.500000e-02 3.835637e-01 1.890031e-01
6.000000e-02 3.835637e-01 2.519468e-01
7.500000e-02 3.835637e-01 2.949018e-01
9.000000e-02 3.835637e-01 3.001038e-01
1.050000e-01 3.835637e-01 2.838471e-01
1.200000e-01 3.835637e-01 2.622056e-01
1.350000e-01 3.835637e-01 2.418764e-01
1.500000e-01 3.835637e-01 2.246533e-01
1.650000e-01 3.835637e-01 2.105906e-01
1.800000e-01 3.835637e-01 1.992496e-01
1.950000e-01 3.835637e-01 1.901204e-01
2.100000e-01 3.835637e-01 1.827497e-01
2.250000e-01 3.835637e-01 1.767684e-01
2.400000e-01 3.835637e-01 1.718870e-01
2.550000e-01 3.835637e-01 1.678830e-01
2.700000e-01 3.835637e-01 1.645869e-01
2.850000e-01 3.835637e-01 1.618689e-01
3.000000e-01 3.835637e-01 1.596283e-01
-3.000000e-01 3.972280e-01 1.532730e-01
-2.850000e-01 3.972280e-01 1.553812e-01
-2.700000e-01 3.972280e-01 1.579374e-01
-2.550000e-01 3.972280e-01 1.610355e-01
-2.400000e-01 3.972280e-01 1.647965e-01
-2.250000e-01 3.972280e-01 1.693780e-01
-2.100000e-01 3.972280e-01 1.749864e-01
-1.950000e-01 3.972280e-01 1.818894e-01
-1.800000e-01 3.972280e-01 1.904269e-01
-1.650000e-01 3.972280e-01 2.010140e-01
-1.500000e-01 3.972280e-01 2.141125e-01
-1.350000e-01 3.972280e-01 2.301089e-01
-1.200000e-01 3.972280e-01 2.489173e-01
-1.050000e-01 3.972280e-01 2.688209e-01
-9.000000e-02 3.972280e-01 2.835513e-01
-7.500000e-02 3.972280e-01 2.782086e-01
-6.000000e-02 3.972280e-01 2.378377e-01
-4.500000e-02 3.972280e-01 1.790741e-01
-3.000000e-02 3.972280e-01 1.344852e-01
-1.500000e-02 3.972280e-01 1.114046e-01
5.551115e-17 3.972280e-01 1.045921e-01
1.500000e-02 3.972280e-01 1.114046e-01
3.000000e-02 3.972280e-01 1.344852e-01
4.500000e-02 3.972280e-01 1.790741e-01
6.000000e-02 3.972280e-01 2.378377e-01
7.500000e-02 3.972280e-01 2.782086e-01
9.000000e-02 3.972280e-01 2.835513e-01
1.050000e-01 3.972280e-01 2.688209e-01
1.200000e-01 3.972280e-01 2.489173e-01
1.350000e-01 3.972280e-01 2.301089e-01
1.500000e-01 3.972280e-01 2.141125e-01
1.650000e-01 3.972280e-01 2.010140e-01
1.800000e-01 3.972280e-01 1.904269e-01
1.950000e-01 3.972280e-01 1.818894e-01
2.100000e-01 3.972280e-01 1.749864e-01
2.250000e-01 3.972280e-01 1.693780e-01
2.400000e-01 3.972280e-01 1.647965e-01
2.550000e-01 3.972280e-01 1.610355e-01
2.700000e-01 3.972280e-01 1.579374e-01
2.850000e-01 3.972280e-01 1.553812e-01
3.000000e-01 3.972280e-01 1.532730e-01
-3.000000e-01 4.108923e-01 1.472887e-01
-2.850000e-01 4.108923e-01 1.492746e-01
-2.700000e-01 4.108923e-01 1.516815e-01
-2.550000e-01 4.108923e-01 1.545971e-01
-2.400000e-01 4.108923e-01 1.581344e-01
-2.250000e-01 4.108923e-01 1.624400e-01
-2.100000e-01 4.108923e-01 1.677058e-01
-1.950000e-01 4.108923e-01 1.741798e-01
-1.800000e-01 4.108923e-01 1.821756e-01
-1.650000e-01 4.108923e-01 1.920740e-01
-1.500000e-01 4.108923e-01 2.042942e-01
-1.350000e-01 4.108923e-01 2.191773e-01
-1.200000e-01 4.108923e-01 2.366125e-01
-1.050000e-01 4.108923e-01 2.549579e-01
-9.000000e-02 4.108923e-01 2.683399e-01
-7.500000e-02 4.108923e-01 2.629215e-01
-6.000000e-02 4.108923e-01 2.249440e-01
-4.500000e-02 4.108923e-01 1.700059e-01
-3.000000e-02 4.108923e-01 1.283738e-01
-1.500000e-02 4.108923e-01 1.068267e-01
5.551115e-17 4.108923e-01 1.004669e-01
1.500000e-02 4.108923e-01 1.068267e-01
3.000000e-02 4.108923e-01 1.283738e-01
4.500000e-02 4.108923e-01 1.700059e-01
6.000000e-02 4.108923e-01 2.249440e-01
7.500000e-02 4.108923e-01 2.629215e-01
9.000000e-02 4.108923e-01 2.683399e-01
1.050000e-01 4.108923e-01 2.549579e-01
1.200000e-01 4.108923e-01 2.366125e-01
1.350000e-01 4.108923e-01 2.191773e-01
1.500000e-01 4.108923e-01 2.042942e-01
1.650000e-01 4.108923e-01 1.920740e-01
1.800000e-01 4.108923e-01 1.821756e-01
1.950000e-01 4.108923e-01 1.741798e-01
2.100000e-01 4.108923e-01 1.677058e-01
2.250000e-01 4.108923e-01 1.624400e-01
2.400000e-01 4.108923e-01 1.581344e-01
2.550000e-01 4.108923e-01 1.545971e-01
2.700000e-01 4.108923e-01 1.516815e-01
2.850000e-01 4.108923e-01 1.492746e-01
3.000000e-01 4.108923e-01 1.472887e-01
-3.000000e-01 4.245566e-01 1.416470e-01
-2.850000e-01 4.245566e-01 1.435199e-01
-2.700000e-01 4.245566e-01 1.457889e-01
-2.550000e-01 4.245566e-01 1.485361e-01
-2.400000e-01 4.245566e-01 1.518669e-01
-2.250000e-01 4.245566e-01 1.559183e-01
-2.100000e-01 4.245566e-01 1.608688e-01
-1.950000e-01 4.245566e-01 1.669485e-01
-1.800000e-01 4.245566e-01 1.744474e-01
-1.650000e-01 4.245566e-01 1.837154e-01
-1.500000e-01 4.245566e-01 1.951342e-01
-1.350000e-01 4.245566e-01 2.090048e-01
-1.200000e-01 4.245566e-01 2.251970e-01
-1.050000e-01 4.245566e-01 2.421420e-01
-9.000000e-02 4.245566e-01 2.543299e-01
-7.500000e-02 4.245566e-01 2.488891e-01
-6.000000e-02 4.245566e-01 2.131335e-01
-4.500000e-02 4.245566e-01 1.617064e-01
-3.000000e-02 4.245566e-01 1.227849e-01
-1.500000e-02 4.245566e-01 1.026454e-01
5.551115e-17 4.245566e-01 9.670158e-02
1.500000e-02 4.245566e-01 1.026454e-01
3.000000e-02 4.245566e-01 1.227849e-01
4.500000e-02 4.245566e-01 1.617064e-01
6.000000e-02 4.245566e-01 2.131335e-01
7.500000e-02 4.245566e-01 2.488891e-01
9.000000e-02 4.245566e-01 2.543299e-01
1.050000e-01 4.245566e-01 2.421420e-01
1.200000e-01 4.245566e-01 2.251970e-01
1.350000e-01 4.245566e-01 2.090048e-01
1.500000e-01 4.245566e-01 1.951342e-01
1.650000e-01 4.245566e-01 1.837154e-01
1.800000e-01 4.245566e-01 1.744474e-01
1.950000e-01 4.245566e-01 1.669485e-01
2.100000e-01 4.245566e-01 1.608688e-01
2.250000e-01 4.245566e-01 1.559183e-01
2.400000e-01 4.245566e-01 1.518669e-01
2.550000e-01 4.245566e-01 1.485361e-01
2.700000e-01 4.245566e-01 1.457889e-01
2.850000e-01 4.245566e-01 1.435199e-01
3.000000e-01 4.245566e-01 1.416470e-01
-3.000000e-01 4.382208e-01 1.363223e-01
-2.850000e-01 4.382208e-01 1.380906e-01
-2.700000e-01 4.382208e-01 1.402320e-01
-2.550000e-01 4.382208e-01 1.428235e-01
-2.400000e-01 4.382208e-01 1.459637e-01
-2.250000e-01 4.382208e-01 1.497804e-01
-2.100000e-01 4.382208e-01 1.544402e-01
-1.950000e-01 4.382208e-01 1.601569e-01
-1.800000e-01 4.382208e-01 1.671992e-01
-1.650000e-01 4.382208e-01 1.758893e-01
-1.500000e-01 4.382208e-01 1.865751e-01
-1.350000e-01 4.382208e-01 1.995231e-01
-1.200000e-01 4.382208e-01 2.145879e-01
-1.050000e-01 4.382208e-01 2.302712e-01
-9.000000e-02 4.382208e-01 2.413995e-01
-7.500000e-02 4.382208e-01 2.359800e-01
-6.000000e-02 4.382208e-01 2.022914e-01
-4.500000e-02 4.382208e-01 1.540954e-01
-3.000000e-02 4.382208e-01 1.176657e-01
-1.500000e-02 4.382208e-01 9.882194e-02
5.551115e-17 4.382208e-01 9.326140e-02
1.500000e-02 4.382208e-01 9.882194e-02
3.000000e-02 4.382208e-01 1.176657e-01
4.500000e-02 4.382208e-01 1.540954e-01
6.000000e-02 4.382208e-01 2.022914e-01
7.500000e-02 4.382208e-01 2.359800e-01
9.000000e-02 4.382208e-01 2.413995e-01
1.050000e-01 4.382208e-01 2.302712e-01
1.200000e-01 4.382208e-01 2.145879e-01
1.350000e-01 4.382208e-01 1.995231e-01
1.500000e-01 4.382208e-01 1.865751e-01
1.650000e-01 4.382208e-01 1.758893e-01
1.800000e-01 4.382208e-01 1.671992e-01
1.950000e-01 4.382208e-01 1.601569e-01
2.100000e-01 4.382208e-01 1.544402e-01
2.250000e-01 4.382208e-01 1.497804e-01
2.400000e-01 4.382208e-01 1.459637e-01
2.550000e-01 4.382208e-01 1.428235e-01
2.700000e-01 4.382208e-01 1.402320e-01
2.850000e-01 4.382208e-01 1.380906e-01
3.000000e-01 4.382208e-01 1.363223e-01
-3.000000e-01 4.518851e-01 1.312915e-01
-2.850000e-01 4.518851e-01 1.329629e-01
-2.700000e-01 4.518851e-01 1.349861e-01
-2.550000e-01 4.518851e-01 1.374333e-01
-2.400000e-01 4.518851e-01 1.403970e-01
-2.250000e-01 4.518851e-01 1.439969e-01
-2.100000e-01 4.518851e-01 1.483883e-01
-1.950000e-01 4.518851e-01 1.537704e-01
-1.800000e-01 4.518851e-01 1.603923e-01
-1.650000e-01 4.518851e-01 1.685516e-01
-1.500000e-01 4.518851e-01 1.785658e-01
-1.350000e-01 4.518851e-01 1.906714e-01
-1.200000e-01 4.518851e-01 2.047113e-01
-1.050000e-01 4.518851e-01 2.192556e-01
-9.000000e-02 4.518851e-01 2.294418e-01
-7.500000e-02 4.518851e-01 2.240794e-01
-6.000000e-02 4.518851e-01 1.923177e-01
-4.500000e-02 4.518851e-01 1.471031e-01
-3.000000e-02 4.518851e-01 1.129702e-01
-1.500000e-02 4.518851e-01 9.532218e-02
5.551115e-17 4.518851e-01 9.011580e-02
1.500000e-02 4.518851e-01 9.532218e-02
3.000000e-02 4.518851e-01 1.129702e-01
4.500000e-02 4.518851e-01 1.471031e-01
6.000000e-02 4.518851e-01 1.923177e-01
7.500000e-02 4.518851e-01 2.240794e-01
9.000000e-02 4.518851e-01 2.294418e-01
1.050000e-01 4.518851e-01 2.192556e-01
1.200000e-01 4.518851e-01 2.047113e-01
1.350000e-01 4.518851e-01 1.906714e-01
1.500000e-01 4.518851e-01 1.785658e-01
1.650000e-01 4.518851e-01 1.685516e-01
1.800000e-01 4.518851e-01 1.603923e-01
1.950000e-01 4.518851e-01 1.537704e-01
2.100000e-01 4.518851e-01 1.483883e-01
2.250000e-01 4.518851e-01 1.439969e-01
2.400000e-01 4.518851e-01 1.403970e-01
2.550000e-01 4.518851e-01 1.374333e-01
2.700000e-01 4.518851e-01 1.349861e-01
2.850000e-01 4.518851e-01 1.329629e-01
3.000000e-01 4.518851e-01 1.312915e-01
-3.000000e-01 4.655494e-01 1.265334e-01
-2.850000e-01 4.655494e-01 1.281147e-01
-2.700000e-01 4.655494e-01 1.300282e-01
-2.550000e-01 4.655494e-01 1.323417e-01
-2.400000e-01 4.655494e-01 1.351420e-01
-2.250000e-01 4.655494e-01 1.385411e-01
-2.100000e-01 4.655494e-01 1.426842e-01
-1.950000e-01 4.655494e-01 1.477573e-01
-1.800000e-01 4.655494e-01 1.539917e-01
-1.650000e-01 4.655494e-01 1.616625e-01
-1.500000e-01 4.655494e-01 1.710605e-01
-1.350000e-01 4.655494e-01 1.823955e-01
-1.200000e-01 4.655494e-01 1.955019e-01
-1.050000e-01 4.655494e-01 2.090156e-01
-9.000000e-02 4.655494e-01 2.183626e-01
-7.500000e-02 4.655494e-01 2.130868e-01
-6.000000e-02 4.655494e-01 1.831251e-01
-4.500000e-02 4.655494e-01 1.406682e-01
-3.000000e-02 4.655494e-01 1.086578e-01
-1.500000e-02 4.655494e-01 9.211626e-02
5.551115e-17 4.655494e-01 8.723792e-02
1.500000e-02 4.655494e-01 9.211626e-02
3.000000e-02 4.655494e-01 1.086578e-01
4.500000e-02 4.655494e-01 1.406682e-01
6.000000e-02 4.655494e-01 1.831251e-01
7.500000e-02 4.655494e-01 2.130868e-01
9.000000e-02 4.655494e-01 2.183626e-01
1.050000e-01 4.655494e-01 2.090156e-01
1.200000e-01 4.655494e-01 1.955019e-01
1.350000e-01 4.655494e-01 1.823955e-01
1.500000e-01 4.655494e-01 1.710605e-01
1.650000e-01 4.655494e-01 1.616625e-01
1.800000e-01 4.655494e-01 1.539917e-01
1.950000e-01 4.655494e-01 1.477573e-01
2.100000e-01 4.655494e-01 1.426842e-01
2.250000e-01 4.655494e-01 1.385411e-01
2.400000e-01 4.655494e-01 1.351420e-01
2.550000e-01 4.655494e-01 1.323417e-01
2.700000e-01 4.655494e-01 1.300282e-01
2.850000e-01 4.655494e-01 1.281147e-01
3.000000e-01 4.655494e-01 1.265334e-01
-3.000000e-01 4.792137e-01 1.220286e-01
-2.850000e-01 4.792137e-01 1.235262e-01
-2.700000e-01 4.792137e-01 1.253378e-01
-2.550000e-01 4.792137e-01 1.275272e-01
-2.400000e-01 4.792137e-01 1.301757e-01
-2.250000e-01 4.792137e-01 1.333887e-01
-2.100000e-01 4.792137e-01 1.373020e-01
-1.950000e-01 4.792137e-01 1.420892e-01
-1.800000e-01 4.792137e-01 1.479659e-01
-1.650000e-01 4.792137e-01 1.551864e-01
-1.500000e-01 4.792137e-01 1.640178e-01
-1.350000e-01 4.792137e-01 1.746466e-01
-1.200000e-01 4.792137e-01 1.869012e-01
-1.050000e-01 4.792137e-01 1.994807e-01
-9.000000e-02 4.792137e-01 2.080791e-01
-7.500000e-02 4.792137e-01 2.029138e-01
-6.000000e-02 4.792137e-01 1.746369e-01
-4.500000e-02 4.792137e-01 1.347371e-01
-3.000000e-02 4.792137e-01 1.046932e-01
-1.500000e-02 4.792137e-01 8.917785e-02
5.551115e-17 4.792137e-01 8.460414e-02
1.500000e-02 4.792137e-01 8.917785e-02
3.000000e-02 4.792137e-01 1.046932e-01
4.500000e-02 4.792137e-01 1.347371e-01
6.000000e-02 4.792137e-01 1.746369e-01
7.500000e-02 4.792137e-01 2.029138e-01
9.000000e-02 4.792137e-01 2.080791e-01
1.050000e-01 4.792137e-01 1.994807e-01
1.200000e-01 4.792137e-01 1.869012e-01
1.350000e-01 4.792137e-01 1.746466e-01
1.500000e-01 4.792137e-01 1.640178e-01
1.650000e-01 4.792137e-01 1.551864e-01
1.800000e-01 4.792137e-01 1.479659e-01
1.950000e-01 4.792137e-01 1.420892e-01
2.100000e-01 4.792137e-01 1.373020e-01
2.250000e-01 4.792137e-01 1.333887e-01
2.400000e-01 4.792137e-01 1.301757e-01
2.550000e-01 4.792137e-01 1.275272e-01
2.700000e-01 4.792137e-01 1.253378e-01
2.850000e-01 4.792137e-01 1.235262e-01
3.000000e-01 4.792137e-01 1.220286e-01
-3.000000e-01 4.928780e-01 1.177596e-01
-2.850000e-01 4.928780e-01 1.191793e-01
-2.700000e-01 4.928780e-01 1.208961e-01
-2.550000e-01 4.928780e-01 1.229700e-01
-2.400000e-01 4.928780e-01 1.254776e-01
-2.250000e-01 4.928780e-01 1.285178e-01
-2.100000e-01 4.928780e-01 1.322179e-01
-1.950000e-01 4.928780e-01 1.367404e-01
-1.800000e-01 4.928780e-01 1.422861e-01
-1.650000e-01 4.928780e-01 1.490911e-01
-1.500000e-01 4.928780e-01 1.574008e-01
-1.350000e-01 4.928780e-01 1.673812e-01
-1.200000e-01 4.928780e-01 1.788571e-01
-1.050000e-01 4.928780e-01 1.905882e-01
-9.000000e-02 4.928780e-01 1.985177e-01
-7.500000e-02 4.928780e-01 1.934826e-01
-6.000000e-02 4.928780e-01 1.667858e-01
-4.500000e-02 4.928780e-01 1.292626e-01
-3.000000e-02 4.928780e-01 1.010448e-01
-1.500000e-02 4.928780e-01 8.648370e-02
5.551115e-17 4.928780e-01 8.219355e-02
1.500000e-02 4.928780e-01 8.648370e-02
3.000000e-02 4.928780e-01 1.010448e-01
4.500000e-02 4.928780e-01 1.292626e-01
6.000000e-02 4.928780e-01 1.667858e-01
7.500000e-02 4.928780e-01 1.934826e-01
9.000000e-02 4.928780e-01 1.985177e-01
1.050000e-01 4.928780e-01 1.905882e-01
1.200000e-01 4.928780e-01 1.788571e-01
1.350000e-01 4.928780e-01 1.673812e-01
1.500000e-01 4.928780e-01 1.574008e-01
1.650000e-01 4.928780e-01 1.490911e-01
1.800000e-01 4.928780e-01 1.422861e-01
1.950000e-01 4.928780e-01 1.367404e-01
2.100000e-01 4.928780e-01 1.322179e-01
2.250000e-01 4.928780e-01 1.285178e-01
2.400000e-01 4.928780e-01 1.254776e-01
2.550000e-01 4.928780e-01 1.229700e-01
2.700000e-01 4.928780e-01 1.208961e-01
2.850000e-01 4.928780e-01 1.191793e-01
3.000000e-01 4.928780e-01 1.177596e-01
-3.000000e-01 5.065422e-01 1.137102e-01
-2.850000e-01 5.065422e-01 1.150573e-01
-2.700000e-01 5.065422e-01 1.166858e-01
-2.550000e-01 5.065422e-01 1.186522e-01
-2.400000e-01 5.065422e-01 1.210287e-01
-2.250000e-01 5.065422e-01 1.239082e-01
-2.100000e-01 5.065422e-01 1.274104e-01
-1.950000e-01 5.065422e-01 1.316874e-01
-1.800000e-01 5.065422e-01 1.369266e-01
-1.650000e-01 5.065422e-01 1.433475e-01
-1.500000e-01 5.065422e-01 1.511760e-01
-1.350000e-01 5.065422e-01 1.605602e-01
-1.200000e-01 5.065422e-01 1.713229e-01
-1.050000e-01 5.065422e-01 1.822822e-01
-9.000000e-02 5.065422e-01 1.896133e-01
-7.500000e-02 5.065422e-01 1.847245e-01
-6.000000e-02 5.065422e-01 1.595122e-01
-4.500000e-02 5.065422e-01 1.242030e-01
-3.000000e-02 5.065422e-01 9.768498e-02
-1.500000e-02 5.065422e-01 8.401324e-02
5.551115e-17 5.065422e-01 7.998767e-02
1.500000e-02 5.065422e-01 8.401324e-02
3.000000e-02 5.065422e-01 9.768498e-02
4.500000e-02 5.065422e-01 1.242030e-01
6.000000e-02 5.065422e-01 1.595122e-01
7.500000e-02 5.065422e-01 1.847245e-01
9.000000e-02 5.065422e-01 1.896133e-01
1.050000e-01 5.065422e-01 1.822822e-01
1.200000e-01 5.065422e-01 1.713229e-01
1.350000e-01 5.065422e-01 1.605602e-01
1.500000e-01 5.065422e-01 1.511760e-01
1.650000e-01 5.065422e-01 1.433475e-01
1.800000e-01 5.065422e-01 1.369266e-01
1.950000e-01 5.065422e-01 1.316874e-01
2.100000e-01 5.065422e-01 1.274104e-01
2.250000e-01 5.065422e-01 1.239082e-01
2.400000e-01 5.065422e-01 1.210287e-01
2.550000e-01 5.065422e-01 1.186522e-01
2.700000e-01 5.065422e-01 1.166858e-01
2.850000e-01 5.065422e-01 1.150573e-01
3.000000e-01 5.065422e-01 1.137102e-01
-3.000000e-01 5.202065e-01 1.098656e-01
-2.850000e-01 5.202065e-01 1.111450e-01
-2.700000e-01 5.202065e-01 1.126911e-01
-2.550000e-01 5.202065e-01 1.145573e-01
-2.400000e-01 5.202065e-01 1.168117e-01
-2.250000e-01 5.202065e-01 1.195417e-01
-2.100000e-01 5.202065e-01 1.228599e-01
-1.950000e-01 5.202065e-01 1.269088e-01
-1.800000e-01 5.202065e-01 1.318637e-01
-1.650000e-01 5.202065e-01 1.379290e-01
-1.500000e-01 5.202065e-01 1.453131e-01
-1.350000e-01 5.202065e-01 1.541481e-01
-1.200000e-01 5.202065e-01 1.642568e-01
-1.050000e-01 5.202065e-01 1.745126e-01
-9.000000e-02 5.202065e-01 1.813079e-01
-7.500000e-02 5.202065e-01 1.765783e-01
-6.000000e-02 5.202065e-01 1.527636e-01
-4.500000e-02 5.202065e-01 1.195214e-01
-3.000000e-02 5.202065e-01 9.458919e-02
-1.500000e-02 5.202065e-01 8.174823e-02
5.551115e-17 5.202065e-01 7.797008e-02
1.500000e-02 5.202065e-01 8.174823e-02
3.000000e-02 5.202065e-01 9.458919e-02
4.500000e-02 5.202065e-01 1.195214e-01
6.000000e-02 5.202065e-01 1.527636e-01
7.500000e-02 5.202065e-01 1.765783e-01
9.000000e-02 5.202065e-01 1.813079e-01
1.050000e-01 5.202065e-01 1.745126e-01
1.200000e-01 5.202065e-01 1.642568e-01
1.350000e-01 5.202065e-01 1.541481e-01
1.500000e-01 5.202065e-01 1.453131e-01
1.650000e-01 5.202065e-01 1.379290e-01
1.800000e-01 5.202065e-01 1.318637e-01
1.950000e-01 5.202065e-01 1.269088e-01
2.100000e-01 5.202065e-01 1.228599e-01
2.250000e-01 5.202065e-01 1.195417e-01
2.400000e-01 5.202065e-01 1.168117e-01
2.550000e-01 5.202065e-01 1.145573e-01
2.700000e-01 5.202065e-01 1.126911e-01
2.850000e-01 5.202065e-01 1.111450e-01
3.000000e-01 5.202065e-01 1.098656e-01
-3.000000e-01 5.338708e-01 1.062124e-01
-2.850000e-01 5.338708e-01 1.074285e-01
-2.700000e-01 5.338708e-01 1.088977e-01
-2.550000e-01 5.338708e-01 1.106704e-01
-2.400000e-01 5.338708e-01 1.128109e-01
-2.250000e-01 5.338708e-01 1.154016e-01
-2.100000e-01 5.338708e-01 1.185484e-01
-1.950000e-01 5.338708e-01 1.223851e-01
-1.800000e-01 5.338708e-01 1.270762e-01
-1.650000e-01 5.338708e-01 1.328118e-01
-1.500000e-01 5.338708e-01 1.397847e-01
-1.350000e-01 5.338708e-01 1.481133e-01
-1.200000e-01 5.338708e-01 1.576210e-01
-1.050000e-01 5.338708e-01 1.672348e-01
-9.000000e-02 5.338708e-01 1.735497e-01
-7.500000e-02 5.338708e-01 1.689900e-01
-6.000000e-02 5.338708e-01 1.464933e-01
-4.500000e-02 5.338708e-01 1.151850e-01
-3.000000e-02 5.338708e-01 9.173560e-02
-1.500000e-02 5.338708e-01 7.967245e-02
5.551115e-17 5.338708e-01 7.612621e-02
1.500000e-02 5.338708e-01 7.967245e-02
3.000000e-02 5.338708e-01 9.173560e-02
4.500000e-02 5.338708e-01 1.151850e-01
6.000000e-02 5.338708e-01 1.464933e-01
7.500000e-02 5.338708e-01 1.689900e-01
9.000000e-02 5.338708e-01 1.735497e-01
1.050000e-01 5.338708e-01 1.672348e-01
1.200000e-01 5.338708e-01 1.576210e-01
1.350000e-01 5.338708e-01 1.481133e-01
1.500000e-01 5.338708e-01 1.397847e-01
1.650000e-01 5.338708e-01 1.328118e-01
1.800000e-01 5.338708e-01 1.270762e-01
1.950000e-01 5.338708e-01 1.223851e-01
2.100000e-01 5.338708e-01 1.185484e-01
2.250000e-01 5.338708e-01 1.154016e-01
2.400000e-01 5.338708e-01 1.128109e-01
2.550000e-01 5.338708e-01 1.106704e-01
2.700000e-01 5.338708e-01 1.088977e-01
2.850000e-01 5.338708e-01 1.074285e-01
3.000000e-01 5.338708e-01 1.062124e-01
-3.000000e-01 5.475351e-01 1.027379e-01
-2.850000e-01 5.475351e-01 1.038949e-01
-2.700000e-01 5.475351e-01 1.052922e-01
-2.550000e-01 5.475351e-01 1.069775e-01
-2.400000e-01 5.475351e-01 1.090117e-01
-2.250000e-01 5.475351e-01 1.114724e-01
-2.100000e-01 5.475351e-01 1.144595e-01
-1.950000e-01 5.475351e-01 1.180988e-01
-1.800000e-01 5.475351e-01 1.225443e-01
-1.650000e-01 5.475351e-01 1.279739e-01
-1.500000e-01 5.475351e-01 1.345659e-01
-1.350000e-01 5.475351e-01 1.424267e-01
-1.200000e-01 5.475351e-01 1.513815e-01
-1.050000e-01 5.475351e-01 1.604085e-01
-9.000000e-02 5.475351e-01 1.662926e-01
-7.500000e-02 5.475351e-01 1.619111e-01
-6.000000e-02 5.475351e-01 1.406597e-01
-4.500000e-02 5.475351e-01 1.111647e-01
-3.000000e-02 5.475351e-01 8.910479e-02
-1.500000e-02 5.475351e-01 7.777146e-02
5.551115e-17 5.475351e-01 7.444309e-02
1.500000e-02 5.475351e-01 7.777146e-02
3.000000e-02 5.475351e-01 8.910479e-02
4.500000e-02 5.475351e-01 1.111647e-01
6.000000e-02 5.475351e-01 1.406597e-01
7.500000e-02 5.475351e-01 1.619111e-01
9.000000e-02 5.475351e-01 1.662926e-01
1.050000e-01 5.475351e-01 1.604085e-01
1.200000e-01 5.475351e-01 1.513815e-01
1.350000e-01 5.475351e-01 1.424267e-01
1.500000e-01 5.475351e-01 1.345659e-01
1.650000e-01 5.475351e-01 1.279739e-01
1.800000e-01 5.475351e-01 1.225443e-01
1.950000e-01 5.475351e-01 1.180988e-01
2.100000e-01 5.475351e-01 1.144595e-01
2.250000e-01 5.475351e-01 1.114724e-01
2.400000e-01 5.475351e-01 1.090117e-01
2.550000e-01 5.475351e-01 1.069775e-01
2.700000e-01 5.475351e-01 1.052922e-01
2.850000e-01 5.475351e-01 1.038949e-01
3.000000e-01 5.475351e-01 1.027379e-01
-3.000000e-01 5.611994e-01 9.943090e-02
-2.850000e-01 5.611994e-01 1.005325e-01
-2.700000e-01 5.611994e-01 1.018625e-01
-2.550000e-01 5.611994e-01 1.034661e-01
-2.400000e-01 5.611994e-01 1.054009e-01
-2.250000e-01 5.611994e-01 1.077402e-01
-2.100000e-01 5.611994e-01 1.105781e-01
-1.950000e-01 5.611994e-01 1.140333e-01
-1.800000e-01 5.611994e-01 1.182504e-01
-1.650000e-01 5.611994e-01 1.233955e-01
-1.500000e-01 5.611994e-01 1.296343e-01
-1.350000e-01 5.611994e-01 1.370624e-01
-1.200000e-01 5.611994e-01 1.455076e-01
-1.050000e-01 5.611994e-01 1.539976e-01
-9.000000e-02 5.611994e-01 1.594950e-01
-7.500000e-02 5.611994e-01 1.552985e-01
-6.000000e-02 5.611994e-01 1.352259e-01
-4.500000e-02 5.611994e-01 1.074345e-01
-3.000000e-02 5.611994e-01 8.667942e-02
-1.500000e-02 5.611994e-01 7.603240e-02
5.551115e-17 5.611994e-01 7.290914e-02
1.500000e-02 5.611994e-01 7.603240e-02
3.000000e-02 5.611994e-01 8.667942e-02
4.500000e-02 5.611994e-01 1.074345e-01
6.000000e-02 5.611994e-01 1.352259e-01
7.500000e-02 5.611994e-01 1.552985e-01
9.000000e-02 5.611994e-01 1.594950e-01
1.050000e-01 5.611994e-01 1.539976e-01
1.200000e-01 5.611994e-01 1.455076e-01
1.350000e-01 5.611994e-01 1.370624e-01
1.500000e-01 5.611994e-01 1.296343e-01
1.650000e-01 5.611994e-01 1.233955e-01
1.800000e-01 5.611994e-01 1.182504e-01
1.950000e-01 5.611994e-01 1.140333e-01
2.100000e-01 5.611994e-01 1.105781e-01
2.250000e-01 5.611994e-01 1.077402e-01
2.400000e-01 5.611994e-01 1.054009e-01
2.550000e-01 5.611994e-01 1.034661e-01
2.700000e-01 5.611994e-01 1.018625e-01
2.850000e-01 5.611994e-01 1.005325e-01
3.000000e-01 5.611994e-01 9.943090e-02
-3.000000e-01 5.748636e-01 9.628070e-02
-2.850000e-01 5.748636e-01 9.733037e-02
-2.700000e-01 5.748636e-01 9.859733e-02
-2.550000e-01 5.748636e-01 1.001245e-01
-2.400000e-01 5.748636e-01 1.019662e-01
-2.250000e-01 5.748636e-01 1.041919e-01
-2.100000e-01 5.748636e-01 1.068906e-01
-1.950000e-01 5.748636e-01 1.101740e-01
-1.800000e-01 5.748636e-01 1.141781e-01
-1.650000e-01 5.748636e-01 1.190584e-01
-1.500000e-01 5.748636e-01 1.249692e-01
-1.350000e-01 5.748636e-01 1.319964e-01
-1.200000e-01 5.748636e-01 1.399716e-01
-1.050000e-01 5.748636e-01 1.479694e-01
-9.000000e-02 5.748636e-01 1.531197e-01
-7.500000e-02 5.748636e-01 1.491137e-01
-6.000000e-02 5.748636e-01 1.301586e-01
-4.500000e-02 5.748636e-01 1.039712e-01
-3.000000e-02 5.748636e-01 8.444402e-02
-1.500000e-02 5.748636e-01 7.444377e-02
5.551115e-17 5.748636e-01 7.151405e-02
1.500000e-02 5.748636e-01 7.444377e-02
3.000000e-02 5.748636e-01 8.444402e-02
4.500000e-02 5.748636e-01 1.039712e-01
6.000000e-02 5.748636e-01 1.301586e-01
7.500000e-02 5.748636e-01 1.491137e-01
9.000000e-02 5.748636e-01 1.531197e-01
1.050000e-01 5.748636e-01 1.479694e-01
1.200000e-01 5.748636e-01 1.399716e-01
1.350000e-01 5.748636e-01 1.319964e-01
1.500000e-01 5.748636e-01 1.249692e-01
1.650000e-01 5.748636e-01 1.190584e-01
1.800000e-01 5.748636e-01 1.141781e-01
1.950000e-01 5.748636e-01 1.101740e-01
2.100000e-01 5.748636e-01 1.068906e-01
2.250000e-01 5.748636e-01 1.041919e-01
2.400000e-01 5.748636e-01 1.019662e-01
2.550000e-01 5.748636e-01 1.001245e-01
2.700000e-01 5.748636e-01 9.859733e-02
2.850000e-01 5.748636e-01 9.733037e-02
3.000000e-01 5.748636e-01 9.628070e-02
-3.000000e-01 5.885279e-01 9.327759e-02
-2.850000e-01 5.885279e-01 9.427856e-02
-2.700000e-01 5.885279e-01 9.548641e-02
-2.550000e-01 5.885279e-01 9.694185e-02
-2.400000e-01 5.885279e-01 9.869641e-02
-2.250000e-01 5.885279e-01 1.008159e-01
-2.100000e-01 5.885279e-01 1.033843e-01
-1.950000e-01 5.885279e-01 1.065071e-01
-1.800000e-01 5.885279e-01 1.103124e-01
-1.650000e-01 5.885279e-01 1.149461e-01
-1.500000e-01 5.885279e-01 1.205518e-01
-1.350000e-01 5.885279e-01 1.272074e-01
-1.200000e-01 5.885279e-01 1.347483e-01
-1.050000e-01 5.885279e-01 1.422945e-01
-9.000000e-02 5.885279e-01 1.471332e-01
-7.500000e-02 5.885279e-01 1.433218e-01
-6.000000e-02 5.885279e-01 1.254284e-01
-4.500000e-02 5.885279e-01 1.007540e-01
-3.000000e-02 5.885279e-01 8.238476e-02
-1.500000e-02 5.885279e-01 7.299531e-02
5.551115e-17 5.885279e-01 7.024860e-02
1.500000e-02 5.885279e-01 7.299531e-02
3.000000e-02 5.885279e-01 8.238476e-02
4.500000e-02 5.885279e-01 1.007540e-01
6.000000e-02 5.885279e-01 1.254284e-01
7.500000e-02 5.885279e-01 1.433218e-01
9.000000e-02 5.885279e-01 1.471332e-01
1.050000e-01 5.885279e-01 1.422945e-01
1.200000e-01 5.885279e-01 1.347483e-01
1.350000e-01 5.885279e-01 1.272074e-01
1.500000e-01 5.885279e-01 1.205518e-01
1.650000e-01 5.885279e-01 1.149461e-01
1.800000e-01 5.885279e-01 1.103124e-01
1.950000e-01 5.885279e-01 1.065071e-01
2.100000e-01 5.885279e-01 1.033843e-01
2.250000e-01 5.885279e-01 1.008159e-01
2.400000e-01 5.885279e-01 9.869641e-02
2.550000e-01 5.885279e-01 9.694185e-02
2.700000e-01 5.885279e-01 9.548641e-02
2.850000e-01 5.885279e-01 9.427856e-02
3.000000e-01 5.885279e-01 9.327759e-02
-3.000000e-01 6.021922e-01 9.041257e-02
-2.850000e-01 6.021922e-01 9.136780e-02
-2.700000e-01 6.021922e-01 9.252018e-02
-2.550000e-01 6.021922e-01 9.390834e-02
-2.400000e-01 6.021922e-01 9.558118e-02
-2.250000e-01 6.021922e-01 9.760105e-02
-2.100000e-01 6.021922e-01 1.000475e-01
-1.950000e-01 6.021922e-01 1.030201e-01
-1.800000e-01 6.021922e-01 1.066397e-01
-1.650000e-01 6.021922e-01 1.110433e-01
-1.500000e-01 6.021922e-01 1.163650e-01
-1.350000e-01 6.021922e-01 1.226755e-01
-1.200000e-01 6.021922e-01 1.298148e-01
-1.050000e-01 6.021922e-01 1.369461e-01
-9.000000e-02 6.021922e-01 1.415051e-01
-7.500000e-02 6.021922e-01 1.378918e-01
-6.000000e-02 6.021922e-01 1.210085e-01
-4.500000e-02 6.021922e-01 9.776430e-02
-3.000000e-02 6.021922e-01 8.048923e-02
-1.500000e-02 6.021922e-01 7.167783e-02
5.551115e-17 6.021922e-01 6.910454e-02
1.500000e-02 6.021922e-01 7.167783e-02
3.000000e-02 6.021922e-01 8.048923e-02
4.500000e-02 6.021922e-01 9.776430e-02
6.000000e-02 6.021922e-01 1.210085e-01
7.500000e-02 6.021922e-01 1.378918e-01
9.000000e-02 6.021922e-01 1.415051e-01
1.050000e-01 6.021922e-01 1.369461e-01
1.200000e-01 6.021922e-01 1.298148e-01
1.350000e-01 6.021922e-01 1.226755e-01
1.500000e-01 6.021922e-01 1.163650e-01
1.650000e-01 6.021922e-01 1.110433e-01
1.800000e-01 6.021922e-01 1.066397e-01
1.950000e-01 6.021922e-01 1.030201e-01
2.100000e-01 6.021922e-01 1.000475e-01
2.250000e-01 6.021922e-01 9.760105e-02
2.400000e-01 6.021922e-01 9.558118e-02
2.550000e-01 6.021922e-01 9.390834e-02
2.700000e-01 6.021922e-01 9.252018e-02
2.850000e-01 6.021922e-01 9.136780e-02
3.000000e-01 6.021922e-01 9.041257e-02
-3.000000e-01 6.158565e-01 8.767732e-02
-2.850000e-01 6.158565e-01 8.858957e-02
-2.700000e-01 6.158565e-01 8.968982e-02
-2.550000e-01 6.158565e-01 9.101480e-02
-2.400000e-01 6.158565e-01 9.261093e-02
-2.250000e-01 6.158565e-01 9.453736e-02
-2.100000e-01 6.158565e-01 9.686946e-02
-1.950000e-01 6.158565e-01 9.970149e-02
-1.800000e-01 6.158565e-01 1.031474e-01
-1.650000e-01 6.158565e-01 1.073362e-01
-1.500000e-01 6.158565e-01 1.123932e-01
-1.350000e-01 6.158565e-01 1.183828e-01
-1.200000e-01 6.158565e-01 1.251501e-01
-1.050000e-01 6.158565e-01 1.319001e-01
-9.000000e-02 6.158565e-01 1.362082e-01
-7.500000e-02 6.158565e-01 1.327954e-01
-6.000000e-02 6.158565e-01 1.168751e-01
-4.500000e-02 6.158565e-01 9.498536e-02
-3.000000e-02 6.158565e-01 7.874631e-02
-1.500000e-02 6.158565e-01 7.048312e-02
5.551115e-17 6.158565e-01 6.807452e-02
1.500000e-02 6.158565e-01 7.048312e-02
3.000000e-02 6.158565e-01 7.874631e-02
4.500000e-02 6.158565e-01 9.498536e-02
6.000000e-02 6.158565e-01 1.168751e-01
7.500000e-02 6.158565e-01 1.327954e-01
9.000000e-02 6.158565e-01 1.362082e-01
1.050000e-01 6.158565e-01 1.319001e-01
1.200000e-01 6.158565e-01 1.251501e-01
1.350000e-01 6.158565e-01 1.183828e-01
1.500000e-01 6.158565e-01 1.123932e-01
1.650000e-01 6.158565e-01 1.073362e-01
1.800000e-01 6.158565e-01 1.031474e-01
1.950000e-01 6.158565e-01 9.970149e-02
2.100000e-01 6.158565e-01 9.686946e-02
2.250000e-01 6.158565e-01 9.453736e-02
2.400000e-01 6.158565e-01 9.261093e-02
2.550000e-01 6.158565e-01 9.101480e-02
2.700000e-01 6.158565e-01 8.968982e-02
2.850000e-01 6.158565e-01 8.858957e-02
3.000000e-01 6.158565e-01 8.767732e-02
-3.000000e-01 6.295208e-01 8.506415e-02
-2.850000e-01 6.295208e-01 8.593596e-02
-2.700000e-01 6.295208e-01 8.698717e-02
-2.550000e-01 6.295208e-01 8.825276e-02
-2.400000e-01 6.295208e-01 8.977681e-02
-2.250000e-01 6.295208e-01 9.161553e-02
-2.100000e-01 6.295208e-01 9.384036e-02
-1.950000e-01 6.295208e-01 9.654057e-02
-1.800000e-01 6.295208e-01 9.982384e-02
-1.650000e-01 6.295208e-01 1.038118e-01
-1.500000e-01 6.295208e-01 1.086218e-01
-1.350000e-01 6.295208e-01 1.143129e-01
-1.200000e-01 6.295208e-01 1.207354e-01
-1.050000e-01 6.295208e-01 1.271344e-01
-9.000000e-02 6.295208e-01 1.312176e-01
-7.500000e-02 6.295208e-01 1.280074e-01
-6.000000e-02 6.295208e-01 1.130066e-01
-4.500000e-02 6.295208e-01 9.240210e-02
-3.000000e-02 6.295208e-01 7.714600e-02
-1.500000e-02 6.295208e-01 6.940381e-02
5.551115e-17 6.295208e-01 6.715196e-02
1.500000e-02 6.295208e-01 6.940381e-02
3.000000e-02 6.295208e-01 7.714600e-02
4.500000e-02 6.295208e-01 9.240210e-02
6.000000e-02 6.295208e-01 1.130066e-01
7.500000e-02 6.295208e-01 1.280074e-01
9.000000e-02 6.295208e-01 1.312176e-01
1.050000e-01 6.295208e-01 1.271344e-01
1.200000e-01 6.295208e-01 1.207354e-01
1.350000e-01 6.295208e-01 1.143129e-01
1.500000e-01 6.295208e-01 1.086218e-01
1.650000e-01 6.295208e-01 1.038118e-01
1.800000e-01 6.295208e-01 9.982384e-02
1.950000e-01 6.295208e-01 9.654057e-02
2.100000e-01 6.295208e-01 9.384036e-02
2.250000e-01 6.295208e-01 9.161553e-02
2.400000e-01 6.295208e-01 8.977681e-02
2.550000e-01 6.295208e-01 8.825276e-02
2.700000e-01 6.295208e-01 8.698717e-02
2.850000e-01 6.295208e-01 8.593596e-02
3.000000e-01 6.295208e-01 8.506415e-02
-3.000000e-01 6.431850e-01 8.256591e-02
-2.850000e-01 6.431850e-01 8.339963e-02
-2.700000e-01 6.431850e-01 8.440470e-02
-2.550000e-01 6.431850e-01 8.561439e-02
-2.400000e-01 6.431850e-01 8.707067e-02
-2.250000e-01 6.431850e-01 8.882694e-02
-2.100000e-01 6.431850e-01 9.095103e-02
-1.950000e-01 6.431850e-01 9.352758e-02
-1.800000e-01 6.431850e-01 9.665847e-02
-1.650000e-01 6.431850e-01 1.004585e-01
-1.500000e-01 6.431850e-01 1.050378e-01
-1.350000e-01 6.431850e-01 1.104507e-01
-1.200000e-01 6.431850e-01 1.165534e-01
-1.050000e-01 6.431850e-01 1.226290e-01
-9.000000e-02 6.431850e-01 1.265110e-01
-7.500000e-02 6.431850e-01 1.235048e-01
-6.000000e-02 6.431850e-01 1.093836e-01
-4.500000e-02 6.431850e-01 9.000095e-02
-3.000000e-02 6.431850e-01 7.567934e-02
-1.500000e-02 6.431850e-01 6.843334e-02
5.551115e-17 6.431850e-01 6.633097e-02
1.500000e-02 6.431850e-01 6.843334e-02
3.000000e-02 6.431850e-01 7.567934e-02
4.500000e-02 6.431850e-01 9.000095e-02
6.000000e-02 6.431850e-01 1.093836e-01
7.500000e-02 6.431850e-01 1.235048e-01
9.000000e-02 6.431850e-01 1.265110e-01
1.050000e-01 6.431850e-01 1.226290e-01
1.200000e-01 6.431850e-01 1.165534e-01
1.350000e-01 6.431850e-01 1.104507e-01
1.500000e-01 6.431850e-01 1.050378e-01
1.650000e-01 6.431850e-01 1.004585e-01
1.800000e-01 6.431850e-01 9.665847e-02
1.950000e-01 6.431850e-01 9.352758e-02
2.100000e-01 6.431850e-01 9.095103e-02
2.250000e-01 6.431850e-01 8.882694e-02
2.400000e-01 6.431850e-01 8.707067e-02
2.550000e-01 6.431850e-01 8.561439e-02
2.700000e-01 6.431850e-01 8.440470e-02
2.850000e-01 6.431850e-01 8.339963e-02
3.000000e-01 6.431850e-01 8.256591e-02
-3.000000e-01 6.568493e-01 8.017596e-02
-2.850000e-01 6.568493e-01 8.097379e-02
-2.700000e-01 6.568493e-01 8.193538e-02
-2.550000e-01 6.568493e-01 8.309244e-02
-2.400000e-01 6.568493e-01 8.448493e-02
-2.250000e-01 6.568493e-01 8.616363e-02
-2.100000e-01 6.568493e-01 8.819304e-02
-1.950000e-01 6.568493e-01 9.065345e-02
-1.800000e-01 6.568493e-01 9.364139e-02
-1.650000e-01 6.568493e-01 9.726534e-02
-1.500000e-01 6.568493e-01 1.016290e-01
-1.350000e-01 6.568493e-01 1.067826e-01
-1.200000e-01 6.568493e-01 1.125880e-01
-1.050000e-01 6.568493e-01 1.183657e-01
-9.000000e-02 6.568493e-01 1.220678e-01
-7.500000e-02 6.568493e-01 1.192667e-01
-6.000000e-02 6.568493e-01 1.059883e-01
-4.500000e-02 6.568493e-01 8.776970e-02
-3.000000e-02 6.568493e-01 7.433828e-02
-1.500000e-02 6.568493e-01 6.756581e-02
5.551115e-17 6.568493e-01 6.560632e-02
1.500000e-02 6.568493e-01 6.756581e-02
3.000000e-02 6.568493e-01 7.433828e-02
4.500000e-02 6.568493e-01 8.776970e-02
6.000000e-02 6.568493e-01 1.059883e-01
7.500000e-02 6.568493e-01 1.192667e-01
9.000000e-02 6.568493e-01 1.220678e-01
1.050000e-01 6.568493e-01 1.183657e-01
1.200000e-01 6.568493e-01 1.125880e-01
1.350000e-01 6.568493e-01 1.067826e-01
1.500000e-01 6.568493e-01 1.016290e-01
1.650000e-01 6.568493e-01 9.726534e-02
1.800000e-01 6.568493e-01 9.364139e-02
1.950000e-01 6.568493e-01 9.065345e-02
2.100000e-01 6.568493e-01 8.819304e-02
2.250000e-01 6.568493e-01 8.616363e-02
2.400000e-01 6.568493e-01 8.448493e-02
2.550000e-01 6.568493e-01 8.309244e-02
2.700000e-01 6.568493e-01 8.193538e-02
2.850000e-01 6.568493e-01 8.097379e-02
3.000000e-01 6.568493e-01 8.017596e-02
-3.000000e-01 6.705136e-01 7.788816e-02
-2.850000e-01 6.705136e-01 7.865213e-02
-2.700000e-01 6.705136e-01 7.957272e-02
-2.550000e-01 6.705136e-01 8.068018e-02
-2.400000e-01 6.705136e-01 8.201256e-02
-2.250000e-01 6.705136e-01 8.361825e-02
-2.100000e-01 6.705136e-01 8.555856e-02
-1.950000e-01 6.705136e-01 8.790981e-02
-1.800000e-01 6.705136e-01 9.076354e-02
-1.650000e-01 6.705136e-01 9.422242e-02
-1.500000e-01 6.705136e-01 9.838431e-02
-1.350000e-01 6.705136e-01 1.032957e-01
-1.200000e-01 6.705136e-01 1.088249e-01
-1.050000e-01 6.705136e-01 1.143277e-01
-9.000000e-02 6.705136e-01 1.178695e-01
-7.500000e-02 6.705136e-01 1.152744e-01
-6.000000e-02 6.705136e-01 1.028050e-01
-4.500000e-02 6.705136e-01 8.569728e-02
-3.000000e-02 6.705136e-01 7.311557e-02
-1.500000e-02 6.705136e-01 6.679596e-02
5.551115e-17 6.705136e-01 6.497333e-02
1.500000e-02 6.705136e-01 6.679596e-02
3.000000e-02 6.705136e-01 7.311557e-02
4.500000e-02 6.705136e-01 8.569728e-02
6.000000e-02 6.705136e-01 1.028050e-01
7.500000e-02 6.705136e-01 1.152744e-01
9.000000e-02 6.705136e-01 1.178695e-01
1.050000e-01 6.705136e-01 1.143277e-01
1.200000e-01 6.705136e-01 1.088249e-01
1.350000e-01 6.705136e-01 1.032957e-01
1.500000e-01 6.705136e-01 9.838431e-02
1.650000e-01 6.705136e-01 9.422242e-02
1.800000e-01 6.705136e-01 9.076354e-02
1.950000e-01 6.705136e-01 8.790981e-02
2.100000e-01 6.705136e-01 8.555856e-02
2.250000e-01 6.705136e-01 8.361825e-02
2.400000e-01 6.705136e-01 8.201256e-02
2.550000e-01 6.705136e-01 8.068018e-02
2.700000e-01 6.705136e-01 7.957272e-02
2.850000e-01 6.705136e-01 7.865213e-02
3.000000e-01 6.705136e-01 7.788816e-02
-3.000000e-01 6.841779e-01 7.569678e-02
-2.850000e-01 6.841779e-01 7.642879e-02
-2.700000e-01 6.841779e-01 7.731069e-02
-2.550000e-01 6.841779e-01 7.837134e-02
-2.400000e-01 6.841779e-01 7.964706e-02
-2.250000e-01 6.841779e-01 8.118393e-02
-2.100000e-01 6.841779e-01 8.304036e-02
-1.950000e-01 6.841779e-01 8.528890e-02
-1.800000e-01 6.841779e-01 8.801651e-02
-1.650000e-01 6.841779e-01 9.132049e-02
-1.500000e-01 6.841779e-01 9.529334e-02
-1.350000e-01 6.841779e-01 9.997855e-02
-1.200000e-01 6.841779e-01 1.052507e-01
-1.050000e-01 6.841779e-01 1.104999e-01
-9.000000e-02 6.841779e-01 1.138992e-01
-7.500000e-02 6.841779e-01 1.115106e-01
-6.000000e-02 6.841779e-01 9.981917e-02
-4.500000e-02 6.841779e-01 8.377372e-02
-3.000000e-02 6.841779e-01 7.200470e-02
-1.500000e-02 6.841779e-01 6.611910e-02
5.551115e-17 6.841779e-01 6.442786e-02
1.500000e-02 6.841779e-01 6.611910e-02
3.000000e-02 6.841779e-01 7.200470e-02
4.500000e-02 6.841779e-01 8.377372e-02
6.000000e-02 6.841779e-01 9.981917e-02
7.500000e-02 6.841779e-01 1.115106e-01
9.000000e-02 6.841779e-01 1.138992e-01
1.050000e-01 6.841779e-01 1.104999e-01
1.200000e-01 6.841779e-01 1.052507e-01
1.350000e-01 6.841779e-01 9.997855e-02
1.500000e-01 6.841779e-01 9.529334e-02
1.650000e-01 6.841779e-01 9.132049e-02
1.800000e-01 6.841779e-01 8.801651e-02
1.950000e-01 6.841779e-01 8.528890e-02
2.100000e-01 6.841779e-01 8.304036e-02
2.250000e-01 6.841779e-01 8.118393e-02
2.400000e-01 6.841779e-01 7.964706e-02
2.550000e-01 6.841779e-01 7.837134e-02
2.700000e-01 6.841779e-01 7.731069e-02
2.850000e-01 6.841779e-01 7.642879e-02
3.000000e-01 6.841779e-01 7.569678e-02
-3.000000e-01 6.978422e-01 7.359648e-02
-2.850000e-01 6.978422e-01 7.429829e-02
-2.700000e-01 6.978422e-01 7.514365e-02
-2.550000e-01 6.978422e-01 7.616012e-02
-2.400000e-01 6.978422e-01 7.738236e-02
-2.250000e-01 6.978422e-01 7.885434e-02
-2.100000e-01 6.978422e-01 8.063171e-02
-1.950000e-01 6.978422e-01 8.278355e-02
-1.800000e-01 6.978422e-01 8.539253e-02
-1.650000e-01 6.978422e-01 8.855102e-02
-1.500000e-01 6.978422e-01 9.234663e-02
-1.350000e-01 6.978422e-01 9.682035e-02
-1.200000e-01 6.978422e-01 1.018531e-01
-1.050000e-01 6.978422e-01 1.068683e-01
-9.000000e-02 6.978422e-01 1.101412e-01
-7.500000e-02 6.978422e-01 1.079597e-01
-6.000000e-02 6.978422e-01 9.701772e-02
-4.500000e-02 6.978422e-01 8.199000e-02
-3.000000e-02 6.978422e-01 7.099984e-02
-1.500000e-02 6.978422e-01 6.553107e-02
5.551115e-17 6.978422e-01 6.396622e-02
1.500000e-02 6.978422e-01 6.553107e-02
3.000000e-02 6.978422e-01 7.099984e-02
4.500000e-02 6.978422e-01 8.199000e-02
6.000000e-02 6.978422e-01 9.701772e-02
7.500000e-02 6.978422e-01 1.079597e-01
9.000000e-02 6.978422e-01 1.101412e-01
1.050000e-01 6.978422e-01 1.068683e-01
1.200000e-01 6.978422e-01 1.018531e-01
1.350000e-01 6.978422e-01 9.682035e-02
1.500000e-01 6.978422e-01 9.234663e-02
1.650000e-01 6.978422e-01 8.855102e-02
1.800000e-01 6.978422e-01 8.539253e-02
1.950000e-01 6.978422e-01 8.278355e-02
2.100000e-01 6.978422e-01 8.063171e-02
2.250000e-01 6.978422e-01 7.885434e-02
2.400000e-01 6.978422e-01 7.738236e-02
2.550000e-01 6.978422e-01 7.616012e-02
2.700000e-01 6.978422e-01 7.514365e-02
2.850000e-01 6.978422e-01 7.429829e-02
3.000000e-01 6.978422e-01 7.359648e-02
-3.000000e-01 7.115064e-01 7.158230e-02
-2.850000e-01 7.115064e-01 7.225556e-02
-2.700000e-01 7.115064e-01 7.306637e-02
-2.550000e-01 7.115064e-01 7.404110e-02
-2.400000e-01 7.115064e-01 7.521284e-02
-2.250000e-01 7.115064e-01 7.662357e-02
-2.100000e-01 7.115064e-01 7.832637e-02
-1.950000e-01 7.115064e-01 8.038708e-02
-1.800000e-01 7.115064e-01 8.288438e-02
-1.650000e-01 7.115064e-01 8.590611e-02
-1.500000e-01 7.115064e-01 8.953543e-02
-1.350000e-01 7.115064e-01 9.381122e-02
-1.200000e-01 7.115064e-01 9.862092e-02
-1.050000e-01 7.115064e-01 1.034201e-01
-9.000000e-02 7.115064e-01 1.065816e-01
-7.500000e-02 7.115064e-01 1.046075e-01
-6.000000e-02 7.115064e-01 9.438875e-02
-4.500000e-02 7.115064e-01 8.033797e-02
-3.000000e-02 7.115064e-01 7.009575e-02
-1.500000e-02 7.115064e-01 6.502816e-02
5.551115e-17 7.115064e-01 6.358517e-02
1.500000e-02 7.115064e-01 6.502816e-02
3.000000e-02 7.115064e-01 7.009575e-02
4.500000e-02 7.115064e-01 8.033797e-02
6.000000e-02 7.115064e-01 9.438875e-02
7.500000e-02 7.115064e-01 1.046075e-01
9.000000e-02 7.115064e-01 1.065816e-01
1.050000e-01 7.115064e-01 1.034201e-01
1.200000e-01 7.115064e-01 9.862092e-02
1.350000e-01 7.115064e-01 9.381122e-02
1.500000e-01 7.115064e-01 8.953543e-02
1.650000e-01 7.115064e-01 8.590611e-02
1.800000e-01 7.115064e-01 8.288438e-02
1.950000e-01 7.115064e-01 8.038708e-02
2.100000e-01 7.115064e-01 7.832637e-02
2.250000e-01 7.115064e-01 7.662357e-02
2.400000e-01 7.115064e-01 7.521284e-02
2.550000e-01 7.115064e-01 7.404110e-02
2.700000e-01 7.115064e-01 7.306637e-02
2.850000e-01 7.115064e-01 7.225556e-02
3.000000e-01 7.115064e-01 7.158230e-02
-3.000000e-01 7.251707e-01 6.964960e-02
-2.850000e-01 7.251707e-01 7.029584e-02
-2.700000e-01 7.251707e-01 7.107398e-02
-2.550000e-01 7.251707e-01 7.200923e-02
-2.400000e-01 7.251707e-01 7.313325e-02
-2.250000e-01 7.251707e-01 7.448612e-02
-2.100000e-01 7.251707e-01 7.611854e-02
-1.950000e-01 7.251707e-01 7.809330e-02
-1.800000e-01 7.251707e-01 8.048540e-02
-1.650000e-01 7.251707e-01 8.337846e-02
-1.500000e-01 7.251707e-01 8.685163e-02
-1.350000e-01 7.251707e-01 9.094206e-02
-1.200000e-01 7.251707e-01 9.554379e-02
-1.050000e-01 7.251707e-01 1.001434e-01
-9.000000e-02 7.251707e-01 1.032073e-01
-7.500000e-02 7.251707e-01 1.014410e-01
-6.000000e-02 7.251707e-01 9.192141e-02
-4.500000e-02 7.251707e-01 7.881023e-02
-3.000000e-02 7.251707e-01 6.928775e-02
-1.500000e-02 7.251707e-01 6.460710e-02
5.551115e-17 7.251707e-01 6.328188e-02
1.500000e-02 7.251707e-01 6.460710e-02
3.000000e-02 7.251707e-01 6.928775e-02
4.500000e-02 7.251707e-01 7.881023e-02
6.000000e-02 7.251707e-01 9.192141e-02
7.500000e-02 7.251707e-01 1.014410e-01
9.000000e-02 7.251707e-01 1.032073e-01
1.050000e-01 7.251707e-01 1.001434e-01
1.200000e-01 7.251707e-01 9.554379e-02
1.350000e-01 7.251707e-01 9.094206e-02
1.500000e-01 7.251707e-01 8.685163e-02
1.650000e-01 7.251707e-01 8.337846e-02
1.800000e-01 7.251707e-01 8.048540e-02
1.950000e-01 7.251707e-01 7.809330e-02
2.100000e-01 7.251707e-01 7.611854e-02
2.250000e-01 7.251707e-01 7.448612e-02
2.400000e-01 7.251707e-01 7.313325e-02
2.550000e-01 7.251707e-01 7.200923e-02
2.700000e-01 7.251707e-01 7.107398e-02
2.850000e-01 7.251707e-01 7.029584e-02
3.000000e-01 7.251707e-01 6.964960e-02
-3.000000e-01 7.388350e-01 6.779406e-02
-2.850000e-01 7.388350e-01 6.841471e-02
-2.700000e-01 7.388350e-01 6.916192e-02
-2.550000e-01 7.388350e-01 7.005982e-02
-2.400000e-01 7.388350e-01 7.113869e-02
-2.250000e-01 7.388350e-01 7.243688e-02
-2.100000e-01 7.388350e-01 7.400281e-02
-1.950000e-01 7.388350e-01 7.589645e-02
-1.800000e-01 7.388350e-01 7.818936e-02
-1.650000e-01 7.388350e-01 8.096128e-02
-1.500000e-01 7.388350e-01 8.428770e-02
-1.350000e-01 7.388350e-01 8.820442e-02
-1.200000e-01 7.388350e-01 9.261214e-02
-1.050000e-01 7.388350e-01 9.702748e-02
-9.000000e-02 7.388350e-01 1.000065e-01
-7.500000e-02 7.388350e-01 9.844820e-02
-6.000000e-02 7.388350e-01 8.960585e-02
-4.500000e-02 7.388350e-01 7.740013e-02
-3.000000e-02 7.388350e-01 6.857165e-02
-1.500000e-02 7.388350e-01 6.426504e-02
5.551115e-17 7.388350e-01 6.305386e-02
1.500000e-02 7.388350e-01 6.426504e-02
3.000000e-02 7.388350e-01 6.857165e-02
4.500000e-02 7.388350e-01 7.740013e-02
6.000000e-02 7.388350e-01 8.960585e-02
7.500000e-02 7.388350e-01 9.844820e-02
9.000000e-02 7.388350e-01 1.000065e-01
1.050000e-01 7.388350e-01 9.702748e-02
1.200000e-01 7.388350e-01 9.261214e-02
1.350000e-01 7.388350e-01 8.820442e-02
1.500000e-01 7.388350e-01 8.428770e-02
1.650000e-01 7.388350e-01 8.096128e-02
1.800000e-01 7.388350e-01 7.818936e-02
1.950000e-01 7.388350e-01 7.589645e-02
2.100000e-01 7.388350e-01 7.400281e-02
2.250000e-01 7.388350e-01 7.243688e-02
2.400000e-01 7.388350e-01 7.113869e-02
2.550000e-01 7.388350e-01 7.005982e-02
2.700000e-01 7.388350e-01 6.916192e-02
2.850000e-01 7.388350e-01 6.841471e-02
3.000000e-01 7.388350e-01 6.779406e-02
-3.000000e-01 7.524993e-01 6.601163e-02
-2.850000e-01 7.524993e-01 6.660803e-02
-2.700000e-01 7.524993e-01 6.732594e-02
-2.550000e-01 7.524993e-01 6.818848e-02
-2.400000e-01 7.524993e-01 6.922462e-02
-2.250000e-01 7.524993e-01 7.047107e-02
-2.100000e-01 7.524993e-01 7.197414e-02
-1.950000e-01 7.524993e-01 7.379116e-02
-1.800000e-01 7.524993e-01 7.599049e-02
-1.650000e-01 7.524993e-01 7.864827e-02
-1.500000e-01 7.524993e-01 8.183670e-02
-1.350000e-01 7.524993e-01 8.559051e-02
-1.200000e-01 7.524993e-01 8.981714e-02
-1.050000e-01 7.524993e-01 9.406238e-02
-9.000000e-02 7.524993e-01 9.696813e-02
-7.500000e-02 7.524993e-01 9.561837e-02
-6.000000e-02 7.524993e-01 8.743310e-02
-4.500000e-02 7.524993e-01 7.610163e-02
-3.000000e-02 7.524993e-01 6.794374e-02
-1.500000e-02 7.524993e-01 6.399947e-02
5.551115e-17 7.524993e-01 6.289900e-02
1.500000e-02 7.524993e-01 6.399947e-02
3.000000e-02 7.524993e-01 6.794374e-02
4.500000e-02 7.524993e-01 7.610163e-02
6.000000e-02 7.524993e-01 8.743310e-02
7.500000e-02 7.524993e-01 9.561837e-02
9.000000e-02 7.524993e-01 9.696813e-02
1.050000e-01 7.524993e-01 9.406238e-02
1.200000e-01 7.524993e-01 8.981714e-02
1.350000e-01 7.524993e-01 8.559051e-02
1.500000e-01 7.524993e-01 8.183670e-02
1.650000e-01 7.524993e-01 7.864827e-02
1.800000e-01 7.524993e-01 7.599049e-02
1.950000e-01 7.524993e-01 7.379116e-02
2.100000e-01 7.524993e-01 7.197414e-02
2.250000e-01 7.524993e-01 7.047107e-02
2.400000e-01 7.524993e-01 6.922462e-02
2.550000e-01 7.524993e-01 6.818848e-02
2.700000e-01 7.524993e-01 6.732594e-02
2.850000e-01 7.524993e-01 6.660803e-02
3.000000e-01 7.524993e-01 6.601163e-02
-3.000000e-01 7.661636e-01 6.429852e-02
-2.850000e-01 7.661636e-01 6.487194e-02
-2.700000e-01 7.661636e-01 6.556208e-02
-2.550000e-01 7.661636e-01 6.639109e-02
-2.400000e-01 7.661636e-01 6.738677e-02
-2.250000e-01 7.661636e-01 6.858424e-02
-2.100000e-01 7.661636e-01 7.002786e-02
-1.950000e-01 7.661636e-01 7.177246e-02
-1.800000e-01 7.661636e-01 7.388342e-02
-1.650000e-01 7.661636e-01 7.643359e-02
-1.500000e-01 7.661636e-01 7.949215e-02
-1.350000e-01 7.661636e-01 8.309309e-02
-1.200000e-01 7.661636e-01 8.715064e-02
-1.050000e-01 7.661636e-01 9.123891e-02
-9.000000e-02 7.661636e-01 9.408230e-02
-7.500000e-02 7.661636e-01 9.294150e-02
-6.000000e-02 7.661636e-01 8.539497e-02
-4.500000e-02 7.661636e-01 7.490931e-02
-3.000000e-02 7.661636e-01 6.740073e-02
-1.500000e-02 7.661636e-01 6.380825e-02
5.551115e-17 7.661636e-01 6.281549e-02
1.500000e-02 7.661636e-01 6.380825e-02
3.000000e-02 7.661636e-01 6.740073e-02
4.500000e-02 7.661636e-01 7.490931e-02
6.000000e-02 7.661636e-01 8.539497e-02
7.500000e-02 7.661636e-01 9.294150e-02
9.000000e-02 7.661636e-01 9.408230e-02
1.050000e-01 7.661636e-01 9.123891e-02
1.200000e-01 7.661636e-01 8.715064e-02
1.350000e-01 7.661636e-01 8.309309e-02
1.500000e-01 7.661636e-01 7.949215e-02
1.650000e-01 7.661636e-01 7.643359e-02
1.800000e-01 7.661636e-01 7.388342e-02
1.950000e-01 7.661636e-01 7.177246e-02
2.100000e-01 7.661636e-01 7.002786e-02
2.250000e-01 7.661636e-01 6.858424e-02
2.400000e-01 7.661636e-01 6.738677e-02
2.550000e-01 7.661636e-01 6.639109e-02
2.700000e-01 7.661636e-01 6.556208e-02
2.850000e-01 7.661636e-01 6.487194e-02
3.000000e-01 7.661636e-01 6.429852e-02
-3.000000e-01 7.798278e-01 6.265121e-02
-2.850000e-01 7.798278e-01 6.320281e-02
-2.700000e-01 7.798278e-01 6.386660e-02
-2.550000e-01 7.798278e-01 6.466383e-02
-2.400000e-01 7.798278e-01 6.562115e-02
-2.250000e-01 7.798278e-01 6.677223e-02
-2.100000e-01 7.798278e-01 6.815956e-02
-1.950000e-01 7.798278e-01 6.983566e-02
-1.800000e-01 7.798278e-01 7.186314e-02
-1.650000e-01 7.798278e-01 7.431177e-02
-1.500000e-01 7.798278e-01 7.724805e-02
-1.350000e-01 7.798278e-01 8.070548e-02
-1.200000e-01 7.798278e-01 8.460510e-02
-1.050000e-01 7.798278e-01 8.854857e-02
-9.000000e-02 7.798278e-01 9.133975e-02
-7.500000e-02 7.798278e-01 9.040846e-02
-6.000000e-02 7.798278e-01 8.348399e-02
-4.500000e-02 7.798278e-01 7.381825e-02
-3.000000e-02 7.798278e-01 6.693972e-02
-1.500000e-02 7.798278e-01 6.368954e-02
5.551115e-17 7.798278e-01 6.280181e-02
1.500000e-02 7.798278e-01 6.368954e-02
3.000000e-02 7.798278e-01 6.693972e-02
4.500000e-02 7.798278e-01 7.381825e-02
6.000000e-02 7.798278e-01 8.348399e-02
7.500000e-02 7.798278e-01 9.040846e-02
9.000000e-02 7.798278e-01 9.133975e-02
1.050000e-01 7.798278e-01 8.854857e-02
1.200000e-01 7.798278e-01 8.460510e-02
1.350000e-01 7.798278e-01 8.070548e-02
1.500000e-01 7.798278e-01 7.724805e-02
1.650000e-01 7.798278e-01 7.431177e-02
1.800000e-01 7.798278e-01 7.186314e-02
1.950000e-01 7.798278e-01 6.983566e-02
2.100000e-01 7.798278e-01 6.815956e-02
2.250000e-01 7.798278e-01 6.677223e-02
2.400000e-01 7.798278e-01 6.562115e-02
2.550000e-01 7.798278e-01 6.466383e-02
2.700000e-01 7.798278e-01 6.386660e-02
2.850000e-01 7.798278e-01 6.320281e-02
3.000000e-01 7.798278e-01 6.265121e-02
-3.000000e-01 7.934921e-01 6.106636e-02
-2.850000e-01 7.934921e-01 6.159725e-02
-2.700000e-01 7.934921e-01 6.223603e-02
-2.550000e-01 7.934921e-01 6.300311e-02
-2.400000e-01 7.934921e-01 6.392405e-02
-2.250000e-01 7.934921e-01 6.503116e-02
-2.100000e-01 7.934921e-01 6.636517e-02
-1.950000e-01 7.934921e-01 6.797644e-02
-1.800000e-01 7.934921e-01 6.992499e-02
-1.650000e-01 7.934921e-01 7.227776e-02
-1.500000e-01 7.934921e-01 7.509883e-02
-1.350000e-01 7.934921e-01 7.842144e-02
-1.200000e-01 7.934921e-01 8.217352e-02
-1.050000e-01 7.934921e-01 8.598355e-02
-9.000000e-02 7.934921e-01 8.873197e-02
-7.500000e-02 7.934921e-01 8.801088e-02
-6.000000e-02 7.934921e-01 8.169337e-02
-4.500000e-02 7.934921e-01 7.282405e-02
-3.000000e-02 7.934921e-01 6.655817e-02
-1.500000e-02 7.934921e-01 6.364182e-02
5.551115e-17 7.934921e-01 6.285675e-02
1.500000e-02 7.934921e-01 6.364182e-02
3.000000e-02 7.934921e-01 6.655817e-02
4.500000e-02 7.934921e-01 7.282405e-02
6.000000e-02 7.934921e-01 8.169337e-02
7.500000e-02 7.934921e-01 8.801088e-02
9.000000e-02 7.934921e-01 8.873197e-02
1.050000e-01 7.934921e-01 8.598355e-02
1.200000e-01 7.934921e-01 8.217352e-02
1.350000e-01 7.934921e-01 7.842144e-02
1.500000e-01 7.934921e-01 7.509883e-02
1.650000e-01 7.934921e-01 7.227776e-02
1.800000e-01 7.934921e-01 6.992499e-02
1.950000e-01 7.934921e-01 6.797644e-02
2.100000e-01 7.934921e-01 6.636517e-02
2.250000e-01 7.934921e-01 6.503116e-02
2.400000e-01 7.934921e-01 6.392405e-02
2.550000e-01 7.934921e-01 6.300311e-02
2.700000e-01 7.934921e-01 6.223603e-02
2.850000e-01 7.934921e-01 6.159725e-02
3.000000e-01 7.934921e-01 6.106636e-02
-3.000000e-01 8.071564e-01 5.954087e-02
-2.850000e-01 8.071564e-01 6.005208e-02
-2.700000e-01 8.071564e-01 6.066710e-02
-2.550000e-01 8.071564e-01 6.140555e-02
-2.400000e-01 8.071564e-01 6.229197e-02
-2.250000e-01 8.071564e-01 6.335737e-02
-2.100000e-01 8.071564e-01 6.464084e-02
-1.950000e-01 8.071564e-01 6.619072e-02
-1.800000e-01 8.071564e-01 6.806460e-02
-1.650000e-01 8.071564e-01 7.032683e-02
-1.500000e-01 8.071564e-01 7.303928e-02
-1.350000e-01 8.071564e-01 7.623521e-02
-1.200000e-01 8.071564e-01 7.984942e-02
-1.050000e-01 8.071564e-01 8.353658e-02
-9.000000e-02 8.071564e-01 8.625112e-02
-7.500000e-02 8.071564e-01 8.574107e-02
-6.000000e-02 8.071564e-01 8.001691e-02
-4.500000e-02 8.071564e-01 7.192276e-02
-3.000000e-02 8.071564e-01 6.625389e-02
-1.500000e-02 8.071564e-01 6.366384e-02
5.551115e-17 8.071564e-01 6.297936e-02
1.500000e-02 8.071564e-01 6.366384e-02
3.000000e-02 8.071564e-01 6.625389e-02
4.500000e-02 8.071564e-01 7.192276e-02
6.000000e-02 8.071564e-01 8.001691e-02
7.500000e-02 8.071564e-01 8.574107e-02
9.000000e-02 8.071564e-01 8.625112e-02
1.050000e-01 8.071564e-01 8.353658e-02
1.200000e-01 8.071564e-01 7.984942e-02
1.350000e-01 8.071564e-01 7.623521e-02
1.500000e-01 8.071564e-01 7.303928e-02
1.650000e-01 8.071564e-01 7.032683e-02
1.800000e-01 8.071564e-01 6.806460e-02
1.950000e-01 8.071564e-01 6.619072e-02
2.100000e-01 8.071564e-01 6.464084e-02
2.250000e-01 8.071564e-01 6.335737e-02
2.400000e-01 8.071564e-01 6.229197e-02
2.550000e-01 8.071564e-01 6.140555e-02
2.700000e-01 8.071564e-01 6.066710e-02
2.850000e-01 8.071564e-01 6.005208e-02
3.000000e-01 8.071564e-01 5.954087e-02
-3.000000e-01 8.208207e-01 5.807181e-02
-2.850000e-01 8.208207e-01 5.856431e-02
-2.700000e-01 8.208207e-01 5.915676e-02
-2.550000e-01 8.208207e-01 5.986801e-02
-2.400000e-01 8.208207e-01 6.072165e-02
-2.250000e-01 8.208207e-01 6.174746e-02
-2.100000e-01 8.208207e-01 6.298301e-02
-1.950000e-01 8.208207e-01 6.447470e-02
-1.800000e-01 8.208207e-01 6.627790e-02
-1.650000e-01 8.208207e-01 6.845455e-02
-1.500000e-01 8.208207e-01 7.106456e-02
-1.350000e-01 8.208207e-01 7.414139e-02
-1.200000e-01 8.208207e-01 7.762679e-02
-1.050000e-01 8.208207e-01 8.120098e-02
-9.000000e-02 8.208207e-01 8.388998e-02
-7.500000e-02 8.208207e-01 8.359197e-02
-6.000000e-02 8.208207e-01 7.844898e-02
-4.500000e-02 8.208207e-01 7.111085e-02
-3.000000e-02 8.208207e-01 6.602501e-02
-1.500000e-02 8.208207e-01 6.375465e-02
5.551115e-17 8.208207e-01 6.316894e-02
1.500000e-02 8.208207e-01 6.375465e-02
3.000000e-02 8.208207e-01 6.602501e-02
4.500000e-02 8.208207e-01 7.111085e-02
6.000000e-02 8.208207e-01 7.844898e-02
7.500000e-02 8.208207e-01 8.359197e-02
9.000000e-02 8.208207e-01 8.388998e-02
1.050000e-01 8.208207e-01 8.120098e-02
1.200000e-01 8.208207e-01 7.762679e-02
1.350000e-01 8.208207e-01 7.414139e-02
1.500000e-01 8.208207e-01 7.106456e-02
1.650000e-01 8.208207e-01 6.845455e-02
1.800000e-01 8.208207e-01 6.627790e-02
1.950000e-01 8.208207e-01 6.447470e-02
2.100000e-01 8.208207e-01 6.298301e-02
2.250000e-01 8.208207e-01 6.174746e-02
2.400000e-01 8.208207e-01 6.072165e-02
2.550000e-01 8.208207e-01 5.986801e-02
2.700000e-01 8.208207e-01 5.915676e-02
2.850000e-01 8.208207e-01 5.856431e-02
3.000000e-01 8.208207e-01 5.807181e-02
-3.000000e-01 8.344850e-01 5.665645e-02
-2.850000e-01 8.344850e-01 5.713115e-02
-2.700000e-01 8.344850e-01 5.770214e-02
-2.550000e-01 8.344850e-01 5.838753e-02
-2.400000e-01 8.344850e-01 5.921001e-02
-2.250000e-01 8.344850e-01 6.019824e-02
-2.100000e-01 8.344850e-01 6.138830e-02
-1.950000e-01 8.344850e-01 6.282483e-02
-1.800000e-01 8.344850e-01 6.456109e-02
-1.650000e-01 8.344850e-01 6.665681e-02
-1.500000e-01 8.344850e-01 6.917016e-02
-1.350000e-01 8.344850e-01 7.213500e-02
-1.200000e-01 8.344850e-01 7.550003e-02
-1.050000e-01 8.344850e-01 7.897053e-02
-9.000000e-02 8.344850e-01 8.164187e-02
-7.500000e-02 8.344850e-01 8.155710e-02
-6.000000e-02 8.344850e-01 7.698442e-02
-4.500000e-02 8.344850e-01 7.038518e-02
-3.000000e-02 8.344850e-01 6.586999e-02
-1.500000e-02 8.344850e-01 6.391355e-02
5.551115e-17 8.344850e-01 6.342507e-02
1.500000e-02 8.344850e-01 6.391355e-02
3.000000e-02 8.344850e-01 6.586999e-02
4.500000e-02 8.344850e-01 7.038518e-02
6.000000e-02 8.344850e-01 7.698442e-02
7.500000e-02 8.344850e-01 8.155710e-02
9.000000e-02 8.344850e-01 8.164187e-02
1.050000e-01 8.344850e-01 7.897053e-02
1.200000e-01 8.344850e-01 7.550003e-02
1.350000e-01 8.344850e-01 7.213500e-02
1.500000e-01 8.344850e-01 6.917016e-02
1.650000e-01 8.344850e-01 6.665681e-02
1.800000e-01 8.344850e-01 6.456109e-02
1.950000e-01 8.344850e-01 6.282483e-02
2.100000e-01 8.344850e-01 6.138830e-02
2.250000e-01 8.344850e-01 6.019824e-02
2.400000e-01 8.344850e-01 5.921001e-02
2.550000e-01 8.344850e-01 5.838753e-02
2.700000e-01 8.344850e-01 5.770214e-02
2.850000e-01 8.344850e-01 5.713115e-02
3.000000e-01 8.344850e-01 5.665645e-02
-3.000000e-01 8.481492e-01 5.529220e-02
-2.850000e-01 8.481492e-01 5.574997e-02
-2.700000e-01 8.481492e-01 5.630053e-02
-2.550000e-01 8.481492e-01 5.696133e-02
-2.400000e-01 8.481492e-01 5.775420e-02
-2.250000e-01 8.481492e-01 5.870670e-02
-2.100000e-01 8.481492e-01 5.985358e-02
-1.950000e-01 8.481492e-01 6.123778e-02
-1.800000e-01 8.481492e-01 6.291061e-02
-1.650000e-01 8.481492e-01 6.492976e-02
-1.500000e-01 8.481492e-01 6.735186e-02
-1.350000e-01 8.481492e-01 7.021135e-02
-1.200000e-01 8.481492e-01 7.346396e-02
-1.050000e-01 8.481492e-01 7.683947e-02
-9.000000e-02 8.481492e-01 7.950062e-02
-7.500000e-02 8.481492e-01 7.963049e-02
-6.000000e-02 8.481492e-01 7.561858e-02
-4.500000e-02 8.481492e-01 6.974298e-02
-3.000000e-02 8.481492e-01 6.578753e-02
-1.500000e-02 8.481492e-01 6.414007e-02
5.551115e-17 8.481492e-01 6.374754e-02
1.500000e-02 8.481492e-01 6.414007e-02
3.000000e-02 8.481492e-01 6.578753e-02
4.500000e-02 8.481492e-01 6.974298e-02
6.000000e-02 8.481492e-01 7.561858e-02
7.500000e-02 8.481492e-01 7.963049e-02
9.000000e-02 8.481492e-01 7.950062e-02
1.050000e-01 8.481492e-01 7.683947e-02
1.200000e-01 8.481492e-01 7.346396e-02
1.350000e-01 8.481492e-01 7.021135e-02
1.500000e-01 8.481492e-01 6.735186e-02
1.650000e-01 8.481492e-01 6.492976e-02
1.800000e-01 8.481492e-01 6.291061e-02
1.950000e-01 8.481492e-01 6.123778e-02
2.100000e-01 8.481492e-01 5.985358e-02
2.250000e-01 8.481492e-01 5.870670e-02
2.400000e-01 8.481492e-01 5.775420e-02
2.550000e-01 8.481492e-01 5.696133e-02
2.700000e-01 8.481492e-01 5.630053e-02
2.850000e-01 8.481492e-01 5.574997e-02
3.000000e-01 8.481492e-01 5.529220e-02
-3.000000e-01 8.618135e-01 5.397664e-02
-2.850000e-01 8.618135e-01 5.441828e-02
-2.700000e-01 8.618135e-01 5.494939e-02
-2.550000e-01 8.618135e-01 5.558679e-02
-2.400000e-01 8.618135e-01 5.635149e-02
-2.250000e-01 8.618135e-01 5.727004e-02
-2.100000e-01 8.618135e-01 5.837589e-02
-1.950000e-01 8.618135e-01 5.971041e-02
-1.800000e-01 8.618135e-01 6.132311e-02
-1.650000e-01 8.618135e-01 6.326979e-02
-1.500000e-01 8.618135e-01 6.560572e-02
-1.350000e-01 8.618135e-01 6.836612e-02
-1.200000e-01 8.618135e-01 7.151374e-02
-1.050000e-01 8.618135e-01 7.480244e-02
-9.000000e-02 8.618135e-01 7.746053e-02
-7.500000e-02 8.618135e-01 7.780667e-02
-6.000000e-02 8.618135e-01 7.434722e-02
-4.500000e-02 8.618135e-01 6.918183e-02
-3.000000e-02 8.618135e-01 6.577665e-02
-1.500000e-02 8.618135e-01 6.443402e-02
5.551115e-17 8.618135e-01 6.413640e-02
1.500000e-02 8.618135e-01 6.443402e-02
3.000000e-02 8.618135e-01 6.577665e-02
4.500000e-02 8.618135e-01 6.918183e-02
6.000000e-02 8.618135e-01 7.434722e-02
7.500000e-02 8.618135e-01 7.780667e-02
9.000000e-02 8.618135e-01 7.746053e-02
1.050000e-01 8.618135e-01 7.480244e-02
1.200000e-01 8.618135e-01 7.151374e-02
1.350000e-01 8.618135e-01 6.836612e-02
1.500000e-01 8.618135e-01 6.560572e-02
1.650000e-01 8.618135e-01 6.326979e-02
1.800000e-01 8.618135e-01 6.132311e-02
1.950000e-01 8.618135e-01 5.971041e-02
2.100000e-01 8.618135e-01 5.837589e-02
2.250000e-01 8.618135e-01 5.727004e-02
2.400000e-01 8.618135e-01 5.635149e-02
2.550000e-01 8.618135e-01 5.558679e-02
2.700000e-01 8.618135e-01 5.494939e-02
2.850000e-01 8.618135e-01 5.441828e-02
3.000000e-01 8.618135e-01 5.397664e-02
-3.000000e-01 8.754778e-01 5.270749e-02
-2.850000e-01 8.754778e-01 5.313375e-02
-2.700000e-01 8.754778e-01 5.364635e-02
-2.550000e-01 8.754778e-01 5.426146e-02
-2.400000e-01 8.754778e-01 5.499935e-02
-2.250000e-01 8.754778e-01 5.588560e-02
-2.100000e-01 8.754778e-01 5.695246e-02
-1.950000e-01 8.754778e-01 5.823981e-02
-1.800000e-01 8.754778e-01 5.979548e-02
-1.650000e-01 8.754778e-01 6.167352e-02
-1.500000e-01 8.754778e-01 6.392807e-02
-1.350000e-01 8.754778e-01 6.659523e-02
-1.200000e-01 8.754778e-01 6.964487e-02
-1.050000e-01 8.754778e-01 7.285450e-02
-9.000000e-02 8.754778e-01 7.551634e-02
-7.500000e-02 8.754778e-01 7.608061e-02
-6.000000e-02 8.754778e-01 7.316651e-02
-4.500000e-02 8.754778e-01 6.869962e-02
-3.000000e-02 8.754778e-01 6.583662e-02
-1.500000e-02 8.754778e-01 6.479545e-02
5.551115e-17 8.754778e-01 6.459194e-02
1.500000e-02 8.754778e-01 6.479545e-02
3.000000e-02 8.754778e-01 6.583662e-02
4.500000e-02 8.754778e-01 6.869962e-02
6.000000e-02 8.754778e-01 7.316651e-02
7.500000e-02 8.754778e-01 7.608061e-02
9.000000e-02 8.754778e-01 7.551634e-02
1.050000e-01 8.754778e-01 7.285450e-02
1.200000e-01 8.754778e-01 6.964487e-02
1.350000e-01 8.754778e-01 6.659523e-02
1.500000e-01 8.754778e-01 6.392807e-02
1.650000e-01 8.754778e-01 6.167352e-02
1.800000e-01 8.754778e-01 5.979548e-02
1.950000e-01 8.754778e-01 5.823981e-02
2.100000e-01 8.754778e-01 5.695246e-02
2.250000e-01 8.754778e-01 5.588560e-02
2.400000e-01 8.754778e-01 5.499935e-02
2.550000e-01 8.754778e-01 5.426146e-02
2.700000e-01 8.754778e-01 5.364635e-02
2.850000e-01 8.754778e-01 5.313375e-02
3.000000e-01 8.754778e-01 5.270749e-02
-3.000000e-01 8.891421e-01 5.148259e-02
-2.850000e-01 8.891421e-01 5.189420e-02
-2.700000e-01 8.891421e-01 5.238914e-02
-2.550000e-01 8.891421e-01 5.298303e-02
-2.400000e-01 8.891421e-01 5.369540e-02
-2.250000e-01 8.891421e-01 5.455091e-02
-2.100000e-01 8.891421e-01 5.558068e-02
-1.950000e-01 8.891421e-01 5.682322e-02
-1.800000e-01 8.891421e-01 5.832477e-02
-1.650000e-01 8.891421e-01 6.013781e-02
-1.500000e-01 8.891421e-01 6.231545e-02
-1.350000e-01 8.891421e-01 6.489489e-02
-1.200000e-01 8.891421e-01 6.785314e-02
-1.050000e-01 8.891421e-01 7.099102e-02
-9.000000e-02 8.891421e-01 7.366315e-02
-7.500000e-02 8.891421e-01 7.444768e-02
-6.000000e-02 8.891421e-01 7.207299e-02
-4.500000e-02 8.891421e-01 6.829455e-02
-3.000000e-02 8.891421e-01 6.596698e-02
-1.500000e-02 8.891421e-01 6.522463e-02
5.551115e-17 8.891421e-01 6.511466e-02
1.500000e-02 8.891421e-01 6.522463e-02
3.000000e-02 8.891421e-01 6.596698e-02
4.500000e-02 8.891421e-01 6.829455e-02
6.000000e-02 8.891421e-01 7.207299e-02
7.500000e-02 8.891421e-01 7.444768e-02
9.000000e-02 8.891421e-01 7.366315e-02
1.050000e-01 8.891421e-01 7.099102e-02
1.200000e-01 8.891421e-01 6.785314e-02
1.350000e-01 8.891421e-01 6.489489e-02
1.500000e-01 8.891421e-01 6.231545e-02
1.650000e-01 8.891421e-01 6.013781e-02
1.800000e-01 8.891421e-01 5.832477e-02
1.950000e-01 8.891421e-01 5.682322e-02
2.100000e-01 8.891421e-01 5.558068e-02
2.250000e-01 8.891421e-01 5.455091e-02
2.400000e-01 8.891421e-01 5.369540e-02
2.550000e-01 8.891421e-01 5.298303e-02
2.700000e-01 8.891421e-01 5.238914e-02
2.850000e-01 8.891421e-01 5.189420e-02
3.000000e-01 8.891421e-01 5.148259e-02
-3.000000e-01 9.028064e-01 5.029992e-02
-2.850000e-01 9.028064e-01 5.069756e-02
-2.700000e-01 9.028064e-01 5.117567e-02
-2.550000e-01 9.028064e-01 5.174932e-02
-2.400000e-01 9.028064e-01 5.243737e-02
-2.250000e-01 9.028064e-01 5.326362e-02
-2.100000e-01 9.028064e-01 5.425811e-02
-1.950000e-01 9.028064e-01 5.545806e-02
-1.800000e-01 9.028064e-01 5.690823e-02
-1.650000e-01 9.028064e-01 5.865967e-02
-1.500000e-01 9.028064e-01 6.076464e-02
-1.350000e-01 9.028064e-01 6.326157e-02
-1.200000e-01 9.028064e-01 6.613465e-02
-1.050000e-01 9.028064e-01 6.920772e-02
-9.000000e-02 9.028064e-01 7.189645e-02
-7.500000e-02 9.028064e-01 7.290366e-02
-6.000000e-02 9.028064e-01 7.106356e-02
-4.500000e-02 9.028064e-01 6.796513e-02
-3.000000e-02 9.028064e-01 6.616752e-02
-1.500000e-02 9.028064e-01 6.572209e-02
5.551115e-17 9.028064e-01 6.570532e-02
1.500000e-02 9.028064e-01 6.572209e-02
3.000000e-02 9.028064e-01 6.616752e-02
4.500000e-02 9.028064e-01 6.796513e-02
6.000000e-02 9.028064e-01 7.106356e-02
7.500000e-02 9.028064e-01 7.290366e-02
9.000000e-02 9.028064e-01 7.189645e-02
1.050000e-01 9.028064e-01 6.920772e-02
1.200000e-01 9.028064e-01 6.613465e-02
1.350000e-01 9.028064e-01 6.326157e-02
1.500000e-01 9.028064e-01 6.076464e-02
1.650000e-01 9.028064e-01 5.865967e-02
1.800000e-01 9.028064e-01 5.690823e-02
1.950000e-01 9.028064e-01 5.545806e-02
2.100000e-01 9.028064e-01 5.425811e-02
2.250000e-01 9.028064e-01 5.326362e-02
2.400000e-01 9.028064e-01 5.243737e-02
2.550000e-01 9.028064e-01 5.174932e-02
2.700000e-01 9.028064e-01 5.117567e-02
2.850000e-01 9.028064e-01 5.069756e-02
3.000000e-01 9.028064e-01 5.029992e-02
-3.000000e-01 9.164706e-01 4.915757e-02
-2.850000e-01 9.164706e-01 4.954186e-02
-2.700000e-01 9.164706e-01 5.000392e-02
-2.550000e-01 9.164706e-01 5.055828e-02
-2.400000e-01 9.164706e-01 5.122315e-02
-2.250000e-01 9.164706e-01 5.202153e-02
-2.100000e-01 9.164706e-01 5.298244e-02
-1.950000e-01 9.164706e-01 5.414189e-02
-1.800000e-01 9.164706e-01 5.554328e-02
-1.650000e-01 9.164706e-01 5.723634e-02
-1.500000e-01 9.164706e-01 5.927262e-02
-1.350000e-01 9.164706e-01 6.169195e-02
-1.200000e-01 9.164706e-01 6.448575e-02
-1.050000e-01 9.164706e-01 6.750060e-02
-9.000000e-02 9.164706e-01 7.021207e-02
-7.500000e-02 9.164706e-01 7.144465e-02
-6.000000e-02 9.164706e-01 7.013545e-02
-4.500000e-02 9.164706e-01 6.771014e-02
-3.000000e-02 9.164706e-01 6.643827e-02
-1.500000e-02 9.164706e-01 6.628857e-02
5.551115e-17 9.164706e-01 6.636490e-02
1.500000e-02 9.164706e-01 6.628857e-02
3.000000e-02 9.164706e-01 6.643827e-02
4.500000e-02 9.164706e-01 6.771014e-02
6.000000e-02 9.164706e-01 7.013545e-02
7.500000e-02 9.164706e-01 7.144465e-02
9.000000e-02 9.164706e-01 7.021207e-02
1.050000e-01 9.164706e-01 6.750060e-02
1.200000e-01 9.164706e-01 6.448575e-02
1.350000e-01 9.164706e-01 6.169195e-02
1.500000e-01 9.164706e-01 5.927262e-02
1.650000e-01 9.164706e-01 5.723634e-02
1.800000e-01 9.164706e-01 5.554328e-02
1.950000e-01 9.164706e-01 5.414189e-02
2.100000e-01 9.164706e-01 5.298244e-02
2.250000e-01 9.164706e-01 5.202153e-02
2.400000e-01 9.164706e-01 5.122315e-02
2.550000e-01 9.164706e-01 5.055828e-02
2.700000e-01 9.164706e-01 5.000392e-02
2.850000e-01 9.164706e-01 4.954186e-02
3.000000e-01 9.164706e-01 4.915757e-02
-3.000000e-01 9.301349e-01 4.805372e-02
-2.850000e-01 9.301349e-01 4.842529e-02
-2.700000e-01 9.301349e-01 4.887202e-02
-2.550000e-01 9.301349e-01 4.940797e-02
-2.400000e-01 9.301349e-01 5.005075e-02
-2.250000e-01 9.301349e-01 5.082256e-02
-2.100000e-01 9.301349e-01 5.175150e-02
-1.950000e-01 9.301349e-01 5.287243e-02
-1.800000e-01 9.301349e-01 5.422748e-02
-1.650000e-01 9.301349e-01 5.586520e-02
-1.500000e-01 9.301349e-01 5.783657e-02
-1.350000e-01 9.301349e-01 6.018293e-02
-1.200000e-01 9.301349e-01 6.290303e-02
-1.050000e-01 9.301349e-01 6.586597e-02
-9.000000e-02 9.301349e-01 6.860614e-02
-7.500000e-02 9.301349e-01 7.006709e-02
-6.000000e-02 9.301349e-01 6.928618e-02
-4.500000e-02 9.301349e-01 6.752864e-02
-3.000000e-02 9.301349e-01 6.677952e-02
-1.500000e-02 9.301349e-01 6.692508e-02
5.551115e-17 9.301349e-01 6.709462e-02
1.500000e-02 9.301349e-01 6.692508e-02
3.000000e-02 9.301349e-01 6.677952e-02
4.500000e-02 9.301349e-01 6.752864e-02
6.000000e-02 9.301349e-01 6.928618e-02
7.500000e-02 9.301349e-01 7.006709e-02
9.000000e-02 9.301349e-01 6.860614e-02
1.050000e-01 9.301349e-01 6.586597e-02
1.200000e-01 9.301349e-01 6.290303e-02
1.350000e-01 9.301349e-01 6.018293e-02
1.500000e-01 9.301349e-01 5.783657e-02
1.650000e-01 9.301349e-01 5.586520e-02
1.800000e-01 9.301349e-01 5.422748e-02
1.950000e-01 9.301349e-01 5.287243e-02
2.100000e-01 9.301349e-01 5.175150e-02
2.250000e-01 9.301349e-01 5.082256e-02
2.400000e-01 9.301349e-01 5.005075e-02
2.550000e-01 9.301349e-01 4.940797e-02
2.700000e-01 9.301349e-01 4.887202e-02
2.850000e-01 9.301349e-01 4.842529e-02
3.000000e-01 9.301349e-01 4.805372e-02
-3.000000e-01 9.437992e-01 4.698668e-02
-2.850000e-01 9.437992e-01 4.734609e-02
-2.700000e-01 9.437992e-01 4.777818e-02
-2.550000e-01 9.437992e-01 4.829657e-02
-2.400000e-01 9.437992e-01 4.891827e-02
-2.250000e-01 9.437992e-01 4.966476e-02
-2.100000e-01 9.437992e-01 5.056324e-02
-1.950000e-01 9.437992e-01 5.164752e-02
-1.800000e-01 9.437992e-01 5.295854e-02
-1.650000e-01 9.437992e-01 5.454379e-02
-1.500000e-01 9.437992e-01 5.645381e-02
-1.350000e-01 9.437992e-01 5.873160e-02
-1.200000e-01 9.437992e-01 6.138331e-02
-1.050000e-01 9.437992e-01 6.430037e-02
-9.000000e-02 9.437992e-01 6.707509e-02
-7.500000e-02 9.437992e-01 6.876775e-02
-6.000000e-02 9.437992e-01 6.851358e-02
-4.500000e-02 9.437992e-01 6.741995e-02
-3.000000e-02 9.437992e-01 6.719182e-02
-1.500000e-02 9.437992e-01 6.763286e-02
5.551115e-17 9.437992e-01 6.789597e-02
1.500000e-02 9.437992e-01 6.763286e-02
3.000000e-02 9.437992e-01 6.719182e-02
4.500000e-02 9.437992e-01 6.741995e-02
6.000000e-02 9.437992e-01 6.851358e-02
7.500000e-02 9.437992e-01 6.876775e-02
9.000000e-02 9.437992e-01 6.707509e-02
1.050000e-01 9.437992e-01 6.430037e-02
1.200000e-01 9.437992e-01 6.138331e-02
1.350000e-01 9.437992e-01 5.873160e-02
1.500000e-01 9.437992e-01 5.645381e-02
1.650000e-01 9.437992e-01 5.454379e-02
1.800000e-01 9.437992e-01 5.295854e-02
1.950000e-01 9.437992e-01 5.164752e-02
2.100000e-01 9.437992e-01 5.056324e-02
2.250000e-01 9.437992e-01 4.966476e-02
2.400000e-01 9.437992e-01 4.891827e-02
2.550000e-01 9.437992e-01 4.829657e-02
2.700000e-01 9.437992e-01 4.777818e-02
2.850000e-01 9.437992e-01 4.734609e-02
3.000000e-01 9.437992e-01 4.698668e-02
-3.000000e-01 9.574635e-01 4.595484e-02
-2.850000e-01 9.574635e-01 4.630262e-02
-2.700000e-01 9.574635e-01 4.672074e-02
-2.550000e-01 9.574635e-01 4.722236e-02
-2.400000e-01 9.574635e-01 4.782393e-02
-2.250000e-01 9.574635e-01 4.854628e-02
-2.100000e-01 9.574635e-01 4.941575e-02
-1.950000e-01 9.574635e-01 5.046514e-02
-1.800000e-01 9.574635e-01 5.173432e-02
-1.650000e-01 9.574635e-01 5.326981e-02
-1.500000e-01 9.574635e-01 5.512186e-02
-1.350000e-01 9.574635e-01 5.733525e-02
-1.200000e-01 9.574635e-01 5.992362e-02
-1.050000e-01 9.574635e-01 6.280059e-02
-9.000000e-02 9.574635e-01 6.561561e-02
-7.500000e-02 9.574635e-01 6.754367e-02
-6.000000e-02 9.574635e-01 6.781579e-02
-4.500000e-02 9.574635e-01 6.738365e-02
-3.000000e-02 9.574635e-01 6.767594e-02
-1.500000e-02 9.574635e-01 6.841341e-02
5.551115e-17 9.574635e-01 6.877066e-02
1.500000e-02 9.574635e-01 6.841341e-02
3.000000e-02 9.574635e-01 6.767594e-02
4.500000e-02 9.574635e-01 6.738365e-02
6.000000e-02 9.574635e-01 6.781579e-02
7.500000e-02 9.574635e-01 6.754367e-02
9.000000e-02 9.574635e-01 6.561561e-02
1.050000e-01 9.574635e-01 6.280059e-02
1.200000e-01 9.574635e-01 5.992362e-02
1.350000e-01 9.574635e-01 5.733525e-02
1.500000e-01 9.574635e-01 5.512186e-02
1.650000e-01 9.574635e-01 5.326981e-02
1.800000e-01 9.574635e-01 5.173432e-02
1.950000e-01 9.574635e-01 5.046514e-02
2.100000e-01 9.574635e-01 4.941575e-02
2.250000e-01 9.574635e-01 4.854628e-02
2.400000e-01 9.574635e-01 4.782393e-02
2.550000e-01 9.574635e-01 4.722236e-02
2.700000e-01 9.574635e-01 4.672074e-02
2.850000e-01 9.574635e-01 4.630262e-02
3.000000e-01 9.574635e-01 4.595484e-02
-3.000000e-01 9.711278e-01 4.495667e-02
-2.850000e-01 9.711278e-01 4.529333e-02
-2.700000e-01 9.711278e-01 4.569810e-02
-2.550000e-01 9.711278e-01 4.618370e-02
-2.400000e-01 9.711278e-01 4.676607e-02
-2.250000e-01 9.711278e-01 4.746538e-02
-2.100000e-01 9.711278e-01 4.830719e-02
-1.950000e-01 9.711278e-01 4.932337e-02
-1.800000e-01 9.711278e-01 5.055279e-02
-1.650000e-01 9.711278e-01 5.204109e-02
-1.500000e-01 9.711278e-01 5.383837e-02
-1.350000e-01 9.711278e-01 5.599133e-02
-1.200000e-01 9.711278e-01 5.852117e-02
-1.050000e-01 9.711278e-01 6.136364e-02
-9.000000e-02 9.711278e-01 6.422466e-02
-7.500000e-02 9.711278e-01 6.639217e-02
-6.000000e-02 9.711278e-01 6.719117e-02
-4.500000e-02 9.711278e-01 6.741959e-02
-3.000000e-02 9.711278e-01 6.823294e-02
-1.500000e-02 9.711278e-01 6.926849e-02
5.551115e-17 9.711278e-01 6.972069e-02
1.500000e-02 9.711278e-01 6.926849e-02
3.000000e-02 9.711278e-01 6.823294e-02
4.500000e-02 9.711278e-01 6.741959e-02
6.000000e-02 9.711278e-01 6.719117e-02
7.500000e-02 9.711278e-01 6.639217e-02
9.000000e-02 9.711278e-01 6.422466e-02
1.050000e-01 9.711278e-01 6.136364e-02
1.200000e-01 9.711278e-01 5.852117e-02
1.350000e-01 9.711278e-01 5.599133e-02
1.500000e-01 9.711278e-01 5.383837e-02
1.650000e-01 9.711278e-01 5.204109e-02
1.800000e-01 9.711278e-01 5.055279e-02
1.950000e-01 9.711278e-01 4.932337e-02
2.100000e-01 9.711278e-01 4.830719e-02
2.250000e-01 9.711278e-01 4.746538e-02
2.400000e-01 9.711278e-01 4.676607e-02
2.550000e-01 9.711278e-01 4.618370e-02
2.700000e-01 9.711278e-01 4.569810e-02
2.850000e-01 9.711278e-01 4.529333e-02
3.000000e-01 9.711278e-01 4.495667e-02
-3.000000e-01 9.847920e-01 4.399072e-02
-2.850000e-01 9.847920e-01 4.431676e-02
-2.700000e-01 9.847920e-01 4.470876e-02
-2.550000e-01 9.847920e-01 4.517905e-02
-2.400000e-01 9.847920e-01 4.574308e-02
-2.250000e-01 9.847920e-01 4.642041e-02
-2.100000e-01 9.847920e-01 4.723585e-02
-1.950000e-01 9.847920e-01 4.822041e-02
-1.800000e-01 9.847920e-01 4.941203e-02
-1.650000e-01 9.847920e-01 5.085559e-02
-1.500000e-01 9.847920e-01 5.260114e-02
-1.350000e-01 9.847920e-01 5.469744e-02
-1.200000e-01 9.847920e-01 5.717337e-02
-1.050000e-01 9.847920e-01 5.998674e-02
-9.000000e-02 9.847920e-01 6.289941e-02
-7.500000e-02 9.847920e-01 6.531081e-02
-6.000000e-02 9.847920e-01 6.663837e-02
-4.500000e-02 9.847920e-01 6.752786e-02
-3.000000e-02 9.847920e-01 6.886412e-02
-1.500000e-02 9.847920e-01 7.020012e-02
5.551115e-17 9.847920e-01 7.074832e-02
1.500000e-02 9.847920e-01 7.020012e-02
3.000000e-02 9.847920e-01 6.886412e-02
4.500000e-02 9.847920e-01 6.752786e-02
6.000000e-02 9.847920e-01 6.663837e-02
7.500000e-02 9.847920e-01 6.531081e-02
9.000000e-02 9.847920e-01 6.289941e-02
1.050000e-01 9.847920e-01 5.998674e-02
1.200000e-01 9.847920e-01 5.717337e-02
1.350000e-01 9.847920e-01 5.469744e-02
1.500000e-01 9.847920e-01 5.260114e-02
1.650000e-01 9.847920e-01 5.085559e-02
1.800000e-01 9.847920e-01 4.941203e-02
1.950000e-01 9.847920e-01 4.822041e-02
2.100000e-01 9.847920e-01 4.723585e-02
2.250000e-01 9.847920e-01 4.642041e-02
2.400000e-01 9.847920e-01 4.574308e-02
2.550000e-01 9.847920e-01 4.517905e-02
2.700000e-01 9.847920e-01 4.470876e-02
2.850000e-01 9.847920e-01 4.431676e-02
3.000000e-01 9.847920e-01 4.399072e-02
-3.000000e-01 9.984563e-01 4.305564e-02
-2.850000e-01 9.984563e-01 4.337151e-02
-2.700000e-01 9.984563e-01 4.375130e-02
-2.550000e-01 9.984563e-01 4.420696e-02
-2.400000e-01 9.984563e-01 4.475347e-02
-2.250000e-01 9.984563e-01 4.540982e-02
-2.100000e-01 9.984563e-01 4.620012e-02
-1.950000e-01 9.984563e-01 4.715456e-02
-1.800000e-01 9.984563e-01 4.831024e-02
-1.650000e-01 9.984563e-01 4.971139e-02
-1.500000e-01 9.984563e-01 5.140810e-02
-1.350000e-01 9.984563e-01 5.345135e-02
-1.200000e-01 9.984563e-01 5.587780e-02
-1.050000e-01 9.984563e-01 5.866731e-02
-9.000000e-02 9.984563e-01 6.163729e-02
-7.500000e-02 9.984563e-01 6.429742e-02
-6.000000e-02 9.984563e-01 6.615630e-02
-4.500000e-02 9.984563e-01 6.770882e-02
-3.000000e-02 9.984563e-01 6.957104e-02
-1.500000e-02 9.984563e-01 7.121060e-02
5.551115e-17 9.984563e-01 7.185609e-02
1.500000e-02 9.984563e-01 7.121060e-02
3.000000e-02 9.984563e-01 6.957104e-02
4.500000e-02 9.984563e-01 6.770882e-02
6.000000e-02 9.984563e-01 6.615630e-02
7.500000e-02 9.984563e-01 6.429742e-02
9.000000e-02 9.984563e-01 6.163729e-02
1.050000e-01 9.984563e-01 5.866731e-02
1.200000e-01 9.984563e-01 5.587780e-02
1.350000e-01 9.984563e-01 5.345135e-02
1.500000e-01 9.984563e-01 5.140810e-02
1.650000e-01 9.984563e-01 4.971139e-02
1.800000e-01 9.984563e-01 4.831024e-02
1.950000e-01 9.984563e-01 4.715456e-02
2.100000e-01 9.984563e-01 4.620012e-02
2.250000e-01 9.984563e-01 4.540982e-02
2.400000e-01 9.984563e-01 4.475347e-02
2.550000e-01 9.984563e-01 4.420696e-02
2.700000e-01 9.984563e-01 4.375130e-02
2.850000e-01 9.984563e-01 4.337151e-02
3.000000e-01 9.984563e-01 4.305564e-02
-3.000000e-01 1.012121e+00 4.215013e-02
-2.850000e-01 1.012121e+00 4.245627e-02
-2.700000e-01 1.012121e+00 4.282438e-02
-2.550000e-01 1.012121e+00 4.326605e-02
-2.400000e-01 1.012121e+00 4.379582e-02
-2.250000e-01 1.012121e+00 4.443214e-02
-2.100000e-01 1.012121e+00 4.519845e-02
-1.950000e-01 1.012121e+00 4.612421e-02
-1.800000e-01 1.012121e+00 4.724573e-02
-1.650000e-01 1.012121e+00 4.860667e-02
-1.500000e-01 1.012121e+00 5.025732e-02
-1.350000e-01 1.012121e+00 5.225096e-02
-1.200000e-01 1.012121e+00 5.463218e-02
-1.050000e-01 1.012121e+00 5.740294e-02
-9.000000e-02 1.012121e+00 6.043591e-02
-7.500000e-02 1.012121e+00 6.335006e-02
-6.000000e-02 1.012121e+00 6.574411e-02
-4.500000e-02 1.012121e+00 6.796308e-02
-3.000000e-02 1.012121e+00 7.035556e-02
-1.500000e-02 1.012121e+00 7.230255e-02
5.551115e-17 1.012121e+00 7.304686e-02
1.500000e-02 1.012121e+00 7.230255e-02
3.000000e-02 1.012121e+00 7.035556e-02
4.500000e-02 1.012121e+00 6.796308e-02
6.000000e-02 1.012121e+00 6.574411e-02
7.500000e-02 1.012121e+00 6.335006e-02
9.000000e-02 1.012121e+00 6.043591e-02
1.050000e-01 1.012121e+00 5.740294e-02
1.200000e-01 1.012121e+00 5.463218e-02
1.350000e-01 1.012121e+00 5.225096e-02
1.500000e-01 1.012121e+00 5.025732e-02
1.650000e-01 1.012121e+00 4.860667e-02
1.800000e-01 1.012121e+00 4.724573e-02
1.950000e-01 1.012121e+00 4.612421e-02
2.100000e-01 1.012121e+00 4.519845e-02
2.250000e-01 1.012121e+00 4.443214e-02
2.400000e-01 1.012121e+00 4.379582e-02
2.550000e-01 1.012121e+00 4.326605e-02
2.700000e-01 1.012121e+00 4.282438e-02
2.850000e-01 1.012121e+00 4.245627e-02
3.000000e-01 1.012121e+00 4.215013e-02
-3.000000e-01 1.025785e+00 4.127296e-02
-2.850000e-01 1.025785e+00 4.156979e-02
-2.700000e-01 1.025785e+00 4.192672e-02
-2.550000e-01 1.025785e+00 4.235500e-02
-2.400000e-01 1.025785e+00 4.286878e-02
-2.250000e-01 1.025785e+00 4.348597e-02
-2.100000e-01 1.025785e+00 4.422940e-02
-1.950000e-01 1.025785e+00 4.512784e-02
-1.800000e-01 1.025785e+00 4.621689e-02
-1.650000e-01 1.025785e+00 4.753973e-02
-1.500000e-01 1.025785e+00 4.914695e-02
-1.350000e-01 1.025785e+00 5.109429e-02
-1.200000e-01 1.025785e+00 5.343439e-02
-1.050000e-01 1.025785e+00 5.619141e-02
-9.000000e-02 1.025785e+00 5.929309e-02
-7.500000e-02 1.025785e+00 6.246700e-02
-6.000000e-02 1.025785e+00 6.540119e-02
-4.500000e-02 1.025785e+00 6.829153e-02
-3.000000e-02 1.025785e+00 7.121981e-02
-1.500000e-02 1.025785e+00 7.347887e-02
5.551115e-17 1.025785e+00 7.432380e-02
1.500000e-02 1.025785e+00 7.347887e-02
3.000000e-02 1.025785e+00 7.121981e-02
4.500000e-02 1.025785e+00 6.829153e-02
6.000000e-02 1.025785e+00 6.540119e-02
7.500000e-02 1.025785e+00 6.246700e-02
9.000000e-02 1.025785e+00 5.929309e-02
1.050000e-01 1.025785e+00 5.619141e-02
1.200000e-01 1.025785e+00 5.343439e-02
1.350000e-01 1.025785e+00 5.109429e-02
1.500000e-01 1.025785e+00 4.914695e-02
1.650000e-01 1.025785e+00 4.753973e-02
1.800000e-01 1.025785e+00 4.621689e-02
1.950000e-01 1.025785e+00 4.512784e-02
2.100000e-01 1.025785e+00 4.422940e-02
2.250000e-01 1.025785e+00 4.348597e-02
2.400000e-01 1.025785e+00 4.286878e-02
2.550000e-01 1.025785e+00 4.235500e-02
2.700000e-01 1.025785e+00 4.192672e-02
2.850000e-01 1.025785e+00 4.156979e-02
3.000000e-01 1.025785e+00 4.127296e-02
-3.000000e-01 1.039449e+00 4.042298e-02
-2.850000e-01 1.039449e+00 4.071088e-02
-2.700000e-01 1.039449e+00 4.105711e-02
-2.550000e-01 1.039449e+00 4.147260e-02
-2.400000e-01 1.039449e+00 4.197108e-02
-2.250000e-01 1.039449e+00 4.257000e-02
-2.100000e-01 1.039449e+00 4.329161e-02
-1.950000e-01 1.039449e+00 4.416402e-02
-1.800000e-01 1.039449e+00 4.522222e-02
-1.650000e-01 1.039449e+00 4.650897e-02
-1.500000e-01 1.039449e+00 4.807528e-02
-1.350000e-01 1.039449e+00 4.997950e-02
-1.200000e-01 1.039449e+00 5.228247e-02
-1.050000e-01 1.039449e+00 5.503065e-02
-9.000000e-02 1.039449e+00 5.820684e-02
-7.500000e-02 1.039449e+00 6.164676e-02
-6.000000e-02 1.039449e+00 6.512719e-02
-4.500000e-02 1.039449e+00 6.869532e-02
-3.000000e-02 1.039449e+00 7.216623e-02
-1.500000e-02 1.039449e+00 7.474280e-02
5.551115e-17 1.039449e+00 7.569043e-02
1.500000e-02 1.039449e+00 7.474280e-02
3.000000e-02 1.039449e+00 7.216623e-02
4.500000e-02 1.039449e+00 6.869532e-02
6.000000e-02 1.039449e+00 6.512719e-02
7.500000e-02 1.039449e+00 6.164676e-02
9.000000e-02 1.039449e+00 5.820684e-02
1.050000e-01 1.039449e+00 5.503065e-02
1.200000e-01 1.039449e+00 5.228247e-02
1.350000e-01 1.039449e+00 4.997950e-02
1.500000e-01 1.039449e+00 4.807528e-02
1.650000e-01 1.039449e+00 4.650897e-02
1.800000e-01 1.039449e+00 4.522222e-02
1.950000e-01 1.039449e+00 4.416402e-02
2.100000e-01 1.039449e+00 4.329161e-02
2.250000e-01 1.039449e+00 4.257000e-02
2.400000e-01 1.039449e+00 4.197108e-02
2.550000e-01 1.039449e+00 4.147260e-02
2.700000e-01 1.039449e+00 4.105711e-02
2.850000e-01 1.039449e+00 4.071088e-02
3.000000e-01 1.039449e+00 4.042298e-02
-3.000000e-01 1.053113e+00 3.959907e-02
-2.850000e-01 1.053113e+00 3.987843e-02
-2.700000e-01 1.053113e+00 4.021442e-02
-2.550000e-01 1.053113e+00 4.061765e-02
-2.400000e-01 1.053113e+00 4.110151e-02
-2.250000e-01 1.053113e+00 4.168298e-02
-2.100000e-01 1.053113e+00 4.238377e-02
-1.950000e-01 1.053113e+00 4.323140e-02
-1.800000e-01 1.053113e+00 4.426027e-02
-1.650000e-01 1.053113e+00 4.551286e-02
-1.500000e-01 1.053113e+00 4.704069e-02
-1.350000e-01 1.053113e+00 4.890485e-02
-1.200000e-01 1.053113e+00 5.117456e-02
-1.050000e-01 1.053113e+00 5.391875e-02
-9.000000e-02 1.053113e+00 5.717536e-02
-7.500000e-02 1.053113e+00 6.088803e-02
-6.000000e-02 1.053113e+00 6.492197e-02
-4.500000e-02 1.053113e+00 6.917587e-02
-3.000000e-02 1.053113e+00 7.319758e-02
-1.500000e-02 1.053113e+00 7.609794e-02
5.551115e-17 1.053113e+00 7.715063e-02
1.500000e-02 1.053113e+00 7.609794e-02
3.000000e-02 1.053113e+00 7.319758e-02
4.500000e-02 1.053113e+00 6.917587e-02
6.000000e-02 1.053113e+00 6.492197e-02
7.500000e-02 1.053113e+00 6.088803e-02
9.000000e-02 1.053113e+00 5.717536e-02
1.050000e-01 1.053113e+00 5.391875e-02
1.200000e-01 1.053113e+00 5.117456e-02
1.350000e-01 1.053113e+00 4.890485e-02
1.500000e-01 1.053113e+00 4.704069e-02
1.650000e-01 1.053113e+00 4.551286e-02
1.800000e-01 1.053113e+00 4.426027e-02
1.950000e-01 1.053113e+00 4.323140e-02
2.100000e-01 1.053113e+00 4.238377e-02
2.250000e-01 1.053113e+00 4.168298e-02
2.400000e-01 1.053113e+00 4.110151e-02
2.550000e-01 1.053113e+00 4.061765e-02
2.700000e-01 1.053113e+00 4.021442e-02
2.850000e-01 1.053113e+00 3.987843e-02
3.000000e-01 1.053113e+00 3.959907e-02
-3.000000e-01 1.066778e+00 3.880021e-02
-2.850000e-01 1.066778e+00 3.907138e-02
-2.700000e-01 1.066778e+00 3.939754e-02
-2.550000e-01 1.066778e+00 3.978906e-02
-2.400000e-01 1.066778e+00 4.025893e-02
-2.250000e-01 1.066778e+00 4.082373e-02
-2.100000e-01 1.066778e+00 4.150466e-02
-1.950000e-01 1.066778e+00 4.232868e-02
-1.800000e-01 1.066778e+00 4.332971e-02
-1.650000e-01 1.066778e+00 4.454998e-02
-1.500000e-01 1.066778e+00 4.604167e-02
-1.350000e-01 1.066778e+00 4.786872e-02
-1.200000e-01 1.066778e+00 5.010894e-02
-1.050000e-01 1.066778e+00 5.285395e-02
-9.000000e-02 1.066778e+00 5.619701e-02
-7.500000e-02 1.066778e+00 6.018974e-02
-6.000000e-02 1.066778e+00 6.478569e-02
-4.500000e-02 1.066778e+00 6.973491e-02
-3.000000e-02 1.066778e+00 7.431696e-02
-1.500000e-02 1.066778e+00 7.754826e-02
5.551115e-17 1.066778e+00 7.870865e-02
1.500000e-02 1.066778e+00 7.754826e-02
3.000000e-02 1.066778e+00 7.431696e-02
4.500000e-02 1.066778e+00 6.973491e-02
6.000000e-02 1.066778e+00 6.478569e-02
7.500000e-02 1.066778e+00 6.018974e-02
9.000000e-02 1.066778e+00 5.619701e-02
1.050000e-01 1.066778e+00 5.285395e-02
1.200000e-01 1.066778e+00 5.010894e-02
1.350000e-01 1.066778e+00 4.786872e-02
1.500000e-01 1.066778e+00 4.604167e-02
1.650000e-01 1.066778e+00 4.454998e-02
1.800000e-01 1.066778e+00 4.332971e-02
1.950000e-01 1.066778e+00 4.232868e-02
2.100000e-01 1.066778e+00 4.150466e-02
2.250000e-01 1.066778e+00 4.082373e-02
2.400000e-01 1.066778e+00 4.025893e-02
2.550000e-01 1.066778e+00 3.978906e-02
2.700000e-01 1.066778e+00 3.939754e-02
2.850000e-01 1.066778e+00 3.907138e-02
3.000000e-01 1.066778e+00 3.880021e-02
-3.000000e-01 1.080442e+00 3.802538e-02
-2.850000e-01 1.080442e+00 3.828870e-02
-2.700000e-01 1.080442e+00 3.860547e-02
-2.550000e-01 1.080442e+00 3.898576e-02
-2.400000e-01 1.080442e+00 3.944226e-02
-2.250000e-01 1.080442e+00 3.999113e-02
-2.100000e-01 1.080442e+00 4.065311e-02
-1.950000e-01 1.080442e+00 4.145466e-02
-1.800000e-01 1.080442e+00 4.242926e-02
-1.650000e-01 1.080442e+00 4.361899e-02
-1.500000e-01 1.080442e+00 4.507677e-02
-1.350000e-01 1.080442e+00 4.686959e-02
-1.200000e-01 1.080442e+00 4.908401e-02
-1.050000e-01 1.080442e+00 5.183462e-02
-9.000000e-02 1.080442e+00 5.527032e-02
-7.500000e-02 1.080442e+00 5.955102e-02
-6.000000e-02 1.080442e+00 6.471871e-02
-4.500000e-02 1.080442e+00 7.037446e-02
-3.000000e-02 1.080442e+00 7.552782e-02
-1.500000e-02 1.080442e+00 7.909814e-02
5.551115e-17 1.080442e+00 8.036920e-02
1.500000e-02 1.080442e+00 7.909814e-02
3.000000e-02 1.080442e+00 7.552782e-02
4.500000e-02 1.080442e+00 7.037446e-02
6.000000e-02 1.080442e+00 6.471871e-02
7.500000e-02 1.080442e+00 5.955102e-02
9.000000e-02 1.080442e+00 5.527032e-02
1.050000e-01 1.080442e+00 5.183462e-02
1.200000e-01 1.080442e+00 4.908401e-02
1.350000e-01 1.080442e+00 4.686959e-02
1.500000e-01 1.080442e+00 4.507677e-02
1.650000e-01 1.080442e+00 4.361899e-02
1.800000e-01 1.080442e+00 4.242926e-02
1.950000e-01 1.080442e+00 4.145466e-02
2.100000e-01 1.080442e+00 4.065311e-02
2.250000e-01 1.080442e+00 3.999113e-02
2.400000e-01 1.080442e+00 3.944226e-02
2.550000e-01 1.080442e+00 3.898576e-02
2.700000e-01 1.080442e+00 3.860547e-02
2.850000e-01 1.080442e+00 3.828870e-02
3.000000e-01 1.080442e+00 3.802538e-02
-3.000000e-01 1.094106e+00 3.727365e-02
-2.850000e-01 1.094106e+00 3.752944e-02
-2.700000e-01 1.094106e+00 3.783720e-02
-2.550000e-01 1.094106e+00 3.820676e-02
-2.400000e-01 1.094106e+00 3.865046e-02
-2.250000e-01 1.094106e+00 3.918412e-02
-2.100000e-01 1.094106e+00 3.982803e-02
-1.950000e-01 1.094106e+00 4.060820e-02
-1.800000e-01 1.094106e+00 4.155771e-02
-1.650000e-01 1.094106e+00 4.271861e-02
-1.500000e-01 1.094106e+00 4.414465e-02
-1.350000e-01 1.094106e+00 4.590603e-02
-1.200000e-01 1.094106e+00 4.809829e-02
-1.050000e-01 1.094106e+00 5.085927e-02
-9.000000e-02 1.094106e+00 5.439399e-02
-7.500000e-02 1.094106e+00 5.897118e-02
-6.000000e-02 1.094106e+00 6.472166e-02
-4.500000e-02 1.094106e+00 7.109687e-02
-3.000000e-02 1.094106e+00 7.683402e-02
-1.500000e-02 1.094106e+00 8.075239e-02
5.551115e-17 1.094106e+00 8.213742e-02
1.500000e-02 1.094106e+00 8.075239e-02
3.000000e-02 1.094106e+00 7.683402e-02
4.500000e-02 1.094106e+00 7.109687e-02
6.000000e-02 1.094106e+00 6.472166e-02
7.500000e-02 1.094106e+00 5.897118e-02
9.000000e-02 1.094106e+00 5.439399e-02
1.050000e-01 1.094106e+00 5.085927e-02
1.200000e-01 1.094106e+00 4.809829e-02
1.350000e-01 1.094106e+00 4.590603e-02
1.500000e-01 1.094106e+00 4.414465e-02
1.650000e-01 1.094106e+00 4.271861e-02
1.800000e-01 1.094106e+00 4.155771e-02
1.950000e-01 1.094106e+00 4.060820e-02
2.100000e-01 1.094106e+00 3.982803e-02
2.250000e-01 1.094106e+00 3.918412e-02
2.400000e-01 1.094106e+00 3.865046e-02
2.550000e-01 1.094106e+00 3.820676e-02
2.700000e-01 1.094106e+00 3.783720e-02
2.850000e-01 1.094106e+00 3.752944e-02
3.000000e-01 1.094106e+00 3.727365e-02
-3.000000e-01 1.107771e+00 3.654411e-02
-2.850000e-01 1.107771e+00 3.679269e-02
-2.700000e-01 1.107771e+00 3.709183e-02
-2.550000e-01 1.107771e+00 3.745110e-02
-2.400000e-01 1.107771e+00 3.788257e-02
-2.250000e-01 1.107771e+00 3.840169e-02
-2.100000e-01 1.107771e+00 3.902838e-02
-1.950000e-01 1.107771e+00 3.978820e-02
-1.800000e-01 1.107771e+00 4.071394e-02
-1.650000e-01 1.107771e+00 4.184764e-02
-1.500000e-01 1.107771e+00 4.324406e-02
-1.350000e-01 1.107771e+00 4.497671e-02
-1.200000e-01 1.107771e+00 4.715038e-02
-1.050000e-01 1.107771e+00 4.992655e-02
-9.000000e-02 1.107771e+00 5.356688e-02
-7.500000e-02 1.107771e+00 5.844977e-02
-6.000000e-02 1.107771e+00 6.479545e-02
-4.500000e-02 1.107771e+00 7.190480e-02
-3.000000e-02 1.107771e+00 7.823979e-02
-1.500000e-02 1.107771e+00 8.251629e-02
5.551115e-17 1.107771e+00 8.401895e-02
1.500000e-02 1.107771e+00 8.251629e-02
3.000000e-02 1.107771e+00 7.823979e-02
4.500000e-02 1.107771e+00 7.190480e-02
6.000000e-02 1.107771e+00 6.479545e-02
7.500000e-02 1.107771e+00 5.844977e-02
9.000000e-02 1.107771e+00 5.356688e-02
1.050000e-01 1.107771e+00 4.992655e-02
1.200000e-01 1.107771e+00 4.715038e-02
1.350000e-01 1.107771e+00 4.497671e-02
1.500000e-01 1.107771e+00 4.324406e-02
1.650000e-01 1.107771e+00 4.184764e-02
1.800000e-01 1.107771e+00 4.071394e-02
1.950000e-01 1.107771e+00 3.978820e-02
2.100000e-01 1.107771e+00 3.902838e-02
2.250000e-01 1.107771e+00 3.840169e-02
2.400000e-01 1.107771e+00 3.788257e-02
2.550000e-01 1.107771e+00 3.745110e-02
2.700000e-01 1.107771e+00 3.709183e-02
2.850000e-01 1.107771e+00 3.679269e-02
3.000000e-01 1.107771e+00 3.654411e-02
-3.000000e-01 1.121435e+00 3.583593e-02
-2.850000e-01 1.121435e+00 3.607759e-02
-2.700000e-01 1.121435e+00 3.636845e-02
-2.550000e-01 1.121435e+00 3.671788e-02
-2.400000e-01 1.121435e+00 3.713765e-02
-2.250000e-01 1.121435e+00 3.764290e-02
-2.100000e-01 1.121435e+00 3.825316e-02
-1.950000e-01 1.121435e+00 3.899364e-02
-1.800000e-01 1.121435e+00 3.989686e-02
-1.650000e-01 1.121435e+00 4.100497e-02
-1.500000e-01 1.121435e+00 4.237380e-02
-1.350000e-01 1.121435e+00 4.408039e-02
-1.200000e-01 1.121435e+00 4.623902e-02
-1.050000e-01 1.121435e+00 4.903521e-02
-9.000000e-02 1.121435e+00 5.278800e-02
-7.500000e-02 1.121435e+00 5.798651e-02
-6.000000e-02 1.121435e+00 6.494124e-02
-4.500000e-02 1.121435e+00 7.280131e-02
-3.000000e-02 1.121435e+00 7.974985e-02
-1.500000e-02 1.121435e+00 8.439564e-02
5.551115e-17 1.121435e+00 8.601996e-02
1.500000e-02 1.121435e+00 8.439564e-02
3.000000e-02 1.121435e+00 7.974985e-02
4.500000e-02 1.121435e+00 7.280131e-02
6.000000e-02 1.121435e+00 6.494124e-02
7.500000e-02 1.121435e+00 5.798651e-02
9.000000e-02 1.121435e+00 5.278800e-02
1.050000e-01 1.121435e+00 4.903521e-02
1.200000e-01 1.121435e+00 4.623902e-02
1.350000e-01 1.121435e+00 4.408039e-02
1.500000e-01 1.121435e+00 4.237380e-02
1.650000e-01 1.121435e+00 4.100497e-02
1.800000e-01 1.121435e+00 3.989686e-02
1.950000e-01 1.121435e+00 3.899364e-02
2.100000e-01 1.121435e+00 3.825316e-02
2.250000e-01 1.121435e+00 3.764290e-02
2.400000e-01 1.121435e+00 3.713765e-02
2.550000e-01 1.121435e+00 3.671788e-02
2.700000e-01 1.121435e+00 3.636845e-02
2.850000e-01 1.121435e+00 3.607759e-02
3.000000e-01 1.121435e+00 3.583593e-02
-3.000000e-01 1.135099e+00 3.514828e-02
-2.850000e-01 1.135099e+00 3.538330e-02
-2.700000e-01 1.135099e+00 3.566624e-02
-2.550000e-01 1.135099e+00 3.600624e-02
-2.400000e-01 1.135099e+00 3.641483e-02
-2.250000e-01 1.135099e+00 3.690683e-02
-2.100000e-01 1.135099e+00 3.750144e-02
-1.950000e-01 1.135099e+00 3.822355e-02
-1.800000e-01 1.135099e+00 3.910546e-02
-1.650000e-01 1.135099e+00 4.018952e-02
-1.500000e-01 1.135099e+00 4.153276e-02
-1.350000e-01 1.135099e+00 4.321592e-02
-1.200000e-01 1.135099e+00 4.536303e-02
-1.050000e-01 1.135099e+00 4.818415e-02
-9.000000e-02 1.135099e+00 5.205653e-02
-7.500000e-02 1.135099e+00 5.758134e-02
-6.000000e-02 1.135099e+00 6.516049e-02
-4.500000e-02 1.135099e+00 7.378981e-02
-3.000000e-02 1.135099e+00 8.136937e-02
-1.500000e-02 1.135099e+00 8.639678e-02
5.551115e-17 1.135099e+00 8.814720e-02
1.500000e-02 1.135099e+00 8.639678e-02
3.000000e-02 1.135099e+00 8.136937e-02
4.500000e-02 1.135099e+00 7.378981e-02
6.000000e-02 1.135099e+00 6.516049e-02
7.500000e-02 1.135099e+00 5.758134e-02
9.000000e-02 1.135099e+00 5.205653e-02
1.050000e-01 1.135099e+00 4.818415e-02
1.200000e-01 1.135099e+00 4.536303e-02
1.350000e-01 1.135099e+00 4.321592e-02
1.500000e-01 1.135099e+00 4.153276e-02
1.650000e-01 1.135099e+00 4.018952e-02
1.800000e-01 1.135099e+00 3.910546e-02
1.950000e-01 1.135099e+00 3.822355e-02
2.100000e-01 1.135099e+00 3.750144e-02
2.250000e-01 1.135099e+00 3.690683e-02
2.400000e-01 1.135099e+00 3.641483e-02
2.550000e-01 1.135099e+00 3.600624e-02
2.700000e-01 1.135099e+00 3.566624e-02
2.850000e-01 1.135099e+00 3.538330e-02
3.000000e-01 1.135099e+00 3.514828e-02
-3.000000e-01 1.148763e+00 3.448040e-02
-2.850000e-01 1.148763e+00 3.470905e-02
-2.700000e-01 1.148763e+00 3.498440e-02
-2.550000e-01 1.148763e+00 3.531538e-02
-2.400000e-01 1.148763e+00 3.571327e-02
-2.250000e-01 1.148763e+00 3.619263e-02
-2.100000e-01 1.148763e+00 3.677234e-02
-1.950000e-01 1.148763e+00 3.747701e-02
-1.800000e-01 1.148763e+00 3.833879e-02
-1.650000e-01 1.148763e+00 3.940031e-02
-1.500000e-01 1.148763e+00 4.071990e-02
-1.350000e-01 1.148763e+00 4.238221e-02
-1.200000e-01 1.148763e+00 4.452132e-02
-1.050000e-01 1.148763e+00 4.737237e-02
-9.000000e-02 1.148763e+00 5.137180e-02
-7.500000e-02 1.148763e+00 5.723443e-02
-6.000000e-02 1.148763e+00 6.545495e-02
-4.500000e-02 1.148763e+00 7.487414e-02
-3.000000e-02 1.148763e+00 8.310407e-02
-1.500000e-02 1.148763e+00 8.852667e-02
5.551115e-17 1.148763e+00 9.040807e-02
1.500000e-02 1.148763e+00 8.852667e-02
3.000000e-02 1.148763e+00 8.310407e-02
4.500000e-02 1.148763e+00 7.487414e-02
6.000000e-02 1.148763e+00 6.545495e-02
7.500000e-02 1.148763e+00 5.723443e-02
9.000000e-02 1.148763e+00 5.137180e-02
1.050000e-01 1.148763e+00 4.737237e-02
1.200000e-01 1.148763e+00 4.452132e-02
1.350000e-01 1.148763e+00 4.238221e-02
1.500000e-01 1.148763e+00 4.071990e-02
1.650000e-01 1.148763e+00 3.940031e-02
1.800000e-01 1.148763e+00 3.833879e-02
1.950000e-01 1.148763e+00 3.747701e-02
2.100000e-01 1.148763e+00 3.677234e-02
2.250000e-01 1.148763e+00 3.619263e-02
2.400000e-01 1.148763e+00 3.571327e-02
2.550000e-01 1.148763e+00 3.531538e-02
2.700000e-01 1.148763e+00 3.498440e-02
2.850000e-01 1.148763e+00 3.470905e-02
3.000000e-01 1.148763e+00 3.448040e-02
-3.000000e-01 1.162428e+00 3.383155e-02
-2.850000e-01 1.162428e+00 3.405409e-02
-2.700000e-01 1.162428e+00 3.432217e-02
-2.550000e-01 1.162428e+00 3.464451e-02
-2.400000e-01 1.162428e+00 3.503218e-02
-2.250000e-01 1.162428e+00 3.549948e-02
-2.100000e-01 1.162428e+00 3.606501e-02
-1.950000e-01 1.162428e+00 3.675315e-02
-1.800000e-01 1.162428e+00 3.759594e-02
-1.650000e-01 1.162428e+00 3.863638e-02
-1.500000e-01 1.162428e+00 3.993426e-02
-1.350000e-01 1.162428e+00 4.157827e-02
-1.200000e-01 1.162428e+00 4.371291e-02
-1.050000e-01 1.162428e+00 4.659899e-02
-9.000000e-02 1.162428e+00 5.073327e-02
-7.500000e-02 1.162428e+00 5.694614e-02
-6.000000e-02 1.162428e+00 6.582669e-02
-4.500000e-02 1.162428e+00 7.605856e-02
-3.000000e-02 1.162428e+00 8.496021e-02
-1.500000e-02 1.162428e+00 9.079293e-02
5.551115e-17 1.162428e+00 9.281067e-02
1.500000e-02 1.162428e+00 9.079293e-02
3.000000e-02 1.162428e+00 8.496021e-02
4.500000e-02 1.162428e+00 7.605856e-02
6.000000e-02 1.162428e+00 6.582669e-02
7.500000e-02 1.162428e+00 5.694614e-02
9.000000e-02 1.162428e+00 5.073327e-02
1.050000e-01 1.162428e+00 4.659899e-02
1.200000e-01 1.162428e+00 4.371291e-02
1.350000e-01 1.162428e+00 4.157827e-02
1.500000e-01 1.162428e+00 3.993426e-02
1.650000e-01 1.162428e+00 3.863638e-02
1.800000e-01 1.162428e+00 3.759594e-02
1.950000e-01 1.162428e+00 3.675315e-02
2.100000e-01 1.162428e+00 3.606501e-02
2.250000e-01 1.162428e+00 3.549948e-02
2.400000e-01 1.162428e+00 3.503218e-02
2.550000e-01 1.162428e+00 3.464451e-02
2.700000e-01 1.162428e+00 3.432217e-02
2.850000e-01 1.162428e+00 3.405409e-02
3.000000e-01 1.162428e+00 3.383155e-02
-3.000000e-01 1.176092e+00 3.320103e-02
-2.850000e-01 1.176092e+00 3.341771e-02
-2.700000e-01 1.176092e+00 3.367882e-02
-2.550000e-01 1.176092e+00 3.399290e-02
-2.400000e-01 1.176092e+00 3.437081e-02
-2.250000e-01 1.176092e+00 3.482661e-02
-2.100000e-01 1.176092e+00 3.537867e-02
-1.950000e-01 1.176092e+00 3.605114e-02
-1.800000e-01 1.176092e+00 3.687607e-02
-1.650000e-01 1.176092e+00 3.789687e-02
-1.500000e-01 1.176092e+00 3.917491e-02
-1.350000e-01 1.176092e+00 4.080317e-02
-1.200000e-01 1.176092e+00 4.293692e-02
-1.050000e-01 1.176092e+00 4.586327e-02
-9.000000e-02 1.176092e+00 5.014060e-02
-7.500000e-02 1.176092e+00 5.671708e-02
-6.000000e-02 1.176092e+00 6.627811e-02
-4.500000e-02 1.176092e+00 7.734784e-02
-3.000000e-02 1.176092e+00 8.694470e-02
-1.500000e-02 1.176092e+00 9.320392e-02
5.551115e-17 1.176092e+00 9.536387e-02
1.500000e-02 1.176092e+00 9.320392e-02
3.000000e-02 1.176092e+00 8.694470e-02
4.500000e-02 1.176092e+00 7.734784e-02
6.000000e-02 1.176092e+00 6.627811e-02
7.500000e-02 1.176092e+00 5.671708e-02
9.000000e-02 1.176092e+00 5.014060e-02
1.050000e-01 1.176092e+00 4.586327e-02
1.200000e-01 1.176092e+00 4.293692e-02
1.350000e-01 1.176092e+00 4.080317e-02
1.500000e-01 1.176092e+00 3.917491e-02
1.650000e-01 1.176092e+00 3.789687e-02
1.800000e-01 1.176092e+00 3.687607e-02
1.950000e-01 1.176092e+00 3.605114e-02
2.100000e-01 1.176092e+00 3.537867e-02
2.250000e-01 1.176092e+00 3.482661e-02
2.400000e-01 1.176092e+00 3.437081e-02
2.550000e-01 1.176092e+00 3.399290e-02
2.700000e-01 1.176092e+00 3.367882e-02
2.850000e-01 1.176092e+00 3.341771e-02
3.000000e-01 1.176092e+00 3.320103e-02
-3.000000e-01 1.189756e+00 3.258817e-02
-2.850000e-01 1.189756e+00 3.279924e-02
-2.700000e-01 1.189756e+00 3.305367e-02
-2.550000e-01 1.189756e+00 3.335985e-02
-2.400000e-01 1.189756e+00 3.372845e-02
-2.250000e-01 1.189756e+00 3.417330e-02
-2.100000e-01 1.189756e+00 3.471256e-02
-1.950000e-01 1.189756e+00 3.537023e-02
-1.800000e-01 1.189756e+00 3.617837e-02
-1.650000e-01 1.189756e+00 3.718094e-02
-1.500000e-01 1.189756e+00 3.844102e-02
-1.350000e-01 1.189756e+00 4.005608e-02
-1.200000e-01 1.189756e+00 4.219253e-02
-1.050000e-01 1.189756e+00 4.516456e-02
-9.000000e-02 1.189756e+00 4.959359e-02
-7.500000e-02 1.189756e+00 5.654808e-02
-6.000000e-02 1.189756e+00 6.681199e-02
-4.500000e-02 1.189756e+00 7.874726e-02
-3.000000e-02 1.189756e+00 8.906513e-02
-1.500000e-02 1.189756e+00 9.576878e-02
5.551115e-17 1.189756e+00 9.807736e-02
1.500000e-02 1.189756e+00 9.576878e-02
3.000000e-02 1.189756e+00 8.906513e-02
4.500000e-02 1.189756e+00 7.874726e-02
6.000000e-02 1.189756e+00 6.681199e-02
7.500000e-02 1.189756e+00 5.654808e-02
9.000000e-02 1.189756e+00 4.959359e-02
1.050000e-01 1.189756e+00 4.516456e-02
1.200000e-01 1.189756e+00 4.219253e-02
1.350000e-01 1.189756e+00 4.005608e-02
1.500000e-01 1.189756e+00 3.844102e-02
1.650000e-01 1.189756e+00 3.718094e-02
1.800000e-01 1.189756e+00 3.617837e-02
1.950000e-01 1.189756e+00 3.537023e-02
2.100000e-01 1.189756e+00 3.471256e-02
2.250000e-01 1.189756e+00 3.417330e-02
2.400000e-01 1.189756e+00 3.372845e-02
2.550000e-01 1.189756e+00 3.335985e-02
2.700000e-01 1.189756e+00 3.305367e-02
2.850000e-01 1.189756e+00 3.279924e-02
3.000000e-01 1.189756e+00 3.258817e-02
-3.000000e-01 1.203421e+00 3.199236e-02
-2.850000e-01 1.203421e+00 3.219803e-02
-2.700000e-01 1.203421e+00 3.244607e-02
-2.550000e-01 1.203421e+00 3.274470e-02
-2.400000e-01 1.203421e+00 3.310440e-02
-2.250000e-01 1.203421e+00 3.353883e-02
-2.100000e-01 1.203421e+00 3.406596e-02
-1.950000e-01 1.203421e+00 3.470966e-02
-1.800000e-01 1.203421e+00 3.550210e-02
-1.650000e-01 1.203421e+00 3.648784e-02
-1.500000e-01 1.203421e+00 3.773180e-02
-1.350000e-01 1.203421e+00 3.933622e-02
-1.200000e-01 1.203421e+00 4.147904e-02
-1.050000e-01 1.203421e+00 4.450235e-02
-9.000000e-02 1.203421e+00 4.909222e-02
-7.500000e-02 1.203421e+00 5.644024e-02
-6.000000e-02 1.203421e+00 6.743149e-02
-4.500000e-02 1.203421e+00 8.026266e-02
-3.000000e-02 1.203421e+00 9.132982e-02
-1.500000e-02 1.203421e+00 9.849756e-02
5.551115e-17 1.203421e+00 1.009618e-01
1.500000e-02 1.203421e+00 9.849756e-02
3.000000e-02 1.203421e+00 9.132982e-02
4.500000e-02 1.203421e+00 8.026266e-02
6.000000e-02 1.203421e+00 6.743149e-02
7.500000e-02 1.203421e+00 5.644024e-02
9.000000e-02 1.203421e+00 4.909222e-02
1.050000e-01 1.203421e+00 4.450235e-02
1.200000e-01 1.203421e+00 4.147904e-02
1.350000e-01 1.203421e+00 3.933622e-02
1.500000e-01 1.203421e+00 3.773180e-02
1.650000e-01 1.203421e+00 3.648784e-02
1.800000e-01 1.203421e+00 3.550210e-02
1.950000e-01 1.203421e+00 3.470966e-02
2.100000e-01 1.203421e+00 3.406596e-02
2.250000e-01 1.203421e+00 3.353883e-02
2.400000e-01 1.203421e+00 3.310440e-02
2.550000e-01 1.203421e+00 3.274470e-02
2.700000e-01 1.203421e+00 3.244607e-02
2.850000e-01 1.203421e+00 3.219803e-02
3.000000e-01 1.203421e+00 3.199236e-02
-3.000000e-01 1.217085e+00 3.141297e-02
-2.850000e-01 1.217085e+00 3.161348e-02
-2.700000e-01 1.217085e+00 3.185540e-02
-2.550000e-01 1.217085e+00 3.214681e-02
-2.400000e-01 1.217085e+00 3.249804e-02
-2.250000e-01 1.217085e+00 3.292257e-02
-2.100000e-01 1.217085e+00 3.343821e-02
-1.950000e-01 1.217085e+00 3.406876e-02
-1.800000e-01 1.217085e+00 3.484654e-02
-1.650000e-01 1.217085e+00 3.581683e-02
-1.500000e-01 1.217085e+00 3.704654e-02
-1.350000e-01 1.217085e+00 3.864289e-02
-1.200000e-01 1.217085e+00 4.079584e-02
-1.050000e-01 1.217085e+00 4.387624e-02
-9.000000e-02 1.217085e+00 4.863661e-02
-7.500000e-02 1.217085e+00 5.639492e-02
-6.000000e-02 1.217085e+00 6.814018e-02
-4.500000e-02 1.217085e+00 8.190050e-02
-3.000000e-02 1.217085e+00 9.374793e-02
-1.500000e-02 1.217085e+00 1.014013e-01
5.551115e-17 1.217085e+00 1.040289e-01
1.500000e-02 1.217085e+00 1.014013e-01
3.000000e-02 1.217085e+00 9.374793e-02
4.500000e-02 1.217085e+00 8.190050e-02
6.000000e-02 1.217085e+00 6.814018e-02
7.500000e-02 1.217085e+00 5.639492e-02
9.000000e-02 1.217085e+00 4.863661e-02
1.050000e-01 1.217085e+00 4.387624e-02
1.200000e-01 1.217085e+00 4.079584e-02
1.350000e-01 1.217085e+00 3.864289e-02
1.500000e-01 1.217085e+00 3.704654e-02
1.650000e-01 1.217085e+00 3.581683e-02
1.800000e-01 1.217085e+00 3.484654e-02
1.950000e-01 1.217085e+00 3.406876e-02
2.100000e-01 1.217085e+00 3.343821e-02
2.250000e-01 1.217085e+00 3.292257e-02
2.400000e-01 1.217085e+00 3.249804e-02
2.550000e-01 1.217085e+00 3.214681e-02
2.700000e-01 1.217085e+00 3.185540e-02
2.850000e-01 1.217085e+00 3.161348e-02
3.000000e-01 1.217085e+00 3.141297e-02
-3.000000e-01 1.230749e+00 3.084945e-02
-2.850000e-01 1.230749e+00 3.104501e-02
-2.700000e-01 1.230749e+00 3.128107e-02
-2.550000e-01 1.230749e+00 3.156559e-02
-2.400000e-01 1.230749e+00 3.190876e-02
-2.250000e-01 1.230749e+00 3.232389e-02
-2.100000e-01 1.230749e+00 3.282867e-02
-1.950000e-01 1.230749e+00 3.344688e-02
-1.800000e-01 1.230749e+00 3.421105e-02
-1.650000e-01 1.230749e+00 3.516725e-02
-1.500000e-01 1.230749e+00 3.638458e-02
-1.350000e-01 1.230749e+00 3.797547e-02
-1.200000e-01 1.230749e+00 4.014240e-02
-1.050000e-01 1.230749e+00 4.328595e-02
-9.000000e-02 1.230749e+00 4.822711e-02
-7.500000e-02 1.230749e+00 5.641375e-02
-6.000000e-02 1.230749e+00 6.894208e-02
-4.500000e-02 1.230749e+00 8.366795e-02
-3.000000e-02 1.230749e+00 9.632954e-02
-1.500000e-02 1.230749e+00 1.044920e-01
5.551115e-17 1.230749e+00 1.072914e-01
1.500000e-02 1.230749e+00 1.044920e-01
3.000000e-02 1.230749e+00 9.632954e-02
4.500000e-02 1.230749e+00 8.366795e-02
6.000000e-02 1.230749e+00 6.894208e-02
7.500000e-02 1.230749e+00 5.641375e-02
9.000000e-02 1.230749e+00 4.822711e-02
1.050000e-01 1.230749e+00 4.328595e-02
1.200000e-01 1.230749e+00 4.014240e-02
1.350000e-01 1.230749e+00 3.797547e-02
1.500000e-01 1.230749e+00 3.638458e-02
1.650000e-01 1.230749e+00 3.516725e-02
1.800000e-01 1.230749e+00 3.421105e-02
1.950000e-01 1.230749e+00 3.344688e-02
2.100000e-01 1.230749e+00 3.282867e-02
2.250000e-01 1.230749e+00 3.232389e-02
2.400000e-01 1.230749e+00 3.190876e-02
2.550000e-01 1.230749e+00 3.156559e-02
2.700000e-01 1.230749e+00 3.128107e-02
2.850000e-01 1.230749e+00 3.104501e-02
3.000000e-01 1.230749e+00 3.084945e-02
-3.000000e-01 1.244413e+00 3.030124e-02
-2.850000e-01 1.244413e+00 3.049206e-02
-2.700000e-01 1.244413e+00 3.072253e-02
-2.550000e-01 1.244413e+00 3.100048e-02
-2.400000e-01 1.244413e+00 3.133597e-02
-2.250000e-01 1.244413e+00 3.174219e-02
-2.100000e-01 1.244413e+00 3.223675e-02
-1.950000e-01 1.244413e+00 3.284341e-02
-1.800000e-01 1.244413e+00 3.359500e-02
-1.650000e-01 1.244413e+00 3.453850e-02
-1.500000e-01 1.244413e+00 3.574530e-02
-1.350000e-01 1.244413e+00 3.733340e-02
-1.200000e-01 1.244413e+00 3.951829e-02
-1.050000e-01 1.244413e+00 4.273136e-02
-9.000000e-02 1.244413e+00 4.786424e-02
-7.500000e-02 1.244413e+00 5.649869e-02
-6.000000e-02 1.244413e+00 6.984174e-02
-4.500000e-02 1.244413e+00 8.557290e-02
-3.000000e-02 1.244413e+00 9.908573e-02
-1.500000e-02 1.244413e+00 1.077830e-01
5.551115e-17 1.244413e+00 1.107634e-01
1.500000e-02 1.244413e+00 1.077830e-01
3.000000e-02 1.244413e+00 9.908573e-02
4.500000e-02 1.244413e+00 8.557290e-02
6.000000e-02 1.244413e+00 6.984174e-02
7.500000e-02 1.244413e+00 5.649869e-02
9.000000e-02 1.244413e+00 4.786424e-02
1.050000e-01 1.244413e+00 4.273136e-02
1.200000e-01 1.244413e+00 3.951829e-02
1.350000e-01 1.244413e+00 3.733340e-02
1.500000e-01 1.244413e+00 3.574530e-02
1.650000e-01 1.244413e+00 3.453850e-02
1.800000e-01 1.244413e+00 3.359500e-02
1.950000e-01 1.244413e+00 3.284341e-02
2.100000e-01 1.244413e+00 3.223675e-02
2.250000e-01 1.244413e+00 3.174219e-02
2.400000e-01 1.244413e+00 3.133597e-02
2.550000e-01 1.244413e+00 3.100048e-02
2.700000e-01 1.244413e+00 3.072253e-02
2.850000e-01 1.244413e+00 3.049206e-02
3.000000e-01 1.244413e+00 3.030124e-02
-3.000000e-01 1.258078e+00 2.976782e-02
-2.850000e-01 1.258078e+00 2.995411e-02
-2.700000e-01 1.258078e+00 3.017923e-02
-2.550000e-01 1.258078e+00 3.045092e-02
-2.400000e-01 1.258078e+00 3.077913e-02
-2.250000e-01 1.258078e+00 3.117694e-02
-2.100000e-01 1.258078e+00 3.166188e-02
-1.950000e-01 1.258078e+00 3.225779e-02
-1.800000e-01 1.258078e+00 3.299783e-02
-1.650000e-01 1.258078e+00 3.393000e-02
-1.500000e-01 1.258078e+00 3.512819e-02
-1.350000e-01 1.258078e+00 3.671621e-02
-1.200000e-01 1.258078e+00 3.892318e-02
-1.050000e-01 1.258078e+00 4.221244e-02
-9.000000e-02 1.258078e+00 4.754870e-02
-7.500000e-02 1.258078e+00 5.665201e-02
-6.000000e-02 1.258078e+00 7.084423e-02
-4.500000e-02 1.258078e+00 8.762410e-02
-3.000000e-02 1.258078e+00 1.020287e-01
-1.500000e-02 1.258078e+00 1.112891e-01
5.551115e-17 1.258078e+00 1.144605e-01
1.500000e-02 1.258078e+00 1.112891e-01
3.000000e-02 1.258078e+00 1.020287e-01
4.500000e-02 1.258078e+00 8.762410e-02
6.000000e-02 1.258078e+00 7.084423e-02
7.500000e-02 1.258078e+00 5.665201e-02
9.000000e-02 1.258078e+00 4.754870e-02
1.050000e-01 1.258078e+00 4.221244e-02
1.200000e-01 1.258078e+00 3.892318e-02
1.350000e-01 1.258078e+00 3.671621e-02
1.500000e-01 1.258078e+00 3.512819e-02
1.650000e-01 1.258078e+00 3.393000e-02
1.800000e-01 1.258078e+00 3.299783e-02
1.950000e-01 1.258078e+00 3.225779e-02
2.100000e-01 1.258078e+00 3.166188e-02
2.250000e-01 1.258078e+00 3.117694e-02
2.400000e-01 1.258078e+00 3.077913e-02
2.550000e-01 1.258078e+00 3.045092e-02
2.700000e-01 1.258078e+00 3.017923e-02
2.850000e-01 1.258078e+00 2.995411e-02
3.000000e-01 1.258078e+00 2.976782e-02
-3.000000e-01 1.271742e+00 2.924872e-02
-2.850000e-01 1.271742e+00 2.943066e-02
-2.700000e-01 1.271742e+00 2.965068e-02
-2.550000e-01 1.271742e+00 2.991642e-02
-2.400000e-01 1.271742e+00 3.023772e-02
-2.250000e-01 1.271742e+00 3.062760e-02
-2.100000e-01 1.271742e+00 3.110353e-02
-1.950000e-01 1.271742e+00 3.168948e-02
-1.800000e-01 1.271742e+00 3.241901e-02
-1.650000e-01 1.271742e+00 3.334125e-02
-1.500000e-01 1.271742e+00 3.453275e-02
-1.350000e-01 1.271742e+00 3.612351e-02
-1.200000e-01 1.271742e+00 3.835684e-02
-1.050000e-01 1.271742e+00 4.172935e-02
-9.000000e-02 1.271742e+00 4.728146e-02
-7.500000e-02 1.271742e+00 5.687635e-02
-6.000000e-02 1.271742e+00 7.195522e-02
-4.500000e-02 1.271742e+00 8.983120e-02
-3.000000e-02 1.271742e+00 1.051719e-01
-1.500000e-02 1.271742e+00 1.150262e-01
5.551115e-17 1.271742e+00 1.183998e-01
1.500000e-02 1.271742e+00 1.150262e-01
3.000000e-02 1.271742e+00 1.051719e-01
4.500000e-02 1.271742e+00 8.983120e-02
6.000000e-02 1.271742e+00 7.195522e-02
7.500000e-02 1.271742e+00 5.687635e-02
9.000000e-02 1.271742e+00 4.728146e-02
1.050000e-01 1.271742e+00 4.172935e-02
1.200000e-01 1.271742e+00 3.835684e-02
1.350000e-01 1.271742e+00 3.612351e-02
1.500000e-01 1.271742e+00 3.453275e-02
1.650000e-01 1.271742e+00 3.334125e-02
1.800000e-01 1.271742e+00 3.241901e-02
1.950000e-01 1.271742e+00 3.168948e-02
2.100000e-01 1.271742e+00 3.110353e-02
2.250000e-01 1.271742e+00 3.062760e-02
2.400000e-01 1.271742e+00 3.023772e-02
2.550000e-01 1.271742e+00 2.991642e-02
2.700000e-01 1.271742e+00 2.965068e-02
2.850000e-01 1.271742e+00 2.943066e-02
3.000000e-01 1.271742e+00 2.924872e-02
-3.000000e-01 1.285406e+00 2.874345e-02
-2.850000e-01 1.285406e+00 2.892124e-02
-2.700000e-01 1.285406e+00 2.913640e-02
-2.550000e-01 1.285406e+00 2.939649e-02
-2.400000e-01 1.285406e+00 2.971127e-02
-2.250000e-01 1.285406e+00 3.009368e-02
-2.100000e-01 1.285406e+00 3.056122e-02
-1.950000e-01 1.285406e+00 3.113799e-02
-1.800000e-01 1.285406e+00 3.185805e-02
-1.650000e-01 1.285406e+00 3.277178e-02
-1.500000e-01 1.285406e+00 3.395858e-02
-1.350000e-01 1.285406e+00 3.555496e-02
-1.200000e-01 1.285406e+00 3.781914e-02
-1.050000e-01 1.285406e+00 4.128236e-02
-9.000000e-02 1.285406e+00 4.706368e-02
-7.500000e-02 1.285406e+00 5.717475e-02
-6.000000e-02 1.285406e+00 7.318105e-02
-4.500000e-02 1.285406e+00 9.220489e-02
-3.000000e-02 1.285406e+00 1.085302e-01
-1.500000e-02 1.285406e+00 1.190122e-01
5.551115e-17 1.285406e+00 1.226002e-01
1.500000e-02 1.285406e+00 1.190122e-01
3.000000e-02 1.285406e+00 1.085302e-01
4.500000e-02 1.285406e+00 9.220489e-02
6.000000e-02 1.285406e+00 7.318105e-02
7.500000e-02 1.285406e+00 5.717475e-02
9.000000e-02 1.285406e+00 4.706368e-02
1.050000e-01 1.285406e+00 4.128236e-02
1.200000e-01 1.285406e+00 3.781914e-02
1.350000e-01 1.285406e+00 3.555496e-02
1.500000e-01 1.285406e+00 3.395858e-02
1.650000e-01 1.285406e+00 3.277178e-02
1.800000e-01 1.285406e+00 3.185805e-02
1.950000e-01 1.285406e+00 3.113799e-02
2.100000e-01 1.285406e+00 3.056122e-02
2.250000e-01 1.285406e+00 3.009368e-02
2.400000e-01 1.285406e+00 2.971127e-02
2.550000e-01 1.285406e+00 2.939649e-02
2.700000e-01 1.285406e+00 2.913640e-02
2.850000e-01 1.285406e+00 2.892124e-02
3.000000e-01 1.285406e+00 2.874345e-02
-3.000000e-01 1.299070e+00 2.825157e-02
-2.850000e-01 1.299070e+00 2.842540e-02
-2.700000e-01 1.299070e+00 2.863595e-02
-2.550000e-01 1.299070e+00 2.889068e-02
-2.400000e-01 1.299070e+00 2.919930e-02
-2.250000e-01 1.299070e+00 2.957473e-02
-2.100000e-01 1.299070e+00 3.003449e-02
-1.950000e-01 1.299070e+00 3.060287e-02
-1.800000e-01 1.299070e+00 3.131453e-02
-1.650000e-01 1.299070e+00 3.222118e-02
-1.500000e-01 1.299070e+00 3.340533e-02
-1.350000e-01 1.299070e+00 3.501034e-02
-1.200000e-01 1.299070e+00 3.731009e-02
-1.050000e-01 1.299070e+00 4.087195e-02
-9.000000e-02 1.299070e+00 4.689681e-02
-7.500000e-02 1.299070e+00 5.755067e-02
-6.000000e-02 1.299070e+00 7.452880e-02
-4.500000e-02 1.299070e+00 9.475698e-02
-3.000000e-02 1.299070e+00 1.121199e-01
-1.500000e-02 1.299070e+00 1.232669e-01
5.551115e-17 1.299070e+00 1.270824e-01
1.500000e-02 1.299070e+00 1.232669e-01
3.000000e-02 1.299070e+00 1.121199e-01
4.500000e-02 1.299070e+00 9.475698e-02
6.000000e-02 1.299070e+00 7.452880e-02
7.500000e-02 1.299070e+00 5.755067e-02
9.000000e-02 1.299070e+00 4.689681e-02
1.050000e-01 1.299070e+00 4.087195e-02
1.200000e-01 1.299070e+00 3.731009e-02
1.350000e-01 1.299070e+00 3.501034e-02
1.500000e-01 1.299070e+00 3.340533e-02
1.650000e-01 1.299070e+00 3.222118e-02
1.800000e-01 1.299070e+00 3.131453e-02
1.950000e-01 1.299070e+00 3.060287e-02
2.100000e-01 1.299070e+00 3.003449e-02
2.250000e-01 1.299070e+00 2.957473e-02
2.400000e-01 1.299070e+00 2.919930e-02
2.550000e-01 1.299070e+00 2.889068e-02
2.700000e-01 1.299070e+00 2.863595e-02
2.850000e-01 1.299070e+00 2.842540e-02
3.000000e-01 1.299070e+00 2.825157e-02
-3.000000e-01 1.312735e+00 2.777267e-02
-2.850000e-01 1.312735e+00 2.794273e-02
-2.700000e-01 1.312735e+00 2.814888e-02
-2.550000e-01 1.312735e+00 2.839855e-02
-2.400000e-01 1.312735e+00 2.870140e-02
-2.250000e-01 1.312735e+00 2.907032e-02
-2.100000e-01 1.312735e+00 2.952291e-02
-1.950000e-01 1.312735e+00 3.008372e-02
-1.800000e-01 1.312735e+00 3.078805e-02
-1.650000e-01 1.312735e+00 3.168912e-02
-1.500000e-01 1.312735e+00 3.287271e-02
-1.350000e-01 1.312735e+00 3.448951e-02
-1.200000e-01 1.312735e+00 3.682979e-02
-1.050000e-01 1.312735e+00 4.049873e-02
-9.000000e-02 1.312735e+00 4.678256e-02
-7.500000e-02 1.312735e+00 5.800805e-02
-6.000000e-02 1.312735e+00 7.600633e-02
-4.500000e-02 1.312735e+00 9.750059e-02
-3.000000e-02 1.312735e+00 1.159594e-01
-1.500000e-02 1.312735e+00 1.278119e-01
5.551115e-17 1.312735e+00 1.318697e-01
1.500000e-02 1.312735e+00 1.278119e-01
3.000000e-02 1.312735e+00 1.159594e-01
4.500000e-02 1.312735e+00 9.750059e-02
6.000000e-02 1.312735e+00 7.600633e-02
7.500000e-02 1.312735e+00 5.800805e-02
9.000000e-02 1.312735e+00 4.678256e-02
1.050000e-01 1.312735e+00 4.049873e-02
1.200000e-01 1.312735e+00 3.682979e-02
1.350000e-01 1.312735e+00 3.448951e-02
1.500000e-01 1.312735e+00 3.287271e-02
1.650000e-01 1.312735e+00 3.168912e-02
1.800000e-01 1.312735e+00 3.078805e-02
1.950000e-01 1.312735e+00 3.008372e-02
2.100000e-01 1.312735e+00 2.952291e-02
2.250000e-01 1.312735e+00 2.907032e-02
2.400000e-01 1.312735e+00 2.870140e-02
2.550000e-01 1.312735e+00 2.839855e-02
2.700000e-01 1.312735e+00 2.814888e-02
2.850000e-01 1.312735e+00 2.794273e-02
3.000000e-01 1.312735e+00 2.777267e-02
-3.000000e-01 1.326399e+00 2.730635e-02
-2.850000e-01 1.326399e+00 2.747282e-02
-2.700000e-01 1.326399e+00 2.767481e-02
-2.550000e-01 1.326399e+00 2.791972e-02
-2.400000e-01 1.326399e+00 2.821717e-02
-2.250000e-01 1.326399e+00 2.858006e-02
-2.100000e-01 1.326399e+00 2.902611e-02
-1.950000e-01 1.326399e+00 2.958017e-02
-1.800000e-01 1.326399e+00 3.027828e-02
-1.650000e-01 1.326399e+00 3.117528e-02
-1.500000e-01 1.326399e+00 3.236053e-02
-1.350000e-01 1.326399e+00 3.399240e-02
-1.200000e-01 1.326399e+00 3.637848e-02
-1.050000e-01 1.326399e+00 4.016354e-02
-9.000000e-02 1.326399e+00 4.672295e-02
-7.500000e-02 1.326399e+00 5.855136e-02
-6.000000e-02 1.326399e+00 7.762245e-02
-4.500000e-02 1.326399e+00 1.004502e-01
-3.000000e-02 1.326399e+00 1.200685e-01
-1.500000e-02 1.326399e+00 1.326714e-01
5.551115e-17 1.326399e+00 1.369877e-01
1.500000e-02 1.326399e+00 1.326714e-01
3.000000e-02 1.326399e+00 1.200685e-01
4.500000e-02 1.326399e+00 1.004502e-01
6.000000e-02 1.326399e+00 7.762245e-02
7.500000e-02 1.326399e+00 5.855136e-02
9.000000e-02 1.326399e+00 4.672295e-02
1.050000e-01 1.326399e+00 4.016354e-02
1.200000e-01 1.326399e+00 3.637848e-02
1.350000e-01 1.326399e+00 3.399240e-02
1.500000e-01 1.326399e+00 3.236053e-02
1.650000e-01 1.326399e+00 3.117528e-02
1.800000e-01 1.326399e+00 3.027828e-02
1.950000e-01 1.326399e+00 2.958017e-02
2.100000e-01 1.326399e+00 2.902611e-02
2.250000e-01 1.326399e+00 2.858006e-02
2.400000e-01 1.326399e+00 2.821717e-02
2.550000e-01 1.326399e+00 2.791972e-02
2.700000e-01 1.326399e+00 2.767481e-02
2.850000e-01 1.326399e+00 2.747282e-02
3.000000e-01 1.326399e+00 2.730635e-02
-3.000000e-01 1.340063e+00 2.685224e-02
-2.850000e-01 1.340063e+00 2.701530e-02
-2.700000e-01 1.340063e+00 2.721337e-02
-2.550000e-01 1.340063e+00 2.745381e-02
-2.400000e-01 1.340063e+00 2.774623e-02
-2.250000e-01 1.340063e+00 2.810358e-02
-2.100000e-01 1.340063e+00 2.854372e-02
-1.950000e-01 1.340063e+00 2.909188e-02
-1.800000e-01 1.340063e+00 2.978491e-02
-1.650000e-01 1.340063e+00 3.067945e-02
-1.500000e-01 1.340063e+00 3.186864e-02
-1.350000e-01 1.340063e+00 3.351907e-02
-1.200000e-01 1.340063e+00 3.595656e-02
-1.050000e-01 1.340063e+00 3.986742e-02
-9.000000e-02 1.340063e+00 4.672036e-02
-7.500000e-02 1.340063e+00 5.918565e-02
-6.000000e-02 1.340063e+00 7.938697e-02
-4.500000e-02 1.340063e+00 1.036220e-01
-3.000000e-02 1.340063e+00 1.244698e-01
-1.500000e-02 1.340063e+00 1.378723e-01
5.551115e-17 1.340063e+00 1.424649e-01
1.500000e-02 1.340063e+00 1.378723e-01
3.000000e-02 1.340063e+00 1.244698e-01
4.500000e-02 1.340063e+00 1.036220e-01
6.000000e-02 1.340063e+00 7.938697e-02
7.500000e-02 1.340063e+00 5.918565e-02
9.000000e-02 1.340063e+00 4.672036e-02
1.050000e-01 1.340063e+00 3.986742e-02
1.200000e-01 1.340063e+00 3.595656e-02
1.350000e-01 1.340063e+00 3.351907e-02
1.500000e-01 1.340063e+00 3.186864e-02
1.650000e-01 1.340063e+00 3.067945e-02
1.800000e-01 1.340063e+00 2.978491e-02
1.950000e-01 1.340063e+00 2.909188e-02
2.100000e-01 1.340063e+00 2.854372e-02
2.250000e-01 1.340063e+00 2.810358e-02
2.400000e-01 1.340063e+00 2.774623e-02
2.550000e-01 1.340063e+00 2.745381e-02
2.700000e-01 1.340063e+00 2.721337e-02
2.850000e-01 1.340063e+00 2.701530e-02
3.000000e-01 1.340063e+00 2.685224e-02
-3.000000e-01 1.353728e+00 2.640999e-02
-2.850000e-01 1.353728e+00 2.656982e-02
-2.700000e-01 1.353728e+00 2.676420e-02
-2.550000e-01 1.353728e+00 2.700047e-02
-2.400000e-01 1.353728e+00 2.728825e-02
-2.250000e-01 1.353728e+00 2.764056e-02
-2.100000e-01 1.353728e+00 2.807545e-02
-1.950000e-01 1.353728e+00 2.861857e-02
-1.800000e-01 1.353728e+00 2.930771e-02
-1.650000e-01 1.353728e+00 3.020145e-02
-1.500000e-01 1.353728e+00 3.139700e-02
-1.350000e-01 1.353728e+00 3.306969e-02
-1.200000e-01 1.353728e+00 3.556455e-02
-1.050000e-01 1.353728e+00 3.961163e-02
-9.000000e-02 1.353728e+00 4.677753e-02
-7.500000e-02 1.353728e+00 5.991665e-02
-6.000000e-02 1.353728e+00 8.131085e-02
-4.500000e-02 1.353728e+00 1.070340e-01
-3.000000e-02 1.353728e+00 1.291880e-01
-1.500000e-02 1.353728e+00 1.434445e-01
5.551115e-17 1.353728e+00 1.483330e-01
1.500000e-02 1.353728e+00 1.434445e-01
3.000000e-02 1.353728e+00 1.291880e-01
4.500000e-02 1.353728e+00 1.070340e-01
6.000000e-02 1.353728e+00 8.131085e-02
7.500000e-02 1.353728e+00 5.991665e-02
9.000000e-02 1.353728e+00 4.677753e-02
1.050000e-01 1.353728e+00 3.961163e-02
1.200000e-01 1.353728e+00 3.556455e-02
1.350000e-01 1.353728e+00 3.306969e-02
1.500000e-01 1.353728e+00 3.139700e-02
1.650000e-01 1.353728e+00 3.020145e-02
1.800000e-01 1.353728e+00 2.930771e-02
1.950000e-01 1.353728e+00 2.861857e-02
2.100000e-01 1.353728e+00 2.807545e-02
2.250000e-01 1.353728e+00 2.764056e-02
2.400000e-01 1.353728e+00 2.728825e-02
2.550000e-01 1.353728e+00 2.700047e-02
2.700000e-01 1.353728e+00 2.676420e-02
2.850000e-01 1.353728e+00 2.656982e-02
3.000000e-01 1.353728e+00 2.640999e-02
-3.000000e-01 1.367392e+00 2.597928e-02
-2.850000e-01 1.367392e+00 2.613606e-02
-2.700000e-01 1.367392e+00 2.632698e-02
-2.550000e-01 1.367392e+00 2.655939e-02
-2.400000e-01 1.367392e+00 2.684292e-02
-2.250000e-01 1.367392e+00 2.719071e-02
-2.100000e-01 1.367392e+00 2.762102e-02
-1.950000e-01 1.367392e+00 2.816001e-02
-1.800000e-01 1.367392e+00 2.884650e-02
-1.650000e-01 1.367392e+00 2.974119e-02
-1.500000e-01 1.367392e+00 3.094567e-02
-1.350000e-01 1.367392e+00 3.264453e-02
-1.200000e-01 1.367392e+00 3.520319e-02
-1.050000e-01 1.367392e+00 3.939772e-02
-9.000000e-02 1.367392e+00 4.689764e-02
-7.500000e-02 1.367392e+00 6.075080e-02
-6.000000e-02 1.367392e+00 8.340631e-02
-4.500000e-02 1.367392e+00 1.107060e-01
-3.000000e-02 1.367392e+00 1.342508e-01
-1.500000e-02 1.367392e+00 1.494213e-01
5.551115e-17 1.367392e+00 1.546274e-01
1.500000e-02 1.367392e+00 1.494213e-01
3.000000e-02 1.367392e+00 1.342508e-01
4.500000e-02 1.367392e+00 1.107060e-01
6.000000e-02 1.367392e+00 8.340631e-02
7.500000e-02 1.367392e+00 6.075080e-02
9.000000e-02 1.367392e+00 4.689764e-02
1.050000e-01 1.367392e+00 3.939772e-02
1.200000e-01 1.367392e+00 3.520319e-02
1.350000e-01 1.367392e+00 3.264453e-02
1.500000e-01 1.367392e+00 3.094567e-02
1.650000e-01 1.367392e+00 2.974119e-02
1.800000e-01 1.367392e+00 2.884650e-02
1.950000e-01 1.367392e+00 2.816001e-02
2.100000e-01 1.367392e+00 2.762102e-02
2.250000e-01 1.367392e+00 2.719071e-02
2.400000e-01 1.367392e+00 2.684292e-02
2.550000e-01 1.367392e+00 2.655939e-02
2.700000e-01 1.367392e+00 2.632698e-02
2.850000e-01 1.367392e+00 2.613606e-02
3.000000e-01 1.367392e+00 2.597928e-02
-3.000000e-01 1.381056e+00 2.555981e-02
-2.850000e-01 1.381056e+00 2.571372e-02
-2.700000e-01 1.381056e+00 2.590143e-02
-2.550000e-01 1.381056e+00 2.613028e-02
-2.400000e-01 1.381056e+00 2.640998e-02
-2.250000e-01 1.381056e+00 2.675377e-02
-2.100000e-01 1.381056e+00 2.718020e-02
-1.950000e-01 1.381056e+00 2.771601e-02
-1.800000e-01 1.381056e+00 2.840116e-02
-1.650000e-01 1.381056e+00 2.929865e-02
-1.500000e-01 1.381056e+00 3.051478e-02
-1.350000e-01 1.381056e+00 3.224403e-02
-1.200000e-01 1.381056e+00 3.487338e-02
-1.050000e-01 1.381056e+00 3.922751e-02
-9.000000e-02 1.381056e+00 4.708434e-02
-7.500000e-02 1.381056e+00 6.169541e-02
-6.000000e-02 1.381056e+00 8.568704e-02
-4.500000e-02 1.381056e+00 1.146603e-01
-3.000000e-02 1.381056e+00 1.396891e-01
-1.500000e-02 1.381056e+00 1.558399e-01
5.551115e-17 1.381056e+00 1.613878e-01
1.500000e-02 1.381056e+00 1.558399e-01
3.000000e-02 1.381056e+00 1.396891e-01
4.500000e-02 1.381056e+00 1.146603e-01
6.000000e-02 1.381056e+00 8.568704e-02
7.500000e-02 1.381056e+00 6.169541e-02
9.000000e-02 1.381056e+00 4.708434e-02
1.050000e-01 1.381056e+00 3.922751e-02
1.200000e-01 1.381056e+00 3.487338e-02
1.350000e-01 1.381056e+00 3.224403e-02
1.500000e-01 1.381056e+00 3.051478e-02
1.650000e-01 1.381056e+00 2.929865e-02
1.800000e-01 1.381056e+00 2.840116e-02
1.950000e-01 1.381056e+00 2.771601e-02
2.100000e-01 1.381056e+00 2.718020e-02
2.250000e-01 1.381056e+00 2.675377e-02
2.400000e-01 1.381056e+00 2.640998e-02
2.550000e-01 1.381056e+00 2.613028e-02
2.700000e-01 1.381056e+00 2.590143e-02
2.850000e-01 1.381056e+00 2.571372e-02
3.000000e-01 1.381056e+00 2.555981e-02
-3.000000e-01 1.394720e+00 2.515130e-02
-2.850000e-01 1.394720e+00 2.530253e-02
-2.700000e-01 1.394720e+00 2.548727e-02
-2.550000e-01 1.394720e+00 2.571289e-02
-2.400000e-01 1.394720e+00 2.598917e-02
-2.250000e-01 1.394720e+00 2.632952e-02
-2.100000e-01 1.394720e+00 2.675283e-02
-1.950000e-01 1.394720e+00 2.728645e-02
-1.800000e-01 1.394720e+00 2.797165e-02
-1.650000e-01 1.394720e+00 2.887391e-02
-1.500000e-01 1.394720e+00 3.010460e-02
-1.350000e-01 1.394720e+00 3.186876e-02
-1.200000e-01 1.394720e+00 3.457626e-02
-1.050000e-01 1.394720e+00 3.910317e-02
-9.000000e-02 1.394720e+00 4.734182e-02
-7.500000e-02 1.394720e+00 6.275868e-02
-6.000000e-02 1.394720e+00 8.816839e-02
-4.500000e-02 1.394720e+00 1.189220e-01
-3.000000e-02 1.394720e+00 1.455375e-01
-1.500000e-02 1.394720e+00 1.627421e-01
5.551115e-17 1.394720e+00 1.686586e-01
1.500000e-02 1.394720e+00 1.627421e-01
3.000000e-02 1.394720e+00 1.455375e-01
4.500000e-02 1.394720e+00 1.189220e-01
6.000000e-02 1.394720e+00 8.816839e-02
7.500000e-02 1.394720e+00 6.275868e-02
9.000000e-02 1.394720e+00 4.734182e-02
1.050000e-01 1.394720e+00 3.910317e-02
1.200000e-01 1.394720e+00 3.457626e-02
1.350000e-01 1.394720e+00 3.186876e-02
1.500000e-01 1.394720e+00 3.010460e-02
1.650000e-01 1.394720e+00 2.887391e-02
1.800000e-01 1.394720e+00 2.797165e-02
1.950000e-01 1.394720e+00 2.728645e-02
2.100000e-01 1.394720e+00 2.675283e-02
2.250000e-01 1.394720e+00 2.632952e-02
2.400000e-01 1.394720e+00 2.598917e-02
2.550000e-01 1.394720e+00 2.571289e-02
2.700000e-01 1.394720e+00 2.548727e-02
2.850000e-01 1.394720e+00 2.530253e-02
3.000000e-01 1.394720e+00 2.515130e-02
-3.000000e-01 1.408385e+00 2.475352e-02
-2.850000e-01 1.408385e+00 2.490226e-02
-2.700000e-01 1.408385e+00 2.508428e-02
-2.550000e-01 1.408385e+00 2.530700e-02
-2.400000e-01 1.408385e+00 2.558031e-02
-2.250000e-01 1.408385e+00 2.591781e-02
-2.100000e-01 1.408385e+00 2.633876e-02
-1.950000e-01 1.408385e+00 2.687127e-02
-1.800000e-01 1.408385e+00 2.755799e-02
-1.650000e-01 1.408385e+00 2.846714e-02
-1.500000e-01 1.408385e+00 2.971553e-02
-1.350000e-01 1.408385e+00 3.151947e-02
-1.200000e-01 1.408385e+00 3.431319e-02
-1.050000e-01 1.408385e+00 3.902724e-02
-9.000000e-02 1.408385e+00 4.767490e-02
-7.500000e-02 1.408385e+00 6.394992e-02
-6.000000e-02 1.408385e+00 9.086755e-02
-4.500000e-02 1.408385e+00 1.235189e-01
-3.000000e-02 1.408385e+00 1.518347e-01
-1.500000e-02 1.408385e+00 1.701748e-01
5.551115e-17 1.408385e+00 1.764898e-01
1.500000e-02 1.408385e+00 1.701748e-01
3.000000e-02 1.408385e+00 1.518347e-01
4.500000e-02 1.408385e+00 1.235189e-01
6.000000e-02 1.408385e+00 9.086755e-02
7.500000e-02 1.408385e+00 6.394992e-02
9.000000e-02 1.408385e+00 4.767490e-02
1.050000e-01 1.408385e+00 3.902724e-02
1.200000e-01 1.408385e+00 3.431319e-02
1.350000e-01 1.408385e+00 3.151947e-02
1.500000e-01 1.408385e+00 2.971553e-02
1.650000e-01 1.408385e+00 2.846714e-02
1.800000e-01 1.408385e+00 2.755799e-02
1.950000e-01 1.408385e+00 2.687127e-02
2.100000e-01 1.408385e+00 2.633876e-02
2.250000e-01 1.408385e+00 2.591781e-02
2.400000e-01 1.408385e+00 2.558031e-02
2.550000e-01 1.408385e+00 2.530700e-02
2.700000e-01 1.408385e+00 2.508428e-02
2.850000e-01 1.408385e+00 2.490226e-02
3.000000e-01 1.408385e+00 2.475352e-02
-3.000000e-01 1.422049e+00 2.436624e-02
-2.850000e-01 1.422049e+00 2.451269e-02
-2.700000e-01 1.422049e+00 2.469226e-02
-2.550000e-01 1.422049e+00 2.491243e-02
-2.400000e-01 1.422049e+00 2.518323e-02
-2.250000e-01 1.422049e+00 2.551850e-02
-2.100000e-01 1.422049e+00 2.593794e-02
-1.950000e-01 1.422049e+00 2.647048e-02
-1.800000e-01 1.422049e+00 2.716030e-02
-1.650000e-01 1.422049e+00 2.807861e-02
-1.500000e-01 1.422049e+00 2.934809e-02
-1.350000e-01 1.422049e+00 3.119712e-02
-1.200000e-01 1.422049e+00 3.408585e-02
-1.050000e-01 1.422049e+00 3.900267e-02
-9.000000e-02 1.422049e+00 4.808907e-02
-7.500000e-02 1.422049e+00 6.527965e-02
-6.000000e-02 1.422049e+00 9.380386e-02
-4.500000e-02 1.422049e+00 1.284823e-01
-3.000000e-02 1.422049e+00 1.586243e-01
-1.500000e-02 1.422049e+00 1.781908e-01
5.551115e-17 1.422049e+00 1.849374e-01
1.500000e-02 1.422049e+00 1.781908e-01
3.000000e-02 1.422049e+00 1.586243e-01
4.500000e-02 1.422049e+00 1.284823e-01
6.000000e-02 1.422049e+00 9.380386e-02
7.500000e-02 1.422049e+00 6.527965e-02
9.000000e-02 1.422049e+00 4.808907e-02
1.050000e-01 1.422049e+00 3.900267e-02
1.200000e-01 1.422049e+00 3.408585e-02
1.350000e-01 1.422049e+00 3.119712e-02
1.500000e-01 1.422049e+00 2.934809e-02
1.650000e-01 1.422049e+00 2.807861e-02
1.800000e-01 1.422049e+00 2.716030e-02
1.950000e-01 1.422049e+00 2.647048e-02
2.100000e-01 1.422049e+00 2.593794e-02
2.250000e-01 1.422049e+00 2.551850e-02
2.400000e-01 1.422049e+00 2.518323e-02
2.550000e-01 1.422049e+00 2.491243e-02
2.700000e-01 1.422049e+00 2.469226e-02
2.850000e-01 1.422049e+00 2.451269e-02
3.000000e-01 1.422049e+00 2.436624e-02
-3.000000e-01 1.435713e+00 2.398928e-02
-2.850000e-01 1.435713e+00 2.413365e-02
-2.700000e-01 1.435713e+00 2.431105e-02
-2.550000e-01 1.435713e+00 2.452905e-02
-2.400000e-01 1.435713e+00 2.479784e-02
-2.250000e-01 1.435713e+00 2.513154e-02
-2.100000e-01 1.435713e+00 2.555037e-02
-1.950000e-01 1.435713e+00 2.608416e-02
-1.800000e-01 1.435713e+00 2.677881e-02
-1.650000e-01 1.435713e+00 2.770875e-02
-1.500000e-01 1.435713e+00 2.900300e-02
-1.350000e-01 1.435713e+00 3.090288e-02
-1.200000e-01 1.435713e+00 3.389621e-02
-1.050000e-01 1.435713e+00 3.903293e-02
-9.000000e-02 1.435713e+00 4.859065e-02
-7.500000e-02 1.435713e+00 6.675977e-02
-6.000000e-02 1.435713e+00 9.699910e-02
-4.500000e-02 1.435713e+00 1.338476e-01
-3.000000e-02 1.435713e+00 1.659554e-01
-1.500000e-02 1.435713e+00 1.868496e-01
5.551115e-17 1.435713e+00 1.940653e-01
1.500000e-02 1.435713e+00 1.868496e-01
3.000000e-02 1.435713e+00 1.659554e-01
4.500000e-02 1.435713e+00 1.338476e-01
6.000000e-02 1.435713e+00 9.699910e-02
7.500000e-02 1.435713e+00 6.675977e-02
9.000000e-02 1.435713e+00 4.859065e-02
1.050000e-01 1.435713e+00 3.903293e-02
1.200000e-01 1.435713e+00 3.389621e-02
1.350000e-01 1.435713e+00 3.090288e-02
1.500000e-01 1.435713e+00 2.900300e-02
1.650000e-01 1.435713e+00 2.770875e-02
1.800000e-01 1.435713e+00 2.677881e-02
1.950000e-01 1.435713e+00 2.608416e-02
2.100000e-01 1.435713e+00 2.555037e-02
2.250000e-01 1.435713e+00 2.513154e-02
2.400000e-01 1.435713e+00 2.479784e-02
2.550000e-01 1.435713e+00 2.452905e-02
2.700000e-01 1.435713e+00 2.431105e-02
2.850000e-01 1.435713e+00 2.413365e-02
3.000000e-01 1.435713e+00 2.398928e-02
-3.000000e-01 1.449378e+00 2.362251e-02
-2.850000e-01 1.449378e+00 2.376501e-02
-2.700000e-01 1.449378e+00 2.394053e-02
-2.550000e-01 1.449378e+00 2.415677e-02
-2.400000e-01 1.449378e+00 2.442408e-02
-2.250000e-01 1.449378e+00 2.475694e-02
-2.100000e-01 1.449378e+00 2.517613e-02
-1.950000e-01 1.449378e+00 2.571251e-02
-1.800000e-01 1.449378e+00 2.641386e-02
-1.650000e-01 1.449378e+00 2.735812e-02
-1.500000e-01 1.449378e+00 2.868116e-02
-1.350000e-01 1.449378e+00 3.063820e-02
-1.200000e-01 1.449378e+00 3.374665e-02
-1.050000e-01 1.449378e+00 3.912204e-02
-9.000000e-02 1.449378e+00 4.918686e-02
-7.500000e-02 1.449378e+00 6.840379e-02
-6.000000e-02 1.449378e+00 1.004778e-01
-4.500000e-02 1.449378e+00 1.396544e-01
-3.000000e-02 1.449378e+00 1.738836e-01
-1.500000e-02 1.449378e+00 1.962188e-01
5.551115e-17 1.449378e+00 2.039452e-01
1.500000e-02 1.449378e+00 1.962188e-01
3.000000e-02 1.449378e+00 1.738836e-01
4.500000e-02 1.449378e+00 1.396544e-01
6.000000e-02 1.449378e+00 1.004778e-01
7.500000e-02 1.449378e+00 6.840379e-02
9.000000e-02 1.449378e+00 4.918686e-02
1.050000e-01 1.449378e+00 3.912204e-02
1.200000e-01 1.449378e+00 3.374665e-02
1.350000e-01 1.449378e+00 3.063820e-02
1.500000e-01 1.449378e+00 2.868116e-02
1.650000e-01 1.449378e+00 2.735812e-02
1.800000e-01 1.449378e+00 2.641386e-02
1.950000e-01 1.449378e+00 2.571251e-02
2.100000e-01 1.449378e+00 2.517613e-02
2.250000e-01 1.449378e+00 2.475694e-02
2.400000e-01 1.449378e+00 2.442408e-02
2.550000e-01 1.449378e+00 2.415677e-02
2.700000e-01 1.449378e+00 2.394053e-02
2.850000e-01 1.449378e+00 2.376501e-02
3.000000e-01 1.449378e+00 2.362251e-02
-3.000000e-01 1.463042e+00 2.326582e-02
-2.850000e-01 1.463042e+00 2.340669e-02
-2.700000e-01 1.463042e+00 2.358065e-02
-2.550000e-01 1.463042e+00 2.379555e-02
-2.400000e-01 1.463042e+00 2.406198e-02
-2.250000e-01 1.463042e+00 2.439478e-02
-2.100000e-01 1.463042e+00 2.481539e-02
-1.950000e-01 1.463042e+00 2.535583e-02
-1.800000e-01 1.463042e+00 2.606592e-02
-1.650000e-01 1.463042e+00 2.702746e-02
-1.500000e-01 1.463042e+00 2.838371e-02
-1.350000e-01 1.463042e+00 3.040484e-02
-1.200000e-01 1.463042e+00 3.363997e-02
-1.050000e-01 1.463042e+00 3.927468e-02
-9.000000e-02 1.463042e+00 4.988599e-02
-7.500000e-02 1.463042e+00 7.022705e-02
-6.000000e-02 1.463042e+00 1.042679e-01
-4.500000e-02 1.463042e+00 1.459477e-01
-3.000000e-02 1.463042e+00 1.824716e-01
-1.500000e-02 1.463042e+00 2.063751e-01
5.551115e-17 1.463042e+00 2.146592e-01
1.500000e-02 1.463042e+00 2.063751e-01
3.000000e-02 1.463042e+00 1.824716e-01
4.500000e-02 1.463042e+00 1.459477e-01
6.000000e-02 1.463042e+00 1.042679e-01
7.500000e-02 1.463042e+00 7.022705e-02
9.000000e-02 1.463042e+00 4.988599e-02
1.050000e-01 1.463042e+00 3.927468e-02
1.200000e-01 1.463042e+00 3.363997e-02
1.350000e-01 1.463042e+00 3.040484e-02
1.500000e-01 1.463042e+00 2.838371e-02
1.650000e-01 1.463042e+00 2.702746e-02
1.800000e-01 1.463042e+00 2.606592e-02
1.950000e-01 1.463042e+00 2.535583e-02
2.100000e-01 1.463042e+00 2.481539e-02
2.250000e-01 1.463042e+00 2.439478e-02
2.400000e-01 1.463042e+00 2.406198e-02
2.550000e-01 1.463042e+00 2.379555e-02
2.700000e-01 1.463042e+00 2.358065e-02
2.850000e-01 1.463042e+00 2.340669e-02
3.000000e-01 1.463042e+00 2.326582e-02
-3.000000e-01 1.476706e+00 2.291917e-02
-2.850000e-01 1.476706e+00 2.305865e-02
-2.700000e-01 1.476706e+00 2.323141e-02
-2.550000e-01 1.476706e+00 2.344544e-02
-2.400000e-01 1.476706e+00 2.371162e-02
-2.250000e-01 1.476706e+00 2.404523e-02
-2.100000e-01 1.476706e+00 2.446844e-02
-1.950000e-01 1.476706e+00 2.501454e-02
-1.800000e-01 1.476706e+00 2.573564e-02
-1.650000e-01 1.476706e+00 2.671772e-02
-1.500000e-01 1.476706e+00 2.811205e-02
-1.350000e-01 1.476706e+00 3.020491e-02
-1.200000e-01 1.476706e+00 3.357947e-02
-1.050000e-01 1.476706e+00 3.949630e-02
-9.000000e-02 1.476706e+00 5.069757e-02
-7.500000e-02 1.476706e+00 7.224704e-02
-6.000000e-02 1.476706e+00 1.084007e-01
-4.500000e-02 1.476706e+00 1.527786e-01
-3.000000e-02 1.476706e+00 1.917909e-01
-1.500000e-02 1.476706e+00 2.174056e-01
5.551115e-17 1.476706e+00 2.263005e-01
1.500000e-02 1.476706e+00 2.174056e-01
3.000000e-02 1.476706e+00 1.917909e-01
4.500000e-02 1.476706e+00 1.527786e-01
6.000000e-02 1.476706e+00 1.084007e-01
7.500000e-02 1.476706e+00 7.224704e-02
9.000000e-02 1.476706e+00 5.069757e-02
1.050000e-01 1.476706e+00 3.949630e-02
1.200000e-01 1.476706e+00 3.357947e-02
1.350000e-01 1.476706e+00 3.020491e-02
1.500000e-01 1.476706e+00 2.811205e-02
1.650000e-01 1.476706e+00 2.671772e-02
1.800000e-01 1.476706e+00 2.573564e-02
1.950000e-01 1.476706e+00 2.501454e-02
2.100000e-01 1.476706e+00 2.446844e-02
2.250000e-01 1.476706e+00 2.404523e-02
2.400000e-01 1.476706e+00 2.371162e-02
2.550000e-01 1.476706e+00 2.344544e-02
2.700000e-01 1.476706e+00 2.323141e-02
2.850000e-01 1.476706e+00 2.305865e-02
3.000000e-01 1.476706e+00 2.291917e-02
-3.000000e-01 1.490370e+00 2.258258e-02
-2.850000e-01 1.490370e+00 2.272094e-02
-2.700000e-01 1.490370e+00 2.289287e-02
-2.550000e-01 1.490370e+00 2.310656e-02
-2.400000e-01 1.490370e+00 2.337320e-02
-2.250000e-01 1.490370e+00 2.370858e-02
-2.100000e-01 1.490370e+00 2.413569e-02
-1.950000e-01 1.490370e+00 2.468925e-02
-1.800000e-01 1.490370e+00 2.542388e-02
-1.650000e-01 1.490370e+00 2.643010e-02
-1.500000e-01 1.490370e+00 2.786791e-02
-1.350000e-01 1.490370e+00 3.004098e-02
-1.200000e-01 1.490370e+00 3.356907e-02
-1.050000e-01 1.490370e+00 3.979325e-02
-9.000000e-02 1.490370e+00 5.163256e-02
-7.500000e-02 1.490370e+00 7.448370e-02
-6.000000e-02 1.490370e+00 1.129123e-01
-4.500000e-02 1.490370e+00 1.602051e-01
-3.000000e-02 1.490370e+00 2.019231e-01
-1.500000e-02 1.490370e+00 2.294102e-01
5.551115e-17 1.490370e+00 2.389758e-01
1.500000e-02 1.490370e+00 2.294102e-01
3.000000e-02 1.490370e+00 2.019231e-01
4.500000e-02 1.490370e+00 1.602051e-01
6.000000e-02 1.490370e+00 1.129123e-01
7.500000e-02 1.490370e+00 7.448370e-02
9.000000e-02 1.490370e+00 5.163256e-02
1.050000e-01 1.490370e+00 3.979325e-02
1.200000e-01 1.490370e+00 3.356907e-02
1.350000e-01 1.490370e+00 3.004098e-02
1.500000e-01 1.490370e+00 2.786791e-02
1.650000e-01 1.490370e+00 2.643010e-02
1.800000e-01 1.490370e+00 2.542388e-02
1.950000e-01 1.490370e+00 2.468925e-02
2.100000e-01 1.490370e+00 2.413569e-02
2.250000e-01 1.490370e+00 2.370858e-02
2.400000e-01 1.490370e+00 2.337320e-02
2.550000e-01 1.490370e+00 2.310656e-02
2.700000e-01 1.490370e+00 2.289287e-02
2.850000e-01 1.490370e+00 2.272094e-02
3.000000e-01 1.490370e+00 2.258258e-02
-3.000000e-01 1.504035e+00 2.225613e-02
-2.850000e-01 1.504035e+00 2.239367e-02
-2.700000e-01 1.504035e+00 2.256519e-02
-2.550000e-01 1.504035e+00 2.277913e-02
-2.400000e-01 1.504035e+00 2.304703e-02
-2.250000e-01 1.504035e+00 2.338525e-02
-2.100000e-01 1.504035e+00 2.381773e-02
-1.950000e-01 1.504035e+00 2.438075e-02
-1.800000e-01 1.504035e+00 2.513170e-02
-1.650000e-01 1.504035e+00 2.616611e-02
-1.500000e-01 1.504035e+00 2.765342e-02
-1.350000e-01 1.504035e+00 2.991612e-02
-1.200000e-01 1.504035e+00 3.361342e-02
-1.050000e-01 1.504035e+00 4.017292e-02
-9.000000e-02 1.504035e+00 5.270360e-02
-7.500000e-02 1.504035e+00 7.695987e-02
-6.000000e-02 1.504035e+00 1.178434e-01
-4.500000e-02 1.504035e+00 1.682933e-01
-3.000000e-02 1.504035e+00 2.129613e-01
-1.500000e-02 1.504035e+00 2.425033e-01
5.551115e-17 1.504035e+00 2.528078e-01
1.500000e-02 1.504035e+00 2.425033e-01
3.000000e-02 1.504035e+00 2.129613e-01
4.500000e-02 1.504035e+00 1.682933e-01
6.000000e-02 1.504035e+00 1.178434e-01
7.500000e-02 1.504035e+00 7.695987e-02
9.000000e-02 1.504035e+00 5.270360e-02
1.050000e-01 1.504035e+00 4.017292e-02
1.200000e-01 1.504035e+00 3.361342e-02
1.350000e-01 1.504035e+00 2.991612e-02
1.500000e-01 1.504035e+00 2.765342e-02
1.650000e-01 1.504035e+00 2.616611e-02
1.800000e-01 1.504035e+00 2.513170e-02
1.950000e-01 1.504035e+00 2.438075e-02
2.100000e-01 1.504035e+00 2.381773e-02
2.250000e-01 1.504035e+00 2.338525e-02
2.400000e-01 1.504035e+00 2.304703e-02
2.550000e-01 1.504035e+00 2.277913e-02
2.700000e-01 1.504035e+00 2.256519e-02
2.850000e-01 1.504035e+00 2.239367e-02
3.000000e-01 1.504035e+00 2.225613e-02
-3.000000e-01 1.517699e+00 2.194002e-02
-2.850000e-01 1.517699e+00 2.207707e-02
-2.700000e-01 1.517699e+00 2.224865e-02
-2.550000e-01 1.517699e+00 2.246349e-02
-2.400000e-01 1.517699e+00 2.273355e-02
-2.250000e-01 1.517699e+00 2.307583e-02
-2.100000e-01 1.517699e+00 2.351532e-02
-1.950000e-01 1.517699e+00 2.409008e-02
-1.800000e-01 1.517699e+00 2.486051e-02
-1.650000e-01 1.517699e+00 2.592762e-02
-1.500000e-01 1.517699e+00 2.747116e-02
-1.350000e-01 1.517699e+00 2.983400e-02
-1.200000e-01 1.517699e+00 3.371800e-02
-1.050000e-01 1.517699e+00 4.064397e-02
-9.000000e-02 1.517699e+00 5.392533e-02
-7.500000e-02 1.517699e+00 7.970177e-02
-6.000000e-02 1.517699e+00 1.232409e-01
-4.500000e-02 1.517699e+00 1.771190e-01
-3.000000e-02 1.517699e+00 2.250125e-01
-1.500000e-02 1.517699e+00 2.568164e-01
5.551115e-17 1.517699e+00 2.679375e-01
1.500000e-02 1.517699e+00 2.568164e-01
3.000000e-02 1.517699e+00 2.250125e-01
4.500000e-02 1.517699e+00 1.771190e-01
6.000000e-02 1.517699e+00 1.232409e-01
7.500000e-02 1.517699e+00 7.970177e-02
9.000000e-02 1.517699e+00 5.392533e-02
1.050000e-01 1.517699e+00 4.064397e-02
1.200000e-01 1.517699e+00 3.371800e-02
1.350000e-01 1.517699e+00 2.983400e-02
1.500000e-01 1.517699e+00 2.747116e-02
1.650000e-01 1.517699e+00 2.592762e-02
1.800000e-01 1.517699e+00 2.486051e-02
1.950000e-01 1.517699e+00 2.409008e-02
2.100000e-01 1.517699e+00 2.351532e-02
2.250000e-01 1.517699e+00 2.307583e-02
2.400000e-01 1.517699e+00 2.273355e-02
2.550000e-01 1.517699e+00 2.246349e-02
2.700000e-01 1.517699e+00 2.224865e-02
2.850000e-01 1.517699e+00 2.207707e-02
3.000000e-01 1.517699e+00 2.194002e-02
-3.000000e-01 1.531363e+00 2.163455e-02
-2.850000e-01 1.531363e+00 2.177148e-02
-2.700000e-01 1.531363e+00 2.194367e-02
-2.550000e-01 1.531363e+00 2.216016e-02
-2.400000e-01 1.531363e+00 2.243340e-02
-2.250000e-01 1.531363e+00 2.278113e-02
-2.100000e-01 1.531363e+00 2.322951e-02
-1.950000e-01 1.531363e+00 2.381856e-02
-1.800000e-01 1.531363e+00 2.461205e-02
-1.650000e-01 1.531363e+00 2.571697e-02
-1.500000e-01 1.531363e+00 2.732430e-02
-1.350000e-01 1.531363e+00 2.979909e-02
-1.200000e-01 1.531363e+00 3.388931e-02
-1.050000e-01 1.531363e+00 4.121654e-02
-9.000000e-02 1.531363e+00 5.531470e-02
-7.500000e-02 1.531363e+00 8.273959e-02
-6.000000e-02 1.531363e+00 1.291583e-01
-4.500000e-02 1.531363e+00 1.867693e-01
-3.000000e-02 1.531363e+00 2.381999e-01
-1.500000e-02 1.531363e+00 2.725018e-01
5.551115e-17 1.531363e+00 2.845283e-01
1.500000e-02 1.531363e+00 2.725018e-01
3.000000e-02 1.531363e+00 2.381999e-01
4.500000e-02 1.531363e+00 1.867693e-01
6.000000e-02 1.531363e+00 1.291583e-01
7.500000e-02 1.531363e+00 8.273959e-02
9.000000e-02 1.531363e+00 5.531470e-02
1.050000e-01 1.531363e+00 4.121654e-02
1.200000e-01 1.531363e+00 3.388931e-02
1.350000e-01 1.531363e+00 2.979909e-02
1.500000e-01 1.531363e+00 2.732430e-02
1.650000e-01 1.531363e+00 2.571697e-02
1.800000e-01 1.531363e+00 2.461205e-02
1.950000e-01 1.531363e+00 2.381856e-02
2.100000e-01 1.531363e+00 2.322951e-02
2.250000e-01 1.531363e+00 2.278113e-02
2.400000e-01 1.531363e+00 2.243340e-02
2.550000e-01 1.531363e+00 2.216016e-02
2.700000e-01 1.531363e+00 2.194367e-02
2.850000e-01 1.531363e+00 2.177148e-02
3.000000e-01 1.531363e+00 2.163455e-02
-3.000000e-01 1.545028e+00 2.134019e-02
-2.850000e-01 1.545028e+00 2.147742e-02
-2.700000e-01 1.545028e+00 2.165083e-02
-2.550000e-01 1.545028e+00 2.186984e-02
-2.400000e-01 1.545028e+00 2.214743e-02
-2.250000e-01 1.545028e+00 2.250220e-02
-2.100000e-01 1.545028e+00 2.296164e-02
-1.950000e-01 1.545028e+00 2.356792e-02
-1.800000e-01 1.545028e+00 2.438852e-02
-1.650000e-01 1.545028e+00 2.553704e-02
-1.500000e-01 1.545028e+00 2.721672e-02
-1.350000e-01 1.545028e+00 2.981672e-02
-1.200000e-01 1.545028e+00 3.413511e-02
-1.050000e-01 1.545028e+00 4.190255e-02
-9.000000e-02 1.545028e+00 5.689146e-02
-7.500000e-02 1.545028e+00 8.610820e-02
-6.000000e-02 1.545028e+00 1.356577e-01
-4.500000e-02 1.545028e+00 1.973443e-01
-3.000000e-02 1.545028e+00 2.526660e-01
-1.500000e-02 1.545028e+00 2.897359e-01
5.551115e-17 1.545028e+00 3.027698e-01
1.500000e-02 1.545028e+00 2.897359e-01
3.000000e-02 1.545028e+00 2.526660e-01
4.500000e-02 1.545028e+00 1.973443e-01
6.000000e-02 1.545028e+00 1.356577e-01
7.500000e-02 1.545028e+00 8.610820e-02
9.000000e-02 1.545028e+00 5.689146e-02
1.050000e-01 1.545028e+00 4.190255e-02
1.200000e-01 1.545028e+00 3.413511e-02
1.350000e-01 1.545028e+00 2.981672e-02
1.500000e-01 1.545028e+00 2.721672e-02
1.650000e-01 1.545028e+00 2.553704e-02
1.800000e-01 1.545028e+00 2.438852e-02
1.950000e-01 1.545028e+00 2.356792e-02
2.100000e-01 1.545028e+00 2.296164e-02
2.250000e-01 1.545028e+00 2.250220e-02
2.400000e-01 1.545028e+00 2.214743e-02
2.550000e-01 1.545028e+00 2.186984e-02
2.700000e-01 1.545028e+00 2.165083e-02
2.850000e-01 1.545028e+00 2.147742e-02
3.000000e-01 1.545028e+00 2.134019e-02
-3.000000e-01 1.558692e+00 2.105760e-02
-2.850000e-01 1.558692e+00 2.119562e-02
-2.700000e-01 1.558692e+00 2.137096e-02
-2.550000e-01 1.558692e+00 2.159349e-02
-2.400000e-01 1.558692e+00 2.187682e-02
-2.250000e-01 1.558692e+00 2.224048e-02
-2.100000e-01 1.558692e+00 2.271346e-02
-1.950000e-01 1.558692e+00 2.334035e-02
-1.800000e-01 1.558692e+00 2.419273e-02
-1.650000e-01 1.558692e+00 2.539144e-02
-1.500000e-01 1.558692e+00 2.715316e-02
-1.350000e-01 1.558692e+00 2.989337e-02
-1.200000e-01 1.558692e+00 3.446465e-02
-1.050000e-01 1.558692e+00 4.271606e-02
-9.000000e-02 1.558692e+00 5.867867e-02
-7.500000e-02 1.558692e+00 8.984804e-02
-6.000000e-02 1.558692e+00 1.428103e-01
-4.500000e-02 1.558692e+00 2.089603e-01
-3.000000e-02 1.558692e+00 2.685764e-01
-1.500000e-02 1.558692e+00 3.087242e-01
5.551115e-17 1.558692e+00 3.228831e-01
1.500000e-02 1.558692e+00 3.087242e-01
3.000000e-02 1.558692e+00 2.685764e-01
4.500000e-02 1.558692e+00 2.089603e-01
6.000000e-02 1.558692e+00 1.428103e-01
7.500000e-02 1.558692e+00 8.984804e-02
9.000000e-02 1.558692e+00 5.867867e-02
1.050000e-01 1.558692e+00 4.271606e-02
1.200000e-01 1.558692e+00 3.446465e-02
1.350000e-01 1.558692e+00 2.989337e-02
1.500000e-01 1.558692e+00 2.715316e-02
1.650000e-01 1.558692e+00 2.539144e-02
1.800000e-01 1.558692e+00 2.419273e-02
1.950000e-01 1.558692e+00 2.334035e-02
2.100000e-01 1.558692e+00 2.271346e-02
2.250000e-01 1.558692e+00 2.224048e-02
2.400000e-01 1.558692e+00 2.187682e-02
2.550000e-01 1.558692e+00 2.159349e-02
2.700000e-01 1.558692e+00 2.137096e-02
2.850000e-01 1.558692e+00 2.119562e-02
3.000000e-01 1.558692e+00 2.105760e-02
-3.000000e-01 1.572356e+00 2.078771e-02
-2.850000e-01 1.572356e+00 2.092709e-02
-2.700000e-01 1.572356e+00 2.110520e-02
-2.550000e-01 1.572356e+00 2.133243e-02
-2.400000e-01 1.572356e+00 2.162310e-02
-2.250000e-01 1.572356e+00 2.199782e-02
-2.100000e-01 1.572356e+00 2.248724e-02
-1.950000e-01 1.572356e+00 2.313865e-02
-1.800000e-01 1.572356e+00 2.402817e-02
-1.650000e-01 1.572356e+00 2.528463e-02
-1.500000e-01 1.572356e+00 2.713946e-02
-1.350000e-01 1.572356e+00 3.003690e-02
-1.200000e-01 1.572356e+00 3.488902e-02
-1.050000e-01 1.572356e+00 4.367373e-02
-9.000000e-02 1.572356e+00 6.070337e-02
-7.500000e-02 1.572356e+00 9.400619e-02
-6.000000e-02 1.572356e+00 1.506992e-01
-4.500000e-02 1.572356e+00 2.217521e-01
-3.000000e-02 1.572356e+00 2.861240e-01
-1.500000e-02 1.572356e+00 3.297072e-01
5.551115e-17 1.572356e+00 3.451274e-01
1.500000e-02 1.572356e+00 3.297072e-01
3.000000e-02 1.572356e+00 2.861240e-01
4.500000e-02 1.572356e+00 2.217521e-01
6.000000e-02 1.572356e+00 1.506992e-01
7.500000e-02 1.572356e+00 9.400619e-02
9.000000e-02 1.572356e+00 6.070337e-02
1.050000e-01 1.572356e+00 4.367373e-02
1.200000e-01 1.572356e+00 3.488902e-02
1.350000e-01 1.572356e+00 3.003690e-02
1.500000e-01 1.572356e+00 2.713946e-02
1.650000e-01 1.572356e+00 2.528463e-02
1.800000e-01 1.572356e+00 2.402817e-02
1.950000e-01 1.572356e+00 2.313865e-02
2.100000e-01 1.572356e+00 2.248724e-02
2.250000e-01 1.572356e+00 2.199782e-02
2.400000e-01 1.572356e+00 2.162310e-02
2.550000e-01 1.572356e+00 2.133243e-02
2.700000e-01 1.572356e+00 2.110520e-02
2.850000e-01 1.572356e+00 2.092709e-02
3.000000e-01 1.572356e+00 2.078771e-02
-3.000000e-01 1.586020e+00 2.053181e-02
-2.850000e-01 1.586020e+00 2.067321e-02
-2.700000e-01 1.586020e+00 2.085508e-02
-2.550000e-01 1.586020e+00 2.108840e-02
-2.400000e-01 1.586020e+00 2.138832e-02
-2.250000e-01 1.586020e+00 2.177666e-02
-2.100000e-01 1.586020e+00 2.228592e-02
-1.950000e-01 1.586020e+00 2.296643e-02
-1.800000e-01 1.586020e+00 2.389932e-02
-1.650000e-01 1.586020e+00 2.522223e-02
-1.500000e-01 1.586020e+00 2.718282e-02
-1.350000e-01 1.586020e+00 3.025690e-02
-1.200000e-01 1.586020e+00 3.542154e-02
-1.050000e-01 1.586020e+00 4.479538e-02
-9.000000e-02 1.586020e+00 6.299740e-02
-7.500000e-02 1.586020e+00 9.863768e-02
-6.000000e-02 1.586020e+00 1.594211e-01
-4.500000e-02 1.586020e+00 2.358771e-01
-3.000000e-02 1.586020e+00 3.055350e-01
-1.500000e-02 1.586020e+00 3.529675e-01
5.551115e-17 1.586020e+00 3.698078e-01
1.500000e-02 1.586020e+00 3.529675e-01
3.000000e-02 1.586020e+00 3.055350e-01
4.500000e-02 1.586020e+00 2.358771e-01
6.000000e-02 1.586020e+00 1.594211e-01
7.500000e-02 1.586020e+00 9.863768e-02
9.000000e-02 1.586020e+00 6.299740e-02
1.050000e-01 1.586020e+00 4.479538e-02
1.200000e-01 1.586020e+00 3.542154e-02
1.350000e-01 1.586020e+00 3.025690e-02
1.500000e-01 1.586020e+00 2.718282e-02
1.650000e-01 1.586020e+00 2.522223e-02
1.800000e-01 1.586020e+00 2.389932e-02
1.950000e-01 1.586020e+00 2.296643e-02
2.100000e-01 1.586020e+00 2.228592e-02
2.250000e-01 1.586020e+00 2.177666e-02
2.400000e-01 1.586020e+00 2.138832e-02
2.550000e-01 1.586020e+00 2.108840e-02
2.700000e-01 1.586020e+00 2.085508e-02
2.850000e-01 1.586020e+00 2.067321e-02
3.000000e-01 1.586020e+00 2.053181e-02
-3.000000e-01 1.599685e+00 2.029164e-02
-2.850000e-01 1.599685e+00 2.043584e-02
-2.700000e-01 1.599685e+00 2.062268e-02
-2.550000e-01 1.599685e+00 2.086377e-02
-2.400000e-01 1.599685e+00 2.117522e-02
-2.250000e-01 1.599685e+00 2.158021e-02
-2.100000e-01 1.599685e+00 2.211336e-02
-1.950000e-01 1.599685e+00 2.282833e-02
-1.800000e-01 1.599685e+00 2.381184e-02
-1.650000e-01 1.599685e+00 2.521129e-02
-1.500000e-01 1.599685e+00 2.729220e-02
-1.350000e-01 1.599685e+00 3.056510e-02
-1.200000e-01 1.599685e+00 3.607837e-02
-1.050000e-01 1.599685e+00 4.610468e-02
-9.000000e-02 1.599685e+00 6.559841e-02
-7.500000e-02 1.599685e+00 1.038071e-01
-6.000000e-02 1.599685e+00 1.690890e-01
-4.500000e-02 1.599685e+00 2.515199e-01
-3.000000e-02 1.599685e+00 3.270753e-01
-1.500000e-02 1.599685e+00 3.788394e-01
5.551115e-17 1.599685e+00 3.972852e-01
1.500000e-02 1.599685e+00 3.788394e-01
3.000000e-02 1.599685e+00 3.270753e-01
4.500000e-02 1.599685e+00 2.515199e-01
6.000000e-02 1.599685e+00 1.690890e-01
7.500000e-02 1.599685e+00 1.038071e-01
9.000000e-02 1.599685e+00 6.559841e-02
1.050000e-01 1.599685e+00 4.610468e-02
1.200000e-01 1.599685e+00 3.607837e-02
1.350000e-01 1.599685e+00 3.056510e-02
1.500000e-01 1.599685e+00 2.729220e-02
1.650000e-01 1.599685e+00 2.521129e-02
1.800000e-01 1.599685e+00 2.381184e-02
1.950000e-01 1.599685e+00 2.282833e-02
2.100000e-01 1.599685e+00 2.211336e-02
2.250000e-01 1.599685e+00 2.158021e-02
2.400000e-01 1.599685e+00 2.117522e-02
2.550000e-01 1.599685e+00 2.086377e-02
2.700000e-01 1.599685e+00 2.062268e-02
2.850000e-01 1.599685e+00 2.043584e-02
3.000000e-01 1.599685e+00 2.029164e-02
-3.000000e-01 1.613349e+00 2.006956e-02
-2.850000e-01 1.613349e+00 2.021754e-02
-2.700000e-01 1.613349e+00 2.041077e-02
-2.550000e-01 1.613349e+00 2.066167e-02
-2.400000e-01 1.613349e+00 2.098740e-02
-2.250000e-01 1.613349e+00 2.141272e-02
-2.100000e-01 1.613349e+00 2.197457e-02
-1.950000e-01 1.613349e+00 2.273035e-02
-1.800000e-01 1.613349e+00 2.377301e-02
-1.650000e-01 1.613349e+00 2.526072e-02
-1.500000e-01 1.613349e+00 2.747878e-02
-1.350000e-01 1.613349e+00 3.097597e-02
-1.200000e-01 1.613349e+00 3.687915e-02
-1.050000e-01 1.613349e+00 4.763010e-02
-9.000000e-02 1.613349e+00 6.855118e-02
-7.500000e-02 1.613349e+00 1.095907e-01
-6.000000e-02 1.613349e+00 1.798360e-01
-4.500000e-02 1.613349e+00 2.688977e-01
-3.000000e-02 1.613349e+00 3.510598e-01
-1.500000e-02 1.613349e+00 4.077194e-01
5.551115e-17 1.613349e+00 4.279889e-01
1.500000e-02 1.613349e+00 4.077194e-01
3.000000e-02 1.613349e+00 3.510598e-01
4.500000e-02 1.613349e+00 2.688977e-01
6.000000e-02 1.613349e+00 1.798360e-01
7.500000e-02 1.613349e+00 1.095907e-01
9.000000e-02 1.613349e+00 6.855118e-02
1.050000e-01 1.613349e+00 4.763010e-02
1.200000e-01 1.613349e+00 3.687915e-02
1.350000e-01 1.613349e+00 3.097597e-02
1.500000e-01 1.613349e+00 2.747878e-02
1.650000e-01 1.613349e+00 2.526072e-02
1.800000e-01 1.613349e+00 2.377301e-02
1.950000e-01 1.613349e+00 2.273035e-02
2.100000e-01 1.613349e+00 2.197457e-02
2.250000e-01 1.613349e+00 2.141272e-02
2.400000e-01 1.613349e+00 2.098740e-02
2.550000e-01 1.613349e+00 2.066167e-02
2.700000e-01 1.613349e+00 2.041077e-02
2.850000e-01 1.613349e+00 2.021754e-02
3.000000e-01 1.613349e+00 2.006956e-02
-3.000000e-01 1.627013e+00 1.986876e-02
-2.850000e-01 1.627013e+00 2.002169e-02
-2.700000e-01 1.627013e+00 2.022309e-02
-2.550000e-01 1.627013e+00 2.048631e-02
-2.400000e-01 1.627013e+00 2.082971e-02
-2.250000e-01 1.627013e+00 2.127979e-02
-2.100000e-01 1.627013e+00 2.187613e-02
-1.950000e-01 1.627013e+00 2.268032e-02
-1.800000e-01 1.627013e+00 2.379218e-02
-1.650000e-01 1.627013e+00 2.538188e-02
-1.500000e-01 1.627013e+00 2.775660e-02
-1.350000e-01 1.627013e+00 3.150746e-02
-1.200000e-01 1.627013e+00 3.784790e-02
-1.050000e-01 1.627013e+00 4.940602e-02
-9.000000e-02 1.627013e+00 7.190919e-02
-7.500000e-02 1.627013e+00 1.160789e-01
-6.000000e-02 1.627013e+00 1.918193e-01
-4.500000e-02 1.627013e+00 2.882680e-01
-3.000000e-02 1.627013e+00 3.778629e-01
-1.500000e-02 1.627013e+00 4.400815e-01
5.551115e-17 1.627013e+00 4.624329e-01
1.500000e-02 1.627013e+00 4.400815e-01
3.000000e-02 1.627013e+00 3.778629e-01
4.500000e-02 1.627013e+00 2.882680e-01
6.000000e-02 1.627013e+00 1.918193e-01
7.500000e-02 1.627013e+00 1.160789e-01
9.000000e-02 1.627013e+00 7.190919e-02
1.050000e-01 1.627013e+00 4.940602e-02
1.200000e-01 1.627013e+00 3.784790e-02
1.350000e-01 1.627013e+00 3.150746e-02
1.500000e-01 1.627013e+00 2.775660e-02
1.650000e-01 1.627013e+00 2.538188e-02
1.800000e-01 1.627013e+00 2.379218e-02
1.950000e-01 1.627013e+00 2.268032e-02
2.100000e-01 1.627013e+00 2.187613e-02
2.250000e-01 1.627013e+00 2.127979e-02
2.400000e-01 1.627013e+00 2.082971e-02
2.550000e-01 1.627013e+00 2.048631e-02
2.700000e-01 1.627013e+00 2.022309e-02
2.850000e-01 1.627013e+00 2.002169e-02
3.000000e-01 1.627013e+00 1.986876e-02
-3.000000e-01 1.640677e+00 1.969347e-02
-2.850000e-01 1.640677e+00 1.985283e-02
-2.700000e-01 1.640677e+00 2.006465e-02
-2.550000e-01 1.640677e+00 2.034330e-02
-2.400000e-01 1.640677e+00 2.070855e-02
-2.250000e-01 1.640677e+00 2.118885e-02
-2.100000e-01 1.640677e+00 2.182675e-02
-1.950000e-01 1.640677e+00 2.268845e-02
-1.800000e-01 1.640677e+00 2.388148e-02
-1.650000e-01 1.640677e+00 2.558931e-02
-1.500000e-01 1.640677e+00 2.814347e-02
-1.350000e-01 1.640677e+00 3.218199e-02
-1.200000e-01 1.640677e+00 3.901424e-02
-1.050000e-01 1.640677e+00 5.147424e-02
-9.000000e-02 1.640677e+00 7.573676e-02
-7.500000e-02 1.640677e+00 1.233792e-01
-6.000000e-02 1.640677e+00 2.052258e-01
-4.500000e-02 1.640677e+00 3.099370e-01
-3.000000e-02 1.640677e+00 4.079325e-01
-1.500000e-02 1.640677e+00 4.764949e-01
5.551115e-17 1.640677e+00 5.012352e-01
1.500000e-02 1.640677e+00 4.764949e-01
3.000000e-02 1.640677e+00 4.079325e-01
4.500000e-02 1.640677e+00 3.099370e-01
6.000000e-02 1.640677e+00 2.052258e-01
7.500000e-02 1.640677e+00 1.233792e-01
9.000000e-02 1.640677e+00 7.573676e-02
1.050000e-01 1.640677e+00 5.147424e-02
1.200000e-01 1.640677e+00 3.901424e-02
1.350000e-01 1.640677e+00 3.218199e-02
1.500000e-01 1.640677e+00 2.814347e-02
1.650000e-01 1.640677e+00 2.558931e-02
1.800000e-01 1.640677e+00 2.388148e-02
1.950000e-01 1.640677e+00 2.268845e-02
2.100000e-01 1.640677e+00 2.182675e-02
2.250000e-01 1.640677e+00 2.118885e-02
2.400000e-01 1.640677e+00 2.070855e-02
2.550000e-01 1.640677e+00 2.034330e-02
2.700000e-01 1.640677e+00 2.006465e-02
2.850000e-01 1.640677e+00 1.985283e-02
3.000000e-01 1.640677e+00 1.969347e-02
-3.000000e-01 1.654342e+00 1.954917e-02
-2.850000e-01 1.654342e+00 1.971689e-02
-2.700000e-01 1.654342e+00 1.994199e-02
-2.550000e-01 1.654342e+00 2.024006e-02
-2.400000e-01 1.654342e+00 2.063244e-02
-2.250000e-01 1.654342e+00 2.114979e-02
-2.100000e-01 1.654342e+00 2.183793e-02
-1.950000e-01 1.654342e+00 2.276824e-02
-1.800000e-01 1.654342e+00 2.405677e-02
-1.650000e-01 1.654342e+00 2.590184e-02
-1.500000e-01 1.654342e+00 2.866207e-02
-1.350000e-01 1.654342e+00 3.302778e-02
-1.200000e-01 1.654342e+00 4.041489e-02
-1.050000e-01 1.654342e+00 5.388591e-02
-9.000000e-02 1.654342e+00 8.011159e-02
-7.500000e-02 1.654342e+00 1.316209e-01
-6.000000e-02 1.654342e+00 2.202784e-01
-4.500000e-02 1.654342e+00 3.342713e-01
-3.000000e-02 1.654342e+00 4.418073e-01
-1.500000e-02 1.654342e+00 5.176480e-01
5.551115e-17 1.654342e+00 5.451448e-01
1.500000e-02 1.654342e+00 5.176480e-01
3.000000e-02 1.654342e+00 4.418073e-01
4.500000e-02 1.654342e+00 3.342713e-01
6.000000e-02 1.654342e+00 2.202784e-01
7.500000e-02 1.654342e+00 1.316209e-01
9.000000e-02 1.654342e+00 8.011159e-02
1.050000e-01 1.654342e+00 5.388591e-02
1.200000e-01 1.654342e+00 4.041489e-02
1.350000e-01 1.654342e+00 3.302778e-02
1.500000e-01 1.654342e+00 2.866207e-02
1.650000e-01 1.654342e+00 2.590184e-02
1.800000e-01 1.654342e+00 2.405677e-02
1.950000e-01 1.654342e+00 2.276824e-02
2.100000e-01 1.654342e+00 2.183793e-02
2.250000e-01 1.654342e+00 2.114979e-02
2.400000e-01 1.654342e+00 2.063244e-02
2.550000e-01 1.654342e+00 2.024006e-02
2.700000e-01 1.654342e+00 1.994199e-02
2.850000e-01 1.654342e+00 1.971689e-02
3.000000e-01 1.654342e+00 1.954917e-02
-3.000000e-01 1.668006e+00 1.944258e-02
-2.850000e-01 1.668006e+00 1.962130e-02
-2.700000e-01 1.668006e+00 1.986351e-02
-2.550000e-01 1.668006e+00 2.018621e-02
-2.400000e-01 1.668006e+00 2.061254e-02
-2.250000e-01 1.668006e+00 2.117562e-02
-2.100000e-01 1.668006e+00 2.192490e-02
-1.950000e-01 1.668006e+00 2.293745e-02
-1.800000e-01 1.668006e+00 2.433884e-02
-1.650000e-01 1.668006e+00 2.634392e-02
-1.500000e-01 1.668006e+00 2.934160e-02
-1.350000e-01 1.668006e+00 3.408059e-02
-1.200000e-01 1.668006e+00 4.209575e-02
-1.050000e-01 1.668006e+00 5.670406e-02
-9.000000e-02 1.668006e+00 8.512826e-02
-7.500000e-02 1.668006e+00 1.409595e-01
-6.000000e-02 1.668006e+00 2.372453e-01
-4.500000e-02 1.668006e+00 3.617125e-01
-3.000000e-02 1.668006e+00 4.801397e-01
-1.500000e-02 1.668006e+00 5.643782e-01
5.551115e-17 1.668006e+00 5.950748e-01
1.500000e-02 1.668006e+00 5.643782e-01
3.000000e-02 1.668006e+00 4.801397e-01
4.500000e-02 1.668006e+00 3.617125e-01
6.000000e-02 1.668006e+00 2.372453e-01
7.500000e-02 1.668006e+00 1.409595e-01
9.000000e-02 1.668006e+00 8.512826e-02
1.050000e-01 1.668006e+00 5.670406e-02
1.200000e-01 1.668006e+00 4.209575e-02
1.350000e-01 1.668006e+00 3.408059e-02
1.500000e-01 1.668006e+00 2.934160e-02
1.650000e-01 1.668006e+00 2.634392e-02
1.800000e-01 1.668006e+00 2.433884e-02
1.950000e-01 1.668006e+00 2.293745e-02
2.100000e-01 1.668006e+00 2.192490e-02
2.250000e-01 1.668006e+00 2.117562e-02
2.400000e-01 1.668006e+00 2.061254e-02
2.550000e-01 1.668006e+00 2.018621e-02
2.700000e-01 1.668006e+00 1.986351e-02
2.850000e-01 1.668006e+00 1.962130e-02
3.000000e-01 1.668006e+00 1.944258e-02
-3.000000e-01 1.681670e+00 1.938107e-02
-2.850000e-01 1.681670e+00 1.957462e-02
-2.700000e-01 1.681670e+00 1.983928e-02
-2.550000e-01 1.681670e+00 2.019372e-02
-2.400000e-01 1.681670e+00 2.066311e-02
-2.250000e-01 1.681670e+00 2.128330e-02
-2.100000e-01 1.681670e+00 2.210767e-02
-1.950000e-01 1.681670e+00 2.321960e-02
-1.800000e-01 1.681670e+00 2.475513e-02
-1.650000e-01 1.681670e+00 2.694760e-02
-1.500000e-01 1.681670e+00 3.021986e-02
-1.350000e-01 1.681670e+00 3.538616e-02
-1.200000e-01 1.681670e+00 4.411463e-02
-1.050000e-01 1.681670e+00 6.000687e-02
-9.000000e-02 1.681670e+00 9.090261e-02
-7.500000e-02 1.681670e+00 1.515838e-01
-6.000000e-02 1.681670e+00 2.564505e-01
-4.500000e-02 1.681670e+00 3.927956e-01
-3.000000e-02 1.681670e+00 5.237251e-01
-1.500000e-02 1.681670e+00 6.177119e-01
5.551115e-17 1.681670e+00 6.521464e-01
1.500000e-02 1.681670e+00 6.177119e-01
3.000000e-02 1.681670e+00 5.237251e-01
4.500000e-02 1.681670e+00 3.927956e-01
6.000000e-02 1.681670e+00 2.564505e-01
7.500000e-02 1.681670e+00 1.515838e-01
9.000000e-02 1.681670e+00 9.090261e-02
1.050000e-01 1.681670e+00 6.000687e-02
1.200000e-01 1.681670e+00 4.411463e-02
1.350000e-01 1.681670e+00 3.538616e-02
1.500000e-01 1.681670e+00 3.021986e-02
1.650000e-01 1.681670e+00 2.694760e-02
1.800000e-01 1.681670e+00 2.475513e-02
1.950000e-01 1.681670e+00 2.321960e-02
2.100000e-01 1.681670e+00 2.210767e-02
2.250000e-01 1.681670e+00 2.128330e-02
2.400000e-01 1.681670e+00 2.066311e-02
2.550000e-01 1.681670e+00 2.019372e-02
2.700000e-01 1.681670e+00 1.983928e-02
2.850000e-01 1.681670e+00 1.957462e-02
3.000000e-01 1.681670e+00 1.938107e-02
-3.000000e-01 1.695335e+00 1.937041e-02
-2.850000e-01 1.695335e+00 1.958473e-02
-2.700000e-01 1.695335e+00 1.987975e-02
-2.550000e-01 1.695335e+00 2.027613e-02
-2.400000e-01 1.695335e+00 2.080131e-02
-2.250000e-01 1.695335e+00 2.149410e-02
-2.100000e-01 1.695335e+00 2.241214e-02
-1.950000e-01 1.695335e+00 2.364553e-02
-1.800000e-01 1.695335e+00 2.534188e-02
-1.650000e-01 1.695335e+00 2.775508e-02
-1.500000e-01 1.695335e+00 3.134622e-02
-1.350000e-01 1.695335e+00 3.700343e-02
-1.200000e-01 1.695335e+00 4.654494e-02
-1.050000e-01 1.695335e+00 6.389217e-02
-9.000000e-02 1.695335e+00 9.757756e-02
-7.500000e-02 1.695335e+00 1.637247e-01
-6.000000e-02 1.695335e+00 2.782884e-01
-4.500000e-02 1.695335e+00 4.281735e-01
-3.000000e-02 1.695335e+00 5.735395e-01
-1.500000e-02 1.695335e+00 6.789160e-01
5.551115e-17 1.695335e+00 7.177465e-01
1.500000e-02 1.695335e+00 6.789160e-01
3.000000e-02 1.695335e+00 5.735395e-01
4.500000e-02 1.695335e+00 4.281735e-01
6.000000e-02 1.695335e+00 2.782884e-01
7.500000e-02 1.695335e+00 1.637247e-01
9.000000e-02 1.695335e+00 9.757756e-02
1.050000e-01 1.695335e+00 6.389217e-02
1.200000e-01 1.695335e+00 4.654494e-02
1.350000e-01 1.695335e+00 3.700343e-02
1.500000e-01 1.695335e+00 3.134622e-02
1.650000e-01 1.695335e+00 2.775508e-02
1.800000e-01 1.695335e+00 2.534188e-02
1.950000e-01 1.695335e+00 2.364553e-02
2.100000e-01 1.695335e+00 2.241214e-02
2.250000e-01 1.695335e+00 2.149410e-02
2.400000e-01 1.695335e+00 2.080131e-02
2.550000e-01 1.695335e+00 2.027613e-02
2.700000e-01 1.695335e+00 1.987975e-02
2.850000e-01 1.695335e+00 1.958473e-02
3.000000e-01 1.695335e+00 1.937041e-02
-3.000000e-01 1.708999e+00 1.940932e-02
-2.850000e-01 1.708999e+00 1.965401e-02
-2.700000e-01 1.708999e+00 1.999164e-02
-2.550000e-01 1.708999e+00 2.044530e-02
-2.400000e-01 1.708999e+00 2.104504e-02
-2.250000e-01 1.708999e+00 2.183276e-02
-2.100000e-01 1.708999e+00 2.287037e-02
-1.950000e-01 1.708999e+00 2.425498e-02
-1.800000e-01 1.708999e+00 2.614661e-02
-1.650000e-01 1.708999e+00 2.882204e-02
-1.500000e-01 1.708999e+00 3.278549e-02
-1.350000e-01 1.708999e+00 3.900897e-02
-1.200000e-01 1.708999e+00 4.948066e-02
-1.050000e-01 1.708999e+00 6.848327e-02
-9.000000e-02 1.708999e+00 1.053308e-01
-7.500000e-02 1.708999e+00 1.776660e-01
-6.000000e-02 1.708999e+00 3.032424e-01
-4.500000e-02 1.708999e+00 4.686484e-01
-3.000000e-02 1.708999e+00 6.307902e-01
-1.500000e-02 1.708999e+00 7.495663e-01
5.551115e-17 1.708999e+00 7.936044e-01
1.500000e-02 1.708999e+00 7.495663e-01
3.000000e-02 1.708999e+00 6.307902e-01
4.500000e-02 1.708999e+00 4.686484e-01
6.000000e-02 1.708999e+00 3.032424e-01
7.500000e-02 1.708999e+00 1.776660e-01
9.000000e-02 1.708999e+00 1.053308e-01
1.050000e-01 1.708999e+00 6.848327e-02
1.200000e-01 1.708999e+00 4.948066e-02
1.350000e-01 1.708999e+00 3.900897e-02
1.500000e-01 1.708999e+00 3.278549e-02
1.650000e-01 1.708999e+00 2.882204e-02
1.800000e-01 1.708999e+00 2.614661e-02
1.950000e-01 1.708999e+00 2.425498e-02
2.100000e-01 1.708999e+00 2.287037e-02
2.250000e-01 1.708999e+00 2.183276e-02
2.400000e-01 1.708999e+00 2.104504e-02
2.550000e-01 1.708999e+00 2.044530e-02
2.700000e-01 1.708999e+00 1.999164e-02
2.850000e-01 1.708999e+00 1.965401e-02
3.000000e-01 1.708999e+00 1.940932e-02
-3.000000e-01 1.722663e+00 1.947919e-02
-2.850000e-01 1.722663e+00 1.976926e-02
-2.700000e-01 1.722663e+00 2.016844e-02
-2.550000e-01 1.722663e+00 2.070307e-02
-2.400000e-01 1.722663e+00 2.140623e-02
-2.250000e-01 1.722663e+00 2.232280e-02
-2.100000e-01 1.722663e+00 2.351848e-02
-1.950000e-01 1.722663e+00 2.509683e-02
-1.800000e-01 1.722663e+00 2.723058e-02
-1.650000e-01 1.722663e+00 3.022163e-02
-1.500000e-01 1.722663e+00 3.462315e-02
-1.350000e-01 1.722663e+00 4.150295e-02
-1.200000e-01 1.722663e+00 5.304317e-02
-1.050000e-01 1.722663e+00 7.393696e-02
-9.000000e-02 1.722663e+00 1.143849e-01
-7.500000e-02 1.722663e+00 1.937596e-01
-6.000000e-02 1.722663e+00 3.319088e-01
-4.500000e-02 1.722663e+00 5.152132e-01
-3.000000e-02 1.722663e+00 6.969818e-01
-1.500000e-02 1.722663e+00 8.316388e-01
5.551115e-17 1.722663e+00 8.818935e-01
1.500000e-02 1.722663e+00 8.316388e-01
3.000000e-02 1.722663e+00 6.969818e-01
4.500000e-02 1.722663e+00 5.152132e-01
6.000000e-02 1.722663e+00 3.319088e-01
7.500000e-02 1.722663e+00 1.937596e-01
9.000000e-02 1.722663e+00 1.143849e-01
1.050000e-01 1.722663e+00 7.393696e-02
1.200000e-01 1.722663e+00 5.304317e-02
1.350000e-01 1.722663e+00 4.150295e-02
1.500000e-01 1.722663e+00 3.462315e-02
1.650000e-01 1.722663e+00 3.022163e-02
1.800000e-01 1.722663e+00 2.723058e-02
1.950000e-01 1.722663e+00 2.509683e-02
2.100000e-01 1.722663e+00 2.351848e-02
2.250000e-01 1.722663e+00 2.232280e-02
2.400000e-01 1.722663e+00 2.140623e-02
2.550000e-01 1.722663e+00 2.070307e-02
2.700000e-01 1.722663e+00 2.016844e-02
2.850000e-01 1.722663e+00 1.976926e-02
3.000000e-01 1.722663e+00 1.947919e-02
-3.000000e-01 1.736327e+00 1.953212e-02
-2.850000e-01 1.736327e+00 1.988721e-02
-2.700000e-01 1.736327e+00 2.037418e-02
-2.550000e-01 1.736327e+00 2.102441e-02
-2.400000e-01 1.736327e+00 2.187507e-02
-2.250000e-01 1.736327e+00 2.297373e-02
-2.100000e-01 1.736327e+00 2.438800e-02
-1.950000e-01 1.736327e+00 2.622531e-02
-1.800000e-01 1.736327e+00 2.866940e-02
-1.650000e-01 1.736327e+00 3.204864e-02
-1.500000e-01 1.736327e+00 3.697171e-02
-1.350000e-01 1.736327e+00 4.461715e-02
-1.200000e-01 1.736327e+00 5.739035e-02
-1.050000e-01 1.736327e+00 8.045422e-02
-9.000000e-02 1.736327e+00 1.250210e-01
-7.500000e-02 1.736327e+00 2.124449e-01
-6.000000e-02 1.736327e+00 3.650298e-01
-4.500000e-02 1.736327e+00 5.691069e-01
-3.000000e-02 1.736327e+00 7.740047e-01
-1.500000e-02 1.736327e+00 9.276319e-01
5.551115e-17 1.736327e+00 9.853686e-01
1.500000e-02 1.736327e+00 9.276319e-01
3.000000e-02 1.736327e+00 7.740047e-01
4.500000e-02 1.736327e+00 5.691069e-01
6.000000e-02 1.736327e+00 3.650298e-01
7.500000e-02 1.736327e+00 2.124449e-01
9.000000e-02 1.736327e+00 1.250210e-01
1.050000e-01 1.736327e+00 8.045422e-02
1.200000e-01 1.736327e+00 5.739035e-02
1.350000e-01 1.736327e+00 4.461715e-02
1.500000e-01 1.736327e+00 3.697171e-02
1.650000e-01 1.736327e+00 3.204864e-02
1.800000e-01 1.736327e+00 2.866940e-02
1.950000e-01 1.736327e+00 2.622531e-02
2.100000e-01 1.736327e+00 2.438800e-02
2.250000e-01 1.736327e+00 2.297373e-02
2.400000e-01 1.736327e+00 2.187507e-02
2.550000e-01 1.736327e+00 2.102441e-02
2.700000e-01 1.736327e+00 2.037418e-02
2.850000e-01 1.736327e+00 1.988721e-02
3.000000e-01 1.736327e+00 1.953212e-02
-3.000000e-01 1.749992e+00 1.949217e-02
-2.850000e-01 1.749992e+00 1.992787e-02
-2.700000e-01 1.749992e+00 2.052829e-02
-2.550000e-01 1.749992e+00 2.133480e-02
-2.400000e-01 1.749992e+00 2.239279e-02
-2.250000e-01 1.749992e+00 2.375366e-02
-2.100000e-01 1.749992e+00 2.548335e-02
-1.950000e-01 1.749992e+00 2.768560e-02
-1.800000e-01 1.749992e+00 3.054756e-02
-1.650000e-01 1.749992e+00 3.442145e-02
-1.500000e-01 1.749992e+00 3.997799e-02
-1.350000e-01 1.749992e+00 4.852525e-02
-1.200000e-01 1.749992e+00 6.272911e-02
-1.050000e-01 1.749992e+00 8.829491e-02
-9.000000e-02 1.749992e+00 1.375975e-01
-7.500000e-02 1.749992e+00 2.342758e-01
-6.000000e-02 1.749992e+00 4.035356e-01
-4.500000e-02 1.749992e+00 6.318877e-01
-3.000000e-02 1.749992e+00 8.642537e-01
-1.500000e-02 1.749992e+00 1.040731e+00
5.551115e-17 1.749992e+00 1.107551e+00
1.500000e-02 1.749992e+00 1.040731e+00
3.000000e-02 1.749992e+00 8.642537e-01
4.500000e-02 1.749992e+00 6.318877e-01
6.000000e-02 1.749992e+00 4.035356e-01
7.500000e-02 1.749992e+00 2.342758e-01
9.000000e-02 1.749992e+00 1.375975e-01
1.050000e-01 1.749992e+00 8.829491e-02
1.200000e-01 1.749992e+00 6.272911e-02
1.350000e-01 1.749992e+00 4.852525e-02
1.500000e-01 1.749992e+00 3.997799e-02
1.650000e-01 1.749992e+00 3.442145e-02
1.800000e-01 1.749992e+00 3.054756e-02
1.950000e-01 1.749992e+00 2.768560e-02
2.100000e-01 1.749992e+00 2.548335e-02
2.250000e-01 1.749992e+00 2.375366e-02
2.400000e-01 1.749992e+00 2.239279e-02
2.550000e-01 1.749992e+00 2.133480e-02
2.700000e-01 1.749992e+00 2.052829e-02
2.850000e-01 1.749992e+00 1.992787e-02
3.000000e-01 1.749992e+00 1.949217e-02
-3.000000e-01 1.763656e+00 1.929023e-02
-2.850000e-01 1.763656e+00 1.980064e-02
-2.700000e-01 1.763656e+00 2.051786e-02
-2.550000e-01 1.763656e+00 2.150379e-02
-2.400000e-01 1.763656e+00 2.282528e-02
-2.250000e-01 1.763656e+00 2.454815e-02
-2.100000e-01 1.763656e+00 2.673687e-02
-1.950000e-01 1.763656e+00 2.947722e-02
-1.800000e-01 1.763656e+00 3.293716e-02
-1.650000e-01 1.763656e+00 3.747627e-02
-1.500000e-01 1.763656e+00 4.382866e-02
-1.350000e-01 1.763656e+00 5.345536e-02
-1.200000e-01 1.763656e+00 6.933180e-02
-1.050000e-01 1.763656e+00 9.779758e-02
-9.000000e-02 1.763656e+00 1.525746e-01
-7.500000e-02 1.763656e+00 2.599555e-01
-6.000000e-02 1.763656e+00 4.486026e-01
-4.500000e-02 1.763656e+00 7.055322e-01
-3.000000e-02 1.763656e+00 9.707893e-01
-1.500000e-02 1.763656e+00 1.175035e+00
5.551115e-17 1.763656e+00 1.252980e+00
1.500000e-02 1.763656e+00 1.175035e+00
3.000000e-02 1.763656e+00 9.707893e-01
4.500000e-02 1.763656e+00 7.055322e-01
6.000000e-02 1.763656e+00 4.486026e-01
7.500000e-02 1.763656e+00 2.599555e-01
9.000000e-02 1.763656e+00 1.525746e-01
1.050000e-01 1.763656e+00 9.779758e-02
1.200000e-01 1.763656e+00 6.933180e-02
1.350000e-01 1.763656e+00 5.345536e-02
1.500000e-01 1.763656e+00 4.382866e-02
1.650000e-01 1.763656e+00 3.747627e-02
1.800000e-01 1.763656e+00 3.293716e-02
1.950000e-01 1.763656e+00 2.947722e-02
2.100000e-01 1.763656e+00 2.673687e-02
2.250000e-01 1.763656e+00 2.454815e-02
2.400000e-01 1.763656e+00 2.282528e-02
2.550000e-01 1.763656e+00 2.150379e-02
2.700000e-01 1.763656e+00 2.051786e-02
2.850000e-01 1.763656e+00 1.980064e-02
3.000000e-01 1.763656e+00 1.929023e-02
-3.000000e-01 1.777320e+00 1.891578e-02
-2.850000e-01 1.777320e+00 1.946489e-02
-2.700000e-01 1.777320e+00 2.025955e-02
-2.550000e-01 1.777320e+00 2.139416e-02
-2.400000e-01 1.777320e+00 2.298144e-02
-2.250000e-01 1.777320e+00 2.513604e-02
-2.100000e-01 1.777320e+00 2.794893e-02
-1.950000e-01 1.777320e+00 3.148332e-02
-1.800000e-01 1.777320e+00 3.584309e-02
-1.650000e-01 1.777320e+00 4.133997e-02
-1.500000e-01 1.777320e+00 4.874737e-02
-1.350000e-01 1.777320e+00 5.970249e-02
-1.200000e-01 1.777320e+00 7.755726e-02
-1.050000e-01 1.777320e+00 1.094062e-01
-9.000000e-02 1.777320e+00 1.705486e-01
-7.500000e-02 1.777320e+00 2.903849e-01
-6.000000e-02 1.777320e+00 5.017306e-01
-4.500000e-02 1.777320e+00 7.925689e-01
-3.000000e-02 1.777320e+00 1.097555e+00
-1.500000e-02 1.777320e+00 1.335854e+00
5.551115e-17 1.777320e+00 1.427557e+00
1.500000e-02 1.777320e+00 1.335854e+00
3.000000e-02 1.777320e+00 1.097555e+00
4.500000e-02 1.777320e+00 7.925689e-01
6.000000e-02 1.777320e+00 5.017306e-01
7.500000e-02 1.777320e+00 2.903849e-01
9.000000e-02 1.777320e+00 1.705486e-01
1.050000e-01 1.777320e+00 1.094062e-01
1.200000e-01 1.777320e+00 7.755726e-02
1.350000e-01 1.777320e+00 5.970249e-02
1.500000e-01 1.777320e+00 4.874737e-02
1.650000e-01 1.777320e+00 4.133997e-02
1.800000e-01 1.777320e+00 3.584309e-02
1.950000e-01 1.777320e+00 3.148332e-02
2.100000e-01 1.777320e+00 2.794893e-02
2.250000e-01 1.777320e+00 2.513604e-02
2.400000e-01 1.777320e+00 2.298144e-02
2.550000e-01 1.777320e+00 2.139416e-02
2.700000e-01 1.777320e+00 2.025955e-02
2.850000e-01 1.777320e+00 1.946489e-02
3.000000e-01 1.777320e+00 1.891578e-02
-3.000000e-01 1.790985e+00 1.842604e-02
-2.850000e-01 1.790985e+00 1.896453e-02
-2.700000e-01 1.790985e+00 1.976620e-02
-2.550000e-01 1.790985e+00 2.095808e-02
-2.400000e-01 1.790985e+00 2.271585e-02
-2.250000e-01 1.790985e+00 2.525347e-02
-2.100000e-01 1.790985e+00 2.877245e-02
-1.950000e-01 1.790985e+00 3.338194e-02
-1.800000e-01 1.790985e+00 3.909562e-02
-1.650000e-01 1.790985e+00 4.605558e-02
-1.500000e-01 1.790985e+00 5.496656e-02
-1.350000e-01 1.790985e+00 6.763429e-02
-1.200000e-01 1.790985e+00 8.787534e-02
-1.050000e-01 1.790985e+00 1.237056e-01
-9.000000e-02 1.790985e+00 1.922979e-01
-7.500000e-02 1.790985e+00 3.267277e-01
-6.000000e-02 1.790985e+00 5.648481e-01
-4.500000e-02 1.790985e+00 8.962599e-01
-3.000000e-02 1.790985e+00 1.249675e+00
-1.500000e-02 1.790985e+00 1.530130e+00
5.551115e-17 1.790985e+00 1.639002e+00
1.500000e-02 1.790985e+00 1.530130e+00
3.000000e-02 1.790985e+00 1.249675e+00
4.500000e-02 1.790985e+00 8.962599e-01
6.000000e-02 1.790985e+00 5.648481e-01
7.500000e-02 1.790985e+00 3.267277e-01
9.000000e-02 1.790985e+00 1.922979e-01
1.050000e-01 1.790985e+00 1.237056e-01
1.200000e-01 1.790985e+00 8.787534e-02
1.350000e-01 1.790985e+00 6.763429e-02
1.500000e-01 1.790985e+00 5.496656e-02
1.650000e-01 1.790985e+00 4.605558e-02
1.800000e-01 1.790985e+00 3.909562e-02
1.950000e-01 1.790985e+00 3.338194e-02
2.100000e-01 1.790985e+00 2.877245e-02
2.250000e-01 1.790985e+00 2.525347e-02
2.400000e-01 1.790985e+00 2.271585e-02
2.550000e-01 1.790985e+00 2.095808e-02
2.700000e-01 1.790985e+00 1.976620e-02
2.850000e-01 1.790985e+00 1.896453e-02
3.000000e-01 1.790985e+00 1.842604e-02
-3.000000e-01 1.804649e+00 1.789983e-02
-2.850000e-01 1.804649e+00 1.839065e-02
-2.700000e-01 1.804649e+00 1.913554e-02
-2.550000e-01 1.804649e+00 2.027825e-02
-2.400000e-01 1.804649e+00 2.204428e-02
-2.250000e-01 1.804649e+00 2.476366e-02
-2.100000e-01 1.804649e+00 2.884569e-02
-1.950000e-01 1.804649e+00 3.463824e-02
-1.800000e-01 1.804649e+00 4.221120e-02
-1.650000e-01 1.804649e+00 5.142696e-02
-1.500000e-01 1.804649e+00 6.263872e-02
-1.350000e-01 1.804649e+00 7.767148e-02
-1.200000e-01 1.804649e+00 1.008891e-01
-1.050000e-01 1.804649e+00 1.414658e-01
-9.000000e-02 1.804649e+00 2.188447e-01
-7.500000e-02 1.804649e+00 3.704994e-01
-6.000000e-02 1.804649e+00 6.404560e-01
-4.500000e-02 1.804649e+00 1.020848e+00
-3.000000e-02 1.804649e+00 1.433854e+00
-1.500000e-02 1.804649e+00 1.766983e+00
5.551115e-17 1.804649e+00 1.897475e+00
1.500000e-02 1.804649e+00 1.766983e+00
3.000000e-02 1.804649e+00 1.433854e+00
4.500000e-02 1.804649e+00 1.020848e+00
6.000000e-02 1.804649e+00 6.404560e-01
7.500000e-02 1.804649e+00 3.704994e-01
9.000000e-02 1.804649e+00 2.188447e-01
1.050000e-01 1.804649e+00 1.414658e-01
1.200000e-01 1.804649e+00 1.008891e-01
1.350000e-01 1.804649e+00 7.767148e-02
1.500000e-01 1.804649e+00 6.263872e-02
1.650000e-01 1.804649e+00 5.142696e-02
1.800000e-01 1.804649e+00 4.221120e-02
1.950000e-01 1.804649e+00 3.463824e-02
2.100000e-01 1.804649e+00 2.884569e-02
2.250000e-01 1.804649e+00 2.476366e-02
2.400000e-01 1.804649e+00 2.204428e-02
2.550000e-01 1.804649e+00 2.027825e-02
2.700000e-01 1.804649e+00 1.913554e-02
2.850000e-01 1.804649e+00 1.839065e-02
3.000000e-01 1.804649e+00 1.789983e-02
-3.000000e-01 1.818313e+00 1.739384e-02
-2.850000e-01 1.818313e+00 1.782155e-02
-2.700000e-01 1.818313e+00 1.847627e-02
-2.550000e-01 1.818313e+00 1.949880e-02
-2.400000e-01 1.818313e+00 2.112981e-02
-2.250000e-01 1.818313e+00 2.377227e-02
-2.100000e-01 1.818313e+00 2.804734e-02
-1.950000e-01 1.818313e+00 3.472980e-02
-1.800000e-01 1.818313e+00 4.436838e-02
-1.650000e-01 1.818313e+00 5.679245e-02
-1.500000e-01 1.818313e+00 7.163066e-02
-1.350000e-01 1.818313e+00 9.020018e-02
-1.200000e-01 1.818313e+00 1.173374e-01
-1.050000e-01 1.818313e+00 1.636921e-01
-9.000000e-02 1.818313e+00 2.515359e-01
-7.500000e-02 1.818313e+00 4.236862e-01
-6.000000e-02 1.818313e+00 7.318210e-01
-4.500000e-02 1.818313e+00 1.171887e+00
-3.000000e-02 1.818313e+00 1.658910e+00
-1.500000e-02 1.818313e+00 2.058430e+00
5.551115e-17 1.818313e+00 2.216362e+00
1.500000e-02 1.818313e+00 2.058430e+00
3.000000e-02 1.818313e+00 1.658910e+00
4.500000e-02 1.818313e+00 1.171887e+00
6.000000e-02 1.818313e+00 7.318210e-01
7.500000e-02 1.818313e+00 4.236862e-01
9.000000e-02 1.818313e+00 2.515359e-01
1.050000e-01 1.818313e+00 1.636921e-01
1.200000e-01 1.818313e+00 1.173374e-01
1.350000e-01 1.818313e+00 9.020018e-02
1.500000e-01 1.818313e+00 7.163066e-02
1.650000e-01 1.818313e+00 5.679245e-02
1.800000e-01 1.818313e+00 4.436838e-02
1.950000e-01 1.818313e+00 3.472980e-02
2.100000e-01 1.818313e+00 2.804734e-02
2.250000e-01 1.818313e+00 2.377227e-02
2.400000e-01 1.818313e+00 2.112981e-02
2.550000e-01 1.818313e+00 1.949880e-02
2.700000e-01 1.818313e+00 1.847627e-02
2.850000e-01 1.818313e+00 1.782155e-02
3.000000e-01 1.818313e+00 1.739384e-02
-3.000000e-01 1.831977e+00 1.693348e-02
-2.850000e-01 1.831977e+00 1.729857e-02
-2.700000e-01 1.831977e+00 1.785744e-02
-2.550000e-01 1.831977e+00 1.873555e-02
-2.400000e-01 1.831977e+00 2.015840e-02
-2.250000e-01 1.831977e+00 2.253670e-02
-2.100000e-01 1.831977e+00 2.660122e-02
-1.950000e-01 1.831977e+00 3.352745e-02
-1.800000e-01 1.831977e+00 4.473855e-02
-1.650000e-01 1.831977e+00 6.091205e-02
-1.500000e-01 1.831977e+00 8.116951e-02
-1.350000e-01 1.831977e+00 1.053343e-01
-1.200000e-01 1.831977e+00 1.380316e-01
-1.050000e-01 1.831977e+00 1.916669e-01
-9.000000e-02 1.831977e+00 2.921428e-01
-7.500000e-02 1.831977e+00 4.889035e-01
-6.000000e-02 1.831977e+00 8.432354e-01
-4.500000e-02 1.831977e+00 1.356691e+00
-3.000000e-02 1.831977e+00 1.936462e+00
-1.500000e-02 1.831977e+00 2.420260e+00
5.551115e-17 1.831977e+00 2.613207e+00
1.500000e-02 1.831977e+00 2.420260e+00
3.000000e-02 1.831977e+00 1.936462e+00
4.500000e-02 1.831977e+00 1.356691e+00
6.000000e-02 1.831977e+00 8.432354e-01
7.500000e-02 1.831977e+00 4.889035e-01
9.000000e-02 1.831977e+00 2.921428e-01
1.050000e-01 1.831977e+00 1.916669e-01
1.200000e-01 1.831977e+00 1.380316e-01
1.350000e-01 1.831977e+00 1.053343e-01
1.500000e-01 1.831977e+00 8.116951e-02
1.650000e-01 1.831977e+00 6.091205e-02
1.800000e-01 1.831977e+00 4.473855e-02
1.950000e-01 1.831977e+00 3.352745e-02
2.100000e-01 1.831977e+00 2.660122e-02
2.250000e-01 1.831977e+00 2.253670e-02
2.400000e-01 1.831977e+00 2.015840e-02
2.550000e-01 1.831977e+00 1.873555e-02
2.700000e-01 1.831977e+00 1.785744e-02
2.850000e-01 1.831977e+00 1.729857e-02
3.000000e-01 1.831977e+00 1.693348e-02
-3.000000e-01 1.845642e+00 1.652334e-02
-2.850000e-01 1.845642e+00 1.683365e-02
-2.700000e-01 1.845642e+00 1.730594e-02
-2.550000e-01 1.845642e+00 1.804627e-02
-2.400000e-01 1.845642e+00 1.925012e-02
-2.250000e-01 1.845642e+00 2.129047e-02
-2.100000e-01 1.845642e+00 2.488974e-02
-1.950000e-01 1.845642e+00 3.140753e-02
-1.800000e-01 1.845642e+00 4.308050e-02
-1.650000e-01 1.845642e+00 6.236093e-02
-1.500000e-01 1.845642e+00 8.950740e-02
-1.350000e-01 1.845642e+00 1.224258e-01
-1.200000e-01 1.845642e+00 1.636272e-01
-1.050000e-01 1.845642e+00 2.269375e-01
-9.000000e-02 1.845642e+00 3.429675e-01
-7.500000e-02 1.845642e+00 5.695956e-01
-6.000000e-02 1.845642e+00 9.803552e-01
-4.500000e-02 1.845642e+00 1.584889e+00
-3.000000e-02 1.845642e+00 2.281749e+00
-1.500000e-02 1.845642e+00 2.872946e+00
5.551115e-17 1.845642e+00 3.110597e+00
1.500000e-02 1.845642e+00 2.872946e+00
3.000000e-02 1.845642e+00 2.281749e+00
4.500000e-02 1.845642e+00 1.584889e+00
6.000000e-02 1.845642e+00 9.803552e-01
7.500000e-02 1.845642e+00 5.695956e-01
9.000000e-02 1.845642e+00 3.429675e-01
1.050000e-01 1.845642e+00 2.269375e-01
1.200000e-01 1.845642e+00 1.636272e-01
1.350000e-01 1.845642e+00 1.224258e-01
1.500000e-01 1.845642e+00 8.950740e-02
1.650000e-01 1.845642e+00 6.236093e-02
1.800000e-01 1.845642e+00 4.308050e-02
1.950000e-01 1.845642e+00 3.140753e-02
2.100000e-01 1.845642e+00 2.488974e-02
2.250000e-01 1.845642e+00 2.129047e-02
2.400000e-01 1.845642e+00 1.925012e-02
2.550000e-01 1.845642e+00 1.804627e-02
2.700000e-01 1.845642e+00 1.730594e-02
2.850000e-01 1.845642e+00 1.683365e-02
3.000000e-01 1.845642e+00 1.652334e-02
-3.000000e-01 1.859306e+00 1.615862e-02
-2.850000e-01 1.859306e+00 1.642375e-02
-2.700000e-01 1.859306e+00 1.682359e-02
-2.550000e-01 1.859306e+00 1.744563e-02
-2.400000e-01 1.859306e+00 1.845269e-02
-2.250000e-01 1.859306e+00 2.016231e-02
-2.100000e-01 1.859306e+00 2.321777e-02
-1.950000e-01 1.859306e+00 2.894341e-02
-1.800000e-01 1.859306e+00 3.994956e-02
-1.650000e-01 1.859306e+00 6.047355e-02
-1.500000e-01 1.859306e+00 9.417686e-02
-1.350000e-01 1.859306e+00 1.393657e-01
-1.200000e-01 1.859306e+00 1.940518e-01
-1.050000e-01 1.859306e+00 2.711425e-01
-9.000000e-02 1.859306e+00 4.069141e-01
-7.500000e-02 1.859306e+00 6.702637e-01
-6.000000e-02 1.859306e+00 1.150612e+00
-4.500000e-02 1.859306e+00 1.869096e+00
-3.000000e-02 1.859306e+00 2.714409e+00
-1.500000e-02 1.859306e+00 3.442149e+00
5.551115e-17 1.859306e+00 3.736395e+00
1.500000e-02 1.859306e+00 3.442149e+00
3.000000e-02 1.859306e+00 2.714409e+00
4.500000e-02 1.859306e+00 1.869096e+00
6.000000e-02 1.859306e+00 1.150612e+00
7.500000e-02 1.859306e+00 6.702637e-01
9.000000e-02 1.859306e+00 4.069141e-01
1.050000e-01 1.859306e+00 2.711425e-01
1.200000e-01 1.859306e+00 1.940518e-01
1.350000e-01 1.859306e+00 1.393657e-01
1.500000e-01 1.859306e+00 9.417686e-02
1.650000e-01 1.859306e+00 6.047355e-02
1.800000e-01 1.859306e+00 3.994956e-02
1.950000e-01 1.859306e+00 2.894341e-02
2.100000e-01 1.859306e+00 2.321777e-02
2.250000e-01 1.859306e+00 2.016231e-02
2.400000e-01 1.859306e+00 1.845269e-02
2.550000e-01 1.859306e+00 1.744563e-02
2.700000e-01 1.859306e+00 1.682359e-02
2.850000e-01 1.859306e+00 1.642375e-02
3.000000e-01 1.859306e+00 1.615862e-02
-3.000000e-01 1.872970e+00 1.583181e-02
-2.850000e-01 1.872970e+00 1.606062e-02
-2.700000e-01 1.872970e+00 1.640190e-02
-2.550000e-01 1.872970e+00 1.692731e-02
-2.400000e-01 1.872970e+00 1.777024e-02
-2.250000e-01 1.872970e+00 1.919270e-02
-2.100000e-01 1.872970e+00 2.173631e-02
-1.950000e-01 1.872970e+00 2.656900e-02
-1.800000e-01 1.872970e+00 3.623861e-02
-1.650000e-01 1.872970e+00 5.590993e-02
-1.500000e-01 1.872970e+00 9.333316e-02
-1.350000e-01 1.872970e+00 1.522756e-01
-1.200000e-01 1.872970e+00 2.274204e-01
-1.050000e-01 1.872970e+00 3.254420e-01
-9.000000e-02 1.872970e+00 4.873997e-01
-7.500000e-02 1.872970e+00 7.966612e-01
-6.000000e-02 1.872970e+00 1.363645e+00
-4.500000e-02 1.872970e+00 2.225508e+00
-3.000000e-02 1.872970e+00 3.258741e+00
-1.500000e-02 1.872970e+00 4.157647e+00
5.551115e-17 1.872970e+00 4.521727e+00
1.500000e-02 1.872970e+00 4.157647e+00
3.000000e-02 1.872970e+00 3.258741e+00
4.500000e-02 1.872970e+00 2.225508e+00
6.000000e-02 1.872970e+00 1.363645e+00
7.500000e-02 1.872970e+00 7.966612e-01
9.000000e-02 1.872970e+00 4.873997e-01
1.050000e-01 1.872970e+00 3.254420e-01
1.200000e-01 1.872970e+00 2.274204e-01
1.350000e-01 1.872970e+00 1.522756e-01
1.500000e-01 1.872970e+00 9.333316e-02
1.650000e-01 1.872970e+00 5.590993e-02
1.800000e-01 1.872970e+00 3.623861e-02
1.950000e-01 1.872970e+00 2.656900e-02
2.100000e-01 1.872970e+00 2.173631e-02
2.250000e-01 1.872970e+00 1.919270e-02
2.400000e-01 1.872970e+00 1.777024e-02
2.550000e-01 1.872970e+00 1.692731e-02
2.700000e-01 1.872970e+00 1.640190e-02
2.850000e-01 1.872970e+00 1.606062e-02
3.000000e-01 1.872970e+00 1.583181e-02
-3.000000e-01 1.886635e+00 1.553565e-02
-2.850000e-01 1.886635e+00 1.573547e-02
-2.700000e-01 1.886635e+00 1.603002e-02
-2.550000e-01 1.886635e+00 1.647812e-02
-2.400000e-01 1.886635e+00 1.718872e-02
-2.250000e-01 1.886635e+00 1.837561e-02
-2.100000e-01 1.886635e+00 2.048318e-02
-1.950000e-01 1.886635e+00 2.448919e-02
-1.800000e-01 1.886635e+00 3.264063e-02
-1.650000e-01 1.886635e+00 5.009361e-02
-1.500000e-01 1.886635e+00 8.722724e-02
-1.350000e-01 1.886635e+00 1.568031e-01
-1.200000e-01 1.886635e+00 2.587253e-01
-1.050000e-01 1.886635e+00 3.891660e-01
-9.000000e-02 1.886635e+00 5.878148e-01
-7.500000e-02 1.886635e+00 9.557659e-01
-6.000000e-02 1.886635e+00 1.631542e+00
-4.500000e-02 1.886635e+00 2.673996e+00
-3.000000e-02 1.886635e+00 3.942067e+00
-1.500000e-02 1.886635e+00 5.047876e+00
5.551115e-17 1.886635e+00 5.493164e+00
1.500000e-02 1.886635e+00 5.047876e+00
3.000000e-02 1.886635e+00 3.942067e+00
4.500000e-02 1.886635e+00 2.673996e+00
6.000000e-02 1.886635e+00 1.631542e+00
7.500000e-02 1.886635e+00 9.557659e-01
9.000000e-02 1.886635e+00 5.878148e-01
1.050000e-01 1.886635e+00 3.891660e-01
1.200000e-01 1.886635e+00 2.587253e-01
1.350000e-01 1.886635e+00 1.568031e-01
1.500000e-01 1.886635e+00 8.722724e-02
1.650000e-01 1.886635e+00 5.009361e-02
1.800000e-01 1.886635e+00 3.264063e-02
1.950000e-01 1.886635e+00 2.448919e-02
2.100000e-01 1.886635e+00 2.048318e-02
2.250000e-01 1.886635e+00 1.837561e-02
2.400000e-01 1.886635e+00 1.718872e-02
2.550000e-01 1.886635e+00 1.647812e-02
2.700000e-01 1.886635e+00 1.603002e-02
2.850000e-01 1.886635e+00 1.573547e-02
3.000000e-01 1.886635e+00 1.553565e-02
-3.000000e-01 1.900299e+00 1.526404e-02
-2.850000e-01 1.900299e+00 1.544068e-02
-2.700000e-01 1.900299e+00 1.569797e-02
-2.550000e-01 1.900299e+00 1.608455e-02
-2.400000e-01 1.900299e+00 1.668981e-02
-2.250000e-01 1.900299e+00 1.768817e-02
-2.100000e-01 1.900299e+00 1.944127e-02
-1.950000e-01 1.900299e+00 2.274885e-02
-1.800000e-01 1.900299e+00 2.949071e-02
-1.650000e-01 1.900299e+00 4.426649e-02
-1.500000e-01 1.900299e+00 7.798617e-02
-1.350000e-01 1.900299e+00 1.510550e-01
-1.200000e-01 1.900299e+00 2.798678e-01
-1.050000e-01 1.900299e+00 4.574147e-01
-9.000000e-02 1.900299e+00 7.099393e-01
-7.500000e-02 1.900299e+00 1.155062e+00
-6.000000e-02 1.900299e+00 1.968347e+00
-4.500000e-02 1.900299e+00 3.236455e+00
-3.000000e-02 1.900299e+00 4.788203e+00
-1.500000e-02 1.900299e+00 6.124604e+00
5.551115e-17 1.900299e+00 6.652566e+00
1.500000e-02 1.900299e+00 6.124604e+00
3.000000e-02 1.900299e+00 4.788203e+00
4.500000e-02 1.900299e+00 3.236455e+00
6.000000e-02 1.900299e+00 1.968347e+00
7.500000e-02 1.900299e+00 1.155062e+00
9.000000e-02 1.900299e+00 7.099393e-01
1.050000e-01 1.900299e+00 4.574147e-01
1.200000e-01 1.900299e+00 2.798678e-01
1.350000e-01 1.900299e+00 1.510550e-01
1.500000e-01 1.900299e+00 7.798617e-02
1.650000e-01 1.900299e+00 4.426649e-02
1.800000e-01 1.900299e+00 2.949071e-02
1.950000e-01 1.900299e+00 2.274885e-02
2.100000e-01 1.900299e+00 1.944127e-02
2.250000e-01 1.900299e+00 1.768817e-02
2.400000e-01 1.900299e+00 1.668981e-02
2.550000e-01 1.900299e+00 1.608455e-02
2.700000e-01 1.900299e+00 1.569797e-02
2.850000e-01 1.900299e+00 1.544068e-02
3.000000e-01 1.900299e+00 1.526404e-02
-3.000000e-01 1.913963e+00 1.501217e-02
-2.850000e-01 1.913963e+00 1.517013e-02
-2.700000e-01 1.913963e+00 1.539756e-02
-2.550000e-01 1.913963e+00 1.573504e-02
-2.400000e-01 1.913963e+00 1.625653e-02
-2.250000e-01 1.913963e+00 1.710517e-02
-2.100000e-01 1.913963e+00 1.857572e-02
-1.950000e-01 1.913963e+00 2.131786e-02
-1.800000e-01 1.913963e+00 2.686753e-02
-1.650000e-01 1.913963e+00 3.909246e-02
-1.500000e-01 1.913963e+00 6.800033e-02
-1.350000e-01 1.913963e+00 1.372153e-01
-1.200000e-01 1.913963e+00 2.832477e-01
-1.050000e-01 1.913963e+00 5.185827e-01
-9.000000e-02 1.913963e+00 8.504509e-01
-7.500000e-02 1.913963e+00 1.400106e+00
-6.000000e-02 1.913963e+00 2.387520e+00
-4.500000e-02 1.913963e+00 3.930777e+00
-3.000000e-02 1.913963e+00 5.800389e+00
-1.500000e-02 1.913963e+00 7.350308e+00
5.551115e-17 1.913963e+00 7.937581e+00
1.500000e-02 1.913963e+00 7.350308e+00
3.000000e-02 1.913963e+00 5.800389e+00
4.500000e-02 1.913963e+00 3.930777e+00
6.000000e-02 1.913963e+00 2.387520e+00
7.500000e-02 1.913963e+00 1.400106e+00
9.000000e-02 1.913963e+00 8.504509e-01
1.050000e-01 1.913963e+00 5.185827e-01
1.200000e-01 1.913963e+00 2.832477e-01
1.350000e-01 1.913963e+00 1.372153e-01
1.500000e-01 1.913963e+00 6.800033e-02
1.650000e-01 1.913963e+00 3.909246e-02
1.800000e-01 1.913963e+00 2.686753e-02
1.950000e-01 1.913963e+00 2.131786e-02
2.100000e-01 1.913963e+00 1.857572e-02
2.250000e-01 1.913963e+00 1.710517e-02
2.400000e-01 1.913963e+00 1.625653e-02
2.550000e-01 1.913963e+00 1.573504e-02
2.700000e-01 1.913963e+00 1.539756e-02
2.850000e-01 1.913963e+00 1.517013e-02
3.000000e-01 1.913963e+00 1.501217e-02
-3.000000e-01 1.927627e+00 1.477631e-02
-2.850000e-01 1.927627e+00 1.491909e-02
-2.700000e-01 1.927627e+00 1.512237e-02
-2.550000e-01 1.927627e+00 1.542038e-02
-2.400000e-01 1.927627e+00 1.587492e-02
-2.250000e-01 1.927627e+00 1.660448e-02
-2.100000e-01 1.927627e+00 1.785094e-02
-1.950000e-01 1.927627e+00 2.014326e-02
-1.800000e-01 1.927627e+00 2.472765e-02
-1.650000e-01 1.927627e+00 3.476892e-02
-1.500000e-01 1.927627e+00 5.879928e-02
-1.350000e-01 1.927627e+00 1.196946e-01
-1.200000e-01 1.927627e+00 2.674051e-01
-1.050000e-01 1.927627e+00 5.555745e-01
-9.000000e-02 1.927627e+00 9.953433e-01
-7.500000e-02 1.927627e+00 1.688668e+00
-6.000000e-02 1.927627e+00 2.894768e+00
-4.500000e-02 1.927627e+00 4.755666e+00
-3.000000e-02 1.927627e+00 6.927382e+00
-1.500000e-02 1.927627e+00 8.588909e+00
5.551115e-17 1.927627e+00 9.170478e+00
1.500000e-02 1.927627e+00 8.588909e+00
3.000000e-02 1.927627e+00 6.927382e+00
4.500000e-02 1.927627e+00 4.755666e+00
6.000000e-02 1.927627e+00 2.894768e+00
7.500000e-02 1.927627e+00 1.688668e+00
9.000000e-02 1.927627e+00 9.953433e-01
1.050000e-01 1.927627e+00 5.555745e-01
1.200000e-01 1.927627e+00 2.674051e-01
1.350000e-01 1.927627e+00 1.196946e-01
1.500000e-01 1.927627e+00 5.879928e-02
1.650000e-01 1.927627e+00 3.476892e-02
1.800000e-01 1.927627e+00 2.472765e-02
1.950000e-01 1.927627e+00 2.014326e-02
2.100000e-01 1.927627e+00 1.785094e-02
2.250000e-01 1.927627e+00 1.660448e-02
2.400000e-01 1.927627e+00 1.587492e-02
2.550000e-01 1.927627e+00 1.542038e-02
2.700000e-01 1.927627e+00 1.512237e-02
2.850000e-01 1.927627e+00 1.491909e-02
3.000000e-01 1.927627e+00 1.477631e-02
-3.000000e-01 1.941292e+00 1.455364e-02
-2.850000e-01 1.941292e+00 1.468393e-02
-2.700000e-01 1.941292e+00 1.486748e-02
-2.550000e-01 1.941292e+00 1.513345e-02
-2.400000e-01 1.941292e+00 1.553403e-02
-2.250000e-01 1.941292e+00 1.616831e-02
-2.100000e-01 1.941292e+00 1.723653e-02
-1.950000e-01 1.941292e+00 1.917241e-02
-1.800000e-01 1.941292e+00 2.298921e-02
-1.650000e-01 1.941292e+00 3.125324e-02
-1.500000e-01 1.941292e+00 5.098495e-02
-1.350000e-01 1.941292e+00 1.022520e-01
-1.200000e-01 1.941292e+00 2.382939e-01
-1.050000e-01 1.941292e+00 5.545977e-01
-9.000000e-02 1.941292e+00 1.115746e+00
-7.500000e-02 1.941292e+00 2.000080e+00
-6.000000e-02 1.941292e+00 3.472749e+00
-4.500000e-02 1.941292e+00 5.661661e+00
-3.000000e-02 1.941292e+00 8.018321e+00
-1.500000e-02 1.941292e+00 9.576461e+00
5.551115e-17 1.941292e+00 1.004925e+01
1.500000e-02 1.941292e+00 9.576461e+00
3.000000e-02 1.941292e+00 8.018321e+00
4.500000e-02 1.941292e+00 5.661661e+00
6.000000e-02 1.941292e+00 3.472749e+00
7.500000e-02 1.941292e+00 2.000080e+00
9.000000e-02 1.941292e+00 1.115746e+00
1.050000e-01 1.941292e+00 5.545977e-01
1.200000e-01 1.941292e+00 2.382939e-01
1.350000e-01 1.941292e+00 1.022520e-01
1.500000e-01 1.941292e+00 5.098495e-02
1.650000e-01 1.941292e+00 3.125324e-02
1.800000e-01 1.941292e+00 2.298921e-02
1.950000e-01 1.941292e+00 1.917241e-02
2.100000e-01 1.941292e+00 1.723653e-02
2.250000e-01 1.941292e+00 1.616831e-02
2.400000e-01 1.941292e+00 1.553403e-02
2.550000e-01 1.941292e+00 1.513345e-02
2.700000e-01 1.941292e+00 1.486748e-02
2.850000e-01 1.941292e+00 1.468393e-02
3.000000e-01 1.941292e+00 1.455364e-02
-3.000000e-01 1.954956e+00 1.434196e-02
-2.850000e-01 1.954956e+00 1.446188e-02
-2.700000e-01 1.954956e+00 1.462914e-02
-2.550000e-01 1.954956e+00 1.486884e-02
-2.400000e-01 1.954956e+00 1.522551e-02
-2.250000e-01 1.954956e+00 1.578285e-02
-2.100000e-01 1.954956e+00 1.670835e-02
-1.950000e-01 1.954956e+00 1.836085e-02
-1.800000e-01 1.954956e+00 2.156987e-02
-1.650000e-01 1.954956e+00 2.841844e-02
-1.500000e-01 1.954956e+00 4.460441e-02
-1.350000e-01 1.954956e+00 8.685951e-02
-1.200000e-01 1.954956e+00 2.044556e-01
-1.050000e-01 1.954956e+00 5.159606e-01
-9.000000e-02 1.954956e+00 1.174590e+00
-7.500000e-02 1.954956e+00 2.283627e+00
-6.000000e-02 1.954956e+00 4.057857e+00
-4.500000e-02 1.954956e+00 6.515633e+00
-3.000000e-02 1.954956e+00 8.811462e+00
-1.500000e-02 1.954956e+00 9.996755e+00
5.551115e-17 1.954956e+00 1.026921e+01
1.500000e-02 1.954956e+00 9.996755e+00
3.000000e-02 1.954956e+00 8.811462e+00
4.500000e-02 1.954956e+00 6.515633e+00
6.000000e-02 1.954956e+00 4.057857e+00
7.500000e-02 1.954956e+00 2.283627e+00
9.000000e-02 1.954956e+00 1.174590e+00
1.050000e-01 1.954956e+00 5.159606e-01
1.200000e-01 1.954956e+00 2.044556e-01
1.350000e-01 1.954956e+00 8.685951e-02
1.500000e-01 1.954956e+00 4.460441e-02
1.650000e-01 1.954956e+00 2.841844e-02
1.800000e-01 1.954956e+00 2.156987e-02
1.950000e-01 1.954956e+00 1.836085e-02
2.100000e-01 1.954956e+00 1.670835e-02
2.250000e-01 1.954956e+00 1.578285e-02
2.400000e-01 1.954956e+00 1.522551e-02
2.550000e-01 1.954956e+00 1.486884e-02
2.700000e-01 1.954956e+00 1.462914e-02
2.850000e-01 1.954956e+00 1.446188e-02
3.000000e-01 1.954956e+00 1.434196e-02
-3.000000e-01 1.968620e+00 1.413962e-02
-2.850000e-01 1.968620e+00 1.425081e-02
-2.700000e-01 1.968620e+00 1.440446e-02
-2.550000e-01 1.968620e+00 1.462240e-02
-2.400000e-01 1.968620e+00 1.494296e-02
-2.250000e-01 1.968620e+00 1.543759e-02
-2.100000e-01 1.968620e+00 1.624776e-02
-1.950000e-01 1.968620e+00 1.767337e-02
-1.800000e-01 1.968620e+00 2.039968e-02
-1.650000e-01 1.968620e+00 2.612802e-02
-1.500000e-01 1.968620e+00 3.947558e-02
-1.350000e-01 1.968620e+00 7.408159e-02
-1.200000e-01 1.968620e+00 1.721661e-01
-1.050000e-01 1.968620e+00 4.538018e-01
-9.000000e-02 1.968620e+00 1.148991e+00
-7.500000e-02 1.968620e+00 2.462275e+00
-6.000000e-02 1.968620e+00 4.526083e+00
-4.500000e-02 1.968620e+00 7.100205e+00
-3.000000e-02 1.968620e+00 9.034943e+00
-1.500000e-02 1.968620e+00 9.684307e+00
5.551115e-17 1.968620e+00 9.741663e+00
1.500000e-02 1.968620e+00 9.684307e+00
3.000000e-02 1.968620e+00 9.034943e+00
4.500000e-02 1.968620e+00 7.100205e+00
6.000000e-02 1.968620e+00 4.526083e+00
7.500000e-02 1.968620e+00 2.462275e+00
9.000000e-02 1.968620e+00 1.148991e+00
1.050000e-01 1.968620e+00 4.538018e-01
1.200000e-01 1.968620e+00 1.721661e-01
1.350000e-01 1.968620e+00 7.408159e-02
1.500000e-01 1.968620e+00 3.947558e-02
1.650000e-01 1.968620e+00 2.612802e-02
1.800000e-01 1.968620e+00 2.039968e-02
1.950000e-01 1.968620e+00 1.767337e-02
2.100000e-01 1.968620e+00 1.624776e-02
2.250000e-01 1.968620e+00 1.543759e-02
2.400000e-01 1.968620e+00 1.494296e-02
2.550000e-01 1.968620e+00 1.462240e-02
2.700000e-01 1.968620e+00 1.440446e-02
2.850000e-01 1.968620e+00 1.425081e-02
3.000000e-01 1.968620e+00 1.413962e-02
-3.000000e-01 1.982284e+00 1.394531e-02
-2.850000e-01 1.982284e+00 1.404909e-02
-2.700000e-01 1.982284e+00 1.419126e-02
-2.550000e-01 1.982284e+00 1.439097e-02
-2.400000e-01 1.982284e+00 1.468154e-02
-2.250000e-01 1.982284e+00 1.512451e-02
-2.100000e-01 1.982284e+00 1.584059e-02
-1.950000e-01 1.982284e+00 1.708290e-02
-1.800000e-01 1.982284e+00 1.942318e-02
-1.650000e-01 1.982284e+00 2.426324e-02
-1.500000e-01 1.982284e+00 3.536296e-02
-1.350000e-01 1.982284e+00 6.376900e-02
-1.200000e-01 1.982284e+00 1.443056e-01
-1.050000e-01 1.982284e+00 3.851217e-01
-9.000000e-02 1.982284e+00 1.049184e+00
-7.500000e-02 1.982284e+00 2.470570e+00
-6.000000e-02 1.982284e+00 4.727965e+00
-4.500000e-02 1.982284e+00 7.208425e+00
-3.000000e-02 1.982284e+00 8.598876e+00
-1.500000e-02 1.982284e+00 8.763900e+00
5.551115e-17 1.982284e+00 8.670816e+00
1.500000e-02 1.982284e+00 8.763900e+00
3.000000e-02 1.982284e+00 8.598876e+00
4.500000e-02 1.982284e+00 7.208425e+00
6.000000e-02 1.982284e+00 4.727965e+00
7.500000e-02 1.982284e+00 2.470570e+00
9.000000e-02 1.982284e+00 1.049184e+00
1.050000e-01 1.982284e+00 3.851217e-01
1.200000e-01 1.982284e+00 1.443056e-01
1.350000e-01 1.982284e+00 6.376900e-02
1.500000e-01 1.982284e+00 3.536296e-02
1.650000e-01 1.982284e+00 2.426324e-02
1.800000e-01 1.982284e+00 1.942318e-02
1.950000e-01 1.982284e+00 1.708290e-02
2.100000e-01 1.982284e+00 1.584059e-02
2.250000e-01 1.982284e+00 1.512451e-02
2.400000e-01 1.982284e+00 1.468154e-02
2.550000e-01 1.982284e+00 1.439097e-02
2.700000e-01 1.982284e+00 1.419126e-02
2.850000e-01 1.982284e+00 1.404909e-02
3.000000e-01 1.982284e+00 1.394531e-02
-3.000000e-01 1.995949e+00 1.375801e-02
-2.850000e-01 1.995949e+00 1.385542e-02
-2.700000e-01 1.995949e+00 1.398781e-02
-2.550000e-01 1.995949e+00 1.417210e-02
-2.400000e-01 1.995949e+00 1.443751e-02
-2.250000e-01 1.995949e+00 1.483751e-02
-2.100000e-01 1.995949e+00 1.547604e-02
-1.950000e-01 1.995949e+00 1.656886e-02
-1.800000e-01 1.995949e+00 1.859771e-02
-1.650000e-01 1.995949e+00 2.272897e-02
-1.500000e-01 1.995949e+00 3.204942e-02
-1.350000e-01 1.995949e+00 5.552677e-02
-1.200000e-01 1.995949e+00 1.214481e-01
-1.050000e-01 1.995949e+00 3.212579e-01
-9.000000e-02 1.995949e+00 9.096438e-01
-7.500000e-02 1.995949e+00 2.305064e+00
-6.000000e-02 1.995949e+00 4.584064e+00
-4.500000e-02 1.995949e+00 6.796441e+00
-3.000000e-02 1.995949e+00 7.673069e+00
-1.500000e-02 1.995949e+00 7.543516e+00
5.551115e-17 1.995949e+00 7.385046e+00
1.500000e-02 1.995949e+00 7.543516e+00
3.000000e-02 1.995949e+00 7.673069e+00
4.500000e-02 1.995949e+00 6.796441e+00
6.000000e-02 1.995949e+00 4.584064e+00
7.500000e-02 1.995949e+00 2.305064e+00
9.000000e-02 1.995949e+00 9.096438e-01
1.050000e-01 1.995949e+00 3.212579e-01
1.200000e-01 1.995949e+00 1.214481e-01
1.350000e-01 1.995949e+00 5.552677e-02
1.500000e-01 1.995949e+00 3.204942e-02
1.650000e-01 1.995949e+00 2.272897e-02
1.800000e-01 1.995949e+00 1.859771e-02
1.950000e-01 1.995949e+00 1.656886e-02
2.100000e-01 1.995949e+00 1.547604e-02
2.250000e-01 1.995949e+00 1.483751e-02
2.400000e-01 1.995949e+00 1.443751e-02
2.550000e-01 1.995949e+00 1.417210e-02
2.700000e-01 1.995949e+00 1.398781e-02
2.850000e-01 1.995949e+00 1.385542e-02
3.000000e-01 1.995949e+00 1.375801e-02
-3.000000e-01 2.009613e+00 1.357691e-02
-2.850000e-01 2.009613e+00 1.366880e-02
-2.700000e-01 2.009613e+00 1.379278e-02
-2.550000e-01 2.009613e+00 1.396390e-02
-2.400000e-01 2.009613e+00 1.420799e-02
-2.250000e-01 2.009613e+00 1.457190e-02
-2.100000e-01 2.009613e+00 1.514591e-02
-1.950000e-01 2.009613e+00 1.611558e-02
-1.800000e-01 2.009613e+00 1.789079e-02
-1.650000e-01 2.009613e+00 2.145168e-02
-1.500000e-01 2.009613e+00 2.935672e-02
-1.350000e-01 2.009613e+00 4.893617e-02
-1.200000e-01 2.009613e+00 1.031098e-01
-1.050000e-01 2.009613e+00 2.669007e-01
-9.000000e-02 2.009613e+00 7.644021e-01
-7.500000e-02 2.009613e+00 2.027338e+00
-6.000000e-02 2.009613e+00 4.151854e+00
-4.500000e-02 2.009613e+00 6.021719e+00
-3.000000e-02 2.009613e+00 6.545671e+00
-1.500000e-02 2.009613e+00 6.303764e+00
5.551115e-17 2.009613e+00 6.139248e+00
1.500000e-02 2.009613e+00 6.303764e+00
3.000000e-02 2.009613e+00 6.545671e+00
4.500000e-02 2.009613e+00 6.021719e+00
6.000000e-02 2.009613e+00 4.151854e+00
7.500000e-02 2.009613e+00 2.027338e+00
9.000000e-02 2.009613e+00 7.644021e-01
1.050000e-01 2.009613e+00 2.669007e-01
1.200000e-01 2.009613e+00 1.031098e-01
1.350000e-01 2.009613e+00 4.893617e-02
1.500000e-01 2.009613e+00 2.935672e-02
1.650000e-01 2.009613e+00 2.145168e-02
1.800000e-01 2.009613e+00 1.789079e-02
1.950000e-01 2.009613e+00 1.611558e-02
2.100000e-01 2.009613e+00 1.514591e-02
2.250000e-01 2.009613e+00 1.457190e-02
2.400000e-01 2.009613e+00 1.420799e-02
2.550000e-01 2.009613e+00 1.396390e-02
2.700000e-01 2.009613e+00 1.379278e-02
2.850000e-01 2.009613e+00 1.366880e-02
3.000000e-01 2.009613e+00 1.357691e-02
-3.000000e-01 2.023277e+00 1.340136e-02
-2.850000e-01 2.023277e+00 1.348843e-02
-2.700000e-01 2.023277e+00 1.360510e-02
-2.550000e-01 2.023277e+00 1.376487e-02
-2.400000e-01 2.023277e+00 1.399073e-02
-2.250000e-01 2.023277e+00 1.432406e-02
-2.100000e-01 2.023277e+00 1.484387e-02
-1.950000e-01 2.023277e+00 1.571114e-02
-1.800000e-01 2.023277e+00 1.727776e-02
-1.650000e-01 2.023277e+00 2.037538e-02
-1.500000e-01 2.023277e+00 2.714569e-02
-1.350000e-01 2.023277e+00 4.363475e-02
-1.200000e-01 2.023277e+00 8.849549e-02
-1.050000e-01 2.023277e+00 2.226146e-01
-9.000000e-02 2.023277e+00 6.334275e-01
-7.500000e-02 2.023277e+00 1.715482e+00
-6.000000e-02 2.023277e+00 3.576352e+00
-4.500000e-02 2.023277e+00 5.114901e+00
-3.000000e-02 2.023277e+00 5.445775e+00
-1.500000e-02 2.023277e+00 5.199858e+00
5.551115e-17 2.023277e+00 5.056701e+00
1.500000e-02 2.023277e+00 5.199858e+00
3.000000e-02 2.023277e+00 5.445775e+00
4.500000e-02 2.023277e+00 5.114901e+00
6.000000e-02 2.023277e+00 3.576352e+00
7.500000e-02 2.023277e+00 1.715482e+00
9.000000e-02 2.023277e+00 6.334275e-01
1.050000e-01 2.023277e+00 2.226146e-01
1.200000e-01 2.023277e+00 8.849549e-02
1.350000e-01 2.023277e+00 4.363475e-02
1.500000e-01 2.023277e+00 2.714569e-02
1.650000e-01 2.023277e+00 2.037538e-02
1.800000e-01 2.023277e+00 1.727776e-02
1.950000e-01 2.023277e+00 1.571114e-02
2.100000e-01 2.023277e+00 1.484387e-02
2.250000e-01 2.023277e+00 1.432406e-02
2.400000e-01 2.023277e+00 1.399073e-02
2.550000e-01 2.023277e+00 1.376487e-02
2.700000e-01 2.023277e+00 1.360510e-02
2.850000e-01 2.023277e+00 1.348843e-02
3.000000e-01 2.023277e+00 1.340136e-02
-3.000000e-01 2.036942e+00 1.323084e-02
-2.850000e-01 2.036942e+00 1.331366e-02
-2.700000e-01 2.036942e+00 1.342392e-02
-2.550000e-01 2.036942e+00 1.357384e-02
-2.400000e-01 2.036942e+00 1.378399e-02
-2.250000e-01 2.036942e+00 1.409115e-02
-2.100000e-01 2.036942e+00 1.456503e-02
-1.950000e-01 2.036942e+00 1.534636e-02
-1.800000e-01 2.036942e+00 1.673982e-02
-1.650000e-01 2.036942e+00 1.945754e-02
-1.500000e-01 2.036942e+00 2.530988e-02
-1.350000e-01 2.036942e+00 3.933281e-02
-1.200000e-01 2.036942e+00 7.682699e-02
-1.050000e-01 2.036942e+00 1.872036e-01
-9.000000e-02 2.036942e+00 5.236943e-01
-7.500000e-02 2.036942e+00 1.423206e+00
-6.000000e-02 2.036942e+00 2.990559e+00
-4.500000e-02 2.036942e+00 4.247230e+00
-3.000000e-02 2.036942e+00 4.486611e+00
-1.500000e-02 2.036942e+00 4.280998e+00
5.551115e-17 2.036942e+00 4.166394e+00
1.500000e-02 2.036942e+00 4.280998e+00
3.000000e-02 2.036942e+00 4.486611e+00
4.500000e-02 2.036942e+00 4.247230e+00
6.000000e-02 2.036942e+00 2.990559e+00
7.500000e-02 2.036942e+00 1.423206e+00
9.000000e-02 2.036942e+00 5.236943e-01
1.050000e-01 2.036942e+00 1.872036e-01
1.200000e-01 2.036942e+00 7.682699e-02
1.350000e-01 2.036942e+00 3.933281e-02
1.500000e-01 2.036942e+00 2.530988e-02
1.650000e-01 2.036942e+00 1.945754e-02
1.800000e-01 2.036942e+00 1.673982e-02
1.950000e-01 2.036942e+00 1.534636e-02
2.100000e-01 2.036942e+00 1.456503e-02
2.250000e-01 2.036942e+00 1.409115e-02
2.400000e-01 2.036942e+00 1.378399e-02
2.550000e-01 2.036942e+00 1.357384e-02
2.700000e-01 2.036942e+00 1.342392e-02
2.850000e-01 2.036942e+00 1.331366e-02
3.000000e-01 2.036942e+00 1.323084e-02
-3.000000e-01 2.050606e+00 1.306491e-02
-2.850000e-01 2.050606e+00 1.314395e-02
-2.700000e-01 2.050606e+00 1.324857e-02
-2.550000e-01 2.050606e+00 1.338985e-02
-2.400000e-01 2.050606e+00 1.358633e-02
-2.250000e-01 2.050606e+00 1.387095e-02
-2.100000e-01 2.050606e+00 1.430557e-02
-1.950000e-01 2.050606e+00 1.501415e-02
-1.800000e-01 2.050606e+00 1.626256e-02
-1.650000e-01 2.050606e+00 1.866580e-02
-1.500000e-01 2.050606e+00 2.376847e-02
-1.350000e-01 2.050606e+00 3.580673e-02
-1.200000e-01 2.050606e+00 6.745020e-02
-1.050000e-01 2.050606e+00 1.590254e-01
-9.000000e-02 2.050606e+00 4.349623e-01
-7.500000e-02 2.050606e+00 1.173515e+00
-6.000000e-02 2.050606e+00 2.468409e+00
-4.500000e-02 2.050606e+00 3.498106e+00
-3.000000e-02 2.050606e+00 3.696407e+00
-1.500000e-02 2.050606e+00 3.540325e+00
5.551115e-17 2.050606e+00 3.452392e+00
1.500000e-02 2.050606e+00 3.540325e+00
3.000000e-02 2.050606e+00 3.696407e+00
4.500000e-02 2.050606e+00 3.498106e+00
6.000000e-02 2.050606e+00 2.468409e+00
7.500000e-02 2.050606e+00 1.173515e+00
9.000000e-02 2.050606e+00 4.349623e-01
1.050000e-01 2.050606e+00 1.590254e-01
1.200000e-01 2.050606e+00 6.745020e-02
1.350000e-01 2.050606e+00 3.580673e-02
1.500000e-01 2.050606e+00 2.376847e-02
1.650000e-01 2.050606e+00 1.866580e-02
1.800000e-01 2.050606e+00 1.626256e-02
1.950000e-01 2.050606e+00 1.501415e-02
2.100000e-01 2.050606e+00 1.430557e-02
2.250000e-01 2.050606e+00 1.387095e-02
2.400000e-01 2.050606e+00 1.358633e-02
2.550000e-01 2.050606e+00 1.338985e-02
2.700000e-01 2.050606e+00 1.324857e-02
2.850000e-01 2.050606e+00 1.314395e-02
3.000000e-01 2.050606e+00 1.306491e-02
-3.000000e-01 2.064270e+00 1.290322e-02
-2.850000e-01 2.064270e+00 1.297887e-02
-2.700000e-01 2.064270e+00 1.307847e-02
-2.550000e-01 2.064270e+00 1.321213e-02
-2.400000e-01 2.064270e+00 1.339665e-02
-2.250000e-01 2.064270e+00 1.366168e-02
-2.100000e-01 2.064270e+00 1.406249e-02
-1.950000e-01 2.064270e+00 1.470897e-02
-1.800000e-01 2.064270e+00 1.583482e-02
-1.650000e-01 2.064270e+00 1.797539e-02
-1.500000e-01 2.064270e+00 2.246003e-02
-1.350000e-01 2.064270e+00 3.288622e-02
-1.200000e-01 2.064270e+00 5.984905e-02
-1.050000e-01 2.064270e+00 1.365406e-01
-9.000000e-02 2.064270e+00 3.642233e-01
-7.500000e-02 2.064270e+00 9.698170e-01
-6.000000e-02 2.064270e+00 2.033549e+00
-4.500000e-02 2.064270e+00 2.883926e+00
-3.000000e-02 2.064270e+00 3.062230e+00
-1.500000e-02 2.064270e+00 2.950612e+00
5.551115e-17 2.064270e+00 2.884631e+00
1.500000e-02 2.064270e+00 2.950612e+00
3.000000e-02 2.064270e+00 3.062230e+00
4.500000e-02 2.064270e+00 2.883926e+00
6.000000e-02 2.064270e+00 2.033549e+00
7.500000e-02 2.064270e+00 9.698170e-01
9.000000e-02 2.064270e+00 3.642233e-01
1.050000e-01 2.064270e+00 1.365406e-01
1.200000e-01 2.064270e+00 5.984905e-02
1.350000e-01 2.064270e+00 3.288622e-02
1.500000e-01 2.064270e+00 2.246003e-02
1.650000e-01 2.064270e+00 1.797539e-02
1.800000e-01 2.064270e+00 1.583482e-02
1.950000e-01 2.064270e+00 1.470897e-02
2.100000e-01 2.064270e+00 1.406249e-02
2.250000e-01 2.064270e+00 1.366168e-02
2.400000e-01 2.064270e+00 1.339665e-02
2.550000e-01 2.064270e+00 1.321213e-02
2.700000e-01 2.064270e+00 1.307847e-02
2.850000e-01 2.064270e+00 1.297887e-02
3.000000e-01 2.064270e+00 1.290322e-02
-3.000000e-01 2.077934e+00 1.274545e-02
-2.850000e-01 2.077934e+00 1.281805e-02
-2.700000e-01 2.077934e+00 1.291316e-02
-2.550000e-01 2.077934e+00 1.304005e-02
-2.400000e-01 2.077934e+00 1.321403e-02
-2.250000e-01 2.077934e+00 1.346191e-02
-2.100000e-01 2.077934e+00 1.383338e-02
-1.950000e-01 2.077934e+00 1.442645e-02
-1.800000e-01 2.077934e+00 1.544792e-02
-1.650000e-01 2.077934e+00 1.736719e-02
-1.500000e-01 2.077934e+00 2.133769e-02
-1.350000e-01 2.077934e+00 3.044205e-02
-1.200000e-01 2.077934e+00 5.362729e-02
-1.050000e-01 2.077934e+00 1.184774e-01
-9.000000e-02 2.077934e+00 3.079631e-01
-7.500000e-02 2.077934e+00 8.069563e-01
-6.000000e-02 2.077934e+00 1.682919e+00
-4.500000e-02 2.077934e+00 2.391980e+00
-3.000000e-02 2.077934e+00 2.557867e+00
-1.500000e-02 2.077934e+00 2.481767e+00
5.551115e-17 2.077934e+00 2.432863e+00
1.500000e-02 2.077934e+00 2.481767e+00
3.000000e-02 2.077934e+00 2.557867e+00
4.500000e-02 2.077934e+00 2.391980e+00
6.000000e-02 2.077934e+00 1.682919e+00
7.500000e-02 2.077934e+00 8.069563e-01
9.000000e-02 2.077934e+00 3.079631e-01
1.050000e-01 2.077934e+00 1.184774e-01
1.200000e-01 2.077934e+00 5.362729e-02
1.350000e-01 2.077934e+00 3.044205e-02
1.500000e-01 2.077934e+00 2.133769e-02
1.650000e-01 2.077934e+00 1.736719e-02
1.800000e-01 2.077934e+00 1.544792e-02
1.950000e-01 2.077934e+00 1.442645e-02
2.100000e-01 2.077934e+00 1.383338e-02
2.250000e-01 2.077934e+00 1.346191e-02
2.400000e-01 2.077934e+00 1.321403e-02
2.550000e-01 2.077934e+00 1.304005e-02
2.700000e-01 2.077934e+00 1.291316e-02
2.850000e-01 2.077934e+00 1.281805e-02
3.000000e-01 2.077934e+00 1.274545e-02
-3.000000e-01 2.091599e+00 1.259137e-02
-2.850000e-01 2.091599e+00 1.266120e-02
-2.700000e-01 2.091599e+00 1.275226e-02
-2.550000e-01 2.091599e+00 1.287309e-02
-2.400000e-01 2.091599e+00 1.303771e-02
-2.250000e-01 2.091599e+00 1.327050e-02
-2.100000e-01 2.091599e+00 1.361633e-02
-1.950000e-01 2.091599e+00 1.416313e-02
-1.800000e-01 2.091599e+00 1.509502e-02
-1.650000e-01 2.091599e+00 1.682634e-02
-1.500000e-01 2.091599e+00 2.036539e-02
-1.350000e-01 2.091599e+00 2.837587e-02
-1.200000e-01 2.091599e+00 4.848375e-02
-1.050000e-01 2.091599e+00 1.038398e-01
-9.000000e-02 2.091599e+00 2.630397e-01
-7.500000e-02 2.091599e+00 6.774863e-01
-6.000000e-02 2.091599e+00 1.403716e+00
-4.500000e-02 2.091599e+00 2.000872e+00
-3.000000e-02 2.091599e+00 2.156604e+00
-1.500000e-02 2.091599e+00 2.107362e+00
5.551115e-17 2.091599e+00 2.071402e+00
1.500000e-02 2.091599e+00 2.107362e+00
3.000000e-02 2.091599e+00 2.156604e+00
4.500000e-02 2.091599e+00 2.000872e+00
6.000000e-02 2.091599e+00 1.403716e+00
7.500000e-02 2.091599e+00 6.774863e-01
9.000000e-02 2.091599e+00 2.630397e-01
1.050000e-01 2.091599e+00 1.038398e-01
1.200000e-01 2.091599e+00 4.848375e-02
1.350000e-01 2.091599e+00 2.837587e-02
1.500000e-01 2.091599e+00 2.036539e-02
1.650000e-01 2.091599e+00 1.682634e-02
1.800000e-01 2.091599e+00 1.509502e-02
1.950000e-01 2.091599e+00 1.416313e-02
2.100000e-01 2.091599e+00 1.361633e-02
2.250000e-01 2.091599e+00 1.327050e-02
2.400000e-01 2.091599e+00 1.303771e-02
2.550000e-01 2.091599e+00 1.287309e-02
2.700000e-01 2.091599e+00 1.275226e-02
2.850000e-01 2.091599e+00 1.266120e-02
3.000000e-01 2.091599e+00 1.259137e-02
-3.000000e-01 2.105263e+00 1.244073e-02
-2.850000e-01 2.105263e+00 1.250804e-02
-2.700000e-01 2.105263e+00 1.259544e-02
-2.550000e-01 2.105263e+00 1.271082e-02
-2.400000e-01 2.105263e+00 1.286708e-02
-2.250000e-01 2.105263e+00 1.308649e-02
-2.100000e-01 2.105263e+00 1.340977e-02
-1.950000e-01 2.105263e+00 1.391623e-02
-1.800000e-01 2.105263e+00 1.477068e-02
-1.650000e-01 2.105263e+00 1.634118e-02
-1.500000e-01 2.105263e+00 1.951521e-02
-1.350000e-01 2.105263e+00 2.661238e-02
-1.200000e-01 2.105263e+00 4.418979e-02
-1.050000e-01 2.105263e+00 9.186528e-02
-9.000000e-02 2.105263e+00 2.269064e-01
-7.500000e-02 2.105263e+00 5.743362e-01
-6.000000e-02 2.105263e+00 1.181725e+00
-4.500000e-02 2.105263e+00 1.689553e+00
-3.000000e-02 2.105263e+00 1.835650e+00
-1.500000e-02 2.105263e+00 1.806146e+00
5.551115e-17 2.105263e+00 1.779886e+00
1.500000e-02 2.105263e+00 1.806146e+00
3.000000e-02 2.105263e+00 1.835650e+00
4.500000e-02 2.105263e+00 1.689553e+00
6.000000e-02 2.105263e+00 1.181725e+00
7.500000e-02 2.105263e+00 5.743362e-01
9.000000e-02 2.105263e+00 2.269064e-01
1.050000e-01 2.105263e+00 9.186528e-02
1.200000e-01 2.105263e+00 4.418979e-02
1.350000e-01 2.105263e+00 2.661238e-02
1.500000e-01 2.105263e+00 1.951521e-02
1.650000e-01 2.105263e+00 1.634118e-02
1.800000e-01 2.105263e+00 1.477068e-02
1.950000e-01 2.105263e+00 1.391623e-02
2.100000e-01 2.105263e+00 1.340977e-02
2.250000e-01 2.105263e+00 1.308649e-02
2.400000e-01 2.105263e+00 1.286708e-02
2.550000e-01 2.105263e+00 1.271082e-02
2.700000e-01 2.105263e+00 1.259544e-02
2.850000e-01 2.105263e+00 1.250804e-02
3.000000e-01 2.105263e+00 1.244073e-02
-3.000000e-01 2.118927e+00 1.229336e-02
-2.850000e-01 2.118927e+00 1.235835e-02
-2.700000e-01 2.118927e+00 1.244242e-02
-2.550000e-01 2.118927e+00 1.255288e-02
-2.400000e-01 2.118927e+00 1.270163e-02
-2.250000e-01 2.118927e+00 1.290910e-02
-2.100000e-01 2.118927e+00 1.321244e-02
-1.950000e-01 2.118927e+00 1.368349e-02
-1.800000e-01 2.118927e+00 1.447058e-02
-1.650000e-01 2.118927e+00 1.590247e-02
-1.500000e-01 2.118927e+00 1.876531e-02
-1.350000e-01 2.118927e+00 2.509355e-02
-1.200000e-01 2.118927e+00 4.057118e-02
-1.050000e-01 2.118927e+00 8.197487e-02
-9.000000e-02 2.118927e+00 1.975860e-01
-7.500000e-02 2.118927e+00 4.916333e-01
-6.000000e-02 2.118927e+00 1.004443e+00
-4.500000e-02 2.118927e+00 1.440301e+00
-3.000000e-02 2.118927e+00 1.576901e+00
-1.500000e-02 2.118927e+00 1.561668e+00
5.551115e-17 2.118927e+00 1.542655e+00
1.500000e-02 2.118927e+00 1.561668e+00
3.000000e-02 2.118927e+00 1.576901e+00
4.500000e-02 2.118927e+00 1.440301e+00
6.000000e-02 2.118927e+00 1.004443e+00
7.500000e-02 2.118927e+00 4.916333e-01
9.000000e-02 2.118927e+00 1.975860e-01
1.050000e-01 2.118927e+00 8.197487e-02
1.200000e-01 2.118927e+00 4.057118e-02
1.350000e-01 2.118927e+00 2.509355e-02
1.500000e-01 2.118927e+00 1.876531e-02
1.650000e-01 2.118927e+00 1.590247e-02
1.800000e-01 2.118927e+00 1.447058e-02
1.950000e-01 2.118927e+00 1.368349e-02
2.100000e-01 2.118927e+00 1.321244e-02
2.250000e-01 2.118927e+00 1.290910e-02
2.400000e-01 2.118927e+00 1.270163e-02
2.550000e-01 2.118927e+00 1.255288e-02
2.700000e-01 2.118927e+00 1.244242e-02
2.850000e-01 2.118927e+00 1.235835e-02
3.000000e-01 2.118927e+00 1.229336e-02
-3.000000e-01 2.132592e+00 1.214909e-02
-2.850000e-01 2.132592e+00 1.221195e-02
-2.700000e-01 2.132592e+00 1.229296e-02
-2.550000e-01 2.132592e+00 1.239894e-02
-2.400000e-01 2.132592e+00 1.254091e-02
-2.250000e-01 2.132592e+00 1.273768e-02
-2.100000e-01 2.132592e+00 1.302328e-02
-1.950000e-01 2.132592e+00 1.346308e-02
-1.800000e-01 2.132592e+00 1.419119e-02
-1.650000e-01 2.132592e+00 1.550285e-02
-1.500000e-01 2.132592e+00 1.809848e-02
-1.350000e-01 2.132592e+00 2.377422e-02
-1.200000e-01 2.132592e+00 3.749431e-02
-1.050000e-01 2.132592e+00 7.372879e-02
-9.000000e-02 2.132592e+00 1.735696e-01
-7.500000e-02 2.132592e+00 4.247680e-01
-6.000000e-02 2.132592e+00 8.618108e-01
-4.500000e-02 2.132592e+00 1.239120e+00
-3.000000e-02 2.132592e+00 1.366419e+00
-1.500000e-02 2.132592e+00 1.361395e+00
5.551115e-17 2.132592e+00 1.347798e+00
1.500000e-02 2.132592e+00 1.361395e+00
3.000000e-02 2.132592e+00 1.366419e+00
4.500000e-02 2.132592e+00 1.239120e+00
6.000000e-02 2.132592e+00 8.618108e-01
7.500000e-02 2.132592e+00 4.247680e-01
9.000000e-02 2.132592e+00 1.735696e-01
1.050000e-01 2.132592e+00 7.372879e-02
1.200000e-01 2.132592e+00 3.749431e-02
1.350000e-01 2.132592e+00 2.377422e-02
1.500000e-01 2.132592e+00 1.809848e-02
1.650000e-01 2.132592e+00 1.550285e-02
1.800000e-01 2.132592e+00 1.419119e-02
1.950000e-01 2.132592e+00 1.346308e-02
2.100000e-01 2.132592e+00 1.302328e-02
2.250000e-01 2.132592e+00 1.273768e-02
2.400000e-01 2.132592e+00 1.254091e-02
2.550000e-01 2.132592e+00 1.239894e-02
2.700000e-01 2.132592e+00 1.229296e-02
2.850000e-01 2.132592e+00 1.221195e-02
3.000000e-01 2.132592e+00 1.214909e-02
-3.000000e-01 2.146256e+00 1.200777e-02
-2.850000e-01 2.146256e+00 1.206865e-02
-2.700000e-01 2.146256e+00 1.214685e-02
-2.550000e-01 2.146256e+00 1.224874e-02
-2.400000e-01 2.146256e+00 1.238456e-02
-2.250000e-01 2.146256e+00 1.257170e-02
-2.100000e-01 2.146256e+00 1.284143e-02
-1.950000e-01 2.146256e+00 1.325348e-02
-1.800000e-01 2.146256e+00 1.392967e-02
-1.650000e-01 2.146256e+00 1.513639e-02
-1.500000e-01 2.146256e+00 1.750104e-02
-1.350000e-01 2.146256e+00 2.261898e-02
-1.200000e-01 2.146256e+00 3.485594e-02
-1.050000e-01 2.146256e+00 6.679158e-02
-9.000000e-02 2.146256e+00 1.537122e-01
-7.500000e-02 2.146256e+00 3.702086e-01
-6.000000e-02 2.146256e+00 7.460411e-01
-4.500000e-02 2.146256e+00 1.075261e+00
-3.000000e-02 2.146256e+00 1.193603e+00
-1.500000e-02 2.146256e+00 1.195815e+00
5.551115e-17 2.146256e+00 1.186275e+00
1.500000e-02 2.146256e+00 1.195815e+00
3.000000e-02 2.146256e+00 1.193603e+00
4.500000e-02 2.146256e+00 1.075261e+00
6.000000e-02 2.146256e+00 7.460411e-01
7.500000e-02 2.146256e+00 3.702086e-01
9.000000e-02 2.146256e+00 1.537122e-01
1.050000e-01 2.146256e+00 6.679158e-02
1.200000e-01 2.146256e+00 3.485594e-02
1.350000e-01 2.146256e+00 2.261898e-02
1.500000e-01 2.146256e+00 1.750104e-02
1.650000e-01 2.146256e+00 1.513639e-02
1.800000e-01 2.146256e+00 1.392967e-02
1.950000e-01 2.146256e+00 1.325348e-02
2.100000e-01 2.146256e+00 1.284143e-02
2.250000e-01 2.146256e+00 1.257170e-02
2.400000e-01 2.146256e+00 1.238456e-02
2.550000e-01 2.146256e+00 1.224874e-02
2.700000e-01 2.146256e+00 1.214685e-02
2.850000e-01 2.146256e+00 1.206865e-02
3.000000e-01 2.146256e+00 1.200777e-02
-3.000000e-01 2.159920e+00 1.186926e-02
-2.850000e-01 2.159920e+00 1.192831e-02
-2.700000e-01 2.159920e+00 1.200392e-02
-2.550000e-01 2.159920e+00 1.210205e-02
-2.400000e-01 2.159920e+00 1.223226e-02
-2.250000e-01 2.159920e+00 1.241068e-02
-2.100000e-01 2.159920e+00 1.266614e-02
-1.950000e-01 2.159920e+00 1.305344e-02
-1.800000e-01 2.159920e+00 1.368367e-02
-1.650000e-01 2.159920e+00 1.479827e-02
-1.500000e-01 2.159920e+00 1.696202e-02
-1.350000e-01 2.159920e+00 2.159984e-02
-1.200000e-01 2.159920e+00 3.257558e-02
-1.050000e-01 2.159920e+00 6.090565e-02
-9.000000e-02 2.159920e+00 1.371435e-01
-7.500000e-02 2.159920e+00 3.252725e-01
-6.000000e-02 2.159920e+00 6.511982e-01
-4.500000e-02 2.159920e+00 9.405541e-01
-3.000000e-02 2.159920e+00 1.050407e+00
-1.500000e-02 2.159920e+00 1.057694e+00
5.551115e-17 2.159920e+00 1.051204e+00
1.500000e-02 2.159920e+00 1.057694e+00
3.000000e-02 2.159920e+00 1.050407e+00
4.500000e-02 2.159920e+00 9.405541e-01
6.000000e-02 2.159920e+00 6.511982e-01
7.500000e-02 2.159920e+00 3.252725e-01
9.000000e-02 2.159920e+00 1.371435e-01
1.050000e-01 2.159920e+00 6.090565e-02
1.200000e-01 2.159920e+00 3.257558e-02
1.350000e-01 2.159920e+00 2.159984e-02
1.500000e-01 2.159920e+00 1.696202e-02
1.650000e-01 2.159920e+00 1.479827e-02
1.800000e-01 2.159920e+00 1.368367e-02
1.950000e-01 2.159920e+00 1.305344e-02
2.100000e-01 2.159920e+00 1.266614e-02
2.250000e-01 2.159920e+00 1.241068e-02
2.400000e-01 2.159920e+00 1.223226e-02
2.550000e-01 2.159920e+00 1.210205e-02
2.700000e-01 2.159920e+00 1.200392e-02
2.850000e-01 2.159920e+00 1.192831e-02
3.000000e-01 2.159920e+00 1.186926e-02
-3.000000e-01 2.173584e+00 1.173346e-02
-2.850000e-01 2.173584e+00 1.179080e-02
-2.700000e-01 2.173584e+00 1.186400e-02
-2.550000e-01 2.173584e+00 1.195867e-02
-2.400000e-01 2.173584e+00 1.208374e-02
-2.250000e-01 2.173584e+00 1.225423e-02
-2.100000e-01 2.173584e+00 1.249681e-02
-1.950000e-01 2.173584e+00 1.286192e-02
-1.800000e-01 2.173584e+00 1.345126e-02
-1.650000e-01 2.173584e+00 1.448456e-02
-1.500000e-01 2.173584e+00 1.647254e-02
-1.350000e-01 2.173584e+00 2.069446e-02
-1.200000e-01 2.173584e+00 3.059000e-02
-1.050000e-01 2.173584e+00 5.587159e-02
-9.000000e-02 2.173584e+00 1.231983e-01
-7.500000e-02 2.173584e+00 2.879227e-01
-6.000000e-02 2.173584e+00 5.727779e-01
-4.500000e-02 2.173584e+00 8.287964e-01
-3.000000e-02 2.173584e+00 9.307040e-01
-1.500000e-02 2.173584e+00 9.414999e-01
5.551115e-17 2.173584e+00 9.373086e-01
1.500000e-02 2.173584e+00 9.414999e-01
3.000000e-02 2.173584e+00 9.307040e-01
4.500000e-02 2.173584e+00 8.287964e-01
6.000000e-02 2.173584e+00 5.727779e-01
7.500000e-02 2.173584e+00 2.879227e-01
9.000000e-02 2.173584e+00 1.231983e-01
1.050000e-01 2.173584e+00 5.587159e-02
1.200000e-01 2.173584e+00 3.059000e-02
1.350000e-01 2.173584e+00 2.069446e-02
1.500000e-01 2.173584e+00 1.647254e-02
1.650000e-01 2.173584e+00 1.448456e-02
1.800000e-01 2.173584e+00 1.345126e-02
1.950000e-01 2.173584e+00 1.286192e-02
2.100000e-01 2.173584e+00 1.249681e-02
2.250000e-01 2.173584e+00 1.225423e-02
2.400000e-01 2.173584e+00 1.208374e-02
2.550000e-01 2.173584e+00 1.195867e-02
2.700000e-01 2.173584e+00 1.186400e-02
2.850000e-01 2.173584e+00 1.179080e-02
3.000000e-01 2.173584e+00 1.173346e-02
-3.000000e-01 2.187249e+00 1.160025e-02
-2.850000e-01 2.187249e+00 1.165599e-02
-2.700000e-01 2.187249e+00 1.172695e-02
-2.550000e-01 2.187249e+00 1.181841e-02
-2.400000e-01 2.187249e+00 1.193877e-02
-2.250000e-01 2.187249e+00 1.210201e-02
-2.100000e-01 2.187249e+00 1.233291e-02
-1.950000e-01 2.187249e+00 1.267805e-02
-1.800000e-01 2.187249e+00 1.323084e-02
-1.650000e-01 2.187249e+00 1.419202e-02
-1.500000e-01 2.187249e+00 1.602539e-02
-1.350000e-01 2.187249e+00 1.988486e-02
-1.200000e-01 2.187249e+00 2.884905e-02
-1.050000e-01 2.187249e+00 5.153377e-02
-9.000000e-02 2.187249e+00 1.113650e-01
-7.500000e-02 2.187249e+00 2.566060e-01
-6.000000e-02 2.187249e+00 5.073549e-01
-4.500000e-02 2.187249e+00 7.352634e-01
-3.000000e-02 2.187249e+00 8.298023e-01
-1.500000e-02 2.187249e+00 8.429715e-01
5.551115e-17 2.187249e+00 8.405181e-01
1.500000e-02 2.187249e+00 8.429715e-01
3.000000e-02 2.187249e+00 8.298023e-01
4.500000e-02 2.187249e+00 7.352634e-01
6.000000e-02 2.187249e+00 5.073549e-01
7.500000e-02 2.187249e+00 2.566060e-01
9.000000e-02 2.187249e+00 1.113650e-01
1.050000e-01 2.187249e+00 5.153377e-02
1.200000e-01 2.187249e+00 2.884905e-02
1.350000e-01 2.187249e+00 1.988486e-02
1.500000e-01 2.187249e+00 1.602539e-02
1.650000e-01 2.187249e+00 1.419202e-02
1.800000e-01 2.187249e+00 1.323084e-02
1.950000e-01 2.187249e+00 1.267805e-02
2.100000e-01 2.187249e+00 1.233291e-02
2.250000e-01 2.187249e+00 1.210201e-02
2.400000e-01 2.187249e+00 1.193877e-02
2.550000e-01 2.187249e+00 1.181841e-02
2.700000e-01 2.187249e+00 1.172695e-02
2.850000e-01 2.187249e+00 1.165599e-02
3.000000e-01 2.187249e+00 1.160025e-02
-3.000000e-01 2.200913e+00 1.146954e-02
-2.850000e-01 2.200913e+00 1.152378e-02
-2.700000e-01 2.200913e+00 1.159264e-02
-2.550000e-01 2.200913e+00 1.168114e-02
-2.400000e-01 2.200913e+00 1.179714e-02
-2.250000e-01 2.200913e+00 1.195374e-02
-2.100000e-01 2.200913e+00 1.217400e-02
-1.950000e-01 2.200913e+00 1.250107e-02
-1.800000e-01 2.200913e+00 1.302104e-02
-1.650000e-01 2.200913e+00 1.391796e-02
-1.500000e-01 2.200913e+00 1.561464e-02
-1.350000e-01 2.200913e+00 1.915650e-02
-1.200000e-01 2.200913e+00 2.731265e-02
-1.050000e-01 2.200913e+00 4.776965e-02
-9.000000e-02 2.200913e+00 1.012464e-01
-7.500000e-02 2.200913e+00 2.301302e-01
-6.000000e-02 2.200913e+00 4.523101e-01
-4.500000e-02 2.200913e+00 6.563324e-01
-3.000000e-02 2.200913e+00 7.440807e-01
-1.500000e-02 2.200913e+00 7.588001e-01
5.551115e-17 2.200913e+00 7.576623e-01
1.500000e-02 2.200913e+00 7.588001e-01
3.000000e-02 2.200913e+00 7.440807e-01
4.500000e-02 2.200913e+00 6.563324e-01
6.000000e-02 2.200913e+00 4.523101e-01
7.500000e-02 2.200913e+00 2.301302e-01
9.000000e-02 2.200913e+00 1.012464e-01
1.050000e-01 2.200913e+00 4.776965e-02
1.200000e-01 2.200913e+00 2.731265e-02
1.350000e-01 2.200913e+00 1.915650e-02
1.500000e-01 2.200913e+00 1.561464e-02
1.650000e-01 2.200913e+00 1.391796e-02
1.800000e-01 2.200913e+00 1.302104e-02
1.950000e-01 2.200913e+00 1.250107e-02
2.100000e-01 2.200913e+00 1.217400e-02
2.250000e-01 2.200913e+00 1.195374e-02
2.400000e-01 2.200913e+00 1.179714e-02
2.550000e-01 2.200913e+00 1.168114e-02
2.700000e-01 2.200913e+00 1.159264e-02
2.850000e-01 2.200913e+00 1.152378e-02
3.000000e-01 2.200913e+00 1.146954e-02
-3.000000e-01 2.214577e+00 1.134125e-02
-2.850000e-01 2.214577e+00 1.139406e-02
-2.700000e-01 2.214577e+00 1.146096e-02
-2.550000e-01 2.214577e+00 1.154669e-02
-2.400000e-01 2.214577e+00 1.165866e-02
-2.250000e-01 2.214577e+00 1.180915e-02
-2.100000e-01 2.214577e+00 1.201969e-02
-1.950000e-01 2.214577e+00 1.233035e-02
-1.800000e-01 2.214577e+00 1.282074e-02
-1.650000e-01 2.214577e+00 1.366013e-02
-1.500000e-01 2.214577e+00 1.523539e-02
-1.350000e-01 2.214577e+00 1.849747e-02
-1.200000e-01 2.214577e+00 2.594852e-02
-1.050000e-01 2.214577e+00 4.448195e-02
-9.000000e-02 2.214577e+00 9.253206e-02
-7.500000e-02 2.214577e+00 2.075732e-01
-6.000000e-02 2.214577e+00 4.056261e-01
-4.500000e-02 2.214577e+00 5.892047e-01
-3.000000e-02 2.214577e+00 6.707213e-01
-1.500000e-02 2.214577e+00 6.863939e-01
5.551115e-17 2.214577e+00 6.862524e-01
1.500000e-02 2.214577e+00 6.863939e-01
3.000000e-02 2.214577e+00 6.707213e-01
4.500000e-02 2.214577e+00 5.892047e-01
6.000000e-02 2.214577e+00 4.056261e-01
7.500000e-02 2.214577e+00 2.075732e-01
9.000000e-02 2.214577e+00 9.253206e-02
1.050000e-01 2.214577e+00 4.448195e-02
1.200000e-01 2.214577e+00 2.594852e-02
1.350000e-01 2.214577e+00 1.849747e-02
1.500000e-01 2.214577e+00 1.523539e-02
1.650000e-01 2.214577e+00 1.366013e-02
1.800000e-01 2.214577e+00 1.282074e-02
1.950000e-01 2.214577e+00 1.233035e-02
2.100000e-01 2.214577e+00 1.201969e-02
2.250000e-01 2.214577e+00 1.180915e-02
2.400000e-01 2.214577e+00 1.165866e-02
2.550000e-01 2.214577e+00 1.154669e-02
2.700000e-01 2.214577e+00 1.146096e-02
2.850000e-01 2.214577e+00 1.139406e-02
3.000000e-01 2.214577e+00 1.134125e-02
-3.000000e-01 2.228242e+00 1.121527e-02
-2.850000e-01 2.228242e+00 1.126675e-02
-2.700000e-01 2.228242e+00 1.133181e-02
-2.550000e-01 2.228242e+00 1.141495e-02
-2.400000e-01 2.228242e+00 1.152317e-02
-2.250000e-01 2.228242e+00 1.166802e-02
-2.100000e-01 2.228242e+00 1.186964e-02
-1.950000e-01 2.228242e+00 1.216536e-02
-1.800000e-01 2.228242e+00 1.262896e-02
-1.650000e-01 2.228242e+00 1.341664e-02
-1.500000e-01 2.228242e+00 1.488358e-02
-1.350000e-01 2.228242e+00 1.789801e-02
-1.200000e-01 2.228242e+00 2.473044e-02
-1.050000e-01 2.228242e+00 4.159280e-02
-9.000000e-02 2.228242e+00 8.497678e-02
-7.500000e-02 2.228242e+00 1.882155e-01
-6.000000e-02 2.228242e+00 3.657366e-01
-4.500000e-02 2.228242e+00 5.317002e-01
-3.000000e-02 2.228242e+00 6.075124e-01
-1.500000e-02 2.228242e+00 6.237059e-01
5.551115e-17 2.228242e+00 6.243178e-01
1.500000e-02 2.228242e+00 6.237059e-01
3.000000e-02 2.228242e+00 6.075124e-01
4.500000e-02 2.228242e+00 5.317002e-01
6.000000e-02 2.228242e+00 3.657366e-01
7.500000e-02 2.228242e+00 1.882155e-01
9.000000e-02 2.228242e+00 8.497678e-02
1.050000e-01 2.228242e+00 4.159280e-02
1.200000e-01 2.228242e+00 2.473044e-02
1.350000e-01 2.228242e+00 1.789801e-02
1.500000e-01 2.228242e+00 1.488358e-02
1.650000e-01 2.228242e+00 1.341664e-02
1.800000e-01 2.228242e+00 1.262896e-02
1.950000e-01 2.228242e+00 1.216536e-02
2.100000e-01 2.228242e+00 1.186964e-02
2.250000e-01 2.228242e+00 1.166802e-02
2.400000e-01 2.228242e+00 1.152317e-02
2.550000e-01 2.228242e+00 1.141495e-02
2.700000e-01 2.228242e+00 1.133181e-02
2.850000e-01 2.228242e+00 1.126675e-02
3.000000e-01 2.228242e+00 1.121527e-02
-3.000000e-01 2.241906e+00 1.109156e-02
-2.850000e-01 2.241906e+00 1.114177e-02
-2.700000e-01 2.241906e+00 1.120509e-02
-2.550000e-01 2.241906e+00 1.128580e-02
-2.400000e-01 2.241906e+00 1.139053e-02
-2.250000e-01 2.241906e+00 1.153015e-02
-2.100000e-01 2.241906e+00 1.172356e-02
-1.950000e-01 2.241906e+00 1.200561e-02
-1.800000e-01 2.241906e+00 1.244489e-02
-1.650000e-01 2.241906e+00 1.318591e-02
-1.500000e-01 2.241906e+00 1.455579e-02
-1.350000e-01 2.241906e+00 1.735001e-02
-1.200000e-01 2.241906e+00 2.363697e-02
-1.050000e-01 2.241906e+00 3.903937e-02
-9.000000e-02 2.241906e+00 7.838557e-02
-7.500000e-02 2.241906e+00 1.714912e-01
-6.000000e-02 2.241906e+00 3.314147e-01
-4.500000e-02 2.241906e+00 4.821057e-01
-3.000000e-02 2.241906e+00 5.527036e-01
-1.500000e-02 2.241906e+00 5.691055e-01
5.551115e-17 2.241906e+00 5.702850e-01
1.500000e-02 2.241906e+00 5.691055e-01
3.000000e-02 2.241906e+00 5.527036e-01
4.500000e-02 2.241906e+00 4.821057e-01
6.000000e-02 2.241906e+00 3.314147e-01
7.500000e-02 2.241906e+00 1.714912e-01
9.000000e-02 2.241906e+00 7.838557e-02
1.050000e-01 2.241906e+00 3.903937e-02
1.200000e-01 2.241906e+00 2.363697e-02
1.350000e-01 2.241906e+00 1.735001e-02
1.500000e-01 2.241906e+00 1.455579e-02
1.650000e-01 2.241906e+00 1.318591e-02
1.800000e-01 2.241906e+00 1.244489e-02
1.950000e-01 2.241906e+00 1.200561e-02
2.100000e-01 2.241906e+00 1.172356e-02
2.250000e-01 2.241906e+00 1.153015e-02
2.400000e-01 2.241906e+00 1.139053e-02
2.550000e-01 2.241906e+00 1.128580e-02
2.700000e-01 2.241906e+00 1.120509e-02
2.850000e-01 2.241906e+00 1.114177e-02
3.000000e-01 2.241906e+00 1.109156e-02
-3.000000e-01 2.255570e+00 1.097002e-02
-2.850000e-01 2.255570e+00 1.101903e-02
-2.700000e-01 2.255570e+00 1.108071e-02
-2.550000e-01 2.255570e+00 1.115914e-02
-2.400000e-01 2.255570e+00 1.126060e-02
-2.250000e-01 2.255570e+00 1.139537e-02
-2.100000e-01 2.255570e+00 1.158120e-02
-1.950000e-01 2.255570e+00 1.185071e-02
-1.800000e-01 2.255570e+00 1.226781e-02
-1.650000e-01 2.255570e+00 1.296658e-02
-1.500000e-01 2.255570e+00 1.424916e-02
-1.350000e-01 2.255570e+00 1.684675e-02
-1.200000e-01 2.255570e+00 2.265044e-02
-1.050000e-01 2.255570e+00 3.677057e-02
-9.000000e-02 2.255570e+00 7.260200e-02
-7.500000e-02 2.255570e+00 1.569511e-01
-6.000000e-02 2.255570e+00 3.016916e-01
-4.500000e-02 2.255570e+00 4.390638e-01
-3.000000e-02 2.255570e+00 5.048979e-01
-1.500000e-02 2.255570e+00 5.212836e-01
5.551115e-17 2.255570e+00 5.228880e-01
1.500000e-02 2.255570e+00 5.212836e-01
3.000000e-02 2.255570e+00 5.048979e-01
4.500000e-02 2.255570e+00 4.390638e-01
6.000000e-02 2.255570e+00 3.016916e-01
7.500000e-02 2.255570e+00 1.569511e-01
9.000000e-02 2.255570e+00 7.260200e-02
1.050000e-01 2.255570e+00 3.677057e-02
1.200000e-01 2.255570e+00 2.265044e-02
1.350000e-01 2.255570e+00 1.684675e-02
1.500000e-01 2.255570e+00 1.424916e-02
1.650000e-01 2.255570e+00 1.296658e-02
1.800000e-01 2.255570e+00 1.226781e-02
1.950000e-01 2.255570e+00 1.185071e-02
2.100000e-01 2.255570e+00 1.158120e-02
2.250000e-01 2.255570e+00 1.139537e-02
2.400000e-01 2.255570e+00 1.126060e-02
2.550000e-01 2.255570e+00 1.115914e-02
2.700000e-01 2.255570e+00 1.108071e-02
2.850000e-01 2.255570e+00 1.101903e-02
3.000000e-01 2.255570e+00 1.097002e-02
-3.000000e-01 2.269234e+00 1.085060e-02
-2.850000e-01 2.269234e+00 1.089846e-02
-2.700000e-01 2.269234e+00 1.095859e-02
-2.550000e-01 2.269234e+00 1.103488e-02
-2.400000e-01 2.269234e+00 1.113328e-02
-2.250000e-01 2.269234e+00 1.126352e-02
-2.100000e-01 2.269234e+00 1.144233e-02
-1.950000e-01 2.269234e+00 1.170029e-02
-1.800000e-01 2.269234e+00 1.209711e-02
-1.650000e-01 2.269234e+00 1.275749e-02
-1.500000e-01 2.269234e+00 1.396125e-02
-1.350000e-01 2.269234e+00 1.638255e-02
-1.200000e-01 2.269234e+00 2.175621e-02
-1.050000e-01 2.269234e+00 3.474459e-02
-9.000000e-02 2.269234e+00 6.749957e-02
-7.500000e-02 2.269234e+00 1.442360e-01
-6.000000e-02 2.269234e+00 2.757957e-01
-4.500000e-02 2.269234e+00 4.014898e-01
-3.000000e-02 2.269234e+00 4.629712e-01
-1.500000e-02 2.269234e+00 4.791805e-01
5.551115e-17 2.269234e+00 4.810997e-01
1.500000e-02 2.269234e+00 4.791805e-01
3.000000e-02 2.269234e+00 4.629712e-01
4.500000e-02 2.269234e+00 4.014898e-01
6.000000e-02 2.269234e+00 2.757957e-01
7.500000e-02 2.269234e+00 1.442360e-01
9.000000e-02 2.269234e+00 6.749957e-02
1.050000e-01 2.269234e+00 3.474459e-02
1.200000e-01 2.269234e+00 2.175621e-02
1.350000e-01 2.269234e+00 1.638255e-02
1.500000e-01 2.269234e+00 1.396125e-02
1.650000e-01 2.269234e+00 1.275749e-02
1.800000e-01 2.269234e+00 1.209711e-02
1.950000e-01 2.269234e+00 1.170029e-02
2.100000e-01 2.269234e+00 1.144233e-02
2.250000e-01 2.269234e+00 1.126352e-02
2.400000e-01 2.269234e+00 1.113328e-02
2.550000e-01 2.269234e+00 1.103488e-02
2.700000e-01 2.269234e+00 1.095859e-02
2.850000e-01 2.269234e+00 1.089846e-02
3.000000e-01 2.269234e+00 1.085060e-02
-3.000000e-01 2.282899e+00 1.073324e-02
-2.850000e-01 2.282899e+00 1.078001e-02
-2.700000e-01 2.282899e+00 1.083867e-02
-2.550000e-01 2.282899e+00 1.091292e-02
-2.400000e-01 2.282899e+00 1.100845e-02
-2.250000e-01 2.282899e+00 1.113446e-02
-2.100000e-01 2.282899e+00 1.130674e-02
-1.950000e-01 2.282899e+00 1.155405e-02
-1.800000e-01 2.282899e+00 1.193226e-02
-1.650000e-01 2.282899e+00 1.255765e-02
-1.500000e-01 2.282899e+00 1.369001e-02
-1.350000e-01 2.282899e+00 1.595267e-02
-1.200000e-01 2.282899e+00 2.094209e-02
-1.050000e-01 2.282899e+00 3.292694e-02
-9.000000e-02 2.282899e+00 6.297526e-02
-7.500000e-02 2.282899e+00 1.330562e-01
-6.000000e-02 2.282899e+00 2.531072e-01
-4.500000e-02 2.282899e+00 3.685105e-01
-3.000000e-02 2.282899e+00 4.260123e-01
-1.500000e-02 2.282899e+00 4.419326e-01
5.551115e-17 2.282899e+00 4.440813e-01
1.500000e-02 2.282899e+00 4.419326e-01
3.000000e-02 2.282899e+00 4.260123e-01
4.500000e-02 2.282899e+00 3.685105e-01
6.000000e-02 2.282899e+00 2.531072e-01
7.500000e-02 2.282899e+00 1.330562e-01
9.000000e-02 2.282899e+00 6.297526e-02
1.050000e-01 2.282899e+00 3.292694e-02
1.200000e-01 2.282899e+00 2.094209e-02
1.350000e-01 2.282899e+00 1.595267e-02
1.500000e-01 2.282899e+00 1.369001e-02
1.650000e-01 2.282899e+00 1.255765e-02
1.800000e-01 2.282899e+00 1.193226e-02
1.950000e-01 2.282899e+00 1.155405e-02
2.100000e-01 2.282899e+00 1.130674e-02
2.250000e-01 2.282899e+00 1.113446e-02
2.400000e-01 2.282899e+00 1.100845e-02
2.550000e-01 2.282899e+00 1.091292e-02
2.700000e-01 2.282899e+00 1.083867e-02
2.850000e-01 2.282899e+00 1.078001e-02
3.000000e-01 2.282899e+00 1.073324e-02
-3.000000e-01 2.296563e+00 1.061787e-02
-2.850000e-01 2.296563e+00 1.066360e-02
-2.700000e-01 2.296563e+00 1.072086e-02
-2.550000e-01 2.296563e+00 1.079319e-02
-2.400000e-01 2.296563e+00 1.088601e-02
-2.250000e-01 2.296563e+00 1.100806e-02
-2.100000e-01 2.296563e+00 1.117427e-02
-1.950000e-01 2.296563e+00 1.141172e-02
-1.800000e-01 2.296563e+00 1.177281e-02
-1.650000e-01 2.296563e+00 1.236618e-02
-1.500000e-01 2.296563e+00 1.343366e-02
-1.350000e-01 2.296563e+00 1.555306e-02
-1.200000e-01 2.296563e+00 2.019782e-02
-1.050000e-01 2.296563e+00 3.128902e-02
-9.000000e-02 2.296563e+00 5.894457e-02
-7.500000e-02 2.296563e+00 1.231763e-01
-6.000000e-02 2.296563e+00 2.331249e-01
-4.500000e-02 2.296563e+00 3.394169e-01
-3.000000e-02 2.296563e+00 3.932773e-01
-1.500000e-02 2.296563e+00 4.088310e-01
5.551115e-17 2.296563e+00 4.111430e-01
1.500000e-02 2.296563e+00 4.088310e-01
3.000000e-02 2.296563e+00 3.932773e-01
4.500000e-02 2.296563e+00 3.394169e-01
6.000000e-02 2.296563e+00 2.331249e-01
7.500000e-02 2.296563e+00 1.231763e-01
9.000000e-02 2.296563e+00 5.894457e-02
1.050000e-01 2.296563e+00 3.128902e-02
1.200000e-01 2.296563e+00 2.019782e-02
1.350000e-01 2.296563e+00 1.555306e-02
1.500000e-01 2.296563e+00 1.343366e-02
1.650000e-01 2.296563e+00 1.236618e-02
1.800000e-01 2.296563e+00 1.177281e-02
1.950000e-01 2.296563e+00 1.141172e-02
2.100000e-01 2.296563e+00 1.117427e-02
2.250000e-01 2.296563e+00 1.100806e-02
2.400000e-01 2.296563e+00 1.088601e-02
2.550000e-01 2.296563e+00 1.079319e-02
2.700000e-01 2.296563e+00 1.072086e-02
2.850000e-01 2.296563e+00 1.066360e-02
3.000000e-01 2.296563e+00 1.061787e-02
-3.000000e-01 2.310227e+00 1.050445e-02
-2.850000e-01 2.310227e+00 1.054918e-02
-2.700000e-01 2.310227e+00 1.060510e-02
-2.550000e-01 2.310227e+00 1.067561e-02
-2.400000e-01 2.310227e+00 1.076588e-02
-2.250000e-01 2.310227e+00 1.088421e-02
-2.100000e-01 2.310227e+00 1.104475e-02
-1.950000e-01 2.310227e+00 1.127304e-02
-1.800000e-01 2.310227e+00 1.161833e-02
-1.650000e-01 2.310227e+00 1.218235e-02
-1.500000e-01 2.310227e+00 1.319068e-02
-1.350000e-01 2.310227e+00 1.518027e-02
-1.200000e-01 2.310227e+00 1.951477e-02
-1.050000e-01 2.310227e+00 2.980693e-02
-9.000000e-02 2.310227e+00 5.533772e-02
-7.500000e-02 2.310227e+00 1.144038e-01
-6.000000e-02 2.310227e+00 2.154401e-01
-4.500000e-02 2.310227e+00 3.136297e-01
-3.000000e-02 2.310227e+00 3.641542e-01
-1.500000e-02 2.310227e+00 3.792896e-01
5.551115e-17 2.310227e+00 3.817134e-01
1.500000e-02 2.310227e+00 3.792896e-01
3.000000e-02 2.310227e+00 3.641542e-01
4.500000e-02 2.310227e+00 3.136297e-01
6.000000e-02 2.310227e+00 2.154401e-01
7.500000e-02 2.310227e+00 1.144038e-01
9.000000e-02 2.310227e+00 5.533772e-02
1.050000e-01 2.310227e+00 2.980693e-02
1.200000e-01 2.310227e+00 1.951477e-02
1.350000e-01 2.310227e+00 1.518027e-02
1.500000e-01 2.310227e+00 1.319068e-02
1.650000e-01 2.310227e+00 1.218235e-02
1.800000e-01 2.310227e+00 1.161833e-02
1.950000e-01 2.310227e+00 1.127304e-02
2.100000e-01 2.310227e+00 1.104475e-02
2.250000e-01 2.310227e+00 1.088421e-02
2.400000e-01 2.310227e+00 1.076588e-02
2.550000e-01 2.310227e+00 1.067561e-02
2.700000e-01 2.310227e+00 1.060510e-02
2.850000e-01 2.310227e+00 1.054918e-02
3.000000e-01 2.310227e+00 1.050445e-02
-3.000000e-01 2.323891e+00 1.039292e-02
-2.850000e-01 2.323891e+00 1.043669e-02
-2.700000e-01 2.323891e+00 1.049134e-02
-2.550000e-01 2.323891e+00 1.056012e-02
-2.400000e-01 2.323891e+00 1.064797e-02
-2.250000e-01 2.323891e+00 1.076280e-02
-2.100000e-01 2.323891e+00 1.091804e-02
-1.950000e-01 2.323891e+00 1.113781e-02
-1.800000e-01 2.323891e+00 1.146849e-02
-1.650000e-01 2.323891e+00 1.200551e-02
-1.500000e-01 2.323891e+00 1.295975e-02
-1.350000e-01 2.323891e+00 1.483136e-02
-1.200000e-01 2.323891e+00 1.888559e-02
-1.050000e-01 2.323891e+00 2.846063e-02
-9.000000e-02 2.323891e+00 5.209670e-02
-7.500000e-02 2.323891e+00 1.065800e-01
-6.000000e-02 2.323891e+00 1.997173e-01
-4.500000e-02 2.323891e+00 2.906722e-01
-3.000000e-02 2.323891e+00 3.381367e-01
-1.500000e-02 2.323891e+00 3.528212e-01
5.551115e-17 2.323891e+00 3.553167e-01
1.500000e-02 2.323891e+00 3.528212e-01
3.000000e-02 2.323891e+00 3.381367e-01
4.500000e-02 2.323891e+00 2.906722e-01
6.000000e-02 2.323891e+00 1.997173e-01
7.500000e-02 2.323891e+00 1.065800e-01
9.000000e-02 2.323891e+00 5.209670e-02
1.050000e-01 2.323891e+00 2.846063e-02
1.200000e-01 2.323891e+00 1.888559e-02
1.350000e-01 2.323891e+00 1.483136e-02
1.500000e-01 2.323891e+00 1.295975e-02
1.650000e-01 2.323891e+00 1.200551e-02
1.800000e-01 2.323891e+00 1.146849e-02
1.950000e-01 2.323891e+00 1.113781e-02
2.100000e-01 2.323891e+00 1.091804e-02
2.250000e-01 2.323891e+00 1.076280e-02
2.400000e-01 2.323891e+00 1.064797e-02
2.550000e-01 2.323891e+00 1.056012e-02
2.700000e-01 2.323891e+00 1.049134e-02
2.850000e-01 2.323891e+00 1.043669e-02
3.000000e-01 2.323891e+00 1.039292e-02
-3.000000e-01 2.337556e+00 1.028323e-02
-2.850000e-01 2.337556e+00 1.032609e-02
-2.700000e-01 2.337556e+00 1.037952e-02
-2.550000e-01 2.337556e+00 1.044665e-02
-2.400000e-01 2.337556e+00 1.053221e-02
-2.250000e-01 2.337556e+00 1.064374e-02
-2.100000e-01 2.337556e+00 1.079399e-02
-1.950000e-01 2.337556e+00 1.100582e-02
-1.800000e-01 2.337556e+00 1.132295e-02
-1.650000e-01 2.337556e+00 1.183508e-02
-1.500000e-01 2.337556e+00 1.273974e-02
-1.350000e-01 2.337556e+00 1.450380e-02
-1.200000e-01 2.337556e+00 1.830403e-02
-1.050000e-01 2.337556e+00 2.723317e-02
-9.000000e-02 2.337556e+00 4.917304e-02
-7.500000e-02 2.337556e+00 9.957330e-02
-6.000000e-02 2.337556e+00 1.856793e-01
-4.500000e-02 2.337556e+00 2.701494e-01
-3.000000e-02 2.337556e+00 3.148029e-01
-1.500000e-02 2.337556e+00 3.290182e-01
5.551115e-17 2.337556e+00 3.315542e-01
1.500000e-02 2.337556e+00 3.290182e-01
3.000000e-02 2.337556e+00 3.148029e-01
4.500000e-02 2.337556e+00 2.701494e-01
6.000000e-02 2.337556e+00 1.856793e-01
7.500000e-02 2.337556e+00 9.957330e-02
9.000000e-02 2.337556e+00 4.917304e-02
1.050000e-01 2.337556e+00 2.723317e-02
1.200000e-01 2.337556e+00 1.830403e-02
1.350000e-01 2.337556e+00 1.450380e-02
1.500000e-01 2.337556e+00 1.273974e-02
1.650000e-01 2.337556e+00 1.183508e-02
1.800000e-01 2.337556e+00 1.132295e-02
1.950000e-01 2.337556e+00 1.100582e-02
2.100000e-01 2.337556e+00 1.079399e-02
2.250000e-01 2.337556e+00 1.064374e-02
2.400000e-01 2.337556e+00 1.053221e-02
2.550000e-01 2.337556e+00 1.044665e-02
2.700000e-01 2.337556e+00 1.037952e-02
2.850000e-01 2.337556e+00 1.032609e-02
3.000000e-01 2.337556e+00 1.028323e-02
-3.000000e-01 2.351220e+00 1.017533e-02
-2.850000e-01 2.351220e+00 1.021731e-02
-2.700000e-01 2.351220e+00 1.026958e-02
-2.550000e-01 2.351220e+00 1.033513e-02
-2.400000e-01 2.351220e+00 1.041852e-02
-2.250000e-01 2.351220e+00 1.052693e-02
-2.100000e-01 2.351220e+00 1.067251e-02
-1.950000e-01 2.351220e+00 1.087691e-02
-1.800000e-01 2.351220e+00 1.118144e-02
-1.650000e-01 2.351220e+00 1.167056e-02
-1.500000e-01 2.351220e+00 1.252965e-02
-1.350000e-01 2.351220e+00 1.419540e-02
-1.200000e-01 2.351220e+00 1.776476e-02
-1.050000e-01 2.351220e+00 2.611019e-02
-9.000000e-02 2.351220e+00 4.652597e-02
-7.500000e-02 2.351220e+00 9.327394e-02
-6.000000e-02 2.351220e+00 1.730957e-01
-4.500000e-02 2.351220e+00 2.517320e-01
-3.000000e-02 2.351220e+00 2.937997e-01
-1.500000e-02 2.351220e+00 3.075376e-01
5.551115e-17 2.351220e+00 3.100898e-01
1.500000e-02 2.351220e+00 3.075376e-01
3.000000e-02 2.351220e+00 2.937997e-01
4.500000e-02 2.351220e+00 2.517320e-01
6.000000e-02 2.351220e+00 1.730957e-01
7.500000e-02 2.351220e+00 9.327394e-02
9.000000e-02 2.351220e+00 4.652597e-02
1.050000e-01 2.351220e+00 2.611019e-02
1.200000e-01 2.351220e+00 1.776476e-02
1.350000e-01 2.351220e+00 1.419540e-02
1.500000e-01 2.351220e+00 1.252965e-02
1.650000e-01 2.351220e+00 1.167056e-02
1.800000e-01 2.351220e+00 1.118144e-02
1.950000e-01 2.351220e+00 1.087691e-02
2.100000e-01 2.351220e+00 1.067251e-02
2.250000e-01 2.351220e+00 1.052693e-02
2.400000e-01 2.351220e+00 1.041852e-02
2.550000e-01 2.351220e+00 1.033513e-02
2.700000e-01 2.351220e+00 1.026958e-02
2.850000e-01 2.351220e+00 1.021731e-02
3.000000e-01 2.351220e+00 1.017533e-02
-3.000000e-01 2.364884e+00 1.006919e-02
-2.850000e-01 2.364884e+00 1.011032e-02
-2.700000e-01 2.364884e+00 1.016147e-02
-2.550000e-01 2.364884e+00 1.022552e-02
-2.400000e-01 2.364884e+00 1.030684e-02
-2.250000e-01 2.364884e+00 1.041230e-02
-2.100000e-01 2.364884e+00 1.055347e-02
-1.950000e-01 2.364884e+00 1.075091e-02
-1.800000e-01 2.364884e+00 1.104371e-02
-1.650000e-01 2.364884e+00 1.151151e-02
-1.500000e-01 2.364884e+00 1.232860e-02
-1.350000e-01 2.364884e+00 1.390424e-02
-1.200000e-01 2.364884e+00 1.726315e-02
-1.050000e-01 2.364884e+00 2.507944e-02
-9.000000e-02 2.364884e+00 4.412101e-02
-7.500000e-02 2.364884e+00 8.758980e-02
-6.000000e-02 2.364884e+00 1.617735e-01
-4.500000e-02 2.364884e+00 2.351440e-01
-3.000000e-02 2.364884e+00 2.748292e-01
-1.500000e-02 2.364884e+00 2.880894e-01
5.551115e-17 2.364884e+00 2.906389e-01
1.500000e-02 2.364884e+00 2.880894e-01
3.000000e-02 2.364884e+00 2.748292e-01
4.500000e-02 2.364884e+00 2.351440e-01
6.000000e-02 2.364884e+00 1.617735e-01
7.500000e-02 2.364884e+00 8.758980e-02
9.000000e-02 2.364884e+00 4.412101e-02
1.050000e-01 2.364884e+00 2.507944e-02
1.200000e-01 2.364884e+00 1.726315e-02
1.350000e-01 2.364884e+00 1.390424e-02
1.500000e-01 2.364884e+00 1.232860e-02
1.650000e-01 2.364884e+00 1.151151e-02
1.800000e-01 2.364884e+00 1.104371e-02
1.950000e-01 2.364884e+00 1.075091e-02
2.100000e-01 2.364884e+00 1.055347e-02
2.250000e-01 2.364884e+00 1.041230e-02
2.400000e-01 2.364884e+00 1.030684e-02
2.550000e-01 2.364884e+00 1.022552e-02
2.700000e-01 2.364884e+00 1.016147e-02
2.850000e-01 2.364884e+00 1.011032e-02
3.000000e-01 2.364884e+00 1.006919e-02
