# MAPbI3 n=3 superfluid scan | Eg=2.178282 eV  Ex=1.991594 eV  binding=186.7 meV | density n = G_DEG * INT d2k/(2pi)^2 f_c (Kramers degeneracy G_DEG=2)
# target_n=3.200e+12 cm^-2  n=3.194282e+12 cm^-2  dmu=2.019100 eV  inverted
# kx_invA  omega_eV  A_kw
-3.000000e-01 -6.275930e-01 5.441861e-01
-2.850000e-01 -6.275930e-01 5.307835e-01
-2.700000e-01 -6.275930e-01 5.155739e-01
-2.550000e-01 -6.275930e-01 4.984839e-01
-2.400000e-01 -6.275930e-01 4.794632e-01
-2.250000e-01 -6.275930e-01 4.584941e-01
-2.100000e-01 -6.275930e-01 4.356125e-01
-1.950000e-01 -6.275930e-01 4.109364e-01
-1.800000e-01 -6.275930e-01 3.846956e-01
-1.650000e-01 -6.275930e-01 3.572525e-01
-1.500000e-01 -6.275930e-01 3.291026e-01
-1.350000e-01 -6.275930e-01 3.008377e-01
-1.200000e-01 -6.275930e-01 2.730500e-01
-1.050000e-01 -6.275930e-01 2.461407e-01
-9.000000e-02 -6.275930e-01 2.199749e-01
-7.500000e-02 -6.275930e-01 1.934017e-01
-6.000000e-02 -6.275930e-01 1.645803e-01
-4.500000e-02 -6.275930e-01 1.346598e-01
-3.000000e-02 -6.275930e-01 1.102047e-01
-1.500000e-02 -6.275930e-01 9.579580e-02
5.551115e-17 -6.275930e-01 9.122793e-02
1.500000e-02 -6.275930e-01 9.579580e-02
3.000000e-02 -6.275930e-01 1.102047e-01
4.500000e-02 -6.275930e-01 1.346598e-01
6.000000e-02 -6.275930e-01 1.645803e-01
7.500000e-02 -6.275930e-01 1.934017e-01
9.000000e-02 -6.275930e-01 2.199749e-01
1.050000e-01 -6.275930e-01 2.461407e-01
1.200000e-01 -6.275930e-01 2.730500e-01
1.350000e-01 -6.275930e-01 3.008377e-01
1.500000e-01 -6.275930e-01 3.291026e-01
1.650000e-01 -6.275930e-01 3.572525e-01
1.800000e-01 -6.275930e-01 3.846956e-01
1.950000e-01 -6.275930e-01 4.109364e-01
2.100000e-01 -6.275930e-01 4.356125e-01
2.250000e-01 -6.275930e-01 4.584941e-01
2.400000e-01 -6.275930e-01 4.794632e-01
2.550000e-01 -6.275930e-01 4.984839e-01
2.700000e-01 -6.275930e-01 5.155739e-01
2.850000e-01 -6.275930e-01 5.307835e-01
3.000000e-01 -6.275930e-01 5.441861e-01
-3.000000e-01 -6.139287e-01 5.872202e-01
-2.850000e-01 -6.139287e-01 5.722305e-01
-2.700000e-01 -6.139287e-01 5.552442e-01
-2.550000e-01 -6.139287e-01 5.361893e-01
-2.400000e-01 -6.139287e-01 5.150212e-01
-2.250000e-01 -6.139287e-01 4.917345e-01
-2.100000e-01 -6.139287e-01 4.663847e-01
-1.950000e-01 -6.139287e-01 4.391201e-01
-1.800000e-01 -6.139287e-01 4.102131e-01
-1.650000e-01 -6.139287e-01 3.800808e-01
-1.500000e-01 -6.139287e-01 3.492833e-01
-1.350000e-01 -6.139287e-01 3.184808e-01
-1.200000e-01 -6.139287e-01 2.883277e-01
-1.050000e-01 -6.139287e-01 2.592689e-01
-9.000000e-02 -6.139287e-01 2.311778e-01
-7.500000e-02 -6.139287e-01 2.028577e-01
-6.000000e-02 -6.139287e-01 1.723842e-01
-4.500000e-02 -6.139287e-01 1.409328e-01
-3.000000e-02 -6.139287e-01 1.153011e-01
-1.500000e-02 -6.139287e-01 1.002163e-01
5.551115e-17 -6.139287e-01 9.543603e-02
1.500000e-02 -6.139287e-01 1.002163e-01
3.000000e-02 -6.139287e-01 1.153011e-01
4.500000e-02 -6.139287e-01 1.409328e-01
6.000000e-02 -6.139287e-01 1.723842e-01
7.500000e-02 -6.139287e-01 2.028577e-01
9.000000e-02 -6.139287e-01 2.311778e-01
1.050000e-01 -6.139287e-01 2.592689e-01
1.200000e-01 -6.139287e-01 2.883277e-01
1.350000e-01 -6.139287e-01 3.184808e-01
1.500000e-01 -6.139287e-01 3.492833e-01
1.650000e-01 -6.139287e-01 3.800808e-01
1.800000e-01 -6.139287e-01 4.102131e-01
1.950000e-01 -6.139287e-01 4.391201e-01
2.100000e-01 -6.139287e-01 4.663847e-01
2.250000e-01 -6.139287e-01 4.917345e-01
2.400000e-01 -6.139287e-01 5.150212e-01
2.550000e-01 -6.139287e-01 5.361893e-01
2.700000e-01 -6.139287e-01 5.552442e-01
2.850000e-01 -6.139287e-01 5.722305e-01
3.000000e-01 -6.139287e-01 5.872202e-01
-3.000000e-01 -6.002645e-01 6.354831e-01
-2.850000e-01 -6.002645e-01 6.186500e-01
-2.700000e-01 -6.002645e-01 5.996039e-01
-2.550000e-01 -6.002645e-01 5.782757e-01
-2.400000e-01 -6.002645e-01 5.546296e-01
-2.250000e-01 -6.002645e-01 5.286757e-01
-2.100000e-01 -6.002645e-01 5.004944e-01
-1.950000e-01 -6.002645e-01 4.702708e-01
-1.800000e-01 -6.002645e-01 4.383278e-01
-1.650000e-01 -6.002645e-01 4.051466e-01
-1.500000e-01 -6.002645e-01 3.713615e-01
-1.350000e-01 -6.002645e-01 3.377097e-01
-1.200000e-01 -6.002645e-01 3.049150e-01
-1.050000e-01 -6.002645e-01 2.734694e-01
-9.000000e-02 -6.002645e-01 2.432545e-01
-7.500000e-02 -6.002645e-01 2.130229e-01
-6.000000e-02 -6.002645e-01 1.807581e-01
-4.500000e-02 -6.002645e-01 1.476597e-01
-3.000000e-02 -6.002645e-01 1.207678e-01
-1.500000e-02 -6.002645e-01 1.049607e-01
5.551115e-17 -6.002645e-01 9.995367e-02
1.500000e-02 -6.002645e-01 1.049607e-01
3.000000e-02 -6.002645e-01 1.207678e-01
4.500000e-02 -6.002645e-01 1.476597e-01
6.000000e-02 -6.002645e-01 1.807581e-01
7.500000e-02 -6.002645e-01 2.130229e-01
9.000000e-02 -6.002645e-01 2.432545e-01
1.050000e-01 -6.002645e-01 2.734694e-01
1.200000e-01 -6.002645e-01 3.049150e-01
1.350000e-01 -6.002645e-01 3.377097e-01
1.500000e-01 -6.002645e-01 3.713615e-01
1.650000e-01 -6.002645e-01 4.051466e-01
1.800000e-01 -6.002645e-01 4.383278e-01
1.950000e-01 -6.002645e-01 4.702708e-01
2.100000e-01 -6.002645e-01 5.004944e-01
2.250000e-01 -6.002645e-01 5.286757e-01
2.400000e-01 -6.002645e-01 5.546296e-01
2.550000e-01 -6.002645e-01 5.782757e-01
2.700000e-01 -6.002645e-01 5.996039e-01
2.850000e-01 -6.002645e-01 6.186500e-01
3.000000e-01 -6.002645e-01 6.354831e-01
-3.000000e-01 -5.866002e-01 6.898414e-01
-2.850000e-01 -5.866002e-01 6.708557e-01
-2.700000e-01 -5.866002e-01 6.494090e-01
-2.550000e-01 -5.866002e-01 6.254376e-01
-2.400000e-01 -5.866002e-01 5.989177e-01
-2.250000e-01 -5.866002e-01 5.698797e-01
-2.100000e-01 -5.866002e-01 5.384353e-01
-1.950000e-01 -5.866002e-01 5.048144e-01
-1.800000e-01 -5.866002e-01 4.694002e-01
-1.650000e-01 -5.866002e-01 4.327489e-01
-1.500000e-01 -5.866002e-01 3.955801e-01
-1.350000e-01 -5.866002e-01 3.587184e-01
-1.200000e-01 -5.866002e-01 3.229645e-01
-1.050000e-01 -5.866002e-01 2.888615e-01
-9.000000e-02 -5.866002e-01 2.562979e-01
-7.500000e-02 -5.866002e-01 2.239696e-01
-6.000000e-02 -5.866002e-01 1.897585e-01
-4.500000e-02 -5.866002e-01 1.548852e-01
-3.000000e-02 -5.866002e-01 1.266417e-01
-1.500000e-02 -5.866002e-01 1.100617e-01
5.551115e-17 -5.866002e-01 1.048121e-01
1.500000e-02 -5.866002e-01 1.100617e-01
3.000000e-02 -5.866002e-01 1.266417e-01
4.500000e-02 -5.866002e-01 1.548852e-01
6.000000e-02 -5.866002e-01 1.897585e-01
7.500000e-02 -5.866002e-01 2.239696e-01
9.000000e-02 -5.866002e-01 2.562979e-01
1.050000e-01 -5.866002e-01 2.888615e-01
1.200000e-01 -5.866002e-01 3.229645e-01
1.350000e-01 -5.866002e-01 3.587184e-01
1.500000e-01 -5.866002e-01 3.955801e-01
1.650000e-01 -5.866002e-01 4.327489e-01
1.800000e-01 -5.866002e-01 4.694002e-01
1.950000e-01 -5.866002e-01 5.048144e-01
2.100000e-01 -5.866002e-01 5.384353e-01
2.250000e-01 -5.866002e-01 5.698797e-01
2.400000e-01 -5.866002e-01 5.989177e-01
2.550000e-01 -5.866002e-01 6.254376e-01
2.700000e-01 -5.866002e-01 6.494090e-01
2.850000e-01 -5.866002e-01 6.708557e-01
3.000000e-01 -5.866002e-01 6.898414e-01
-3.000000e-01 -5.729359e-01 7.513452e-01
-2.850000e-01 -5.729359e-01 7.298315e-01
-2.700000e-01 -5.729359e-01 7.055715e-01
-2.550000e-01 -5.729359e-01 6.785099e-01
-2.400000e-01 -5.729359e-01 6.486397e-01
-2.250000e-01 -5.729359e-01 6.160176e-01
-2.100000e-01 -5.729359e-01 5.807945e-01
-1.950000e-01 -5.729359e-01 5.432551e-01
-1.800000e-01 -5.729359e-01 5.038546e-01
-1.650000e-01 -5.729359e-01 4.632376e-01
-1.500000e-01 -5.729359e-01 4.222220e-01
-1.350000e-01 -5.729359e-01 3.817314e-01
-1.200000e-01 -5.729359e-01 3.426518e-01
-1.050000e-01 -5.729359e-01 3.055812e-01
-9.000000e-02 -5.729359e-01 2.704133e-01
-7.500000e-02 -5.729359e-01 2.357796e-01
-6.000000e-02 -5.729359e-01 1.994494e-01
-4.500000e-02 -5.729359e-01 1.626598e-01
-3.000000e-02 -5.729359e-01 1.329643e-01
-1.500000e-02 -5.729359e-01 1.155559e-01
5.551115e-17 -5.729359e-01 1.100466e-01
1.500000e-02 -5.729359e-01 1.155559e-01
3.000000e-02 -5.729359e-01 1.329643e-01
4.500000e-02 -5.729359e-01 1.626598e-01
6.000000e-02 -5.729359e-01 1.994494e-01
7.500000e-02 -5.729359e-01 2.357796e-01
9.000000e-02 -5.729359e-01 2.704133e-01
1.050000e-01 -5.729359e-01 3.055812e-01
1.200000e-01 -5.729359e-01 3.426518e-01
1.350000e-01 -5.729359e-01 3.817314e-01
1.500000e-01 -5.729359e-01 4.222220e-01
1.650000e-01 -5.729359e-01 4.632376e-01
1.800000e-01 -5.729359e-01 5.038546e-01
1.950000e-01 -5.729359e-01 5.432551e-01
2.100000e-01 -5.729359e-01 5.807945e-01
2.250000e-01 -5.729359e-01 6.160176e-01
2.400000e-01 -5.729359e-01 6.486397e-01
2.550000e-01 -5.729359e-01 6.785099e-01
2.700000e-01 -5.729359e-01 7.055715e-01
2.850000e-01 -5.729359e-01 7.298315e-01
3.000000e-01 -5.729359e-01 7.513452e-01
-3.000000e-01 -5.592716e-01 8.212749e-01
-2.850000e-01 -5.592716e-01 7.967743e-01
-2.700000e-01 -5.592716e-01 7.691979e-01
-2.550000e-01 -5.592716e-01 7.385030e-01
-2.400000e-01 -5.592716e-01 7.047051e-01
-2.250000e-01 -5.592716e-01 6.678954e-01
-2.100000e-01 -5.592716e-01 6.282738e-01
-1.950000e-01 -5.592716e-01 5.861924e-01
-1.800000e-01 -5.592716e-01 5.421932e-01
-1.650000e-01 -5.592716e-01 4.970242e-01
-1.500000e-01 -5.592716e-01 4.516177e-01
-1.350000e-01 -5.592716e-01 4.070093e-01
-1.200000e-01 -5.592716e-01 3.641794e-01
-1.050000e-01 -5.592716e-01 3.237845e-01
-9.000000e-02 -5.592716e-01 2.857205e-01
-7.500000e-02 -5.592716e-01 2.485455e-01
-6.000000e-02 -5.592716e-01 2.099027e-01
-4.500000e-02 -5.592716e-01 1.710403e-01
-3.000000e-02 -5.592716e-01 1.397824e-01
-1.500000e-02 -5.592716e-01 1.214848e-01
5.551115e-17 -5.592716e-01 1.156972e-01
1.500000e-02 -5.592716e-01 1.214848e-01
3.000000e-02 -5.592716e-01 1.397824e-01
4.500000e-02 -5.592716e-01 1.710403e-01
6.000000e-02 -5.592716e-01 2.099027e-01
7.500000e-02 -5.592716e-01 2.485455e-01
9.000000e-02 -5.592716e-01 2.857205e-01
1.050000e-01 -5.592716e-01 3.237845e-01
1.200000e-01 -5.592716e-01 3.641794e-01
1.350000e-01 -5.592716e-01 4.070093e-01
1.500000e-01 -5.592716e-01 4.516177e-01
1.650000e-01 -5.592716e-01 4.970242e-01
1.800000e-01 -5.592716e-01 5.421932e-01
1.950000e-01 -5.592716e-01 5.861924e-01
2.100000e-01 -5.592716e-01 6.282738e-01
2.250000e-01 -5.592716e-01 6.678954e-01
2.400000e-01 -5.592716e-01 7.047051e-01
2.550000e-01 -5.592716e-01 7.385030e-01
2.700000e-01 -5.592716e-01 7.691979e-01
2.850000e-01 -5.592716e-01 7.967743e-01
3.000000e-01 -5.592716e-01 8.212749e-01
-3.000000e-01 -5.456073e-01 9.012036e-01
-2.850000e-01 -5.456073e-01 8.731511e-01
-2.700000e-01 -5.456073e-01 8.416406e-01
-2.550000e-01 -5.456073e-01 8.066473e-01
-2.400000e-01 -5.456073e-01 7.682175e-01
-2.250000e-01 -5.456073e-01 7.264869e-01
-2.100000e-01 -5.456073e-01 6.817175e-01
-1.950000e-01 -5.456073e-01 6.343441e-01
-1.800000e-01 -5.456073e-01 5.850131e-01
-1.650000e-01 -5.456073e-01 5.345955e-01
-1.500000e-01 -5.456073e-01 4.841554e-01
-1.350000e-01 -5.456073e-01 4.348560e-01
-1.200000e-01 -5.456073e-01 3.877817e-01
-1.050000e-01 -5.456073e-01 3.436505e-01
-9.000000e-02 -5.456073e-01 3.023565e-01
-7.500000e-02 -5.456073e-01 2.623726e-01
-6.000000e-02 -5.456073e-01 2.212002e-01
-4.500000e-02 -5.456073e-01 1.800912e-01
-3.000000e-02 -5.456073e-01 1.471491e-01
-1.500000e-02 -5.456073e-01 1.278956e-01
5.551115e-17 -5.456073e-01 1.218090e-01
1.500000e-02 -5.456073e-01 1.278956e-01
3.000000e-02 -5.456073e-01 1.471491e-01
4.500000e-02 -5.456073e-01 1.800912e-01
6.000000e-02 -5.456073e-01 2.212002e-01
7.500000e-02 -5.456073e-01 2.623726e-01
9.000000e-02 -5.456073e-01 3.023565e-01
1.050000e-01 -5.456073e-01 3.436505e-01
1.200000e-01 -5.456073e-01 3.877817e-01
1.350000e-01 -5.456073e-01 4.348560e-01
1.500000e-01 -5.456073e-01 4.841554e-01
1.650000e-01 -5.456073e-01 5.345955e-01
1.800000e-01 -5.456073e-01 5.850131e-01
1.950000e-01 -5.456073e-01 6.343441e-01
2.100000e-01 -5.456073e-01 6.817175e-01
2.250000e-01 -5.456073e-01 7.264869e-01
2.400000e-01 -5.456073e-01 7.682175e-01
2.550000e-01 -5.456073e-01 8.066473e-01
2.700000e-01 -5.456073e-01 8.416406e-01
2.850000e-01 -5.456073e-01 8.731511e-01
3.000000e-01 -5.456073e-01 9.012036e-01
-3.000000e-01 -5.319431e-01 9.930778e-01
-2.850000e-01 -5.319431e-01 9.607727e-01
-2.700000e-01 -5.319431e-01 9.245637e-01
-2.550000e-01 -5.319431e-01 8.844522e-01
-2.400000e-01 -5.319431e-01 8.405253e-01
-2.250000e-01 -5.319431e-01 7.929770e-01
-2.100000e-01 -5.319431e-01 7.421475e-01
-1.950000e-01 -5.319431e-01 6.885739e-01
-1.800000e-01 -5.319431e-01 6.330291e-01
-1.650000e-01 -5.319431e-01 5.765295e-01
-1.500000e-01 -5.319431e-01 5.202931e-01
-1.350000e-01 -5.319431e-01 4.656272e-01
-1.200000e-01 -5.319431e-01 4.137311e-01
-1.050000e-01 -5.319431e-01 3.653863e-01
-9.000000e-02 -5.319431e-01 3.204784e-01
-7.500000e-02 -5.319431e-01 2.773811e-01
-6.000000e-02 -5.319431e-01 2.334349e-01
-4.500000e-02 -5.319431e-01 1.898856e-01
-3.000000e-02 -5.319431e-01 1.551248e-01
-1.500000e-02 -5.319431e-01 1.348420e-01
5.551115e-17 -5.319431e-01 1.284339e-01
1.500000e-02 -5.319431e-01 1.348420e-01
3.000000e-02 -5.319431e-01 1.551248e-01
4.500000e-02 -5.319431e-01 1.898856e-01
6.000000e-02 -5.319431e-01 2.334349e-01
7.500000e-02 -5.319431e-01 2.773811e-01
9.000000e-02 -5.319431e-01 3.204784e-01
1.050000e-01 -5.319431e-01 3.653863e-01
1.200000e-01 -5.319431e-01 4.137311e-01
1.350000e-01 -5.319431e-01 4.656272e-01
1.500000e-01 -5.319431e-01 5.202931e-01
1.650000e-01 -5.319431e-01 5.765295e-01
1.800000e-01 -5.319431e-01 6.330291e-01
1.950000e-01 -5.319431e-01 6.885739e-01
2.100000e-01 -5.319431e-01 7.421475e-01
2.250000e-01 -5.319431e-01 7.929770e-01
2.400000e-01 -5.319431e-01 8.405253e-01
2.550000e-01 -5.319431e-01 8.844522e-01
2.700000e-01 -5.319431e-01 9.245637e-01
2.850000e-01 -5.319431e-01 9.607727e-01
3.000000e-01 -5.319431e-01 9.930778e-01
-3.000000e-01 -5.182788e-01 1.099325e+00
-2.850000e-01 -5.182788e-01 1.061891e+00
-2.700000e-01 -5.182788e-01 1.020031e+00
-2.550000e-01 -5.182788e-01 9.737826e-01
-2.400000e-01 -5.182788e-01 9.232881e-01
-2.250000e-01 -5.182788e-01 8.688169e-01
-2.100000e-01 -5.182788e-01 8.108089e-01
-1.950000e-01 -5.182788e-01 7.499281e-01
-1.800000e-01 -5.182788e-01 6.871011e-01
-1.650000e-01 -5.182788e-01 6.235176e-01
-1.500000e-01 -5.182788e-01 5.605741e-01
-1.350000e-01 -5.182788e-01 4.997420e-01
-1.200000e-01 -5.182788e-01 4.423459e-01
-1.050000e-01 -5.182788e-01 3.892315e-01
-9.000000e-02 -5.182788e-01 3.402671e-01
-7.500000e-02 -5.182788e-01 2.937084e-01
-6.000000e-02 -5.182788e-01 2.467125e-01
-4.500000e-02 -5.182788e-01 2.005070e-01
-3.000000e-02 -5.182788e-01 1.637784e-01
-1.500000e-02 -5.182788e-01 1.423854e-01
5.551115e-17 -5.182788e-01 1.356309e-01
1.500000e-02 -5.182788e-01 1.423854e-01
3.000000e-02 -5.182788e-01 1.637784e-01
4.500000e-02 -5.182788e-01 2.005070e-01
6.000000e-02 -5.182788e-01 2.467125e-01
7.500000e-02 -5.182788e-01 2.937084e-01
9.000000e-02 -5.182788e-01 3.402671e-01
1.050000e-01 -5.182788e-01 3.892315e-01
1.200000e-01 -5.182788e-01 4.423459e-01
1.350000e-01 -5.182788e-01 4.997420e-01
1.500000e-01 -5.182788e-01 5.605741e-01
1.650000e-01 -5.182788e-01 6.235176e-01
1.800000e-01 -5.182788e-01 6.871011e-01
1.950000e-01 -5.182788e-01 7.499281e-01
2.100000e-01 -5.182788e-01 8.108089e-01
2.250000e-01 -5.182788e-01 8.688169e-01
2.400000e-01 -5.182788e-01 9.232881e-01
2.550000e-01 -5.182788e-01 9.737826e-01
2.700000e-01 -5.182788e-01 1.020031e+00
2.850000e-01 -5.182788e-01 1.061891e+00
3.000000e-01 -5.182788e-01 1.099325e+00
-3.000000e-01 -5.046145e-01 1.222998e+00
-2.850000e-01 -5.046145e-01 1.179331e+00
-2.700000e-01 -5.046145e-01 1.130622e+00
-2.550000e-01 -5.046145e-01 1.076961e+00
-2.400000e-01 -5.046145e-01 1.018563e+00
-2.250000e-01 -5.046145e-01 9.557974e-01
-2.100000e-01 -5.046145e-01 8.892297e-01
-1.950000e-01 -5.046145e-01 8.196830e-01
-1.800000e-01 -5.046145e-01 7.482710e-01
-1.650000e-01 -5.046145e-01 6.763905e-01
-1.500000e-01 -5.046145e-01 6.056465e-01
-1.350000e-01 -5.046145e-01 5.376959e-01
-1.200000e-01 -5.046145e-01 4.739993e-01
-1.050000e-01 -5.046145e-01 4.154654e-01
-9.000000e-02 -5.046145e-01 3.619313e-01
-7.500000e-02 -5.046145e-01 3.115124e-01
-6.000000e-02 -5.046145e-01 2.611543e-01
-4.500000e-02 -5.046145e-01 2.120505e-01
-3.000000e-02 -5.046145e-01 1.731887e-01
-1.500000e-02 -5.046145e-01 1.505959e-01
5.551115e-17 -5.046145e-01 1.434677e-01
1.500000e-02 -5.046145e-01 1.505959e-01
3.000000e-02 -5.046145e-01 1.731887e-01
4.500000e-02 -5.046145e-01 2.120505e-01
6.000000e-02 -5.046145e-01 2.611543e-01
7.500000e-02 -5.046145e-01 3.115124e-01
9.000000e-02 -5.046145e-01 3.619313e-01
1.050000e-01 -5.046145e-01 4.154654e-01
1.200000e-01 -5.046145e-01 4.739993e-01
1.350000e-01 -5.046145e-01 5.376959e-01
1.500000e-01 -5.046145e-01 6.056465e-01
1.650000e-01 -5.046145e-01 6.763905e-01
1.800000e-01 -5.046145e-01 7.482710e-01
1.950000e-01 -5.046145e-01 8.196830e-01
2.100000e-01 -5.046145e-01 8.892297e-01
2.250000e-01 -5.046145e-01 9.557974e-01
2.400000e-01 -5.046145e-01 1.018563e+00
2.550000e-01 -5.046145e-01 1.076961e+00
2.700000e-01 -5.046145e-01 1.130622e+00
2.850000e-01 -5.046145e-01 1.179331e+00
3.000000e-01 -5.046145e-01 1.222998e+00
-3.000000e-01 -4.909502e-01 1.367967e+00
-2.850000e-01 -4.909502e-01 1.316662e+00
-2.700000e-01 -4.909502e-01 1.259587e+00
-2.550000e-01 -4.909502e-01 1.196902e+00
-2.400000e-01 -4.909502e-01 1.128923e+00
-2.250000e-01 -4.909502e-01 1.056145e+00
-2.100000e-01 -4.909502e-01 9.792990e-01
-1.950000e-01 -4.909502e-01 8.994058e-01
-1.800000e-01 -4.909502e-01 8.178091e-01
-1.650000e-01 -4.909502e-01 7.361536e-01
-1.500000e-01 -4.909502e-01 6.562877e-01
-1.350000e-01 -4.909502e-01 5.800781e-01
-1.200000e-01 -4.909502e-01 5.091315e-01
-1.050000e-01 -4.909502e-01 4.444141e-01
-9.000000e-02 -4.909502e-01 3.857134e-01
-7.500000e-02 -4.909502e-01 3.309750e-01
-6.000000e-02 -4.909502e-01 2.768995e-01
-4.500000e-02 -4.909502e-01 2.246254e-01
-3.000000e-02 -4.909502e-01 1.834461e-01
-1.500000e-02 -4.909502e-01 1.595545e-01
5.551115e-17 -4.909502e-01 1.520224e-01
1.500000e-02 -4.909502e-01 1.595545e-01
3.000000e-02 -4.909502e-01 1.834461e-01
4.500000e-02 -4.909502e-01 2.246254e-01
6.000000e-02 -4.909502e-01 2.768995e-01
7.500000e-02 -4.909502e-01 3.309750e-01
9.000000e-02 -4.909502e-01 3.857134e-01
1.050000e-01 -4.909502e-01 4.444141e-01
1.200000e-01 -4.909502e-01 5.091315e-01
1.350000e-01 -4.909502e-01 5.800781e-01
1.500000e-01 -4.909502e-01 6.562877e-01
1.650000e-01 -4.909502e-01 7.361536e-01
1.800000e-01 -4.909502e-01 8.178091e-01
1.950000e-01 -4.909502e-01 8.994058e-01
2.100000e-01 -4.909502e-01 9.792990e-01
2.250000e-01 -4.909502e-01 1.056145e+00
2.400000e-01 -4.909502e-01 1.128923e+00
2.550000e-01 -4.909502e-01 1.196902e+00
2.700000e-01 -4.909502e-01 1.259587e+00
2.850000e-01 -4.909502e-01 1.316662e+00
3.000000e-01 -4.909502e-01 1.367967e+00
-3.000000e-01 -4.772859e-01 1.539182e+00
-2.850000e-01 -4.772859e-01 1.478439e+00
-2.700000e-01 -4.772859e-01 1.411058e+00
-2.550000e-01 -4.772859e-01 1.337297e+00
-2.400000e-01 -4.772859e-01 1.257606e+00
-2.250000e-01 -4.772859e-01 1.172650e+00
-2.100000e-01 -4.772859e-01 1.083370e+00
-1.950000e-01 -4.772859e-01 9.910359e-01
-1.800000e-01 -4.772859e-01 8.972753e-01
-1.650000e-01 -4.772859e-01 8.040311e-01
-1.500000e-01 -4.772859e-01 7.134363e-01
-1.350000e-01 -4.772859e-01 6.275936e-01
-1.200000e-01 -4.772859e-01 5.482640e-01
-1.050000e-01 -4.772859e-01 4.764606e-01
-9.000000e-02 -4.772859e-01 4.118957e-01
-7.500000e-02 -4.772859e-01 3.523070e-01
-6.000000e-02 -4.772859e-01 2.941085e-01
-4.500000e-02 -4.772859e-01 2.383577e-01
-3.000000e-02 -4.772859e-01 1.946550e-01
-1.500000e-02 -4.772859e-01 1.693546e-01
5.551115e-17 -4.772859e-01 1.613850e-01
1.500000e-02 -4.772859e-01 1.693546e-01
3.000000e-02 -4.772859e-01 1.946550e-01
4.500000e-02 -4.772859e-01 2.383577e-01
6.000000e-02 -4.772859e-01 2.941085e-01
7.500000e-02 -4.772859e-01 3.523070e-01
9.000000e-02 -4.772859e-01 4.118957e-01
1.050000e-01 -4.772859e-01 4.764606e-01
1.200000e-01 -4.772859e-01 5.482640e-01
1.350000e-01 -4.772859e-01 6.275936e-01
1.500000e-01 -4.772859e-01 7.134363e-01
1.650000e-01 -4.772859e-01 8.040311e-01
1.800000e-01 -4.772859e-01 8.972753e-01
1.950000e-01 -4.772859e-01 9.910359e-01
2.100000e-01 -4.772859e-01 1.083370e+00
2.250000e-01 -4.772859e-01 1.172650e+00
2.400000e-01 -4.772859e-01 1.257606e+00
2.550000e-01 -4.772859e-01 1.337297e+00
2.700000e-01 -4.772859e-01 1.411058e+00
2.850000e-01 -4.772859e-01 1.478439e+00
3.000000e-01 -4.772859e-01 1.539182e+00
-3.000000e-01 -4.636217e-01 1.743025e+00
-2.850000e-01 -4.636217e-01 1.670516e+00
-2.700000e-01 -4.636217e-01 1.590328e+00
-2.550000e-01 -4.636217e-01 1.502857e+00
-2.400000e-01 -4.636217e-01 1.408730e+00
-2.250000e-01 -4.636217e-01 1.308840e+00
-2.100000e-01 -4.636217e-01 1.204398e+00
-1.950000e-01 -4.636217e-01 1.096992e+00
-1.800000e-01 -4.636217e-01 9.885996e-01
-1.650000e-01 -4.636217e-01 8.815246e-01
-1.500000e-01 -4.636217e-01 7.782326e-01
-1.350000e-01 -4.636217e-01 6.810905e-01
-1.200000e-01 -4.636217e-01 5.920180e-01
-1.050000e-01 -4.636217e-01 5.120573e-01
-9.000000e-02 -4.636217e-01 4.408083e-01
-7.500000e-02 -4.636217e-01 3.757532e-01
-6.000000e-02 -4.636217e-01 3.129668e-01
-4.500000e-02 -4.636217e-01 2.533927e-01
-3.000000e-02 -4.636217e-01 2.069361e-01
-1.500000e-02 -4.636217e-01 1.801044e-01
5.551115e-17 -4.636217e-01 1.716602e-01
1.500000e-02 -4.636217e-01 1.801044e-01
3.000000e-02 -4.636217e-01 2.069361e-01
4.500000e-02 -4.636217e-01 2.533927e-01
6.000000e-02 -4.636217e-01 3.129668e-01
7.500000e-02 -4.636217e-01 3.757532e-01
9.000000e-02 -4.636217e-01 4.408083e-01
1.050000e-01 -4.636217e-01 5.120573e-01
1.200000e-01 -4.636217e-01 5.920180e-01
1.350000e-01 -4.636217e-01 6.810905e-01
1.500000e-01 -4.636217e-01 7.782326e-01
1.650000e-01 -4.636217e-01 8.815246e-01
1.800000e-01 -4.636217e-01 9.885996e-01
1.950000e-01 -4.636217e-01 1.096992e+00
2.100000e-01 -4.636217e-01 1.204398e+00
2.250000e-01 -4.636217e-01 1.308840e+00
2.400000e-01 -4.636217e-01 1.408730e+00
2.550000e-01 -4.636217e-01 1.502857e+00
2.700000e-01 -4.636217e-01 1.590328e+00
2.850000e-01 -4.636217e-01 1.670516e+00
3.000000e-01 -4.636217e-01 1.743025e+00
-3.000000e-01 -4.499574e-01 1.987795e+00
-2.850000e-01 -4.499574e-01 1.900486e+00
-2.700000e-01 -4.499574e-01 1.804242e+00
-2.550000e-01 -4.499574e-01 1.699646e+00
-2.400000e-01 -4.499574e-01 1.587572e+00
-2.250000e-01 -4.499574e-01 1.469210e+00
-2.100000e-01 -4.499574e-01 1.346127e+00
-1.950000e-01 -4.499574e-01 1.220314e+00
-1.800000e-01 -4.499574e-01 1.094188e+00
-1.650000e-01 -4.499574e-01 9.704891e-01
-1.500000e-01 -4.499574e-01 8.520716e-01
-1.350000e-01 -4.499574e-01 7.415958e-01
-1.200000e-01 -4.499574e-01 6.411383e-01
-1.050000e-01 -4.499574e-01 5.517405e-01
-9.000000e-02 -4.499574e-01 4.728397e-01
-7.500000e-02 -4.499574e-01 4.015992e-01
-6.000000e-02 -4.499574e-01 3.336901e-01
-4.500000e-02 -4.499574e-01 2.698993e-01
-3.000000e-02 -4.499574e-01 2.204297e-01
-1.500000e-02 -4.499574e-01 1.919300e-01
5.551115e-17 -4.499574e-01 1.829700e-01
1.500000e-02 -4.499574e-01 1.919300e-01
3.000000e-02 -4.499574e-01 2.204297e-01
4.500000e-02 -4.499574e-01 2.698993e-01
6.000000e-02 -4.499574e-01 3.336901e-01
7.500000e-02 -4.499574e-01 4.015992e-01
9.000000e-02 -4.499574e-01 4.728397e-01
1.050000e-01 -4.499574e-01 5.517405e-01
1.200000e-01 -4.499574e-01 6.411383e-01
1.350000e-01 -4.499574e-01 7.415958e-01
1.500000e-01 -4.499574e-01 8.520716e-01
1.650000e-01 -4.499574e-01 9.704891e-01
1.800000e-01 -4.499574e-01 1.094188e+00
1.950000e-01 -4.499574e-01 1.220314e+00
2.100000e-01 -4.499574e-01 1.346127e+00
2.250000e-01 -4.499574e-01 1.469210e+00
2.400000e-01 -4.499574e-01 1.587572e+00
2.550000e-01 -4.499574e-01 1.699646e+00
2.700000e-01 -4.499574e-01 1.804242e+00
2.850000e-01 -4.499574e-01 1.900486e+00
3.000000e-01 -4.499574e-01 1.987795e+00
-3.000000e-01 -4.362931e-01 2.284358e+00
-2.850000e-01 -4.362931e-01 2.178268e+00
-2.700000e-01 -4.362931e-01 2.061714e+00
-2.550000e-01 -4.362931e-01 1.935540e+00
-2.400000e-01 -4.362931e-01 1.800951e+00
-2.250000e-01 -4.362931e-01 1.659539e+00
-2.100000e-01 -4.362931e-01 1.513337e+00
-1.950000e-01 -4.362931e-01 1.364857e+00
-1.800000e-01 -4.362931e-01 1.217066e+00
-1.650000e-01 -4.362931e-01 1.073234e+00
-1.500000e-01 -4.362931e-01 9.366723e-01
-1.350000e-01 -4.362931e-01 8.103612e-01
-1.200000e-01 -4.362931e-01 6.965227e-01
-1.050000e-01 -4.362931e-01 5.961503e-01
-9.000000e-02 -4.362931e-01 5.084488e-01
-7.500000e-02 -4.362931e-01 4.301801e-01
-6.000000e-02 -4.362931e-01 3.565300e-01
-4.500000e-02 -4.362931e-01 2.880740e-01
-3.000000e-02 -4.362931e-01 2.352996e-01
-1.500000e-02 -4.362931e-01 2.049789e-01
5.551115e-17 -4.362931e-01 1.954570e-01
1.500000e-02 -4.362931e-01 2.049789e-01
3.000000e-02 -4.362931e-01 2.352996e-01
4.500000e-02 -4.362931e-01 2.880740e-01
6.000000e-02 -4.362931e-01 3.565300e-01
7.500000e-02 -4.362931e-01 4.301801e-01
9.000000e-02 -4.362931e-01 5.084488e-01
1.050000e-01 -4.362931e-01 5.961503e-01
1.200000e-01 -4.362931e-01 6.965227e-01
1.350000e-01 -4.362931e-01 8.103612e-01
1.500000e-01 -4.362931e-01 9.366723e-01
1.650000e-01 -4.362931e-01 1.073234e+00
1.800000e-01 -4.362931e-01 1.217066e+00
1.950000e-01 -4.362931e-01 1.364857e+00
2.100000e-01 -4.362931e-01 1.513337e+00
2.250000e-01 -4.362931e-01 1.659539e+00
2.400000e-01 -4.362931e-01 1.800951e+00
2.550000e-01 -4.362931e-01 1.935540e+00
2.700000e-01 -4.362931e-01 2.061714e+00
2.850000e-01 -4.362931e-01 2.178268e+00
3.000000e-01 -4.362931e-01 2.284358e+00
-3.000000e-01 -4.226288e-01 2.647010e+00
-2.850000e-01 -4.226288e-01 2.516897e+00
-2.700000e-01 -4.226288e-01 2.374436e+00
-2.550000e-01 -4.226288e-01 2.220833e+00
-2.400000e-01 -4.226288e-01 2.057749e+00
-2.250000e-01 -4.226288e-01 1.887317e+00
-2.100000e-01 -4.226288e-01 1.712187e+00
-1.950000e-01 -4.226288e-01 1.535551e+00
-1.800000e-01 -4.226288e-01 1.361067e+00
-1.650000e-01 -4.226288e-01 1.192659e+00
-1.500000e-01 -4.226288e-01 1.034169e+00
-1.350000e-01 -4.226288e-01 8.889236e-01
-1.200000e-01 -4.226288e-01 7.592604e-01
-1.050000e-01 -4.226288e-01 6.460548e-01
-9.000000e-02 -4.226288e-01 5.481807e-01
-7.500000e-02 -4.226288e-01 4.618907e-01
-6.000000e-02 -4.226288e-01 3.817816e-01
-4.500000e-02 -4.226288e-01 3.081473e-01
-3.000000e-02 -4.226288e-01 2.517378e-01
-1.500000e-02 -4.226288e-01 2.194246e-01
5.551115e-17 -4.226288e-01 2.092894e-01
1.500000e-02 -4.226288e-01 2.194246e-01
3.000000e-02 -4.226288e-01 2.517378e-01
4.500000e-02 -4.226288e-01 3.081473e-01
6.000000e-02 -4.226288e-01 3.817816e-01
7.500000e-02 -4.226288e-01 4.618907e-01
9.000000e-02 -4.226288e-01 5.481807e-01
1.050000e-01 -4.226288e-01 6.460548e-01
1.200000e-01 -4.226288e-01 7.592604e-01
1.350000e-01 -4.226288e-01 8.889236e-01
1.500000e-01 -4.226288e-01 1.034169e+00
1.650000e-01 -4.226288e-01 1.192659e+00
1.800000e-01 -4.226288e-01 1.361067e+00
1.950000e-01 -4.226288e-01 1.535551e+00
2.100000e-01 -4.226288e-01 1.712187e+00
2.250000e-01 -4.226288e-01 1.887317e+00
2.400000e-01 -4.226288e-01 2.057749e+00
2.550000e-01 -4.226288e-01 2.220833e+00
2.700000e-01 -4.226288e-01 2.374436e+00
2.850000e-01 -4.226288e-01 2.516897e+00
3.000000e-01 -4.226288e-01 2.647010e+00
-3.000000e-01 -4.089645e-01 3.094585e+00
-2.850000e-01 -4.089645e-01 2.933546e+00
-2.700000e-01 -4.089645e-01 2.757804e+00
-2.550000e-01 -4.089645e-01 2.569064e+00
-2.400000e-01 -4.089645e-01 2.369615e+00
-2.250000e-01 -4.089645e-01 2.162326e+00
-2.100000e-01 -4.089645e-01 1.950677e+00
-1.950000e-01 -4.089645e-01 1.738750e+00
-1.800000e-01 -4.089645e-01 1.531094e+00
-1.650000e-01 -4.089645e-01 1.332433e+00
-1.500000e-01 -4.089645e-01 1.147234e+00
-1.350000e-01 -4.089645e-01 9.791833e-01
-1.200000e-01 -4.089645e-01 8.306825e-01
-1.050000e-01 -4.089645e-01 7.023812e-01
-9.000000e-02 -4.089645e-01 5.926867e-01
-7.500000e-02 -4.089645e-01 4.971987e-01
-6.000000e-02 -4.089645e-01 4.097925e-01
-4.500000e-02 -4.089645e-01 3.303900e-01
-3.000000e-02 -4.089645e-01 2.699706e-01
-1.500000e-02 -4.089645e-01 2.354716e-01
5.551115e-17 -4.089645e-01 2.246655e-01
1.500000e-02 -4.089645e-01 2.354716e-01
3.000000e-02 -4.089645e-01 2.699706e-01
4.500000e-02 -4.089645e-01 3.303900e-01
6.000000e-02 -4.089645e-01 4.097925e-01
7.500000e-02 -4.089645e-01 4.971987e-01
9.000000e-02 -4.089645e-01 5.926867e-01
1.050000e-01 -4.089645e-01 7.023812e-01
1.200000e-01 -4.089645e-01 8.306825e-01
1.350000e-01 -4.089645e-01 9.791833e-01
1.500000e-01 -4.089645e-01 1.147234e+00
1.650000e-01 -4.089645e-01 1.332433e+00
1.800000e-01 -4.089645e-01 1.531094e+00
1.950000e-01 -4.089645e-01 1.738750e+00
2.100000e-01 -4.089645e-01 1.950677e+00
2.250000e-01 -4.089645e-01 2.162326e+00
2.400000e-01 -4.089645e-01 2.369615e+00
2.550000e-01 -4.089645e-01 2.569064e+00
2.700000e-01 -4.089645e-01 2.757804e+00
2.850000e-01 -4.089645e-01 2.933546e+00
3.000000e-01 -4.089645e-01 3.094585e+00
-3.000000e-01 -3.953003e-01 3.651759e+00
-2.850000e-01 -3.953003e-01 3.450782e+00
-2.700000e-01 -3.953003e-01 3.232087e+00
-2.550000e-01 -3.953003e-01 2.998070e+00
-2.400000e-01 -3.953003e-01 2.751885e+00
-2.250000e-01 -3.953003e-01 2.497416e+00
-2.100000e-01 -3.953003e-01 2.239270e+00
-1.950000e-01 -3.953003e-01 1.982718e+00
-1.800000e-01 -3.953003e-01 1.733465e+00
-1.650000e-01 -3.953003e-01 1.497240e+00
-1.500000e-01 -3.953003e-01 1.279237e+00
-1.350000e-01 -3.953003e-01 1.083509e+00
-1.200000e-01 -3.953003e-01 9.124269e-01
-1.050000e-01 -3.953003e-01 7.662566e-01
-9.000000e-02 -3.953003e-01 6.427494e-01
-7.500000e-02 -3.953003e-01 5.366609e-01
-6.000000e-02 -3.953003e-01 4.409741e-01
-4.500000e-02 -3.953003e-01 3.551226e-01
-3.000000e-02 -3.953003e-01 2.902660e-01
-1.500000e-02 -3.953003e-01 2.533632e-01
5.551115e-17 -3.953003e-01 2.418216e-01
1.500000e-02 -3.953003e-01 2.533632e-01
3.000000e-02 -3.953003e-01 2.902660e-01
4.500000e-02 -3.953003e-01 3.551226e-01
6.000000e-02 -3.953003e-01 4.409741e-01
7.500000e-02 -3.953003e-01 5.366609e-01
9.000000e-02 -3.953003e-01 6.427494e-01
1.050000e-01 -3.953003e-01 7.662566e-01
1.200000e-01 -3.953003e-01 9.124269e-01
1.350000e-01 -3.953003e-01 1.083509e+00
1.500000e-01 -3.953003e-01 1.279237e+00
1.650000e-01 -3.953003e-01 1.497240e+00
1.800000e-01 -3.953003e-01 1.733465e+00
1.950000e-01 -3.953003e-01 1.982718e+00
2.100000e-01 -3.953003e-01 2.239270e+00
2.250000e-01 -3.953003e-01 2.497416e+00
2.400000e-01 -3.953003e-01 2.751885e+00
2.550000e-01 -3.953003e-01 2.998070e+00
2.700000e-01 -3.953003e-01 3.232087e+00
2.850000e-01 -3.953003e-01 3.450782e+00
3.000000e-01 -3.953003e-01 3.651759e+00
-3.000000e-01 -3.816360e-01 4.350258e+00
-2.850000e-01 -3.816360e-01 4.097862e+00
-2.700000e-01 -3.816360e-01 3.823749e+00
-2.550000e-01 -3.816360e-01 3.531263e+00
-2.400000e-01 -3.816360e-01 3.224755e+00
-2.250000e-01 -3.816360e-01 2.909519e+00
-2.100000e-01 -3.816360e-01 2.591727e+00
-1.950000e-01 -3.816360e-01 2.278271e+00
-1.800000e-01 -3.816360e-01 1.976395e+00
-1.650000e-01 -3.816360e-01 1.693109e+00
-1.500000e-01 -3.816360e-01 1.434470e+00
-1.350000e-01 -3.816360e-01 1.204877e+00
-1.200000e-01 -3.816360e-01 1.006524e+00
-1.050000e-01 -3.816360e-01 8.390601e-01
-9.000000e-02 -3.816360e-01 6.993153e-01
-7.500000e-02 -3.816360e-01 5.809443e-01
-6.000000e-02 -3.816360e-01 4.758166e-01
-4.500000e-02 -3.816360e-01 3.827257e-01
-3.000000e-02 -3.816360e-01 3.129432e-01
-1.500000e-02 -3.816360e-01 2.733896e-01
5.551115e-17 -3.816360e-01 2.610398e-01
1.500000e-02 -3.816360e-01 2.733896e-01
3.000000e-02 -3.816360e-01 3.129432e-01
4.500000e-02 -3.816360e-01 3.827257e-01
6.000000e-02 -3.816360e-01 4.758166e-01
7.500000e-02 -3.816360e-01 5.809443e-01
9.000000e-02 -3.816360e-01 6.993153e-01
1.050000e-01 -3.816360e-01 8.390601e-01
1.200000e-01 -3.816360e-01 1.006524e+00
1.350000e-01 -3.816360e-01 1.204877e+00
1.500000e-01 -3.816360e-01 1.434470e+00
1.650000e-01 -3.816360e-01 1.693109e+00
1.800000e-01 -3.816360e-01 1.976395e+00
1.950000e-01 -3.816360e-01 2.278271e+00
2.100000e-01 -3.816360e-01 2.591727e+00
2.250000e-01 -3.816360e-01 2.909519e+00
2.400000e-01 -3.816360e-01 3.224755e+00
2.550000e-01 -3.816360e-01 3.531263e+00
2.700000e-01 -3.816360e-01 3.823749e+00
2.850000e-01 -3.816360e-01 4.097862e+00
3.000000e-01 -3.816360e-01 4.350258e+00
-3.000000e-01 -3.679717e-01 5.229101e+00
-2.850000e-01 -3.679717e-01 4.911461e+00
-2.700000e-01 -3.679717e-01 4.566529e+00
-2.550000e-01 -3.679717e-01 4.198905e+00
-2.400000e-01 -3.679717e-01 3.814596e+00
-2.250000e-01 -3.679717e-01 3.420891e+00
-2.100000e-01 -3.679717e-01 3.026180e+00
-1.950000e-01 -3.679717e-01 2.639641e+00
-1.800000e-01 -3.679717e-01 2.270635e+00
-1.650000e-01 -3.679717e-01 1.927865e+00
-1.500000e-01 -3.679717e-01 1.618439e+00
-1.350000e-01 -3.679717e-01 1.347059e+00
-1.200000e-01 -3.679717e-01 1.115512e+00
-1.050000e-01 -3.679717e-01 9.224916e-01
-9.000000e-02 -3.679717e-01 7.635362e-01
-7.500000e-02 -3.679717e-01 6.308526e-01
-6.000000e-02 -3.679717e-01 5.149066e-01
-4.500000e-02 -3.679717e-01 4.136546e-01
-3.000000e-02 -3.679717e-01 3.383843e-01
-1.500000e-02 -3.679717e-01 2.958994e-01
5.551115e-17 -3.679717e-01 2.826594e-01
1.500000e-02 -3.679717e-01 2.958994e-01
3.000000e-02 -3.679717e-01 3.383843e-01
4.500000e-02 -3.679717e-01 4.136546e-01
6.000000e-02 -3.679717e-01 5.149066e-01
7.500000e-02 -3.679717e-01 6.308526e-01
9.000000e-02 -3.679717e-01 7.635362e-01
1.050000e-01 -3.679717e-01 9.224916e-01
1.200000e-01 -3.679717e-01 1.115512e+00
1.350000e-01 -3.679717e-01 1.347059e+00
1.500000e-01 -3.679717e-01 1.618439e+00
1.650000e-01 -3.679717e-01 1.927865e+00
1.800000e-01 -3.679717e-01 2.270635e+00
1.950000e-01 -3.679717e-01 2.639641e+00
2.100000e-01 -3.679717e-01 3.026180e+00
2.250000e-01 -3.679717e-01 3.420891e+00
2.400000e-01 -3.679717e-01 3.814596e+00
2.550000e-01 -3.679717e-01 4.198905e+00
2.700000e-01 -3.679717e-01 4.566529e+00
2.850000e-01 -3.679717e-01 4.911461e+00
3.000000e-01 -3.679717e-01 5.229101e+00
-3.000000e-01 -3.543074e-01 6.331569e+00
-2.850000e-01 -3.543074e-01 5.934139e+00
-2.700000e-01 -3.543074e-01 5.501111e+00
-2.550000e-01 -3.543074e-01 5.038655e+00
-2.400000e-01 -3.543074e-01 4.555043e+00
-2.250000e-01 -3.543074e-01 4.060414e+00
-2.100000e-01 -3.543074e-01 3.566415e+00
-1.950000e-01 -3.543074e-01 3.085578e+00
-1.800000e-01 -3.543074e-01 2.630332e+00
-1.650000e-01 -3.543074e-01 2.211741e+00
-1.500000e-01 -3.543074e-01 1.838272e+00
-1.350000e-01 -3.543074e-01 1.514872e+00
-1.200000e-01 -3.543074e-01 1.242586e+00
-1.050000e-01 -3.543074e-01 1.018663e+00
-9.000000e-02 -3.543074e-01 8.368243e-01
-7.500000e-02 -3.543074e-01 6.873603e-01
-6.000000e-02 -3.543074e-01 5.589509e-01
-4.500000e-02 -3.543074e-01 4.484565e-01
-3.000000e-02 -3.543074e-01 3.670499e-01
-1.500000e-02 -3.543074e-01 3.213140e-01
5.551115e-17 -3.543074e-01 3.070912e-01
1.500000e-02 -3.543074e-01 3.213140e-01
3.000000e-02 -3.543074e-01 3.670499e-01
4.500000e-02 -3.543074e-01 4.484565e-01
6.000000e-02 -3.543074e-01 5.589509e-01
7.500000e-02 -3.543074e-01 6.873603e-01
9.000000e-02 -3.543074e-01 8.368243e-01
1.050000e-01 -3.543074e-01 1.018663e+00
1.200000e-01 -3.543074e-01 1.242586e+00
1.350000e-01 -3.543074e-01 1.514872e+00
1.500000e-01 -3.543074e-01 1.838272e+00
1.650000e-01 -3.543074e-01 2.211741e+00
1.800000e-01 -3.543074e-01 2.630332e+00
1.950000e-01 -3.543074e-01 3.085578e+00
2.100000e-01 -3.543074e-01 3.566415e+00
2.250000e-01 -3.543074e-01 4.060414e+00
2.400000e-01 -3.543074e-01 4.555043e+00
2.550000e-01 -3.543074e-01 5.038655e+00
2.700000e-01 -3.543074e-01 5.501111e+00
2.850000e-01 -3.543074e-01 5.934139e+00
3.000000e-01 -3.543074e-01 6.331569e+00
-3.000000e-01 -3.406431e-01 7.693772e+00
-2.850000e-01 -3.406431e-01 7.206540e+00
-2.700000e-01 -3.406431e-01 6.670503e+00
-2.550000e-01 -3.406431e-01 6.093486e+00
-2.400000e-01 -3.406431e-01 5.486699e+00
-2.250000e-01 -3.406431e-01 4.864388e+00
-2.100000e-01 -3.406431e-01 4.243129e+00
-1.950000e-01 -3.406431e-01 3.640652e+00
-1.800000e-01 -3.406431e-01 3.074123e+00
-1.650000e-01 -3.406431e-01 2.558189e+00
-1.500000e-01 -3.406431e-01 2.103265e+00
-1.350000e-01 -3.406431e-01 1.714529e+00
-1.200000e-01 -3.406431e-01 1.391811e+00
-1.050000e-01 -3.406431e-01 1.130216e+00
-9.000000e-02 -3.406431e-01 9.209231e-01
-7.500000e-02 -3.406431e-01 7.516576e-01
-6.000000e-02 -3.406431e-01 6.088062e-01
-4.500000e-02 -3.406431e-01 4.877937e-01
-3.000000e-02 -3.406431e-01 3.994987e-01
-1.500000e-02 -3.406431e-01 3.501461e-01
5.551115e-17 -3.406431e-01 3.348354e-01
1.500000e-02 -3.406431e-01 3.501461e-01
3.000000e-02 -3.406431e-01 3.994987e-01
4.500000e-02 -3.406431e-01 4.877937e-01
6.000000e-02 -3.406431e-01 6.088062e-01
7.500000e-02 -3.406431e-01 7.516576e-01
9.000000e-02 -3.406431e-01 9.209231e-01
1.050000e-01 -3.406431e-01 1.130216e+00
1.200000e-01 -3.406431e-01 1.391811e+00
1.350000e-01 -3.406431e-01 1.714529e+00
1.500000e-01 -3.406431e-01 2.103265e+00
1.650000e-01 -3.406431e-01 2.558189e+00
1.800000e-01 -3.406431e-01 3.074123e+00
1.950000e-01 -3.406431e-01 3.640652e+00
2.100000e-01 -3.406431e-01 4.243129e+00
2.250000e-01 -3.406431e-01 4.864388e+00
2.400000e-01 -3.406431e-01 5.486699e+00
2.550000e-01 -3.406431e-01 6.093486e+00
2.700000e-01 -3.406431e-01 6.670503e+00
2.850000e-01 -3.406431e-01 7.206540e+00
3.000000e-01 -3.406431e-01 7.693772e+00
-3.000000e-01 -3.269789e-01 9.315583e+00
-2.850000e-01 -3.269789e-01 8.745497e+00
-2.700000e-01 -3.269789e-01 8.104943e+00
-2.550000e-01 -3.269789e-01 7.402502e+00
-2.400000e-01 -3.269789e-01 6.652603e+00
-2.250000e-01 -3.269789e-01 5.875172e+00
-2.100000e-01 -3.269789e-01 5.094396e+00
-1.950000e-01 -3.269789e-01 4.336463e+00
-1.800000e-01 -3.269789e-01 3.626433e+00
-1.650000e-01 -3.269789e-01 2.984935e+00
-1.500000e-01 -3.269789e-01 2.425622e+00
-1.350000e-01 -3.269789e-01 1.954098e+00
-1.200000e-01 -3.269789e-01 1.568391e+00
-1.050000e-01 -3.269789e-01 1.260489e+00
-9.000000e-02 -3.269789e-01 1.018002e+00
-7.500000e-02 -3.269789e-01 8.252076e-01
-6.000000e-02 -3.269789e-01 6.655184e-01
-4.500000e-02 -3.269789e-01 5.324731e-01
-3.000000e-02 -3.269789e-01 4.364124e-01
-1.500000e-02 -3.269789e-01 3.830234e-01
5.551115e-17 -3.269789e-01 3.665056e-01
1.500000e-02 -3.269789e-01 3.830234e-01
3.000000e-02 -3.269789e-01 4.364124e-01
4.500000e-02 -3.269789e-01 5.324731e-01
6.000000e-02 -3.269789e-01 6.655184e-01
7.500000e-02 -3.269789e-01 8.252076e-01
9.000000e-02 -3.269789e-01 1.018002e+00
1.050000e-01 -3.269789e-01 1.260489e+00
1.200000e-01 -3.269789e-01 1.568391e+00
1.350000e-01 -3.269789e-01 1.954098e+00
1.500000e-01 -3.269789e-01 2.425622e+00
1.650000e-01 -3.269789e-01 2.984935e+00
1.800000e-01 -3.269789e-01 3.626433e+00
1.950000e-01 -3.269789e-01 4.336463e+00
2.100000e-01 -3.269789e-01 5.094396e+00
2.250000e-01 -3.269789e-01 5.875172e+00
2.400000e-01 -3.269789e-01 6.652603e+00
2.550000e-01 -3.269789e-01 7.402502e+00
2.700000e-01 -3.269789e-01 8.104943e+00
2.850000e-01 -3.269789e-01 8.745497e+00
3.000000e-01 -3.269789e-01 9.315583e+00
-3.000000e-01 -3.133146e-01 1.110445e+01
-2.850000e-01 -3.133146e-01 1.049740e+01
-2.700000e-01 -3.133146e-01 9.786195e+00
-2.550000e-01 -3.133146e-01 8.976260e+00
-2.400000e-01 -3.133146e-01 8.083332e+00
-2.250000e-01 -3.133146e-01 7.133865e+00
-2.100000e-01 -3.133146e-01 6.163305e+00
-1.950000e-01 -3.133146e-01 5.211911e+00
-1.800000e-01 -3.133146e-01 4.318698e+00
-1.650000e-01 -3.133146e-01 3.515247e+00
-1.500000e-01 -3.133146e-01 2.821417e+00
-1.350000e-01 -3.133146e-01 2.244138e+00
-1.200000e-01 -3.133146e-01 1.779053e+00
-1.050000e-01 -3.133146e-01 1.413729e+00
-9.000000e-02 -3.133146e-01 1.130783e+00
-7.500000e-02 -3.133146e-01 9.098232e-01
-6.000000e-02 -3.133146e-01 7.303730e-01
-4.500000e-02 -3.133146e-01 5.834843e-01
-3.000000e-02 -3.133146e-01 4.786298e-01
-1.500000e-02 -3.133146e-01 4.207208e-01
5.551115e-17 -3.133146e-01 4.028605e-01
1.500000e-02 -3.133146e-01 4.207208e-01
3.000000e-02 -3.133146e-01 4.786298e-01
4.500000e-02 -3.133146e-01 5.834843e-01
6.000000e-02 -3.133146e-01 7.303730e-01
7.500000e-02 -3.133146e-01 9.098232e-01
9.000000e-02 -3.133146e-01 1.130783e+00
1.050000e-01 -3.133146e-01 1.413729e+00
1.200000e-01 -3.133146e-01 1.779053e+00
1.350000e-01 -3.133146e-01 2.244138e+00
1.500000e-01 -3.133146e-01 2.821417e+00
1.650000e-01 -3.133146e-01 3.515247e+00
1.800000e-01 -3.133146e-01 4.318698e+00
1.950000e-01 -3.133146e-01 5.211911e+00
2.100000e-01 -3.133146e-01 6.163305e+00
2.250000e-01 -3.133146e-01 7.133865e+00
2.400000e-01 -3.133146e-01 8.083332e+00
2.550000e-01 -3.133146e-01 8.976260e+00
2.700000e-01 -3.133146e-01 9.786195e+00
2.850000e-01 -3.133146e-01 1.049740e+01
3.000000e-01 -3.133146e-01 1.110445e+01
-3.000000e-01 -2.996503e-01 1.280471e+01
-2.850000e-01 -2.996503e-01 1.226782e+01
-2.700000e-01 -2.996503e-01 1.158433e+01
-2.550000e-01 -2.996503e-01 1.074619e+01
-2.400000e-01 -2.996503e-01 9.761649e+00
-2.250000e-01 -2.996503e-01 8.659371e+00
-2.100000e-01 -2.996503e-01 7.488133e+00
-1.950000e-01 -2.996503e-01 6.310238e+00
-1.800000e-01 -2.996503e-01 5.189665e+00
-1.650000e-01 -2.996503e-01 4.179212e+00
-1.500000e-01 -2.996503e-01 3.311799e+00
-1.350000e-01 -2.996503e-01 2.598538e+00
-1.200000e-01 -2.996503e-01 2.032560e+00
-1.050000e-01 -2.996503e-01 1.595391e+00
-9.000000e-02 -2.996503e-01 1.262707e+00
-7.500000e-02 -2.996503e-01 1.007768e+00
-6.000000e-02 -2.996503e-01 8.049622e-01
-4.500000e-02 -2.996503e-01 6.420504e-01
-3.000000e-02 -2.996503e-01 5.271897e-01
-1.500000e-02 -2.996503e-01 4.642017e-01
5.551115e-17 -2.996503e-01 4.448446e-01
1.500000e-02 -2.996503e-01 4.642017e-01
3.000000e-02 -2.996503e-01 5.271897e-01
4.500000e-02 -2.996503e-01 6.420504e-01
6.000000e-02 -2.996503e-01 8.049622e-01
7.500000e-02 -2.996503e-01 1.007768e+00
9.000000e-02 -2.996503e-01 1.262707e+00
1.050000e-01 -2.996503e-01 1.595391e+00
1.200000e-01 -2.996503e-01 2.032560e+00
1.350000e-01 -2.996503e-01 2.598538e+00
1.500000e-01 -2.996503e-01 3.311799e+00
1.650000e-01 -2.996503e-01 4.179212e+00
1.800000e-01 -2.996503e-01 5.189665e+00
1.950000e-01 -2.996503e-01 6.310238e+00
2.100000e-01 -2.996503e-01 7.488133e+00
2.250000e-01 -2.996503e-01 8.659371e+00
2.400000e-01 -2.996503e-01 9.761649e+00
2.550000e-01 -2.996503e-01 1.074619e+01
2.700000e-01 -2.996503e-01 1.158433e+01
2.850000e-01 -2.996503e-01 1.226782e+01
3.000000e-01 -2.996503e-01 1.280471e+01
-3.000000e-01 -2.859860e-01 1.399115e+01
-2.850000e-01 -2.859860e-01 1.367955e+01
-2.700000e-01 -2.859860e-01 1.319299e+01
-2.550000e-01 -2.859860e-01 1.249325e+01
-2.400000e-01 -2.859860e-01 1.155960e+01
-2.250000e-01 -2.859860e-01 1.040325e+01
-2.100000e-01 -2.859860e-01 9.076372e+00
-1.950000e-01 -2.859860e-01 7.667773e+00
-1.800000e-01 -2.859860e-01 6.282538e+00
-1.650000e-01 -2.859860e-01 5.014309e+00
-1.500000e-01 -2.859860e-01 3.924308e+00
-1.350000e-01 -2.859860e-01 3.035600e+00
-1.200000e-01 -2.859860e-01 2.340400e+00
-1.050000e-01 -2.859860e-01 1.812535e+00
-9.000000e-02 -2.859860e-01 1.418166e+00
-7.500000e-02 -2.859860e-01 1.121893e+00
-6.000000e-02 -2.859860e-01 8.912733e-01
-4.500000e-02 -2.859860e-01 7.096944e-01
-3.000000e-02 -2.859860e-01 5.833894e-01
-1.500000e-02 -2.859860e-01 5.146739e-01
5.551115e-17 -2.859860e-01 4.936440e-01
1.500000e-02 -2.859860e-01 5.146739e-01
3.000000e-02 -2.859860e-01 5.833894e-01
4.500000e-02 -2.859860e-01 7.096944e-01
6.000000e-02 -2.859860e-01 8.912733e-01
7.500000e-02 -2.859860e-01 1.121893e+00
9.000000e-02 -2.859860e-01 1.418166e+00
1.050000e-01 -2.859860e-01 1.812535e+00
1.200000e-01 -2.859860e-01 2.340400e+00
1.350000e-01 -2.859860e-01 3.035600e+00
1.500000e-01 -2.859860e-01 3.924308e+00
1.650000e-01 -2.859860e-01 5.014309e+00
1.800000e-01 -2.859860e-01 6.282538e+00
1.950000e-01 -2.859860e-01 7.667773e+00
2.100000e-01 -2.859860e-01 9.076372e+00
2.250000e-01 -2.859860e-01 1.040325e+01
2.400000e-01 -2.859860e-01 1.155960e+01
2.550000e-01 -2.859860e-01 1.249325e+01
2.700000e-01 -2.859860e-01 1.319299e+01
2.850000e-01 -2.859860e-01 1.367955e+01
3.000000e-01 -2.859860e-01 1.399115e+01
-3.000000e-01 -2.723217e-01 1.424775e+01
-2.850000e-01 -2.723217e-01 1.428062e+01
-2.700000e-01 -2.723217e-01 1.416278e+01
-2.550000e-01 -2.723217e-01 1.381865e+01
-2.400000e-01 -2.723217e-01 1.317337e+01
-2.250000e-01 -2.723217e-01 1.217990e+01
-2.100000e-01 -2.723217e-01 1.085243e+01
-1.950000e-01 -2.723217e-01 9.285205e+00
-1.800000e-01 -2.723217e-01 7.633981e+00
-1.650000e-01 -2.723217e-01 6.063387e+00
-1.500000e-01 -2.723217e-01 4.693827e+00
-1.350000e-01 -2.723217e-01 3.579319e+00
-1.200000e-01 -2.723217e-01 2.717701e+00
-1.050000e-01 -2.723217e-01 2.074375e+00
-9.000000e-02 -2.723217e-01 1.602809e+00
-7.500000e-02 -2.723217e-01 1.255815e+00
-6.000000e-02 -2.723217e-01 9.918073e-01
-4.500000e-02 -2.723217e-01 7.883288e-01
-3.000000e-02 -2.723217e-01 6.488620e-01
-1.500000e-02 -2.723217e-01 5.736637e-01
5.551115e-17 -2.723217e-01 5.507604e-01
1.500000e-02 -2.723217e-01 5.736637e-01
3.000000e-02 -2.723217e-01 6.488620e-01
4.500000e-02 -2.723217e-01 7.883288e-01
6.000000e-02 -2.723217e-01 9.918073e-01
7.500000e-02 -2.723217e-01 1.255815e+00
9.000000e-02 -2.723217e-01 1.602809e+00
1.050000e-01 -2.723217e-01 2.074375e+00
1.200000e-01 -2.723217e-01 2.717701e+00
1.350000e-01 -2.723217e-01 3.579319e+00
1.500000e-01 -2.723217e-01 4.693827e+00
1.650000e-01 -2.723217e-01 6.063387e+00
1.800000e-01 -2.723217e-01 7.633981e+00
1.950000e-01 -2.723217e-01 9.285205e+00
2.100000e-01 -2.723217e-01 1.085243e+01
2.250000e-01 -2.723217e-01 1.217990e+01
2.400000e-01 -2.723217e-01 1.317337e+01
2.550000e-01 -2.723217e-01 1.381865e+01
2.700000e-01 -2.723217e-01 1.416278e+01
2.850000e-01 -2.723217e-01 1.428062e+01
3.000000e-01 -2.723217e-01 1.424775e+01
-3.000000e-01 -2.586575e-01 1.347083e+01
-2.850000e-01 -2.586575e-01 1.383443e+01
-2.700000e-01 -2.586575e-01 1.413370e+01
-2.550000e-01 -2.586575e-01 1.428073e+01
-2.400000e-01 -2.586575e-01 1.415441e+01
-2.250000e-01 -2.586575e-01 1.362067e+01
-2.100000e-01 -2.586575e-01 1.258624e+01
-1.950000e-01 -2.586575e-01 1.107182e+01
-1.800000e-01 -2.586575e-01 9.245867e+00
-1.650000e-01 -2.586575e-01 7.365688e+00
-1.500000e-01 -2.586575e-01 5.661804e+00
-1.350000e-01 -2.586575e-01 4.260618e+00
-1.200000e-01 -2.586575e-01 3.184383e+00
-1.050000e-01 -2.586575e-01 2.393005e+00
-9.000000e-02 -2.586575e-01 1.823963e+00
-7.500000e-02 -2.586575e-01 1.414168e+00
-6.000000e-02 -2.586575e-01 1.109738e+00
-4.500000e-02 -2.586575e-01 8.803743e-01
-3.000000e-02 -2.586575e-01 7.256810e-01
-1.500000e-02 -2.586575e-01 6.431168e-01
5.551115e-17 -2.586575e-01 6.181115e-01
1.500000e-02 -2.586575e-01 6.431168e-01
3.000000e-02 -2.586575e-01 7.256810e-01
4.500000e-02 -2.586575e-01 8.803743e-01
6.000000e-02 -2.586575e-01 1.109738e+00
7.500000e-02 -2.586575e-01 1.414168e+00
9.000000e-02 -2.586575e-01 1.823963e+00
1.050000e-01 -2.586575e-01 2.393005e+00
1.200000e-01 -2.586575e-01 3.184383e+00
1.350000e-01 -2.586575e-01 4.260618e+00
1.500000e-01 -2.586575e-01 5.661804e+00
1.650000e-01 -2.586575e-01 7.365688e+00
1.800000e-01 -2.586575e-01 9.245867e+00
1.950000e-01 -2.586575e-01 1.107182e+01
2.100000e-01 -2.586575e-01 1.258624e+01
2.250000e-01 -2.586575e-01 1.362067e+01
2.400000e-01 -2.586575e-01 1.415441e+01
2.550000e-01 -2.586575e-01 1.428073e+01
2.700000e-01 -2.586575e-01 1.413370e+01
2.850000e-01 -2.586575e-01 1.383443e+01
3.000000e-01 -2.586575e-01 1.347083e+01
-3.000000e-01 -2.449932e-01 1.195918e+01
-2.850000e-01 -2.449932e-01 1.251921e+01
-2.700000e-01 -2.449932e-01 1.311756e+01
-2.550000e-01 -2.449932e-01 1.369513e+01
-2.400000e-01 -2.449932e-01 1.413944e+01
-2.250000e-01 -2.449932e-01 1.427148e+01
-2.100000e-01 -2.449932e-01 1.387040e+01
-1.950000e-01 -2.449932e-01 1.277473e+01
-1.800000e-01 -2.449932e-01 1.103011e+01
-1.650000e-01 -2.449932e-01 8.932536e+00
-1.500000e-01 -2.449932e-01 6.870437e+00
-1.350000e-01 -2.449932e-01 5.117730e+00
-1.200000e-01 -2.449932e-01 3.766462e+00
-1.050000e-01 -2.449932e-01 2.784360e+00
-9.000000e-02 -2.449932e-01 2.091204e+00
-7.500000e-02 -2.449932e-01 1.602935e+00
-6.000000e-02 -2.449932e-01 1.249129e+00
-4.500000e-02 -2.449932e-01 9.889222e-01
-3.000000e-02 -2.449932e-01 8.165013e-01
-1.500000e-02 -2.449932e-01 7.255344e-01
5.551115e-17 -2.449932e-01 6.981665e-01
1.500000e-02 -2.449932e-01 7.255344e-01
3.000000e-02 -2.449932e-01 8.165013e-01
4.500000e-02 -2.449932e-01 9.889222e-01
6.000000e-02 -2.449932e-01 1.249129e+00
7.500000e-02 -2.449932e-01 1.602935e+00
9.000000e-02 -2.449932e-01 2.091204e+00
1.050000e-01 -2.449932e-01 2.784360e+00
1.200000e-01 -2.449932e-01 3.766462e+00
1.350000e-01 -2.449932e-01 5.117730e+00
1.500000e-01 -2.449932e-01 6.870437e+00
1.650000e-01 -2.449932e-01 8.932536e+00
1.800000e-01 -2.449932e-01 1.103011e+01
1.950000e-01 -2.449932e-01 1.277473e+01
2.100000e-01 -2.449932e-01 1.387040e+01
2.250000e-01 -2.449932e-01 1.427148e+01
2.400000e-01 -2.449932e-01 1.413944e+01
2.550000e-01 -2.449932e-01 1.369513e+01
2.700000e-01 -2.449932e-01 1.311756e+01
2.850000e-01 -2.449932e-01 1.251921e+01
3.000000e-01 -2.449932e-01 1.195918e+01
-3.000000e-01 -2.313289e-01 1.016919e+01
-2.850000e-01 -2.313289e-01 1.077511e+01
-2.700000e-01 -2.313289e-01 1.148765e+01
-2.550000e-01 -2.313289e-01 1.229277e+01
-2.400000e-01 -2.313289e-01 1.313456e+01
-2.250000e-01 -2.313289e-01 1.387762e+01
-2.100000e-01 -2.313289e-01 1.426988e+01
-1.950000e-01 -2.313289e-01 1.397065e+01
-1.800000e-01 -2.313289e-01 1.273777e+01
-1.650000e-01 -2.313289e-01 1.069733e+01
-1.500000e-01 -2.313289e-01 8.344960e+00
-1.350000e-01 -2.313289e-01 6.193597e+00
-1.200000e-01 -2.313289e-01 4.497130e+00
-1.050000e-01 -2.313289e-01 3.269397e+00
-9.000000e-02 -2.313289e-01 2.417116e+00
-7.500000e-02 -2.313289e-01 1.829901e+00
-6.000000e-02 -2.313289e-01 1.415223e+00
-4.500000e-02 -2.313289e-01 1.117953e+00
-3.000000e-02 -2.313289e-01 9.247512e-01
-1.500000e-02 -2.313289e-01 8.241589e-01
5.551115e-17 -2.313289e-01 7.941316e-01
1.500000e-02 -2.313289e-01 8.241589e-01
3.000000e-02 -2.313289e-01 9.247512e-01
4.500000e-02 -2.313289e-01 1.117953e+00
6.000000e-02 -2.313289e-01 1.415223e+00
7.500000e-02 -2.313289e-01 1.829901e+00
9.000000e-02 -2.313289e-01 2.417116e+00
1.050000e-01 -2.313289e-01 3.269397e+00
1.200000e-01 -2.313289e-01 4.497130e+00
1.350000e-01 -2.313289e-01 6.193597e+00
1.500000e-01 -2.313289e-01 8.344960e+00
1.650000e-01 -2.313289e-01 1.069733e+01
1.800000e-01 -2.313289e-01 1.273777e+01
1.950000e-01 -2.313289e-01 1.397065e+01
2.100000e-01 -2.313289e-01 1.426988e+01
2.250000e-01 -2.313289e-01 1.387762e+01
2.400000e-01 -2.313289e-01 1.313456e+01
2.550000e-01 -2.313289e-01 1.229277e+01
2.700000e-01 -2.313289e-01 1.148765e+01
2.850000e-01 -2.313289e-01 1.077511e+01
3.000000e-01 -2.313289e-01 1.016919e+01
-3.000000e-01 -2.176646e-01 8.446662e+00
-2.850000e-01 -2.176646e-01 9.003252e+00
-2.700000e-01 -2.176646e-01 9.689750e+00
-2.550000e-01 -2.176646e-01 1.052472e+01
-2.400000e-01 -2.176646e-01 1.150986e+01
-2.250000e-01 -2.176646e-01 1.259703e+01
-2.100000e-01 -2.176646e-01 1.362456e+01
-1.950000e-01 -2.176646e-01 1.424163e+01
-1.800000e-01 -2.176646e-01 1.394822e+01
-1.650000e-01 -2.176646e-01 1.244437e+01
-1.500000e-01 -2.176646e-01 1.005357e+01
-1.350000e-01 -2.176646e-01 7.525494e+00
-1.200000e-01 -2.176646e-01 5.416487e+00
-1.050000e-01 -2.176646e-01 3.875394e+00
-9.000000e-02 -2.176646e-01 2.818284e+00
-7.500000e-02 -2.176646e-01 2.105273e+00
-6.000000e-02 -2.176646e-01 1.614843e+00
-4.500000e-02 -2.176646e-01 1.272634e+00
-3.000000e-02 -2.176646e-01 1.054893e+00
-1.500000e-02 -2.176646e-01 9.432250e-01
5.551115e-17 -2.176646e-01 9.102000e-01
1.500000e-02 -2.176646e-01 9.432250e-01
3.000000e-02 -2.176646e-01 1.054893e+00
4.500000e-02 -2.176646e-01 1.272634e+00
6.000000e-02 -2.176646e-01 1.614843e+00
7.500000e-02 -2.176646e-01 2.105273e+00
9.000000e-02 -2.176646e-01 2.818284e+00
1.050000e-01 -2.176646e-01 3.875394e+00
1.200000e-01 -2.176646e-01 5.416487e+00
1.350000e-01 -2.176646e-01 7.525494e+00
1.500000e-01 -2.176646e-01 1.005357e+01
1.650000e-01 -2.176646e-01 1.244437e+01
1.800000e-01 -2.176646e-01 1.394822e+01
1.950000e-01 -2.176646e-01 1.424163e+01
2.100000e-01 -2.176646e-01 1.362456e+01
2.250000e-01 -2.176646e-01 1.259703e+01
2.400000e-01 -2.176646e-01 1.150986e+01
2.550000e-01 -2.176646e-01 1.052472e+01
2.700000e-01 -2.176646e-01 9.689750e+00
2.850000e-01 -2.176646e-01 9.003252e+00
3.000000e-01 -2.176646e-01 8.446662e+00
-3.000000e-01 -2.040003e-01 6.955121e+00
-2.850000e-01 -2.040003e-01 7.425512e+00
-2.700000e-01 -2.040003e-01 8.019944e+00
-2.550000e-01 -2.040003e-01 8.770711e+00
-2.400000e-01 -2.040003e-01 9.712029e+00
-2.250000e-01 -2.040003e-01 1.086416e+01
-2.100000e-01 -2.040003e-01 1.218715e+01
-1.950000e-01 -2.040003e-01 1.347824e+01
-1.800000e-01 -2.040003e-01 1.424054e+01
-1.650000e-01 -2.040003e-01 1.377802e+01
-1.500000e-01 -2.040003e-01 1.184073e+01
-1.350000e-01 -2.040003e-01 9.118020e+00
-1.200000e-01 -2.040003e-01 6.567125e+00
-1.050000e-01 -2.040003e-01 4.636842e+00
-9.000000e-02 -2.040003e-01 3.316490e+00
-7.500000e-02 -2.040003e-01 2.442483e+00
-6.000000e-02 -2.040003e-01 1.856928e+00
-4.500000e-02 -2.040003e-01 1.459723e+00
-3.000000e-02 -2.040003e-01 1.212774e+00
-1.500000e-02 -2.040003e-01 1.088296e+00
5.551115e-17 -2.040003e-01 1.051885e+00
1.500000e-02 -2.040003e-01 1.088296e+00
3.000000e-02 -2.040003e-01 1.212774e+00
4.500000e-02 -2.040003e-01 1.459723e+00
6.000000e-02 -2.040003e-01 1.856928e+00
7.500000e-02 -2.040003e-01 2.442483e+00
9.000000e-02 -2.040003e-01 3.316490e+00
1.050000e-01 -2.040003e-01 4.636842e+00
1.200000e-01 -2.040003e-01 6.567125e+00
1.350000e-01 -2.040003e-01 9.118020e+00
1.500000e-01 -2.040003e-01 1.184073e+01
1.650000e-01 -2.040003e-01 1.377802e+01
1.800000e-01 -2.040003e-01 1.424054e+01
1.950000e-01 -2.040003e-01 1.347824e+01
2.100000e-01 -2.040003e-01 1.218715e+01
2.250000e-01 -2.040003e-01 1.086416e+01
2.400000e-01 -2.040003e-01 9.712029e+00
2.550000e-01 -2.040003e-01 8.770711e+00
2.700000e-01 -2.040003e-01 8.019944e+00
2.850000e-01 -2.040003e-01 7.425512e+00
3.000000e-01 -2.040003e-01 6.955121e+00
-3.000000e-01 -1.903361e-01 5.730555e+00
-2.850000e-01 -1.903361e-01 6.112243e+00
-2.700000e-01 -1.903361e-01 6.600138e+00
-2.550000e-01 -1.903361e-01 7.227886e+00
-2.400000e-01 -1.903361e-01 8.039601e+00
-2.250000e-01 -1.903361e-01 9.087239e+00
-2.100000e-01 -1.903361e-01 1.041147e+01
-1.950000e-01 -1.903361e-01 1.197467e+01
-1.800000e-01 -1.903361e-01 1.349678e+01
-1.650000e-01 -1.903361e-01 1.425588e+01
-1.500000e-01 -1.903361e-01 1.337003e+01
-1.350000e-01 -1.903361e-01 1.088957e+01
-1.200000e-01 -1.903361e-01 7.979530e+00
-1.050000e-01 -1.903361e-01 5.594582e+00
-9.000000e-02 -1.903361e-01 3.939945e+00
-7.500000e-02 -1.903361e-01 2.859225e+00
-6.000000e-02 -1.903361e-01 2.153244e+00
-4.500000e-02 -1.903361e-01 1.688107e+00
-3.000000e-02 -1.903361e-01 1.406091e+00
-1.500000e-02 -1.903361e-01 1.266701e+00
5.551115e-17 -1.903361e-01 1.226453e+00
1.500000e-02 -1.903361e-01 1.266701e+00
3.000000e-02 -1.903361e-01 1.406091e+00
4.500000e-02 -1.903361e-01 1.688107e+00
6.000000e-02 -1.903361e-01 2.153244e+00
7.500000e-02 -1.903361e-01 2.859225e+00
9.000000e-02 -1.903361e-01 3.939945e+00
1.050000e-01 -1.903361e-01 5.594582e+00
1.200000e-01 -1.903361e-01 7.979530e+00
1.350000e-01 -1.903361e-01 1.088957e+01
1.500000e-01 -1.903361e-01 1.337003e+01
1.650000e-01 -1.903361e-01 1.425588e+01
1.800000e-01 -1.903361e-01 1.349678e+01
1.950000e-01 -1.903361e-01 1.197467e+01
2.100000e-01 -1.903361e-01 1.041147e+01
2.250000e-01 -1.903361e-01 9.087239e+00
2.400000e-01 -1.903361e-01 8.039601e+00
2.550000e-01 -1.903361e-01 7.227886e+00
2.700000e-01 -1.903361e-01 6.600138e+00
2.850000e-01 -1.903361e-01 6.112243e+00
3.000000e-01 -1.903361e-01 5.730555e+00
-3.000000e-01 -1.766718e-01 4.749181e+00
-2.850000e-01 -1.766718e-01 5.053654e+00
-2.700000e-01 -1.766718e-01 5.444539e+00
-2.550000e-01 -1.766718e-01 5.951460e+00
-2.400000e-01 -1.766718e-01 6.616401e+00
-2.250000e-01 -1.766718e-01 7.497392e+00
-2.100000e-01 -1.766718e-01 8.667034e+00
-1.950000e-01 -1.766718e-01 1.018699e+01
-1.800000e-01 -1.766718e-01 1.200441e+01
-1.650000e-01 -1.766718e-01 1.368756e+01
-1.500000e-01 -1.766718e-01 1.418705e+01
-1.350000e-01 -1.766718e-01 1.260146e+01
-1.200000e-01 -1.766718e-01 9.637375e+00
-1.050000e-01 -1.766718e-01 6.789802e+00
-9.000000e-02 -1.766718e-01 4.723939e+00
-7.500000e-02 -1.766718e-01 3.378635e+00
-6.000000e-02 -1.766718e-01 2.519290e+00
-4.500000e-02 -1.766718e-01 1.969494e+00
-3.000000e-02 -1.766718e-01 1.644985e+00
-1.500000e-02 -1.766718e-01 1.488076e+00
5.551115e-17 -1.766718e-01 1.443436e+00
1.500000e-02 -1.766718e-01 1.488076e+00
3.000000e-02 -1.766718e-01 1.644985e+00
4.500000e-02 -1.766718e-01 1.969494e+00
6.000000e-02 -1.766718e-01 2.519290e+00
7.500000e-02 -1.766718e-01 3.378635e+00
9.000000e-02 -1.766718e-01 4.723939e+00
1.050000e-01 -1.766718e-01 6.789802e+00
1.200000e-01 -1.766718e-01 9.637375e+00
1.350000e-01 -1.766718e-01 1.260146e+01
1.500000e-01 -1.766718e-01 1.418705e+01
1.650000e-01 -1.766718e-01 1.368756e+01
1.800000e-01 -1.766718e-01 1.200441e+01
1.950000e-01 -1.766718e-01 1.018699e+01
2.100000e-01 -1.766718e-01 8.667034e+00
2.250000e-01 -1.766718e-01 7.497392e+00
2.400000e-01 -1.766718e-01 6.616401e+00
2.550000e-01 -1.766718e-01 5.951460e+00
2.700000e-01 -1.766718e-01 5.444539e+00
2.850000e-01 -1.766718e-01 5.053654e+00
3.000000e-01 -1.766718e-01 4.749181e+00
-3.000000e-01 -1.630075e-01 3.968926e+00
-2.850000e-01 -1.630075e-01 4.210836e+00
-2.700000e-01 -1.630075e-01 4.521529e+00
-2.550000e-01 -1.630075e-01 4.925268e+00
-2.400000e-01 -1.630075e-01 5.457593e+00
-2.250000e-01 -1.630075e-01 6.170872e+00
-2.100000e-01 -1.630075e-01 7.140355e+00
-1.950000e-01 -1.630075e-01 8.463225e+00
-1.800000e-01 -1.630075e-01 1.021921e+01
-1.650000e-01 -1.630075e-01 1.229757e+01
-1.500000e-01 -1.630075e-01 1.397971e+01
-1.350000e-01 -1.630075e-01 1.384128e+01
-1.200000e-01 -1.630075e-01 1.141555e+01
-1.050000e-01 -1.630075e-01 8.246041e+00
-9.000000e-02 -1.630075e-01 5.709203e+00
-7.500000e-02 -1.630075e-01 4.030328e+00
-6.000000e-02 -1.630075e-01 2.975343e+00
-4.500000e-02 -1.630075e-01 2.319250e+00
-3.000000e-02 -1.630075e-01 1.942712e+00
-1.500000e-02 -1.630075e-01 1.764922e+00
5.551115e-17 -1.630075e-01 1.715150e+00
1.500000e-02 -1.630075e-01 1.764922e+00
3.000000e-02 -1.630075e-01 1.942712e+00
4.500000e-02 -1.630075e-01 2.319250e+00
6.000000e-02 -1.630075e-01 2.975343e+00
7.500000e-02 -1.630075e-01 4.030328e+00
9.000000e-02 -1.630075e-01 5.709203e+00
1.050000e-01 -1.630075e-01 8.246041e+00
1.200000e-01 -1.630075e-01 1.141555e+01
1.350000e-01 -1.630075e-01 1.384128e+01
1.500000e-01 -1.630075e-01 1.397971e+01
1.650000e-01 -1.630075e-01 1.229757e+01
1.800000e-01 -1.630075e-01 1.021921e+01
1.950000e-01 -1.630075e-01 8.463225e+00
2.100000e-01 -1.630075e-01 7.140355e+00
2.250000e-01 -1.630075e-01 6.170872e+00
2.400000e-01 -1.630075e-01 5.457593e+00
2.550000e-01 -1.630075e-01 4.925268e+00
2.700000e-01 -1.630075e-01 4.521529e+00
2.850000e-01 -1.630075e-01 4.210836e+00
3.000000e-01 -1.630075e-01 3.968926e+00
-3.000000e-01 -1.493432e-01 3.347983e+00
-2.850000e-01 -1.493432e-01 3.540779e+00
-2.700000e-01 -1.493432e-01 3.787973e+00
-2.550000e-01 -1.493432e-01 4.108817e+00
-2.400000e-01 -1.493432e-01 4.531891e+00
-2.250000e-01 -1.493432e-01 5.100473e+00
-2.100000e-01 -1.493432e-01 5.880419e+00
-1.950000e-01 -1.493432e-01 6.969078e+00
-1.800000e-01 -1.493432e-01 8.492677e+00
-1.650000e-01 -1.493432e-01 1.053517e+01
-1.500000e-01 -1.493432e-01 1.283195e+01
-1.350000e-01 -1.493432e-01 1.418314e+01
-1.200000e-01 -1.493432e-01 1.301538e+01
-1.050000e-01 -1.493432e-01 9.928860e+00
-9.000000e-02 -1.493432e-01 6.934062e+00
-7.500000e-02 -1.493432e-01 4.850338e+00
-6.000000e-02 -1.493432e-01 3.547397e+00
-4.500000e-02 -1.493432e-01 2.757229e+00
-3.000000e-02 -1.493432e-01 2.316243e+00
-1.500000e-02 -1.493432e-01 2.112940e+00
5.551115e-17 -1.493432e-01 2.056899e+00
1.500000e-02 -1.493432e-01 2.112940e+00
3.000000e-02 -1.493432e-01 2.316243e+00
4.500000e-02 -1.493432e-01 2.757229e+00
6.000000e-02 -1.493432e-01 3.547397e+00
7.500000e-02 -1.493432e-01 4.850338e+00
9.000000e-02 -1.493432e-01 6.934062e+00
1.050000e-01 -1.493432e-01 9.928860e+00
1.200000e-01 -1.493432e-01 1.301538e+01
1.350000e-01 -1.493432e-01 1.418314e+01
1.500000e-01 -1.493432e-01 1.283195e+01
1.650000e-01 -1.493432e-01 1.053517e+01
1.800000e-01 -1.493432e-01 8.492677e+00
1.950000e-01 -1.493432e-01 6.969078e+00
2.100000e-01 -1.493432e-01 5.880419e+00
2.250000e-01 -1.493432e-01 5.100473e+00
2.400000e-01 -1.493432e-01 4.531891e+00
2.550000e-01 -1.493432e-01 4.108817e+00
2.700000e-01 -1.493432e-01 3.787973e+00
2.850000e-01 -1.493432e-01 3.540779e+00
3.000000e-01 -1.493432e-01 3.347983e+00
-3.000000e-01 -1.356789e-01 2.851014e+00
-2.850000e-01 -1.356789e-01 3.005708e+00
-2.700000e-01 -1.356789e-01 3.203504e+00
-2.550000e-01 -1.356789e-01 3.459499e+00
-2.400000e-01 -1.356789e-01 3.796191e+00
-2.250000e-01 -1.356789e-01 4.247990e+00
-2.100000e-01 -1.356789e-01 4.868543e+00
-1.950000e-01 -1.356789e-01 5.741759e+00
-1.800000e-01 -1.356789e-01 6.993824e+00
-1.650000e-01 -1.356789e-01 8.782038e+00
-1.500000e-01 -1.356789e-01 1.115058e+01
-1.350000e-01 -1.356789e-01 1.348949e+01
-1.200000e-01 -1.356789e-01 1.399388e+01
-1.050000e-01 -1.356789e-01 1.167973e+01
-9.000000e-02 -1.356789e-01 8.412706e+00
-7.500000e-02 -1.356789e-01 5.877627e+00
-6.000000e-02 -1.356789e-01 4.267190e+00
-4.500000e-02 -1.356789e-01 3.308115e+00
-3.000000e-02 -1.356789e-01 2.786229e+00
-1.500000e-02 -1.356789e-01 2.550439e+00
5.551115e-17 -1.356789e-01 2.486086e+00
1.500000e-02 -1.356789e-01 2.550439e+00
3.000000e-02 -1.356789e-01 2.786229e+00
4.500000e-02 -1.356789e-01 3.308115e+00
6.000000e-02 -1.356789e-01 4.267190e+00
7.500000e-02 -1.356789e-01 5.877627e+00
9.000000e-02 -1.356789e-01 8.412706e+00
1.050000e-01 -1.356789e-01 1.167973e+01
1.200000e-01 -1.356789e-01 1.399388e+01
1.350000e-01 -1.356789e-01 1.348949e+01
1.500000e-01 -1.356789e-01 1.115058e+01
1.650000e-01 -1.356789e-01 8.782038e+00
1.800000e-01 -1.356789e-01 6.993824e+00
1.950000e-01 -1.356789e-01 5.741759e+00
2.100000e-01 -1.356789e-01 4.868543e+00
2.250000e-01 -1.356789e-01 4.247990e+00
2.400000e-01 -1.356789e-01 3.796191e+00
2.550000e-01 -1.356789e-01 3.459499e+00
2.700000e-01 -1.356789e-01 3.203504e+00
2.850000e-01 -1.356789e-01 3.005708e+00
3.000000e-01 -1.356789e-01 2.851014e+00
-3.000000e-01 -1.220147e-01 2.450063e+00
-2.850000e-01 -1.220147e-01 2.575247e+00
-2.700000e-01 -1.220147e-01 2.734792e+00
-2.550000e-01 -1.220147e-01 2.940528e+00
-2.400000e-01 -1.220147e-01 3.210050e+00
-2.250000e-01 -1.220147e-01 3.570315e+00
-2.100000e-01 -1.220147e-01 4.063684e+00
-1.950000e-01 -1.220147e-01 4.757981e+00
-1.800000e-01 -1.220147e-01 5.761718e+00
-1.650000e-01 -1.220147e-01 7.237842e+00
-1.500000e-01 -1.220147e-01 9.364595e+00
-1.350000e-01 -1.220147e-01 1.203019e+01
-1.200000e-01 -1.220147e-01 1.398939e+01
-1.050000e-01 -1.220147e-01 1.316199e+01
-9.000000e-02 -1.220147e-01 1.008949e+01
-7.500000e-02 -1.220147e-01 7.141989e+00
-6.000000e-02 -1.220147e-01 5.169320e+00
-4.500000e-02 -1.220147e-01 4.000016e+00
-3.000000e-02 -1.220147e-01 3.374999e+00
-1.500000e-02 -1.220147e-01 3.095127e+00
5.551115e-17 -1.220147e-01 3.018394e+00
1.500000e-02 -1.220147e-01 3.095127e+00
3.000000e-02 -1.220147e-01 3.374999e+00
4.500000e-02 -1.220147e-01 4.000016e+00
6.000000e-02 -1.220147e-01 5.169320e+00
7.500000e-02 -1.220147e-01 7.141989e+00
9.000000e-02 -1.220147e-01 1.008949e+01
1.050000e-01 -1.220147e-01 1.316199e+01
1.200000e-01 -1.220147e-01 1.398939e+01
1.350000e-01 -1.220147e-01 1.203019e+01
1.500000e-01 -1.220147e-01 9.364595e+00
1.650000e-01 -1.220147e-01 7.237842e+00
1.800000e-01 -1.220147e-01 5.761718e+00
1.950000e-01 -1.220147e-01 4.757981e+00
2.100000e-01 -1.220147e-01 4.063684e+00
2.250000e-01 -1.220147e-01 3.570315e+00
2.400000e-01 -1.220147e-01 3.210050e+00
2.550000e-01 -1.220147e-01 2.940528e+00
2.700000e-01 -1.220147e-01 2.734792e+00
2.850000e-01 -1.220147e-01 2.575247e+00
3.000000e-01 -1.220147e-01 2.450063e+00
-3.000000e-01 -1.083504e-01 2.123645e+00
-2.850000e-01 -1.083504e-01 2.225885e+00
-2.700000e-01 -1.083504e-01 2.355745e+00
-2.550000e-01 -1.083504e-01 2.522535e+00
-2.400000e-01 -1.083504e-01 2.740047e+00
-2.250000e-01 -1.083504e-01 3.029332e+00
-2.100000e-01 -1.083504e-01 3.423468e+00
-1.950000e-01 -1.083504e-01 3.975786e+00
-1.800000e-01 -1.083504e-01 4.773803e+00
-1.650000e-01 -1.083504e-01 5.959406e+00
-1.500000e-01 -1.083504e-01 7.737445e+00
-1.350000e-01 -1.083504e-01 1.025816e+01
-1.200000e-01 -1.083504e-01 1.300374e+01
-1.050000e-01 -1.083504e-01 1.392947e+01
-9.000000e-02 -1.083504e-01 1.177141e+01
-7.500000e-02 -1.083504e-01 8.634563e+00
-6.000000e-02 -1.083504e-01 6.281026e+00
-4.500000e-02 -1.083504e-01 4.858352e+00
-3.000000e-02 -1.083504e-01 4.099638e+00
-1.500000e-02 -1.083504e-01 3.755000e+00
5.551115e-17 -1.083504e-01 3.657581e+00
1.500000e-02 -1.083504e-01 3.755000e+00
3.000000e-02 -1.083504e-01 4.099638e+00
4.500000e-02 -1.083504e-01 4.858352e+00
6.000000e-02 -1.083504e-01 6.281026e+00
7.500000e-02 -1.083504e-01 8.634563e+00
9.000000e-02 -1.083504e-01 1.177141e+01
1.050000e-01 -1.083504e-01 1.392947e+01
1.200000e-01 -1.083504e-01 1.300374e+01
1.350000e-01 -1.083504e-01 1.025816e+01
1.500000e-01 -1.083504e-01 7.737445e+00
1.650000e-01 -1.083504e-01 5.959406e+00
1.800000e-01 -1.083504e-01 4.773803e+00
1.950000e-01 -1.083504e-01 3.975786e+00
2.100000e-01 -1.083504e-01 3.423468e+00
2.250000e-01 -1.083504e-01 3.029332e+00
2.400000e-01 -1.083504e-01 2.740047e+00
2.550000e-01 -1.083504e-01 2.522535e+00
2.700000e-01 -1.083504e-01 2.355745e+00
2.850000e-01 -1.083504e-01 2.225885e+00
3.000000e-01 -1.083504e-01 2.123645e+00
-3.000000e-01 -9.468610e-02 1.855428e+00
-2.850000e-01 -9.468610e-02 1.939706e+00
-2.700000e-01 -9.468610e-02 2.046390e+00
-2.550000e-01 -9.468610e-02 2.182864e+00
-2.400000e-01 -9.468610e-02 2.359999e+00
-2.250000e-01 -9.468610e-02 2.594298e+00
-2.100000e-01 -9.468610e-02 2.911562e+00
-1.950000e-01 -9.468610e-02 3.353332e+00
-1.800000e-01 -9.468610e-02 3.988273e+00
-1.650000e-01 -9.468610e-02 4.931296e+00
-1.500000e-01 -9.468610e-02 6.367370e+00
-1.350000e-01 -9.468610e-02 8.531739e+00
-1.200000e-01 -9.468610e-02 1.140063e+01
-1.050000e-01 -9.468610e-02 1.368733e+01
-9.000000e-02 -9.468610e-02 1.309177e+01
-7.500000e-02 -9.468610e-02 1.025349e+01
-6.000000e-02 -9.468610e-02 7.596941e+00
-4.500000e-02 -9.468610e-02 5.889501e+00
-3.000000e-02 -9.468610e-02 4.955092e+00
-1.500000e-02 -9.468610e-02 4.508727e+00
5.551115e-17 -9.468610e-02 4.374732e+00
1.500000e-02 -9.468610e-02 4.508727e+00
3.000000e-02 -9.468610e-02 4.955092e+00
4.500000e-02 -9.468610e-02 5.889501e+00
6.000000e-02 -9.468610e-02 7.596941e+00
7.500000e-02 -9.468610e-02 1.025349e+01
9.000000e-02 -9.468610e-02 1.309177e+01
1.050000e-01 -9.468610e-02 1.368733e+01
1.200000e-01 -9.468610e-02 1.140063e+01
1.350000e-01 -9.468610e-02 8.531739e+00
1.500000e-01 -9.468610e-02 6.367370e+00
1.650000e-01 -9.468610e-02 4.931296e+00
1.800000e-01 -9.468610e-02 3.988273e+00
1.950000e-01 -9.468610e-02 3.353332e+00
2.100000e-01 -9.468610e-02 2.911562e+00
2.250000e-01 -9.468610e-02 2.594298e+00
2.400000e-01 -9.468610e-02 2.359999e+00
2.550000e-01 -9.468610e-02 2.182864e+00
2.700000e-01 -9.468610e-02 2.046390e+00
2.850000e-01 -9.468610e-02 1.939706e+00
3.000000e-01 -9.468610e-02 1.855428e+00
-3.000000e-01 -8.102182e-02 1.633012e+00
-2.850000e-01 -8.102182e-02 1.703114e+00
-2.700000e-01 -8.102182e-02 1.791562e+00
-2.550000e-01 -8.102182e-02 1.904266e+00
-2.400000e-01 -8.102182e-02 2.049866e+00
-2.250000e-01 -8.102182e-02 2.241387e+00
-2.100000e-01 -8.102182e-02 2.499048e+00
-1.950000e-01 -8.102182e-02 2.855202e+00
-1.800000e-01 -8.102182e-02 3.363214e+00
-1.650000e-01 -8.102182e-02 4.113260e+00
-1.500000e-01 -8.102182e-02 5.257281e+00
-1.350000e-01 -8.102182e-02 7.027303e+00
-1.200000e-01 -8.102182e-02 9.622506e+00
-1.050000e-01 -8.102182e-02 1.253348e+01
-9.000000e-02 -8.102182e-02 1.362210e+01
-7.500000e-02 -8.102182e-02 1.174256e+01
-6.000000e-02 -8.102182e-02 9.031874e+00
-4.500000e-02 -8.102182e-02 7.047449e+00
-3.000000e-02 -8.102182e-02 5.883033e+00
-1.500000e-02 -8.102182e-02 5.275455e+00
5.551115e-17 -8.102182e-02 5.079377e+00
1.500000e-02 -8.102182e-02 5.275455e+00
3.000000e-02 -8.102182e-02 5.883033e+00
4.500000e-02 -8.102182e-02 7.047449e+00
6.000000e-02 -8.102182e-02 9.031874e+00
7.500000e-02 -8.102182e-02 1.174256e+01
9.000000e-02 -8.102182e-02 1.362210e+01
1.050000e-01 -8.102182e-02 1.253348e+01
1.200000e-01 -8.102182e-02 9.622506e+00
1.350000e-01 -8.102182e-02 7.027303e+00
1.500000e-01 -8.102182e-02 5.257281e+00
1.650000e-01 -8.102182e-02 4.113260e+00
1.800000e-01 -8.102182e-02 3.363214e+00
1.950000e-01 -8.102182e-02 2.855202e+00
2.100000e-01 -8.102182e-02 2.499048e+00
2.250000e-01 -8.102182e-02 2.241387e+00
2.400000e-01 -8.102182e-02 2.049866e+00
2.550000e-01 -8.102182e-02 1.904266e+00
2.700000e-01 -8.102182e-02 1.791562e+00
2.850000e-01 -8.102182e-02 1.703114e+00
3.000000e-01 -8.102182e-02 1.633012e+00
-3.000000e-01 -6.735754e-02 1.446955e+00
-2.850000e-01 -6.735754e-02 1.505768e+00
-2.700000e-01 -6.735754e-02 1.579743e+00
-2.550000e-01 -6.735754e-02 1.673653e+00
-2.400000e-01 -6.735754e-02 1.794428e+00
-2.250000e-01 -6.735754e-02 1.952436e+00
-2.100000e-01 -6.735754e-02 2.163640e+00
-1.950000e-01 -6.735754e-02 2.453363e+00
-1.800000e-01 -6.735754e-02 2.863071e+00
-1.650000e-01 -6.735754e-02 3.462712e+00
-1.500000e-01 -6.735754e-02 4.372033e+00
-1.350000e-01 -6.735754e-02 5.788330e+00
-1.200000e-01 -6.735754e-02 7.966433e+00
-1.050000e-01 -6.735754e-02 1.087331e+01
-9.000000e-02 -6.735754e-02 1.315265e+01
-7.500000e-02 -6.735754e-02 1.270456e+01
-6.000000e-02 -6.735754e-02 1.036556e+01
-4.500000e-02 -6.735754e-02 8.187129e+00
-3.000000e-02 -6.735754e-02 6.736683e+00
-1.500000e-02 -6.735754e-02 5.895310e+00
5.551115e-17 -6.735754e-02 5.608718e+00
1.500000e-02 -6.735754e-02 5.895310e+00
3.000000e-02 -6.735754e-02 6.736683e+00
4.500000e-02 -6.735754e-02 8.187129e+00
6.000000e-02 -6.735754e-02 1.036556e+01
7.500000e-02 -6.735754e-02 1.270456e+01
9.000000e-02 -6.735754e-02 1.315265e+01
1.050000e-01 -6.735754e-02 1.087331e+01
1.200000e-01 -6.735754e-02 7.966433e+00
1.350000e-01 -6.735754e-02 5.788330e+00
1.500000e-01 -6.735754e-02 4.372033e+00
1.650000e-01 -6.735754e-02 3.462712e+00
1.800000e-01 -6.735754e-02 2.863071e+00
1.950000e-01 -6.735754e-02 2.453363e+00
2.100000e-01 -6.735754e-02 2.163640e+00
2.250000e-01 -6.735754e-02 1.952436e+00
2.400000e-01 -6.735754e-02 1.794428e+00
2.550000e-01 -6.735754e-02 1.673653e+00
2.700000e-01 -6.735754e-02 1.579743e+00
2.850000e-01 -6.735754e-02 1.505768e+00
3.000000e-01 -6.735754e-02 1.446955e+00
-3.000000e-01 -5.369326e-02 1.290018e+00
-2.850000e-01 -5.369326e-02 1.339762e+00
-2.700000e-01 -5.369326e-02 1.402147e+00
-2.550000e-01 -5.369326e-02 1.481066e+00
-2.400000e-01 -5.369326e-02 1.582128e+00
-2.250000e-01 -5.369326e-02 1.713663e+00
-2.100000e-01 -5.369326e-02 1.888385e+00
-1.950000e-01 -5.369326e-02 2.126264e+00
-1.800000e-01 -5.369326e-02 2.459679e+00
-1.650000e-01 -5.369326e-02 2.942813e+00
-1.500000e-01 -5.369326e-02 3.668471e+00
-1.350000e-01 -5.369326e-02 4.794159e+00
-1.200000e-01 -5.369326e-02 6.556292e+00
-1.050000e-01 -5.369326e-02 9.123582e+00
-9.000000e-02 -5.369326e-02 1.187022e+01
-7.500000e-02 -5.369326e-02 1.279051e+01
-6.000000e-02 -5.369326e-02 1.124903e+01
-4.500000e-02 -5.369326e-02 9.046384e+00
-3.000000e-02 -5.369326e-02 7.288416e+00
-1.500000e-02 -5.369326e-02 6.172383e+00
5.551115e-17 -5.369326e-02 5.785166e+00
1.500000e-02 -5.369326e-02 6.172383e+00
3.000000e-02 -5.369326e-02 7.288416e+00
4.500000e-02 -5.369326e-02 9.046384e+00
6.000000e-02 -5.369326e-02 1.124903e+01
7.500000e-02 -5.369326e-02 1.279051e+01
9.000000e-02 -5.369326e-02 1.187022e+01
1.050000e-01 -5.369326e-02 9.123582e+00
1.200000e-01 -5.369326e-02 6.556292e+00
1.350000e-01 -5.369326e-02 4.794159e+00
1.500000e-01 -5.369326e-02 3.668471e+00
1.650000e-01 -5.369326e-02 2.942813e+00
1.800000e-01 -5.369326e-02 2.459679e+00
1.950000e-01 -5.369326e-02 2.126264e+00
2.100000e-01 -5.369326e-02 1.888385e+00
2.250000e-01 -5.369326e-02 1.713663e+00
2.400000e-01 -5.369326e-02 1.582128e+00
2.550000e-01 -5.369326e-02 1.481066e+00
2.700000e-01 -5.369326e-02 1.402147e+00
2.850000e-01 -5.369326e-02 1.339762e+00
3.000000e-01 -5.369326e-02 1.290018e+00
-3.000000e-01 -4.002898e-02 1.156612e+00
-2.850000e-01 -4.002898e-02 1.199005e+00
-2.700000e-01 -4.002898e-02 1.252027e+00
-2.550000e-01 -4.002898e-02 1.318879e+00
-2.400000e-01 -4.002898e-02 1.404147e+00
-2.250000e-01 -4.002898e-02 1.514586e+00
-2.100000e-01 -4.002898e-02 1.660414e+00
-1.950000e-01 -4.002898e-02 1.857522e+00
-1.800000e-01 -4.002898e-02 2.131379e+00
-1.650000e-01 -4.002898e-02 2.524132e+00
-1.500000e-01 -4.002898e-02 3.107404e+00
-1.350000e-01 -4.002898e-02 4.003535e+00
-1.200000e-01 -4.002898e-02 5.407789e+00
-1.050000e-01 -4.002898e-02 7.535832e+00
-9.000000e-02 -4.002898e-02 1.019866e+01
-7.500000e-02 -4.002898e-02 1.196554e+01
-6.000000e-02 -4.002898e-02 1.136498e+01
-4.500000e-02 -4.002898e-02 9.337632e+00
-3.000000e-02 -4.002898e-02 7.338157e+00
-1.500000e-02 -4.002898e-02 5.998164e+00
5.551115e-17 -4.002898e-02 5.538236e+00
1.500000e-02 -4.002898e-02 5.998164e+00
3.000000e-02 -4.002898e-02 7.338157e+00
4.500000e-02 -4.002898e-02 9.337632e+00
6.000000e-02 -4.002898e-02 1.136498e+01
7.500000e-02 -4.002898e-02 1.196554e+01
9.000000e-02 -4.002898e-02 1.019866e+01
1.050000e-01 -4.002898e-02 7.535832e+00
1.200000e-01 -4.002898e-02 5.407789e+00
1.350000e-01 -4.002898e-02 4.003535e+00
1.500000e-01 -4.002898e-02 3.107404e+00
1.650000e-01 -4.002898e-02 2.524132e+00
1.800000e-01 -4.002898e-02 2.131379e+00
1.950000e-01 -4.002898e-02 1.857522e+00
2.100000e-01 -4.002898e-02 1.660414e+00
2.250000e-01 -4.002898e-02 1.514586e+00
2.400000e-01 -4.002898e-02 1.404147e+00
2.550000e-01 -4.002898e-02 1.318879e+00
2.700000e-01 -4.002898e-02 1.252027e+00
2.850000e-01 -4.002898e-02 1.199005e+00
3.000000e-01 -4.002898e-02 1.156612e+00
-3.000000e-01 -2.636470e-02 1.042382e+00
-2.850000e-01 -2.636470e-02 1.078767e+00
-2.700000e-01 -2.636470e-02 1.124160e+00
-2.550000e-01 -2.636470e-02 1.181216e+00
-2.400000e-01 -2.636470e-02 1.253718e+00
-2.250000e-01 -2.636470e-02 1.347193e+00
-2.100000e-01 -2.636470e-02 1.469933e+00
-1.950000e-01 -2.636470e-02 1.634698e+00
-1.800000e-01 -2.636470e-02 1.861700e+00
-1.650000e-01 -2.636470e-02 2.183951e+00
-1.500000e-01 -2.636470e-02 2.656867e+00
-1.350000e-01 -2.636470e-02 3.374531e+00
-1.200000e-01 -2.636470e-02 4.490223e+00
-1.050000e-01 -2.636470e-02 6.201636e+00
-9.000000e-02 -2.636470e-02 8.514044e+00
-7.500000e-02 -2.636470e-02 1.053933e+01
-6.000000e-02 -2.636470e-02 1.066640e+01
-4.500000e-02 -2.636470e-02 8.944554e+00
-3.000000e-02 -2.636470e-02 6.865754e+00
-1.500000e-02 -2.636470e-02 5.442522e+00
5.551115e-17 -2.636470e-02 4.965080e+00
1.500000e-02 -2.636470e-02 5.442522e+00
3.000000e-02 -2.636470e-02 6.865754e+00
4.500000e-02 -2.636470e-02 8.944554e+00
6.000000e-02 -2.636470e-02 1.066640e+01
7.500000e-02 -2.636470e-02 1.053933e+01
9.000000e-02 -2.636470e-02 8.514044e+00
1.050000e-01 -2.636470e-02 6.201636e+00
1.200000e-01 -2.636470e-02 4.490223e+00
1.350000e-01 -2.636470e-02 3.374531e+00
1.500000e-01 -2.636470e-02 2.656867e+00
1.650000e-01 -2.636470e-02 2.183951e+00
1.800000e-01 -2.636470e-02 1.861700e+00
1.950000e-01 -2.636470e-02 1.634698e+00
2.100000e-01 -2.636470e-02 1.469933e+00
2.250000e-01 -2.636470e-02 1.347193e+00
2.400000e-01 -2.636470e-02 1.253718e+00
2.550000e-01 -2.636470e-02 1.181216e+00
2.700000e-01 -2.636470e-02 1.124160e+00
2.850000e-01 -2.636470e-02 1.078767e+00
3.000000e-01 -2.636470e-02 1.042382e+00
-3.000000e-01 -1.270041e-02 9.439098e-01
-2.850000e-01 -1.270041e-02 9.753451e-01
-2.700000e-01 -1.270041e-02 1.014470e+00
-2.550000e-01 -1.270041e-02 1.063506e+00
-2.400000e-01 -1.270041e-02 1.125599e+00
-2.250000e-01 -1.270041e-02 1.205315e+00
-2.100000e-01 -1.270041e-02 1.309442e+00
-1.950000e-01 -1.270041e-02 1.448322e+00
-1.800000e-01 -1.270041e-02 1.638141e+00
-1.650000e-01 -1.270041e-02 1.904979e+00
-1.500000e-01 -1.270041e-02 2.291968e+00
-1.350000e-01 -1.270041e-02 2.871405e+00
-1.200000e-01 -1.270041e-02 3.760984e+00
-1.050000e-01 -1.270041e-02 5.121615e+00
-9.000000e-02 -1.270041e-02 7.020182e+00
-7.500000e-02 -1.270041e-02 8.919801e+00
-6.000000e-02 -1.270041e-02 9.417636e+00
-4.500000e-02 -1.270041e-02 8.021912e+00
-3.000000e-02 -1.270041e-02 6.048607e+00
-1.500000e-02 -1.270041e-02 4.693528e+00
5.551115e-17 -1.270041e-02 4.248681e+00
1.500000e-02 -1.270041e-02 4.693528e+00
3.000000e-02 -1.270041e-02 6.048607e+00
4.500000e-02 -1.270041e-02 8.021912e+00
6.000000e-02 -1.270041e-02 9.417636e+00
7.500000e-02 -1.270041e-02 8.919801e+00
9.000000e-02 -1.270041e-02 7.020182e+00
1.050000e-01 -1.270041e-02 5.121615e+00
1.200000e-01 -1.270041e-02 3.760984e+00
1.350000e-01 -1.270041e-02 2.871405e+00
1.500000e-01 -1.270041e-02 2.291968e+00
1.650000e-01 -1.270041e-02 1.904979e+00
1.800000e-01 -1.270041e-02 1.638141e+00
1.950000e-01 -1.270041e-02 1.448322e+00
2.100000e-01 -1.270041e-02 1.309442e+00
2.250000e-01 -1.270041e-02 1.205315e+00
2.400000e-01 -1.270041e-02 1.125599e+00
2.550000e-01 -1.270041e-02 1.063506e+00
2.700000e-01 -1.270041e-02 1.014470e+00
2.850000e-01 -1.270041e-02 9.753451e-01
3.000000e-01 -1.270041e-02 9.439098e-01
-3.000000e-01 9.638653e-04 8.584868e-01
-2.850000e-01 9.638653e-04 8.858121e-01
-2.700000e-01 9.638653e-04 9.197466e-01
-2.550000e-01 9.638653e-04 9.621650e-01
-2.400000e-01 9.638653e-04 1.015704e+00
-2.250000e-01 9.638653e-04 1.084165e+00
-2.100000e-01 9.638653e-04 1.173155e+00
-1.950000e-01 9.638653e-04 1.291133e+00
-1.800000e-01 9.638653e-04 1.451182e+00
-1.650000e-01 9.638653e-04 1.674090e+00
-1.500000e-01 9.638653e-04 1.993695e+00
-1.350000e-01 9.638653e-04 2.465779e+00
-1.200000e-01 9.638653e-04 3.180021e+00
-1.050000e-01 9.638653e-04 4.260609e+00
-9.000000e-02 9.638653e-04 5.779290e+00
-7.500000e-02 9.638653e-04 7.393468e+00
-6.000000e-02 9.638653e-04 7.981997e+00
-4.500000e-02 9.638653e-04 6.865057e+00
-3.000000e-02 9.638653e-04 5.120516e+00
-1.500000e-02 9.638653e-04 3.926866e+00
5.551115e-17 9.638653e-04 3.540920e+00
1.500000e-02 9.638653e-04 3.926866e+00
3.000000e-02 9.638653e-04 5.120516e+00
4.500000e-02 9.638653e-04 6.865057e+00
6.000000e-02 9.638653e-04 7.981997e+00
7.500000e-02 9.638653e-04 7.393468e+00
9.000000e-02 9.638653e-04 5.779290e+00
1.050000e-01 9.638653e-04 4.260609e+00
1.200000e-01 9.638653e-04 3.180021e+00
1.350000e-01 9.638653e-04 2.465779e+00
1.500000e-01 9.638653e-04 1.993695e+00
1.650000e-01 9.638653e-04 1.674090e+00
1.800000e-01 9.638653e-04 1.451182e+00
1.950000e-01 9.638653e-04 1.291133e+00
2.100000e-01 9.638653e-04 1.173155e+00
2.250000e-01 9.638653e-04 1.084165e+00
2.400000e-01 9.638653e-04 1.015704e+00
2.550000e-01 9.638653e-04 9.621650e-01
2.700000e-01 9.638653e-04 9.197466e-01
2.850000e-01 9.638653e-04 8.858121e-01
3.000000e-01 9.638653e-04 8.584868e-01
-3.000000e-01 1.462815e-02 7.839494e-01
-2.850000e-01 1.462815e-02 8.078378e-01
-2.700000e-01 1.462815e-02 8.374434e-01
-2.550000e-01 1.462815e-02 8.743589e-01
-2.400000e-01 1.462815e-02 9.208116e-01
-2.250000e-01 1.462815e-02 9.799925e-01
-2.100000e-01 1.462815e-02 1.056572e+00
-1.950000e-01 1.462815e-02 1.157527e+00
-1.800000e-01 1.462815e-02 1.293528e+00
-1.650000e-01 1.462815e-02 1.481298e+00
-1.500000e-01 1.462815e-02 1.747617e+00
-1.350000e-01 1.462815e-02 2.135809e+00
-1.200000e-01 1.462815e-02 2.714204e+00
-1.050000e-01 1.462815e-02 3.576294e+00
-9.000000e-02 1.462815e-02 4.779942e+00
-7.500000e-02 1.462815e-02 6.085902e+00
-6.000000e-02 1.462815e-02 6.620599e+00
-4.500000e-02 1.462815e-02 5.720411e+00
-3.000000e-02 1.462815e-02 4.245764e+00
-1.500000e-02 1.462815e-02 3.241567e+00
5.551115e-17 1.462815e-02 2.919730e+00
1.500000e-02 1.462815e-02 3.241567e+00
3.000000e-02 1.462815e-02 4.245764e+00
4.500000e-02 1.462815e-02 5.720411e+00
6.000000e-02 1.462815e-02 6.620599e+00
7.500000e-02 1.462815e-02 6.085902e+00
9.000000e-02 1.462815e-02 4.779942e+00
1.050000e-01 1.462815e-02 3.576294e+00
1.200000e-01 1.462815e-02 2.714204e+00
1.350000e-01 1.462815e-02 2.135809e+00
1.500000e-01 1.462815e-02 1.747617e+00
1.650000e-01 1.462815e-02 1.481298e+00
1.800000e-01 1.462815e-02 1.293528e+00
1.950000e-01 1.462815e-02 1.157527e+00
2.100000e-01 1.462815e-02 1.056572e+00
2.250000e-01 1.462815e-02 9.799925e-01
2.400000e-01 1.462815e-02 9.208116e-01
2.550000e-01 1.462815e-02 8.743589e-01
2.700000e-01 1.462815e-02 8.374434e-01
2.850000e-01 1.462815e-02 8.078378e-01
3.000000e-01 1.462815e-02 7.839494e-01
-3.000000e-01 2.829243e-02 7.185561e-01
-2.850000e-01 2.829243e-02 7.395508e-01
-2.700000e-01 2.829243e-02 7.655207e-01
-2.550000e-01 2.829243e-02 7.978280e-01
-2.400000e-01 2.829243e-02 8.383678e-01
-2.250000e-01 2.829243e-02 8.898387e-01
-2.100000e-01 2.829243e-02 9.561603e-01
-1.950000e-01 2.829243e-02 1.043137e+00
-1.800000e-01 2.829243e-02 1.159547e+00
-1.650000e-01 2.829243e-02 1.318963e+00
-1.500000e-01 2.829243e-02 1.542767e+00
-1.350000e-01 2.829243e-02 1.864883e+00
-1.200000e-01 2.829243e-02 2.337575e+00
-1.050000e-01 2.829243e-02 3.030462e+00
-9.000000e-02 2.829243e-02 3.984493e+00
-7.500000e-02 2.829243e-02 5.017890e+00
-6.000000e-02 2.829243e-02 5.450634e+00
-4.500000e-02 2.829243e-02 4.714963e+00
-3.000000e-02 2.829243e-02 3.496372e+00
-1.500000e-02 2.829243e-02 2.670066e+00
5.551115e-17 2.829243e-02 2.406373e+00
1.500000e-02 2.829243e-02 2.670066e+00
3.000000e-02 2.829243e-02 3.496372e+00
4.500000e-02 2.829243e-02 4.714963e+00
6.000000e-02 2.829243e-02 5.450634e+00
7.500000e-02 2.829243e-02 5.017890e+00
9.000000e-02 2.829243e-02 3.984493e+00
1.050000e-01 2.829243e-02 3.030462e+00
1.200000e-01 2.829243e-02 2.337575e+00
1.350000e-01 2.829243e-02 1.864883e+00
1.500000e-01 2.829243e-02 1.542767e+00
1.650000e-01 2.829243e-02 1.318963e+00
1.800000e-01 2.829243e-02 1.159547e+00
1.950000e-01 2.829243e-02 1.043137e+00
2.100000e-01 2.829243e-02 9.561603e-01
2.250000e-01 2.829243e-02 8.898387e-01
2.400000e-01 2.829243e-02 8.383678e-01
2.550000e-01 2.829243e-02 7.978280e-01
2.700000e-01 2.829243e-02 7.655207e-01
2.850000e-01 2.829243e-02 7.395508e-01
3.000000e-01 2.829243e-02 7.185561e-01
-3.000000e-01 4.195671e-02 6.608938e-01
-2.850000e-01 4.195671e-02 6.794368e-01
-2.700000e-01 4.195671e-02 7.023333e-01
-2.550000e-01 4.195671e-02 7.307558e-01
-2.400000e-01 4.195671e-02 7.663276e-01
-2.250000e-01 4.195671e-02 8.113466e-01
-2.100000e-01 4.195671e-02 8.691274e-01
-1.950000e-01 4.195671e-02 9.445356e-01
-1.800000e-01 4.195671e-02 1.044853e+00
-1.650000e-01 4.195671e-02 1.181190e+00
-1.500000e-01 4.195671e-02 1.370773e+00
-1.350000e-01 4.195671e-02 1.640388e+00
-1.200000e-01 4.195671e-02 2.030260e+00
-1.050000e-01 4.195671e-02 2.592030e+00
-9.000000e-02 4.195671e-02 3.352033e+00
-7.500000e-02 4.195671e-02 4.163715e+00
-6.000000e-02 4.195671e-02 4.493575e+00
-4.500000e-02 4.195671e-02 3.883701e+00
-3.000000e-02 4.195671e-02 2.884283e+00
-1.500000e-02 4.195671e-02 2.209034e+00
5.551115e-17 4.195671e-02 1.993874e+00
1.500000e-02 4.195671e-02 2.209034e+00
3.000000e-02 4.195671e-02 2.884283e+00
4.500000e-02 4.195671e-02 3.883701e+00
6.000000e-02 4.195671e-02 4.493575e+00
7.500000e-02 4.195671e-02 4.163715e+00
9.000000e-02 4.195671e-02 3.352033e+00
1.050000e-01 4.195671e-02 2.592030e+00
1.200000e-01 4.195671e-02 2.030260e+00
1.350000e-01 4.195671e-02 1.640388e+00
1.500000e-01 4.195671e-02 1.370773e+00
1.650000e-01 4.195671e-02 1.181190e+00
1.800000e-01 4.195671e-02 1.044853e+00
1.950000e-01 4.195671e-02 9.445356e-01
2.100000e-01 4.195671e-02 8.691274e-01
2.250000e-01 4.195671e-02 8.113466e-01
2.400000e-01 4.195671e-02 7.663276e-01
2.550000e-01 4.195671e-02 7.307558e-01
2.700000e-01 4.195671e-02 7.023333e-01
2.850000e-01 4.195671e-02 6.794368e-01
3.000000e-01 4.195671e-02 6.608938e-01
-3.000000e-01 5.562099e-02 6.098082e-01
-2.850000e-01 5.562099e-02 6.262614e-01
-2.700000e-01 5.562099e-02 6.465437e-01
-2.550000e-01 5.562099e-02 6.716706e-01
-2.400000e-01 5.562099e-02 7.030411e-01
-2.250000e-01 5.562099e-02 7.426250e-01
-2.100000e-01 5.562099e-02 7.932442e-01
-1.950000e-01 5.562099e-02 8.590077e-01
-1.800000e-01 5.562099e-02 9.460020e-01
-1.650000e-01 5.562099e-02 1.063399e+00
-1.500000e-01 5.562099e-02 1.225197e+00
-1.350000e-01 5.562099e-02 1.452726e+00
-1.200000e-01 5.562099e-02 1.777167e+00
-1.050000e-01 5.562099e-02 2.236814e+00
-9.000000e-02 5.562099e-02 2.846845e+00
-7.500000e-02 5.562099e-02 3.484800e+00
-6.000000e-02 5.562099e-02 3.727698e+00
-4.500000e-02 5.562099e-02 3.215611e+00
-3.000000e-02 5.562099e-02 2.394766e+00
-1.500000e-02 5.562099e-02 1.841917e+00
5.551115e-17 5.562099e-02 1.665757e+00
1.500000e-02 5.562099e-02 1.841917e+00
3.000000e-02 5.562099e-02 2.394766e+00
4.500000e-02 5.562099e-02 3.215611e+00
6.000000e-02 5.562099e-02 3.727698e+00
7.500000e-02 5.562099e-02 3.484800e+00
9.000000e-02 5.562099e-02 2.846845e+00
1.050000e-01 5.562099e-02 2.236814e+00
1.200000e-01 5.562099e-02 1.777167e+00
1.350000e-01 5.562099e-02 1.452726e+00
1.500000e-01 5.562099e-02 1.225197e+00
1.650000e-01 5.562099e-02 1.063399e+00
1.800000e-01 5.562099e-02 9.460020e-01
1.950000e-01 5.562099e-02 8.590077e-01
2.100000e-01 5.562099e-02 7.932442e-01
2.250000e-01 5.562099e-02 7.426250e-01
2.400000e-01 5.562099e-02 7.030411e-01
2.550000e-01 5.562099e-02 6.716706e-01
2.700000e-01 5.562099e-02 6.465437e-01
2.850000e-01 5.562099e-02 6.262614e-01
3.000000e-01 5.562099e-02 6.098082e-01
-3.000000e-01 6.928527e-02 5.643492e-01
-2.850000e-01 6.928527e-02 5.790110e-01
-2.700000e-01 6.928527e-02 5.970571e-01
-2.550000e-01 6.928527e-02 6.193717e-01
-2.400000e-01 6.928527e-02 6.471677e-01
-2.250000e-01 6.928527e-02 6.821437e-01
-2.100000e-01 6.928527e-02 7.267182e-01
-1.950000e-01 6.928527e-02 7.843847e-01
-1.800000e-01 6.928527e-02 8.602685e-01
-1.650000e-01 6.928527e-02 9.620000e-01
-1.500000e-01 6.928527e-02 1.101047e+00
-1.350000e-01 6.928527e-02 1.294542e+00
-1.200000e-01 6.928527e-02 1.566834e+00
-1.050000e-01 6.928527e-02 1.946357e+00
-9.000000e-02 6.928527e-02 2.440275e+00
-7.500000e-02 6.928527e-02 2.944170e+00
-6.000000e-02 6.928527e-02 3.118926e+00
-4.500000e-02 6.928527e-02 2.684129e+00
-3.000000e-02 6.928527e-02 2.005714e+00
-1.500000e-02 6.928527e-02 1.550110e+00
5.551115e-17 6.928527e-02 1.404824e+00
1.500000e-02 6.928527e-02 1.550110e+00
3.000000e-02 6.928527e-02 2.005714e+00
4.500000e-02 6.928527e-02 2.684129e+00
6.000000e-02 6.928527e-02 3.118926e+00
7.500000e-02 6.928527e-02 2.944170e+00
9.000000e-02 6.928527e-02 2.440275e+00
1.050000e-01 6.928527e-02 1.946357e+00
1.200000e-01 6.928527e-02 1.566834e+00
1.350000e-01 6.928527e-02 1.294542e+00
1.500000e-01 6.928527e-02 1.101047e+00
1.650000e-01 6.928527e-02 9.620000e-01
1.800000e-01 6.928527e-02 8.602685e-01
1.950000e-01 6.928527e-02 7.843847e-01
2.100000e-01 6.928527e-02 7.267182e-01
2.250000e-01 6.928527e-02 6.821437e-01
2.400000e-01 6.928527e-02 6.471677e-01
2.550000e-01 6.928527e-02 6.193717e-01
2.700000e-01 6.928527e-02 5.970571e-01
2.850000e-01 6.928527e-02 5.790110e-01
3.000000e-01 6.928527e-02 5.643492e-01
-3.000000e-01 8.294955e-02 5.237302e-01
-2.850000e-01 8.294955e-02 5.368484e-01
-2.700000e-01 8.294955e-02 5.529711e-01
-2.550000e-01 8.294955e-02 5.728725e-01
-2.400000e-01 8.294955e-02 5.976097e-01
-2.250000e-01 8.294955e-02 6.286560e-01
-2.100000e-01 8.294955e-02 6.680966e-01
-1.950000e-01 8.294955e-02 7.189211e-01
-1.800000e-01 8.294955e-02 7.854748e-01
-1.650000e-01 8.294955e-02 8.741525e-01
-1.500000e-01 8.294955e-02 9.944238e-01
-1.350000e-01 8.294955e-02 1.160159e+00
-1.200000e-01 8.294955e-02 1.390518e+00
-1.050000e-01 8.294955e-02 1.706646e+00
-9.000000e-02 8.294955e-02 2.110168e+00
-7.500000e-02 8.294955e-02 2.511004e+00
-6.000000e-02 8.294955e-02 2.634259e+00
-4.500000e-02 8.294955e-02 2.261446e+00
-3.000000e-02 8.294955e-02 1.695934e+00
-1.500000e-02 8.294955e-02 1.317183e+00
5.551115e-17 8.294955e-02 1.196273e+00
1.500000e-02 8.294955e-02 1.317183e+00
3.000000e-02 8.294955e-02 1.695934e+00
4.500000e-02 8.294955e-02 2.261446e+00
6.000000e-02 8.294955e-02 2.634259e+00
7.500000e-02 8.294955e-02 2.511004e+00
9.000000e-02 8.294955e-02 2.110168e+00
1.050000e-01 8.294955e-02 1.706646e+00
1.200000e-01 8.294955e-02 1.390518e+00
1.350000e-01 8.294955e-02 1.160159e+00
1.500000e-01 8.294955e-02 9.944238e-01
1.650000e-01 8.294955e-02 8.741525e-01
1.800000e-01 8.294955e-02 7.854748e-01
1.950000e-01 8.294955e-02 7.189211e-01
2.100000e-01 8.294955e-02 6.680966e-01
2.250000e-01 8.294955e-02 6.286560e-01
2.400000e-01 8.294955e-02 5.976097e-01
2.550000e-01 8.294955e-02 5.728725e-01
2.700000e-01 8.294955e-02 5.529711e-01
2.850000e-01 8.294955e-02 5.368484e-01
3.000000e-01 8.294955e-02 5.237302e-01
-3.000000e-01 9.661383e-02 4.872955e-01
-2.850000e-01 9.661383e-02 4.990770e-01
-2.700000e-01 9.661383e-02 5.135371e-01
-2.550000e-01 9.661383e-02 5.313569e-01
-2.400000e-01 9.661383e-02 5.534625e-01
-2.250000e-01 9.661383e-02 5.811388e-01
-2.100000e-01 9.661383e-02 6.161936e-01
-1.950000e-01 9.661383e-02 6.612008e-01
-1.800000e-01 9.661383e-02 7.198684e-01
-1.650000e-01 9.661383e-02 7.975928e-01
-1.500000e-01 9.661383e-02 9.022513e-01
-1.350000e-01 9.661383e-02 1.045161e+00
-1.200000e-01 9.661383e-02 1.241508e+00
-1.050000e-01 9.661383e-02 1.507032e+00
-9.000000e-02 9.661383e-02 1.839652e+00
-7.500000e-02 9.661383e-02 2.161070e+00
-6.000000e-02 9.661383e-02 2.246073e+00
-4.500000e-02 9.661383e-02 1.923599e+00
-3.000000e-02 9.661383e-02 1.447758e+00
-1.500000e-02 9.661383e-02 1.129894e+00
5.551115e-17 9.661383e-02 1.028302e+00
1.500000e-02 9.661383e-02 1.129894e+00
3.000000e-02 9.661383e-02 1.447758e+00
4.500000e-02 9.661383e-02 1.923599e+00
6.000000e-02 9.661383e-02 2.246073e+00
7.500000e-02 9.661383e-02 2.161070e+00
9.000000e-02 9.661383e-02 1.839652e+00
1.050000e-01 9.661383e-02 1.507032e+00
1.200000e-01 9.661383e-02 1.241508e+00
1.350000e-01 9.661383e-02 1.045161e+00
1.500000e-01 9.661383e-02 9.022513e-01
1.650000e-01 9.661383e-02 7.975928e-01
1.800000e-01 9.661383e-02 7.198684e-01
1.950000e-01 9.661383e-02 6.612008e-01
2.100000e-01 9.661383e-02 6.161936e-01
2.250000e-01 9.661383e-02 5.811388e-01
2.400000e-01 9.661383e-02 5.534625e-01
2.550000e-01 9.661383e-02 5.313569e-01
2.700000e-01 9.661383e-02 5.135371e-01
2.850000e-01 9.661383e-02 4.990770e-01
3.000000e-01 9.661383e-02 4.872955e-01
-3.000000e-01 1.102781e-01 4.544958e-01
-2.850000e-01 1.102781e-01 4.651142e-01
-2.700000e-01 1.102781e-01 4.781303e-01
-2.550000e-01 1.102781e-01 4.941457e-01
-2.400000e-01 1.102781e-01 5.139759e-01
-2.250000e-01 1.102781e-01 5.387468e-01
-2.100000e-01 1.102781e-01 5.700343e-01
-1.950000e-01 1.102781e-01 6.100669e-01
-1.800000e-01 1.102781e-01 6.620281e-01
-1.650000e-01 1.102781e-01 7.305012e-01
-1.500000e-01 1.102781e-01 8.220849e-01
-1.350000e-01 1.102781e-01 9.460814e-01
-1.200000e-01 1.102781e-01 1.114608e+00
-1.050000e-01 1.102781e-01 1.339383e+00
-9.000000e-02 1.102781e-01 1.615920e+00
-7.500000e-02 1.102781e-01 1.875791e+00
-6.000000e-02 1.102781e-01 1.932611e+00
-4.500000e-02 1.102781e-01 1.651473e+00
-3.000000e-02 1.102781e-01 1.247295e+00
-1.500000e-02 1.102781e-01 9.779820e-01
5.551115e-17 1.102781e-01 8.918074e-01
1.500000e-02 1.102781e-01 9.779820e-01
3.000000e-02 1.102781e-01 1.247295e+00
4.500000e-02 1.102781e-01 1.651473e+00
6.000000e-02 1.102781e-01 1.932611e+00
7.500000e-02 1.102781e-01 1.875791e+00
9.000000e-02 1.102781e-01 1.615920e+00
1.050000e-01 1.102781e-01 1.339383e+00
1.200000e-01 1.102781e-01 1.114608e+00
1.350000e-01 1.102781e-01 9.460814e-01
1.500000e-01 1.102781e-01 8.220849e-01
1.650000e-01 1.102781e-01 7.305012e-01
1.800000e-01 1.102781e-01 6.620281e-01
1.950000e-01 1.102781e-01 6.100669e-01
2.100000e-01 1.102781e-01 5.700343e-01
2.250000e-01 1.102781e-01 5.387468e-01
2.400000e-01 1.102781e-01 5.139759e-01
2.550000e-01 1.102781e-01 4.941457e-01
2.700000e-01 1.102781e-01 4.781303e-01
2.850000e-01 1.102781e-01 4.651142e-01
3.000000e-01 1.102781e-01 4.544958e-01
-3.000000e-01 1.239424e-01 4.248679e-01
-2.850000e-01 1.239424e-01 4.344699e-01
-2.700000e-01 1.239424e-01 4.462260e-01
-2.550000e-01 1.239424e-01 4.606702e-01
-2.400000e-01 1.239424e-01 4.785234e-01
-2.250000e-01 1.239424e-01 5.007772e-01
-2.100000e-01 1.239424e-01 5.288122e-01
-1.950000e-01 1.239424e-01 5.645678e-01
-1.800000e-01 1.239424e-01 6.107927e-01
-1.650000e-01 1.239424e-01 6.714038e-01
-1.500000e-01 1.239424e-01 7.519649e-01
-1.350000e-01 1.239424e-01 8.601747e-01
-1.200000e-01 1.239424e-01 1.005765e+00
-1.050000e-01 1.239424e-01 1.197444e+00
-9.000000e-02 1.239424e-01 1.429230e+00
-7.500000e-02 1.239424e-01 1.641053e+00
-6.000000e-02 1.239424e-01 1.677183e+00
-4.500000e-02 1.239424e-01 1.430324e+00
-3.000000e-02 1.239424e-01 1.083898e+00
-1.500000e-02 1.239424e-01 8.536250e-01
5.551115e-17 1.239424e-01 7.798644e-01
1.500000e-02 1.239424e-01 8.536250e-01
3.000000e-02 1.239424e-01 1.083898e+00
4.500000e-02 1.239424e-01 1.430324e+00
6.000000e-02 1.239424e-01 1.677183e+00
7.500000e-02 1.239424e-01 1.641053e+00
9.000000e-02 1.239424e-01 1.429230e+00
1.050000e-01 1.239424e-01 1.197444e+00
1.200000e-01 1.239424e-01 1.005765e+00
1.350000e-01 1.239424e-01 8.601747e-01
1.500000e-01 1.239424e-01 7.519649e-01
1.650000e-01 1.239424e-01 6.714038e-01
1.800000e-01 1.239424e-01 6.107927e-01
1.950000e-01 1.239424e-01 5.645678e-01
2.100000e-01 1.239424e-01 5.288122e-01
2.250000e-01 1.239424e-01 5.007772e-01
2.400000e-01 1.239424e-01 4.785234e-01
2.550000e-01 1.239424e-01 4.606702e-01
2.700000e-01 1.239424e-01 4.462260e-01
2.850000e-01 1.239424e-01 4.344699e-01
3.000000e-01 1.239424e-01 4.248679e-01
-3.000000e-01 1.376067e-01 3.980194e-01
-2.850000e-01 1.376067e-01 4.067296e-01
-2.700000e-01 1.376067e-01 4.173817e-01
-2.550000e-01 1.376067e-01 4.304516e-01
-2.400000e-01 1.376067e-01 4.465796e-01
-2.250000e-01 1.376067e-01 4.666425e-01
-2.100000e-01 1.376067e-01 4.918555e-01
-1.950000e-01 1.376067e-01 5.239151e-01
-1.800000e-01 1.376067e-01 5.652072e-01
-1.650000e-01 1.376067e-01 6.190982e-01
-1.500000e-01 1.376067e-01 6.903084e-01
-1.350000e-01 1.376067e-01 7.852508e-01
-1.200000e-01 1.376067e-01 9.117886e-01
-1.050000e-01 1.376067e-01 1.076364e+00
-9.000000e-02 1.376067e-01 1.272133e+00
-7.500000e-02 1.376067e-01 1.446142e+00
-6.000000e-02 1.376067e-01 1.467105e+00
-4.500000e-02 1.376067e-01 1.248932e+00
-3.000000e-02 1.376067e-01 9.494751e-01
-1.500000e-02 1.376067e-01 7.508873e-01
5.551115e-17 1.376067e-01 6.872159e-01
1.500000e-02 1.376067e-01 7.508873e-01
3.000000e-02 1.376067e-01 9.494751e-01
4.500000e-02 1.376067e-01 1.248932e+00
6.000000e-02 1.376067e-01 1.467105e+00
7.500000e-02 1.376067e-01 1.446142e+00
9.000000e-02 1.376067e-01 1.272133e+00
1.050000e-01 1.376067e-01 1.076364e+00
1.200000e-01 1.376067e-01 9.117886e-01
1.350000e-01 1.376067e-01 7.852508e-01
1.500000e-01 1.376067e-01 6.903084e-01
1.650000e-01 1.376067e-01 6.190982e-01
1.800000e-01 1.376067e-01 5.652072e-01
1.950000e-01 1.376067e-01 5.239151e-01
2.100000e-01 1.376067e-01 4.918555e-01
2.250000e-01 1.376067e-01 4.666425e-01
2.400000e-01 1.376067e-01 4.465796e-01
2.550000e-01 1.376067e-01 4.304516e-01
2.700000e-01 1.376067e-01 4.173817e-01
2.850000e-01 1.376067e-01 4.067296e-01
3.000000e-01 1.376067e-01 3.980194e-01
-3.000000e-01 1.512709e-01 3.736163e-01
-2.850000e-01 1.512709e-01 3.815408e-01
-2.700000e-01 1.512709e-01 3.912218e-01
-2.550000e-01 1.512709e-01 4.030848e-01
-2.400000e-01 1.512709e-01 4.177007e-01
-2.250000e-01 1.512709e-01 4.358484e-01
-2.100000e-01 1.512709e-01 4.586019e-01
-1.950000e-01 1.512709e-01 4.874522e-01
-1.800000e-01 1.512709e-01 5.244807e-01
-1.650000e-01 1.512709e-01 5.725964e-01
-1.500000e-01 1.512709e-01 6.358271e-01
-1.350000e-01 1.512709e-01 7.195475e-01
-1.200000e-01 1.512709e-01 8.301458e-01
-1.050000e-01 1.512709e-01 9.723517e-01
-9.000000e-02 1.512709e-01 1.138886e+00
-7.500000e-02 1.512709e-01 1.282887e+00
-6.000000e-02 1.512709e-01 1.292748e+00
-4.500000e-02 1.512709e-01 1.098782e+00
-3.000000e-02 1.512709e-01 8.378844e-01
-1.500000e-02 1.512709e-01 6.652557e-01
5.551115e-17 1.512709e-01 6.098615e-01
1.500000e-02 1.512709e-01 6.652557e-01
3.000000e-02 1.512709e-01 8.378844e-01
4.500000e-02 1.512709e-01 1.098782e+00
6.000000e-02 1.512709e-01 1.292748e+00
7.500000e-02 1.512709e-01 1.282887e+00
9.000000e-02 1.512709e-01 1.138886e+00
1.050000e-01 1.512709e-01 9.723517e-01
1.200000e-01 1.512709e-01 8.301458e-01
1.350000e-01 1.512709e-01 7.195475e-01
1.500000e-01 1.512709e-01 6.358271e-01
1.650000e-01 1.512709e-01 5.725964e-01
1.800000e-01 1.512709e-01 5.244807e-01
1.950000e-01 1.512709e-01 4.874522e-01
2.100000e-01 1.512709e-01 4.586019e-01
2.250000e-01 1.512709e-01 4.358484e-01
2.400000e-01 1.512709e-01 4.177007e-01
2.550000e-01 1.512709e-01 4.030848e-01
2.700000e-01 1.512709e-01 3.912218e-01
2.850000e-01 1.512709e-01 3.815408e-01
3.000000e-01 1.512709e-01 3.736163e-01
-3.000000e-01 1.649352e-01 3.513728e-01
-2.850000e-01 1.649352e-01 3.586026e-01
-2.700000e-01 1.649352e-01 3.674260e-01
-2.550000e-01 1.649352e-01 3.782250e-01
-2.400000e-01 1.649352e-01 3.915105e-01
-2.250000e-01 1.649352e-01 4.079769e-01
-2.100000e-01 1.649352e-01 4.285776e-01
-1.950000e-01 1.649352e-01 4.546287e-01
-1.800000e-01 1.649352e-01 4.879544e-01
-1.650000e-01 1.649352e-01 5.310813e-01
-1.500000e-01 1.649352e-01 5.874650e-01
-1.350000e-01 1.649352e-01 6.616358e-01
-1.200000e-01 1.649352e-01 7.588098e-01
-1.050000e-01 1.649352e-01 8.824163e-01
-9.000000e-02 1.649352e-01 1.025030e+00
-7.500000e-02 1.649352e-01 1.145023e+00
-6.000000e-02 1.649352e-01 1.146774e+00
-4.500000e-02 1.649352e-01 9.733911e-01
-3.000000e-02 1.649352e-01 7.444434e-01
-1.500000e-02 1.649352e-01 5.932798e-01
5.551115e-17 1.649352e-01 5.447386e-01
1.500000e-02 1.649352e-01 5.932798e-01
3.000000e-02 1.649352e-01 7.444434e-01
4.500000e-02 1.649352e-01 9.733911e-01
6.000000e-02 1.649352e-01 1.146774e+00
7.500000e-02 1.649352e-01 1.145023e+00
9.000000e-02 1.649352e-01 1.025030e+00
1.050000e-01 1.649352e-01 8.824163e-01
1.200000e-01 1.649352e-01 7.588098e-01
1.350000e-01 1.649352e-01 6.616358e-01
1.500000e-01 1.649352e-01 5.874650e-01
1.650000e-01 1.649352e-01 5.310813e-01
1.800000e-01 1.649352e-01 4.879544e-01
1.950000e-01 1.649352e-01 4.546287e-01
2.100000e-01 1.649352e-01 4.285776e-01
2.250000e-01 1.649352e-01 4.079769e-01
2.400000e-01 1.649352e-01 3.915105e-01
2.550000e-01 1.649352e-01 3.782250e-01
2.700000e-01 1.649352e-01 3.674260e-01
2.850000e-01 1.649352e-01 3.586026e-01
3.000000e-01 1.649352e-01 3.513728e-01
-3.000000e-01 1.785995e-01 3.310433e-01
-2.850000e-01 1.785995e-01 3.376567e-01
-2.700000e-01 1.785995e-01 3.457201e-01
-2.550000e-01 1.785995e-01 3.555776e-01
-2.400000e-01 1.785995e-01 3.676880e-01
-2.250000e-01 1.785995e-01 3.826728e-01
-2.100000e-01 1.785995e-01 4.013815e-01
-1.950000e-01 1.785995e-01 4.249807e-01
-1.800000e-01 1.785995e-01 4.550762e-01
-1.650000e-01 1.785995e-01 4.938729e-01
-1.500000e-01 1.785995e-01 5.443508e-01
-1.350000e-01 1.785995e-01 6.103490e-01
-1.200000e-01 1.785995e-01 6.961457e-01
-1.050000e-01 1.785995e-01 8.041794e-01
-9.000000e-02 1.785995e-01 9.270695e-01
-7.500000e-02 1.785995e-01 1.027702e+00
-6.000000e-02 1.785995e-01 1.023554e+00
-4.500000e-02 1.785995e-01 8.678006e-01
-3.000000e-02 1.785995e-01 6.655593e-01
-1.500000e-02 1.785995e-01 5.323026e-01
5.551115e-17 1.785995e-01 4.894854e-01
1.500000e-02 1.785995e-01 5.323026e-01
3.000000e-02 1.785995e-01 6.655593e-01
4.500000e-02 1.785995e-01 8.678006e-01
6.000000e-02 1.785995e-01 1.023554e+00
7.500000e-02 1.785995e-01 1.027702e+00
9.000000e-02 1.785995e-01 9.270695e-01
1.050000e-01 1.785995e-01 8.041794e-01
1.200000e-01 1.785995e-01 6.961457e-01
1.350000e-01 1.785995e-01 6.103490e-01
1.500000e-01 1.785995e-01 5.443508e-01
1.650000e-01 1.785995e-01 4.938729e-01
1.800000e-01 1.785995e-01 4.550762e-01
1.950000e-01 1.785995e-01 4.249807e-01
2.100000e-01 1.785995e-01 4.013815e-01
2.250000e-01 1.785995e-01 3.826728e-01
2.400000e-01 1.785995e-01 3.676880e-01
2.550000e-01 1.785995e-01 3.555776e-01
2.700000e-01 1.785995e-01 3.457201e-01
2.850000e-01 1.785995e-01 3.376567e-01
3.000000e-01 1.785995e-01 3.310433e-01
-3.000000e-01 1.922638e-01 3.124161e-01
-2.850000e-01 1.922638e-01 3.184807e-01
-2.700000e-01 1.922638e-01 3.258683e-01
-2.550000e-01 1.922638e-01 3.348898e-01
-2.400000e-01 1.922638e-01 3.459587e-01
-2.250000e-01 1.922638e-01 3.596329e-01
-2.100000e-01 1.922638e-01 3.766724e-01
-1.950000e-01 1.922638e-01 3.981151e-01
-1.800000e-01 1.922638e-01 4.253808e-01
-1.650000e-01 1.922638e-01 4.604019e-01
-1.500000e-01 1.922638e-01 5.057610e-01
-1.350000e-01 1.922638e-01 5.647276e-01
-1.200000e-01 1.922638e-01 6.408250e-01
-1.050000e-01 1.922638e-01 7.357342e-01
-9.000000e-02 1.922638e-01 8.422438e-01
-7.500000e-02 1.922638e-01 9.271444e-01
-6.000000e-02 1.922638e-01 9.187381e-01
-4.500000e-02 1.922638e-01 7.781843e-01
-3.000000e-02 1.922638e-01 5.984540e-01
-1.500000e-02 1.922638e-01 4.802617e-01
5.551115e-17 1.922638e-01 4.422651e-01
1.500000e-02 1.922638e-01 4.802617e-01
3.000000e-02 1.922638e-01 5.984540e-01
4.500000e-02 1.922638e-01 7.781843e-01
6.000000e-02 1.922638e-01 9.187381e-01
7.500000e-02 1.922638e-01 9.271444e-01
9.000000e-02 1.922638e-01 8.422438e-01
1.050000e-01 1.922638e-01 7.357342e-01
1.200000e-01 1.922638e-01 6.408250e-01
1.350000e-01 1.922638e-01 5.647276e-01
1.500000e-01 1.922638e-01 5.057610e-01
1.650000e-01 1.922638e-01 4.604019e-01
1.800000e-01 1.922638e-01 4.253808e-01
1.950000e-01 1.922638e-01 3.981151e-01
2.100000e-01 1.922638e-01 3.766724e-01
2.250000e-01 1.922638e-01 3.596329e-01
2.400000e-01 1.922638e-01 3.459587e-01
2.550000e-01 1.922638e-01 3.348898e-01
2.700000e-01 1.922638e-01 3.258683e-01
2.850000e-01 1.922638e-01 3.184807e-01
3.000000e-01 1.922638e-01 3.124161e-01
-3.000000e-01 2.059281e-01 2.953074e-01
-2.850000e-01 2.059281e-01 3.008819e-01
-2.700000e-01 2.059281e-01 3.076666e-01
-2.550000e-01 2.059281e-01 3.159435e-01
-2.400000e-01 2.059281e-01 3.260860e-01
-2.250000e-01 2.059281e-01 3.385970e-01
-2.100000e-01 2.059281e-01 3.541585e-01
-1.950000e-01 2.059281e-01 3.736976e-01
-1.800000e-01 2.059281e-01 3.984741e-01
-1.650000e-01 2.059281e-01 4.301892e-01
-1.500000e-01 2.059281e-01 4.710910e-01
-1.350000e-01 2.059281e-01 5.239772e-01
-1.200000e-01 2.059281e-01 5.917600e-01
-1.050000e-01 2.059281e-01 6.755399e-01
-9.000000e-02 2.059281e-01 7.683524e-01
-7.500000e-02 2.059281e-01 8.403787e-01
-6.000000e-02 2.059281e-01 8.289343e-01
-4.500000e-02 2.059281e-01 7.015674e-01
-3.000000e-02 2.059281e-01 5.409612e-01
-1.500000e-02 2.059281e-01 4.355423e-01
5.551115e-17 2.059281e-01 4.016373e-01
1.500000e-02 2.059281e-01 4.355423e-01
3.000000e-02 2.059281e-01 5.409612e-01
4.500000e-02 2.059281e-01 7.015674e-01
6.000000e-02 2.059281e-01 8.289343e-01
7.500000e-02 2.059281e-01 8.403787e-01
9.000000e-02 2.059281e-01 7.683524e-01
1.050000e-01 2.059281e-01 6.755399e-01
1.200000e-01 2.059281e-01 5.917600e-01
1.350000e-01 2.059281e-01 5.239772e-01
1.500000e-01 2.059281e-01 4.710910e-01
1.650000e-01 2.059281e-01 4.301892e-01
1.800000e-01 2.059281e-01 3.984741e-01
1.950000e-01 2.059281e-01 3.736976e-01
2.100000e-01 2.059281e-01 3.541585e-01
2.250000e-01 2.059281e-01 3.385970e-01
2.400000e-01 2.059281e-01 3.260860e-01
2.550000e-01 2.059281e-01 3.159435e-01
2.700000e-01 2.059281e-01 3.076666e-01
2.850000e-01 2.059281e-01 3.008819e-01
3.000000e-01 2.059281e-01 2.953074e-01
-3.000000e-01 2.195923e-01 2.795578e-01
-2.850000e-01 2.195923e-01 2.846932e-01
-2.700000e-01 2.195923e-01 2.909385e-01
-2.550000e-01 2.195923e-01 2.985498e-01
-2.400000e-01 2.195923e-01 3.078659e-01
-2.250000e-01 2.195923e-01 3.193410e-01
-2.100000e-01 2.195923e-01 3.335894e-01
-1.950000e-01 2.195923e-01 3.514418e-01
-1.800000e-01 2.195923e-01 3.740205e-01
-1.650000e-01 2.195923e-01 4.028292e-01
-1.500000e-01 2.195923e-01 4.398329e-01
-1.350000e-01 2.195923e-01 4.874364e-01
-1.200000e-01 2.195923e-01 5.480543e-01
-1.050000e-01 2.195923e-01 6.223421e-01
-9.000000e-02 2.195923e-01 7.036278e-01
-7.500000e-02 2.195923e-01 7.650472e-01
-6.000000e-02 2.195923e-01 7.514768e-01
-4.500000e-02 2.195923e-01 6.356171e-01
-3.000000e-02 2.195923e-01 4.913773e-01
-1.500000e-02 2.195923e-01 3.968695e-01
5.551115e-17 2.195923e-01 3.664627e-01
1.500000e-02 2.195923e-01 3.968695e-01
3.000000e-02 2.195923e-01 4.913773e-01
4.500000e-02 2.195923e-01 6.356171e-01
6.000000e-02 2.195923e-01 7.514768e-01
7.500000e-02 2.195923e-01 7.650472e-01
9.000000e-02 2.195923e-01 7.036278e-01
1.050000e-01 2.195923e-01 6.223421e-01
1.200000e-01 2.195923e-01 5.480543e-01
1.350000e-01 2.195923e-01 4.874364e-01
1.500000e-01 2.195923e-01 4.398329e-01
1.650000e-01 2.195923e-01 4.028292e-01
1.800000e-01 2.195923e-01 3.740205e-01
1.950000e-01 2.195923e-01 3.514418e-01
2.100000e-01 2.195923e-01 3.335894e-01
2.250000e-01 2.195923e-01 3.193410e-01
2.400000e-01 2.195923e-01 3.078659e-01
2.550000e-01 2.195923e-01 2.985498e-01
2.700000e-01 2.195923e-01 2.909385e-01
2.850000e-01 2.195923e-01 2.846932e-01
3.000000e-01 2.195923e-01 2.795578e-01
-3.000000e-01 2.332566e-01 2.650278e-01
-2.850000e-01 2.332566e-01 2.697688e-01
-2.700000e-01 2.332566e-01 2.755300e-01
-2.550000e-01 2.332566e-01 2.825449e-01
-2.400000e-01 2.332566e-01 2.911213e-01
-2.250000e-01 2.332566e-01 3.016711e-01
-2.100000e-01 2.332566e-01 3.147489e-01
-1.950000e-01 2.332566e-01 3.311019e-01
-1.800000e-01 2.332566e-01 3.517333e-01
-1.650000e-01 2.332566e-01 3.779769e-01
-1.500000e-01 2.332566e-01 4.115577e-01
-1.350000e-01 2.332566e-01 4.545511e-01
-1.200000e-01 2.332566e-01 5.089646e-01
-1.050000e-01 2.332566e-01 5.751127e-01
-9.000000e-02 2.332566e-01 6.466395e-01
-7.500000e-02 2.332566e-01 6.992647e-01
-6.000000e-02 2.332566e-01 6.842517e-01
-4.500000e-02 2.332566e-01 5.784884e-01
-3.000000e-02 2.332566e-01 4.483510e-01
-1.500000e-02 2.332566e-01 3.632280e-01
5.551115e-17 2.332566e-01 3.358325e-01
1.500000e-02 2.332566e-01 3.632280e-01
3.000000e-02 2.332566e-01 4.483510e-01
4.500000e-02 2.332566e-01 5.784884e-01
6.000000e-02 2.332566e-01 6.842517e-01
7.500000e-02 2.332566e-01 6.992647e-01
9.000000e-02 2.332566e-01 6.466395e-01
1.050000e-01 2.332566e-01 5.751127e-01
1.200000e-01 2.332566e-01 5.089646e-01
1.350000e-01 2.332566e-01 4.545511e-01
1.500000e-01 2.332566e-01 4.115577e-01
1.650000e-01 2.332566e-01 3.779769e-01
1.800000e-01 2.332566e-01 3.517333e-01
1.950000e-01 2.332566e-01 3.311019e-01
2.100000e-01 2.332566e-01 3.147489e-01
2.250000e-01 2.332566e-01 3.016711e-01
2.400000e-01 2.332566e-01 2.911213e-01
2.550000e-01 2.332566e-01 2.825449e-01
2.700000e-01 2.332566e-01 2.755300e-01
2.850000e-01 2.332566e-01 2.697688e-01
3.000000e-01 2.332566e-01 2.650278e-01
-3.000000e-01 2.469209e-01 2.515954e-01
-2.850000e-01 2.469209e-01 2.559812e-01
-2.700000e-01 2.469209e-01 2.613068e-01
-2.550000e-01 2.469209e-01 2.677856e-01
-2.400000e-01 2.469209e-01 2.756981e-01
-2.250000e-01 2.469209e-01 2.854188e-01
-2.100000e-01 2.469209e-01 2.974501e-01
-1.950000e-01 2.469209e-01 3.124657e-01
-1.800000e-01 2.469209e-01 3.313657e-01
-1.650000e-01 2.469209e-01 3.553374e-01
-1.500000e-01 2.469209e-01 3.859009e-01
-1.350000e-01 2.469209e-01 4.248543e-01
-1.200000e-01 2.469209e-01 4.738704e-01
-1.050000e-01 2.469209e-01 5.330027e-01
-9.000000e-02 2.469209e-01 5.962209e-01
-7.500000e-02 2.469209e-01 6.415118e-01
-6.000000e-02 2.469209e-01 6.255694e-01
-4.500000e-02 2.469209e-01 5.287096e-01
-3.000000e-02 2.469209e-01 4.108019e-01
-1.500000e-02 2.469209e-01 3.338030e-01
5.551115e-17 2.469209e-01 3.090162e-01
1.500000e-02 2.469209e-01 3.338030e-01
3.000000e-02 2.469209e-01 4.108019e-01
4.500000e-02 2.469209e-01 5.287096e-01
6.000000e-02 2.469209e-01 6.255694e-01
7.500000e-02 2.469209e-01 6.415118e-01
9.000000e-02 2.469209e-01 5.962209e-01
1.050000e-01 2.469209e-01 5.330027e-01
1.200000e-01 2.469209e-01 4.738704e-01
1.350000e-01 2.469209e-01 4.248543e-01
1.500000e-01 2.469209e-01 3.859009e-01
1.650000e-01 2.469209e-01 3.553374e-01
1.800000e-01 2.469209e-01 3.313657e-01
1.950000e-01 2.469209e-01 3.124657e-01
2.100000e-01 2.469209e-01 2.974501e-01
2.250000e-01 2.469209e-01 2.854188e-01
2.400000e-01 2.469209e-01 2.756981e-01
2.550000e-01 2.469209e-01 2.677856e-01
2.700000e-01 2.469209e-01 2.613068e-01
2.850000e-01 2.469209e-01 2.559812e-01
3.000000e-01 2.469209e-01 2.515954e-01
-3.000000e-01 2.605852e-01 2.391535e-01
-2.850000e-01 2.605852e-01 2.432184e-01
-2.700000e-01 2.605852e-01 2.481510e-01
-2.550000e-01 2.605852e-01 2.541466e-01
-2.400000e-01 2.605852e-01 2.614616e-01
-2.250000e-01 2.605852e-01 2.704373e-01
-2.100000e-01 2.605852e-01 2.815301e-01
-1.950000e-01 2.605852e-01 2.953495e-01
-1.800000e-01 2.605852e-01 3.127051e-01
-1.650000e-01 2.605852e-01 3.346579e-01
-1.500000e-01 2.605852e-01 3.625517e-01
-1.350000e-01 2.605852e-01 3.979507e-01
-1.200000e-01 2.605852e-01 4.422510e-01
-1.050000e-01 2.605852e-01 4.953073e-01
-9.000000e-02 2.605852e-01 5.514138e-01
-7.500000e-02 2.605852e-01 5.905543e-01
-6.000000e-02 2.605852e-01 5.740685e-01
-4.500000e-02 2.605852e-01 4.850979e-01
-3.000000e-02 2.605852e-01 3.778590e-01
-1.500000e-02 2.605852e-01 3.079354e-01
5.551115e-17 2.605852e-01 2.854220e-01
1.500000e-02 2.605852e-01 3.079354e-01
3.000000e-02 2.605852e-01 3.778590e-01
4.500000e-02 2.605852e-01 4.850979e-01
6.000000e-02 2.605852e-01 5.740685e-01
7.500000e-02 2.605852e-01 5.905543e-01
9.000000e-02 2.605852e-01 5.514138e-01
1.050000e-01 2.605852e-01 4.953073e-01
1.200000e-01 2.605852e-01 4.422510e-01
1.350000e-01 2.605852e-01 3.979507e-01
1.500000e-01 2.605852e-01 3.625517e-01
1.650000e-01 2.605852e-01 3.346579e-01
1.800000e-01 2.605852e-01 3.127051e-01
1.950000e-01 2.605852e-01 2.953495e-01
2.100000e-01 2.605852e-01 2.815301e-01
2.250000e-01 2.605852e-01 2.704373e-01
2.400000e-01 2.605852e-01 2.614616e-01
2.550000e-01 2.605852e-01 2.541466e-01
2.700000e-01 2.605852e-01 2.481510e-01
2.850000e-01 2.605852e-01 2.432184e-01
3.000000e-01 2.605852e-01 2.391535e-01
-3.000000e-01 2.742495e-01 2.276074e-01
-2.850000e-01 2.742495e-01 2.313819e-01
-2.700000e-01 2.742495e-01 2.359590e-01
-2.550000e-01 2.742495e-01 2.415181e-01
-2.400000e-01 2.742495e-01 2.482940e-01
-2.250000e-01 2.742495e-01 2.565985e-01
-2.100000e-01 2.742495e-01 2.668473e-01
-1.950000e-01 2.742495e-01 2.795934e-01
-1.800000e-01 2.742495e-01 2.955673e-01
-1.650000e-01 2.742495e-01 3.157199e-01
-1.500000e-01 2.742495e-01 3.412437e-01
-1.350000e-01 2.742495e-01 3.735037e-01
-1.200000e-01 2.742495e-01 4.136669e-01
-1.050000e-01 2.742495e-01 4.614372e-01
-9.000000e-02 2.742495e-01 5.114264e-01
-7.500000e-02 2.742495e-01 5.453829e-01
-6.000000e-02 2.742495e-01 5.286436e-01
-4.500000e-02 2.742495e-01 4.466949e-01
-3.000000e-02 2.742495e-01 3.488152e-01
-1.500000e-02 2.742495e-01 2.850881e-01
5.551115e-17 2.742495e-01 2.645668e-01
1.500000e-02 2.742495e-01 2.850881e-01
3.000000e-02 2.742495e-01 3.488152e-01
4.500000e-02 2.742495e-01 4.466949e-01
6.000000e-02 2.742495e-01 5.286436e-01
7.500000e-02 2.742495e-01 5.453829e-01
9.000000e-02 2.742495e-01 5.114264e-01
1.050000e-01 2.742495e-01 4.614372e-01
1.200000e-01 2.742495e-01 4.136669e-01
1.350000e-01 2.742495e-01 3.735037e-01
1.500000e-01 2.742495e-01 3.412437e-01
1.650000e-01 2.742495e-01 3.157199e-01
1.800000e-01 2.742495e-01 2.955673e-01
1.950000e-01 2.742495e-01 2.795934e-01
2.100000e-01 2.742495e-01 2.668473e-01
2.250000e-01 2.742495e-01 2.565985e-01
2.400000e-01 2.742495e-01 2.482940e-01
2.550000e-01 2.742495e-01 2.415181e-01
2.700000e-01 2.742495e-01 2.359590e-01
2.850000e-01 2.742495e-01 2.313819e-01
3.000000e-01 2.742495e-01 2.276074e-01
-3.000000e-01 2.879137e-01 2.168737e-01
-2.850000e-01 2.879137e-01 2.203846e-01
-2.700000e-01 2.879137e-01 2.246394e-01
-2.550000e-01 2.879137e-01 2.298031e-01
-2.400000e-01 2.879137e-01 2.360913e-01
-2.250000e-01 2.879137e-01 2.437896e-01
-2.100000e-01 2.879137e-01 2.532775e-01
-1.950000e-01 2.879137e-01 2.650579e-01
-1.800000e-01 2.879137e-01 2.797921e-01
-1.650000e-01 2.879137e-01 2.983348e-01
-1.500000e-01 2.879137e-01 3.217476e-01
-1.350000e-01 2.879137e-01 3.512257e-01
-1.200000e-01 2.879137e-01 3.877454e-01
-1.050000e-01 2.879137e-01 4.308974e-01
-9.000000e-02 2.879137e-01 4.756001e-01
-7.500000e-02 2.879137e-01 5.051660e-01
-6.000000e-02 2.879137e-01 4.883909e-01
-4.500000e-02 2.879137e-01 4.127186e-01
-3.000000e-02 2.879137e-01 3.230918e-01
-1.500000e-02 2.879137e-01 2.648201e-01
5.551115e-17 2.879137e-01 2.460538e-01
1.500000e-02 2.879137e-01 2.648201e-01
3.000000e-02 2.879137e-01 3.230918e-01
4.500000e-02 2.879137e-01 4.127186e-01
6.000000e-02 2.879137e-01 4.883909e-01
7.500000e-02 2.879137e-01 5.051660e-01
9.000000e-02 2.879137e-01 4.756001e-01
1.050000e-01 2.879137e-01 4.308974e-01
1.200000e-01 2.879137e-01 3.877454e-01
1.350000e-01 2.879137e-01 3.512257e-01
1.500000e-01 2.879137e-01 3.217476e-01
1.650000e-01 2.879137e-01 2.983348e-01
1.800000e-01 2.879137e-01 2.797921e-01
1.950000e-01 2.879137e-01 2.650579e-01
2.100000e-01 2.879137e-01 2.532775e-01
2.250000e-01 2.879137e-01 2.437896e-01
2.400000e-01 2.879137e-01 2.360913e-01
2.550000e-01 2.879137e-01 2.298031e-01
2.700000e-01 2.879137e-01 2.246394e-01
2.850000e-01 2.879137e-01 2.203846e-01
3.000000e-01 2.879137e-01 2.168737e-01
-3.000000e-01 3.015780e-01 2.068782e-01
-2.850000e-01 3.015780e-01 2.101494e-01
-2.700000e-01 3.015780e-01 2.141114e-01
-2.550000e-01 3.015780e-01 2.189161e-01
-2.400000e-01 3.015780e-01 2.247621e-01
-2.250000e-01 3.015780e-01 2.319114e-01
-2.100000e-01 3.015780e-01 2.407115e-01
-1.950000e-01 3.015780e-01 2.516209e-01
-1.800000e-01 3.015780e-01 2.652396e-01
-1.650000e-01 3.015780e-01 2.823383e-01
-1.500000e-01 3.015780e-01 3.038650e-01
-1.350000e-01 3.015780e-01 3.308695e-01
-1.200000e-01 3.015780e-01 3.641686e-01
-1.050000e-01 3.015780e-01 4.032696e-01
-9.000000e-02 3.015780e-01 4.433834e-01
-7.500000e-02 3.015780e-01 4.692145e-01
-6.000000e-02 3.015780e-01 4.525663e-01
-4.500000e-02 3.015780e-01 3.825263e-01
-3.000000e-02 3.015780e-01 3.002125e-01
-1.500000e-02 3.015780e-01 2.467676e-01
5.551115e-17 3.015780e-01 2.295546e-01
1.500000e-02 3.015780e-01 2.467676e-01
3.000000e-02 3.015780e-01 3.002125e-01
4.500000e-02 3.015780e-01 3.825263e-01
6.000000e-02 3.015780e-01 4.525663e-01
7.500000e-02 3.015780e-01 4.692145e-01
9.000000e-02 3.015780e-01 4.433834e-01
1.050000e-01 3.015780e-01 4.032696e-01
1.200000e-01 3.015780e-01 3.641686e-01
1.350000e-01 3.015780e-01 3.308695e-01
1.500000e-01 3.015780e-01 3.038650e-01
1.650000e-01 3.015780e-01 2.823383e-01
1.800000e-01 3.015780e-01 2.652396e-01
1.950000e-01 3.015780e-01 2.516209e-01
2.100000e-01 3.015780e-01 2.407115e-01
2.250000e-01 3.015780e-01 2.319114e-01
2.400000e-01 3.015780e-01 2.247621e-01
2.550000e-01 3.015780e-01 2.189161e-01
2.700000e-01 3.015780e-01 2.141114e-01
2.850000e-01 3.015780e-01 2.101494e-01
3.000000e-01 3.015780e-01 2.068782e-01
-3.000000e-01 3.152423e-01 1.975550e-01
-2.850000e-01 3.152423e-01 2.006078e-01
-2.700000e-01 3.152423e-01 2.043031e-01
-2.550000e-01 3.152423e-01 2.087812e-01
-2.400000e-01 3.152423e-01 2.142253e-01
-2.250000e-01 3.152423e-01 2.208764e-01
-2.100000e-01 3.152423e-01 2.290532e-01
-1.950000e-01 3.152423e-01 2.391749e-01
-1.800000e-01 3.152423e-01 2.517875e-01
-1.650000e-01 3.152423e-01 2.675874e-01
-1.500000e-01 3.152423e-01 2.874240e-01
-1.350000e-01 3.152423e-01 3.122218e-01
-1.200000e-01 3.152423e-01 3.426645e-01
-1.050000e-01 3.152423e-01 3.781985e-01
-9.000000e-02 3.152423e-01 4.143127e-01
-7.500000e-02 3.152423e-01 4.369536e-01
-6.000000e-02 3.152423e-01 4.205531e-01
-4.500000e-02 3.152423e-01 3.555864e-01
-3.000000e-02 3.152423e-01 2.797823e-01
-1.500000e-02 3.152423e-01 2.306276e-01
5.551115e-17 3.152423e-01 2.147959e-01
1.500000e-02 3.152423e-01 2.306276e-01
3.000000e-02 3.152423e-01 2.797823e-01
4.500000e-02 3.152423e-01 3.555864e-01
6.000000e-02 3.152423e-01 4.205531e-01
7.500000e-02 3.152423e-01 4.369536e-01
9.000000e-02 3.152423e-01 4.143127e-01
1.050000e-01 3.152423e-01 3.781985e-01
1.200000e-01 3.152423e-01 3.426645e-01
1.350000e-01 3.152423e-01 3.122218e-01
1.500000e-01 3.152423e-01 2.874240e-01
1.650000e-01 3.152423e-01 2.675874e-01
1.800000e-01 3.152423e-01 2.517875e-01
1.950000e-01 3.152423e-01 2.391749e-01
2.100000e-01 3.152423e-01 2.290532e-01
2.250000e-01 3.152423e-01 2.208764e-01
2.400000e-01 3.152423e-01 2.142253e-01
2.550000e-01 3.152423e-01 2.087812e-01
2.700000e-01 3.152423e-01 2.043031e-01
2.850000e-01 3.152423e-01 2.006078e-01
3.000000e-01 3.152423e-01 1.975550e-01
-3.000000e-01 3.289066e-01 1.888455e-01
-2.850000e-01 3.289066e-01 1.916988e-01
-2.700000e-01 3.289066e-01 1.951507e-01
-2.550000e-01 3.289066e-01 1.993311e-01
-2.400000e-01 3.289066e-01 2.044091e-01
-2.250000e-01 3.289066e-01 2.106070e-01
-2.100000e-01 3.289066e-01 2.182178e-01
-1.950000e-01 3.289066e-01 2.276255e-01
-1.800000e-01 3.289066e-01 2.393281e-01
-1.650000e-01 3.289066e-01 2.539568e-01
-1.500000e-01 3.289066e-01 2.722745e-01
-1.350000e-01 3.289066e-01 2.950981e-01
-1.200000e-01 3.289066e-01 3.229989e-01
-1.050000e-01 3.289066e-01 3.553809e-01
-9.000000e-02 3.289066e-01 3.879956e-01
-7.500000e-02 3.289066e-01 4.079010e-01
-6.000000e-02 3.289066e-01 3.918370e-01
-4.500000e-02 3.289066e-01 3.314564e-01
-3.000000e-02 3.289066e-01 2.614719e-01
-1.500000e-02 3.289066e-01 2.161472e-01
5.551115e-17 3.289066e-01 2.015491e-01
1.500000e-02 3.289066e-01 2.161472e-01
3.000000e-02 3.289066e-01 2.614719e-01
4.500000e-02 3.289066e-01 3.314564e-01
6.000000e-02 3.289066e-01 3.918370e-01
7.500000e-02 3.289066e-01 4.079010e-01
9.000000e-02 3.289066e-01 3.879956e-01
1.050000e-01 3.289066e-01 3.553809e-01
1.200000e-01 3.289066e-01 3.229989e-01
1.350000e-01 3.289066e-01 2.950981e-01
1.500000e-01 3.289066e-01 2.722745e-01
1.650000e-01 3.289066e-01 2.539568e-01
1.800000e-01 3.289066e-01 2.393281e-01
1.950000e-01 3.289066e-01 2.276255e-01
2.100000e-01 3.289066e-01 2.182178e-01
2.250000e-01 3.289066e-01 2.106070e-01
2.400000e-01 3.289066e-01 2.044091e-01
2.550000e-01 3.289066e-01 1.993311e-01
2.700000e-01 3.289066e-01 1.951507e-01
2.850000e-01 3.289066e-01 1.916988e-01
3.000000e-01 3.289066e-01 1.888455e-01
-3.000000e-01 3.425709e-01 1.806972e-01
-2.850000e-01 3.425709e-01 1.833680e-01
-2.700000e-01 3.425709e-01 1.865972e-01
-2.550000e-01 3.425709e-01 1.905056e-01
-2.400000e-01 3.425709e-01 1.952495e-01
-2.250000e-01 3.425709e-01 2.010343e-01
-2.100000e-01 3.425709e-01 2.081299e-01
-1.950000e-01 3.425709e-01 2.168890e-01
-1.800000e-01 3.425709e-01 2.277666e-01
-1.650000e-01 3.425709e-01 2.413366e-01
-1.500000e-01 3.425709e-01 2.582858e-01
-1.350000e-01 3.425709e-01 2.793378e-01
-1.200000e-01 3.425709e-01 3.049696e-01
-1.050000e-01 3.425709e-01 3.345569e-01
-9.000000e-02 3.425709e-01 3.640983e-01
-7.500000e-02 3.425709e-01 3.816500e-01
-6.000000e-02 3.425709e-01 3.659869e-01
-4.500000e-02 3.425709e-01 3.097659e-01
-3.000000e-02 3.425709e-01 2.450050e-01
-1.500000e-02 3.425709e-01 2.031134e-01
5.551115e-17 3.425709e-01 1.896215e-01
1.500000e-02 3.425709e-01 2.031134e-01
3.000000e-02 3.425709e-01 2.450050e-01
4.500000e-02 3.425709e-01 3.097659e-01
6.000000e-02 3.425709e-01 3.659869e-01
7.500000e-02 3.425709e-01 3.816500e-01
9.000000e-02 3.425709e-01 3.640983e-01
1.050000e-01 3.425709e-01 3.345569e-01
1.200000e-01 3.425709e-01 3.049696e-01
1.350000e-01 3.425709e-01 2.793378e-01
1.500000e-01 3.425709e-01 2.582858e-01
1.650000e-01 3.425709e-01 2.413366e-01
1.800000e-01 3.425709e-01 2.277666e-01
1.950000e-01 3.425709e-01 2.168890e-01
2.100000e-01 3.425709e-01 2.081299e-01
2.250000e-01 3.425709e-01 2.010343e-01
2.400000e-01 3.425709e-01 1.952495e-01
2.550000e-01 3.425709e-01 1.905056e-01
2.700000e-01 3.425709e-01 1.865972e-01
2.850000e-01 3.425709e-01 1.833680e-01
3.000000e-01 3.425709e-01 1.806972e-01
-3.000000e-01 3.562351e-01 1.730631e-01
-2.850000e-01 3.562351e-01 1.755664e-01
-2.700000e-01 3.562351e-01 1.785918e-01
-2.550000e-01 3.562351e-01 1.822511e-01
-2.400000e-01 3.562351e-01 1.866895e-01
-2.250000e-01 3.562351e-01 1.920970e-01
-2.100000e-01 3.562351e-01 1.987227e-01
-1.950000e-01 3.562351e-01 2.068911e-01
-1.800000e-01 3.562351e-01 2.170192e-01
-1.650000e-01 3.562351e-01 2.296297e-01
-1.500000e-01 3.562351e-01 2.453427e-01
-1.350000e-01 3.562351e-01 2.648009e-01
-1.200000e-01 3.562351e-01 2.884014e-01
-1.050000e-01 3.562351e-01 3.155029e-01
-9.000000e-02 3.562351e-01 3.423359e-01
-7.500000e-02 3.562351e-01 3.578558e-01
-6.000000e-02 3.562351e-01 3.426390e-01
-4.500000e-02 3.562351e-01 2.902029e-01
-3.000000e-02 3.562351e-01 2.301487e-01
-1.500000e-02 3.562351e-01 1.913463e-01
5.551115e-17 3.562351e-01 1.788502e-01
1.500000e-02 3.562351e-01 1.913463e-01
3.000000e-02 3.562351e-01 2.301487e-01
4.500000e-02 3.562351e-01 2.902029e-01
6.000000e-02 3.562351e-01 3.426390e-01
7.500000e-02 3.562351e-01 3.578558e-01
9.000000e-02 3.562351e-01 3.423359e-01
1.050000e-01 3.562351e-01 3.155029e-01
1.200000e-01 3.562351e-01 2.884014e-01
1.350000e-01 3.562351e-01 2.648009e-01
1.500000e-01 3.562351e-01 2.453427e-01
1.650000e-01 3.562351e-01 2.296297e-01
1.800000e-01 3.562351e-01 2.170192e-01
1.950000e-01 3.562351e-01 2.068911e-01
2.100000e-01 3.562351e-01 1.987227e-01
2.250000e-01 3.562351e-01 1.920970e-01
2.400000e-01 3.562351e-01 1.866895e-01
2.550000e-01 3.562351e-01 1.822511e-01
2.700000e-01 3.562351e-01 1.785918e-01
2.850000e-01 3.562351e-01 1.755664e-01
3.000000e-01 3.562351e-01 1.730631e-01
-3.000000e-01 3.698994e-01 1.659009e-01
-2.850000e-01 3.698994e-01 1.682506e-01
-2.700000e-01 3.698994e-01 1.710887e-01
-2.550000e-01 3.698994e-01 1.745197e-01
-2.400000e-01 3.698994e-01 1.786781e-01
-2.250000e-01 3.698994e-01 1.837403e-01
-2.100000e-01 3.698994e-01 1.899365e-01
-1.950000e-01 3.698994e-01 1.975660e-01
-1.800000e-01 3.698994e-01 2.070117e-01
-1.650000e-01 3.698994e-01 2.187506e-01
-1.500000e-01 3.698994e-01 2.333443e-01
-1.350000e-01 3.698994e-01 2.513647e-01
-1.200000e-01 3.698994e-01 2.731416e-01
-1.050000e-01 3.698994e-01 2.980252e-01
-9.000000e-02 3.698994e-01 3.224638e-01
-7.500000e-02 3.698994e-01 3.362244e-01
-6.000000e-02 3.698994e-01 3.214851e-01
-4.500000e-02 3.698994e-01 2.725036e-01
-3.000000e-02 3.698994e-01 2.167053e-01
-1.500000e-02 3.698994e-01 1.806930e-01
5.551115e-17 3.698994e-01 1.690965e-01
1.500000e-02 3.698994e-01 1.806930e-01
3.000000e-02 3.698994e-01 2.167053e-01
4.500000e-02 3.698994e-01 2.725036e-01
6.000000e-02 3.698994e-01 3.214851e-01
7.500000e-02 3.698994e-01 3.362244e-01
9.000000e-02 3.698994e-01 3.224638e-01
1.050000e-01 3.698994e-01 2.980252e-01
1.200000e-01 3.698994e-01 2.731416e-01
1.350000e-01 3.698994e-01 2.513647e-01
1.500000e-01 3.698994e-01 2.333443e-01
1.650000e-01 3.698994e-01 2.187506e-01
1.800000e-01 3.698994e-01 2.070117e-01
1.950000e-01 3.698994e-01 1.975660e-01
2.100000e-01 3.698994e-01 1.899365e-01
2.250000e-01 3.698994e-01 1.837403e-01
2.400000e-01 3.698994e-01 1.786781e-01
2.550000e-01 3.698994e-01 1.745197e-01
2.700000e-01 3.698994e-01 1.710887e-01
2.850000e-01 3.698994e-01 1.682506e-01
3.000000e-01 3.698994e-01 1.659009e-01
-3.000000e-01 3.835637e-01 1.591727e-01
-2.850000e-01 3.835637e-01 1.613810e-01
-2.700000e-01 3.835637e-01 1.640470e-01
-2.550000e-01 3.835637e-01 1.672681e-01
-2.400000e-01 3.835637e-01 1.711696e-01
-2.250000e-01 3.835637e-01 1.759151e-01
-2.100000e-01 3.835637e-01 1.817181e-01
-1.950000e-01 3.835637e-01 1.888549e-01
-1.800000e-01 3.835637e-01 1.976778e-01
-1.650000e-01 3.835637e-01 2.086235e-01
-1.500000e-01 3.835637e-01 2.222012e-01
-1.350000e-01 3.835637e-01 2.389215e-01
-1.200000e-01 3.835637e-01 2.590569e-01
-1.050000e-01 3.835637e-01 2.819561e-01
-9.000000e-02 3.835637e-01 3.042713e-01
-7.500000e-02 3.835637e-01 3.165045e-01
-6.000000e-02 3.835637e-01 3.022628e-01
-4.500000e-02 3.835637e-01 2.564433e-01
-3.000000e-02 3.835637e-01 2.045068e-01
-1.500000e-02 3.835637e-01 1.710230e-01
5.551115e-17 3.835637e-01 1.602419e-01
1.500000e-02 3.835637e-01 1.710230e-01
3.000000e-02 3.835637e-01 2.045068e-01
4.500000e-02 3.835637e-01 2.564433e-01
6.000000e-02 3.835637e-01 3.022628e-01
7.500000e-02 3.835637e-01 3.165045e-01
9.000000e-02 3.835637e-01 3.042713e-01
1.050000e-01 3.835637e-01 2.819561e-01
1.200000e-01 3.835637e-01 2.590569e-01
1.350000e-01 3.835637e-01 2.389215e-01
1.500000e-01 3.835637e-01 2.222012e-01
1.650000e-01 3.835637e-01 2.086235e-01
1.800000e-01 3.835637e-01 1.976778e-01
1.950000e-01 3.835637e-01 1.888549e-01
2.100000e-01 3.835637e-01 1.817181e-01
2.250000e-01 3.835637e-01 1.759151e-01
2.400000e-01 3.835637e-01 1.711696e-01
2.550000e-01 3.835637e-01 1.672681e-01
2.700000e-01 3.835637e-01 1.640470e-01
2.850000e-01 3.835637e-01 1.613810e-01
3.000000e-01 3.835637e-01 1.591727e-01
-3.000000e-01 3.972280e-01 1.528443e-01
-2.850000e-01 3.972280e-01 1.549222e-01
-2.700000e-01 3.972280e-01 1.574298e-01
-2.550000e-01 3.972280e-01 1.604578e-01
-2.400000e-01 3.972280e-01 1.641230e-01
-2.250000e-01 3.972280e-01 1.685776e-01
-2.100000e-01 3.972280e-01 1.740198e-01
-1.950000e-01 3.972280e-01 1.807053e-01
-1.800000e-01 3.972280e-01 1.889589e-01
-1.650000e-01 3.972280e-01 1.991809e-01
-1.500000e-01 3.972280e-01 2.118346e-01
-1.350000e-01 3.972280e-01 2.273763e-01
-1.200000e-01 3.972280e-01 2.460305e-01
-1.050000e-01 3.972280e-01 2.671493e-01
-9.000000e-02 3.972280e-01 2.875759e-01
-7.500000e-02 3.972280e-01 2.984796e-01
-6.000000e-02 3.972280e-01 2.847472e-01
-4.500000e-02 3.972280e-01 2.418301e-01
-3.000000e-02 3.972280e-01 1.934090e-01
-1.500000e-02 3.972280e-01 1.622243e-01
5.551115e-17 3.972280e-01 1.521850e-01
1.500000e-02 3.972280e-01 1.622243e-01
3.000000e-02 3.972280e-01 1.934090e-01
4.500000e-02 3.972280e-01 2.418301e-01
6.000000e-02 3.972280e-01 2.847472e-01
7.500000e-02 3.972280e-01 2.984796e-01
9.000000e-02 3.972280e-01 2.875759e-01
1.050000e-01 3.972280e-01 2.671493e-01
1.200000e-01 3.972280e-01 2.460305e-01
1.350000e-01 3.972280e-01 2.273763e-01
1.500000e-01 3.972280e-01 2.118346e-01
1.650000e-01 3.972280e-01 1.991809e-01
1.800000e-01 3.972280e-01 1.889589e-01
1.950000e-01 3.972280e-01 1.807053e-01
2.100000e-01 3.972280e-01 1.740198e-01
2.250000e-01 3.972280e-01 1.685776e-01
2.400000e-01 3.972280e-01 1.641230e-01
2.550000e-01 3.972280e-01 1.604578e-01
2.700000e-01 3.972280e-01 1.574298e-01
2.850000e-01 3.972280e-01 1.549222e-01
3.000000e-01 3.972280e-01 1.528443e-01
-3.000000e-01 4.108923e-01 1.468847e-01
-2.850000e-01 4.108923e-01 1.488423e-01
-2.700000e-01 4.108923e-01 1.512037e-01
-2.550000e-01 4.108923e-01 1.540536e-01
-2.400000e-01 4.108923e-01 1.575012e-01
-2.250000e-01 4.108923e-01 1.616882e-01
-2.100000e-01 4.108923e-01 1.667988e-01
-1.950000e-01 4.108923e-01 1.730702e-01
-1.800000e-01 4.108923e-01 1.808023e-01
-1.650000e-01 4.108923e-01 1.903629e-01
-1.500000e-01 4.108923e-01 2.021742e-01
-1.350000e-01 4.108923e-01 2.166454e-01
-1.200000e-01 4.108923e-01 2.339595e-01
-1.050000e-01 4.108923e-01 2.534769e-01
-9.000000e-02 4.108923e-01 2.722191e-01
-7.500000e-02 4.108923e-01 2.819632e-01
-6.000000e-02 4.108923e-01 2.687452e-01
-4.500000e-02 4.108923e-01 2.284993e-01
-3.000000e-02 4.108923e-01 1.832882e-01
-1.500000e-02 4.108923e-01 1.542005e-01
5.551115e-17 4.108923e-01 1.448379e-01
1.500000e-02 4.108923e-01 1.542005e-01
3.000000e-02 4.108923e-01 1.832882e-01
4.500000e-02 4.108923e-01 2.284993e-01
6.000000e-02 4.108923e-01 2.687452e-01
7.500000e-02 4.108923e-01 2.819632e-01
9.000000e-02 4.108923e-01 2.722191e-01
1.050000e-01 4.108923e-01 2.534769e-01
1.200000e-01 4.108923e-01 2.339595e-01
1.350000e-01 4.108923e-01 2.166454e-01
1.500000e-01 4.108923e-01 2.021742e-01
1.650000e-01 4.108923e-01 1.903629e-01
1.800000e-01 4.108923e-01 1.808023e-01
1.950000e-01 4.108923e-01 1.730702e-01
2.100000e-01 4.108923e-01 1.667988e-01
2.250000e-01 4.108923e-01 1.616882e-01
2.400000e-01 4.108923e-01 1.575012e-01
2.550000e-01 4.108923e-01 1.540536e-01
2.700000e-01 4.108923e-01 1.512037e-01
2.850000e-01 4.108923e-01 1.488423e-01
3.000000e-01 4.108923e-01 1.468847e-01
-3.000000e-01 4.245566e-01 1.412659e-01
-2.850000e-01 4.245566e-01 1.431122e-01
-2.700000e-01 4.245566e-01 1.453385e-01
-2.550000e-01 4.245566e-01 1.480241e-01
-2.400000e-01 4.245566e-01 1.512709e-01
-2.250000e-01 4.245566e-01 1.552112e-01
-2.100000e-01 4.245566e-01 1.600166e-01
-1.950000e-01 4.245566e-01 1.659072e-01
-1.800000e-01 4.245566e-01 1.731607e-01
-1.650000e-01 4.245566e-01 1.821157e-01
-1.500000e-01 4.245566e-01 1.931577e-01
-1.350000e-01 4.245566e-01 2.066542e-01
-1.200000e-01 4.245566e-01 2.227534e-01
-1.050000e-01 4.245566e-01 2.408267e-01
-9.000000e-02 4.245566e-01 2.580629e-01
-7.500000e-02 4.245566e-01 2.667933e-01
-6.000000e-02 4.245566e-01 2.540901e-01
-4.500000e-02 4.245566e-01 2.163089e-01
-3.000000e-02 4.245566e-01 1.740375e-01
-1.500000e-02 4.245566e-01 1.468683e-01
5.551115e-17 4.245566e-01 1.381250e-01
1.500000e-02 4.245566e-01 1.468683e-01
3.000000e-02 4.245566e-01 1.740375e-01
4.500000e-02 4.245566e-01 2.163089e-01
6.000000e-02 4.245566e-01 2.540901e-01
7.500000e-02 4.245566e-01 2.667933e-01
9.000000e-02 4.245566e-01 2.580629e-01
1.050000e-01 4.245566e-01 2.408267e-01
1.200000e-01 4.245566e-01 2.227534e-01
1.350000e-01 4.245566e-01 2.066542e-01
1.500000e-01 4.245566e-01 1.931577e-01
1.650000e-01 4.245566e-01 1.821157e-01
1.800000e-01 4.245566e-01 1.731607e-01
1.950000e-01 4.245566e-01 1.659072e-01
2.100000e-01 4.245566e-01 1.600166e-01
2.250000e-01 4.245566e-01 1.552112e-01
2.400000e-01 4.245566e-01 1.512709e-01
2.550000e-01 4.245566e-01 1.480241e-01
2.700000e-01 4.245566e-01 1.453385e-01
2.850000e-01 4.245566e-01 1.431122e-01
3.000000e-01 4.245566e-01 1.412659e-01
-3.000000e-01 4.382208e-01 1.359625e-01
-2.850000e-01 4.382208e-01 1.377058e-01
-2.700000e-01 4.382208e-01 1.398071e-01
-2.550000e-01 4.382208e-01 1.423406e-01
-2.400000e-01 4.382208e-01 1.454019e-01
-2.250000e-01 4.382208e-01 1.491145e-01
-2.100000e-01 4.382208e-01 1.536384e-01
-1.950000e-01 4.382208e-01 1.591785e-01
-1.800000e-01 4.382208e-01 1.659920e-01
-1.650000e-01 4.382208e-01 1.743913e-01
-1.500000e-01 4.382208e-01 1.847293e-01
-1.350000e-01 4.382208e-01 1.973366e-01
-1.200000e-01 4.382208e-01 2.123319e-01
-1.050000e-01 4.382208e-01 2.291000e-01
-9.000000e-02 4.382208e-01 2.449864e-01
-7.500000e-02 4.382208e-01 2.528292e-01
-6.000000e-02 4.382208e-01 2.406375e-01
-4.500000e-02 4.382208e-01 2.051361e-01
-3.000000e-02 4.382208e-01 1.655645e-01
-1.500000e-02 4.382208e-01 1.401555e-01
5.551115e-17 4.382208e-01 1.319805e-01
1.500000e-02 4.382208e-01 1.401555e-01
3.000000e-02 4.382208e-01 1.655645e-01
4.500000e-02 4.382208e-01 2.051361e-01
6.000000e-02 4.382208e-01 2.406375e-01
7.500000e-02 4.382208e-01 2.528292e-01
9.000000e-02 4.382208e-01 2.449864e-01
1.050000e-01 4.382208e-01 2.291000e-01
1.200000e-01 4.382208e-01 2.123319e-01
1.350000e-01 4.382208e-01 1.973366e-01
1.500000e-01 4.382208e-01 1.847293e-01
1.650000e-01 4.382208e-01 1.743913e-01
1.800000e-01 4.382208e-01 1.659920e-01
1.950000e-01 4.382208e-01 1.591785e-01
2.100000e-01 4.382208e-01 1.536384e-01
2.250000e-01 4.382208e-01 1.491145e-01
2.400000e-01 4.382208e-01 1.454019e-01
2.550000e-01 4.382208e-01 1.423406e-01
2.700000e-01 4.382208e-01 1.398071e-01
2.850000e-01 4.382208e-01 1.377058e-01
3.000000e-01 4.382208e-01 1.359625e-01
-3.000000e-01 4.518851e-01 1.309513e-01
-2.850000e-01 4.518851e-01 1.325992e-01
-2.700000e-01 4.518851e-01 1.345846e-01
-2.550000e-01 4.518851e-01 1.369774e-01
-2.400000e-01 4.518851e-01 1.398669e-01
-2.250000e-01 4.518851e-01 1.433690e-01
-2.100000e-01 4.518851e-01 1.476330e-01
-1.950000e-01 4.518851e-01 1.528497e-01
-1.800000e-01 4.518851e-01 1.592581e-01
-1.650000e-01 4.518851e-01 1.671467e-01
-1.500000e-01 4.518851e-01 1.768392e-01
-1.350000e-01 4.518851e-01 1.886338e-01
-1.200000e-01 4.518851e-01 2.026240e-01
-1.050000e-01 4.518851e-01 2.182097e-01
-9.000000e-02 4.518851e-01 2.328834e-01
-7.500000e-02 4.518851e-01 2.399478e-01
-6.000000e-02 4.518851e-01 2.282616e-01
-4.500000e-02 4.518851e-01 1.948739e-01
-3.000000e-02 4.518851e-01 1.577885e-01
-1.500000e-02 4.518851e-01 1.339989e-01
5.551115e-17 4.518851e-01 1.263469e-01
1.500000e-02 4.518851e-01 1.339989e-01
3.000000e-02 4.518851e-01 1.577885e-01
4.500000e-02 4.518851e-01 1.948739e-01
6.000000e-02 4.518851e-01 2.282616e-01
7.500000e-02 4.518851e-01 2.399478e-01
9.000000e-02 4.518851e-01 2.328834e-01
1.050000e-01 4.518851e-01 2.182097e-01
1.200000e-01 4.518851e-01 2.026240e-01
1.350000e-01 4.518851e-01 1.886338e-01
1.500000e-01 4.518851e-01 1.768392e-01
1.650000e-01 4.518851e-01 1.671467e-01
1.800000e-01 4.518851e-01 1.592581e-01
1.950000e-01 4.518851e-01 1.528497e-01
2.100000e-01 4.518851e-01 1.476330e-01
2.250000e-01 4.518851e-01 1.433690e-01
2.400000e-01 4.518851e-01 1.398669e-01
2.550000e-01 4.518851e-01 1.369774e-01
2.700000e-01 4.518851e-01 1.345846e-01
2.850000e-01 4.518851e-01 1.325992e-01
3.000000e-01 4.518851e-01 1.309513e-01
-3.000000e-01 4.655494e-01 1.262114e-01
-2.850000e-01 4.655494e-01 1.277706e-01
-2.700000e-01 4.655494e-01 1.296485e-01
-2.550000e-01 4.655494e-01 1.319107e-01
-2.400000e-01 4.655494e-01 1.346412e-01
-2.250000e-01 4.655494e-01 1.379483e-01
-2.100000e-01 4.655494e-01 1.419719e-01
-1.950000e-01 4.655494e-01 1.468899e-01
-1.800000e-01 4.655494e-01 1.529246e-01
-1.650000e-01 4.655494e-01 1.603431e-01
-1.500000e-01 4.655494e-01 1.694428e-01
-1.350000e-01 4.655494e-01 1.804931e-01
-1.200000e-01 4.655494e-01 1.935662e-01
-1.050000e-01 4.655494e-01 2.080786e-01
-9.000000e-02 4.655494e-01 2.216605e-01
-7.500000e-02 4.655494e-01 2.280415e-01
-6.000000e-02 4.655494e-01 2.168527e-01
-4.500000e-02 4.655494e-01 1.854293e-01
-3.000000e-02 4.655494e-01 1.506394e-01
-1.500000e-02 4.655494e-01 1.283435e-01
5.551115e-17 4.655494e-01 1.211741e-01
1.500000e-02 4.655494e-01 1.283435e-01
3.000000e-02 4.655494e-01 1.506394e-01
4.500000e-02 4.655494e-01 1.854293e-01
6.000000e-02 4.655494e-01 2.168527e-01
7.500000e-02 4.655494e-01 2.280415e-01
9.000000e-02 4.655494e-01 2.216605e-01
1.050000e-01 4.655494e-01 2.080786e-01
1.200000e-01 4.655494e-01 1.935662e-01
1.350000e-01 4.655494e-01 1.804931e-01
1.500000e-01 4.655494e-01 1.694428e-01
1.650000e-01 4.655494e-01 1.603431e-01
1.800000e-01 4.655494e-01 1.529246e-01
1.950000e-01 4.655494e-01 1.468899e-01
2.100000e-01 4.655494e-01 1.419719e-01
2.250000e-01 4.655494e-01 1.379483e-01
2.400000e-01 4.655494e-01 1.346412e-01
2.550000e-01 4.655494e-01 1.319107e-01
2.700000e-01 4.655494e-01 1.296485e-01
2.850000e-01 4.655494e-01 1.277706e-01
3.000000e-01 4.655494e-01 1.262114e-01
-3.000000e-01 4.792137e-01 1.217235e-01
-2.850000e-01 4.792137e-01 1.232003e-01
-2.700000e-01 4.792137e-01 1.249784e-01
-2.550000e-01 4.792137e-01 1.271193e-01
-2.400000e-01 4.792137e-01 1.297021e-01
-2.250000e-01 4.792137e-01 1.328285e-01
-2.100000e-01 4.792137e-01 1.366293e-01
-1.950000e-01 4.792137e-01 1.412710e-01
-1.800000e-01 4.792137e-01 1.469605e-01
-1.650000e-01 4.792137e-01 1.539456e-01
-1.500000e-01 4.792137e-01 1.624998e-01
-1.350000e-01 4.792137e-01 1.728674e-01
-1.200000e-01 4.792137e-01 1.851021e-01
-1.050000e-01 4.792137e-01 1.986383e-01
-9.000000e-02 4.792137e-01 2.112352e-01
-7.500000e-02 4.792137e-01 2.170156e-01
-6.000000e-02 4.792137e-01 2.063148e-01
-4.500000e-02 4.792137e-01 1.767208e-01
-3.000000e-02 4.792137e-01 1.440556e-01
-1.500000e-02 4.792137e-01 1.231411e-01
5.551115e-17 4.792137e-01 1.164180e-01
1.500000e-02 4.792137e-01 1.231411e-01
3.000000e-02 4.792137e-01 1.440556e-01
4.500000e-02 4.792137e-01 1.767208e-01
6.000000e-02 4.792137e-01 2.063148e-01
7.500000e-02 4.792137e-01 2.170156e-01
9.000000e-02 4.792137e-01 2.112352e-01
1.050000e-01 4.792137e-01 1.986383e-01
1.200000e-01 4.792137e-01 1.851021e-01
1.350000e-01 4.792137e-01 1.728674e-01
1.500000e-01 4.792137e-01 1.624998e-01
1.650000e-01 4.792137e-01 1.539456e-01
1.800000e-01 4.792137e-01 1.469605e-01
1.950000e-01 4.792137e-01 1.412710e-01
2.100000e-01 4.792137e-01 1.366293e-01
2.250000e-01 4.792137e-01 1.328285e-01
2.400000e-01 4.792137e-01 1.297021e-01
2.550000e-01 4.792137e-01 1.271193e-01
2.700000e-01 4.792137e-01 1.249784e-01
2.850000e-01 4.792137e-01 1.232003e-01
3.000000e-01 4.792137e-01 1.217235e-01
-3.000000e-01 4.928780e-01 1.174703e-01
-2.850000e-01 4.928780e-01 1.188704e-01
-2.700000e-01 4.928780e-01 1.205554e-01
-2.550000e-01 4.928780e-01 1.225837e-01
-2.400000e-01 4.928780e-01 1.250292e-01
-2.250000e-01 4.928780e-01 1.279877e-01
-2.100000e-01 4.928780e-01 1.315820e-01
-1.950000e-01 4.928780e-01 1.359677e-01
-1.800000e-01 4.928780e-01 1.413378e-01
-1.650000e-01 4.928780e-01 1.479225e-01
-1.500000e-01 4.928780e-01 1.559742e-01
-1.350000e-01 4.928780e-01 1.657143e-01
-1.200000e-01 4.928780e-01 1.771814e-01
-1.050000e-01 4.928780e-01 1.898279e-01
-9.000000e-02 4.928780e-01 2.015344e-01
-7.500000e-02 4.928780e-01 2.067865e-01
-6.000000e-02 4.928780e-01 1.965633e-01
-4.500000e-02 4.928780e-01 1.686768e-01
-3.000000e-02 4.928780e-01 1.379830e-01
-1.500000e-02 4.928780e-01 1.183492e-01
5.551115e-17 4.928780e-01 1.120401e-01
1.500000e-02 4.928780e-01 1.183492e-01
3.000000e-02 4.928780e-01 1.379830e-01
4.500000e-02 4.928780e-01 1.686768e-01
6.000000e-02 4.928780e-01 1.965633e-01
7.500000e-02 4.928780e-01 2.067865e-01
9.000000e-02 4.928780e-01 2.015344e-01
1.050000e-01 4.928780e-01 1.898279e-01
1.200000e-01 4.928780e-01 1.771814e-01
1.350000e-01 4.928780e-01 1.657143e-01
1.500000e-01 4.928780e-01 1.559742e-01
1.650000e-01 4.928780e-01 1.479225e-01
1.800000e-01 4.928780e-01 1.413378e-01
1.950000e-01 4.928780e-01 1.359677e-01
2.100000e-01 4.928780e-01 1.315820e-01
2.250000e-01 4.928780e-01 1.279877e-01
2.400000e-01 4.928780e-01 1.250292e-01
2.550000e-01 4.928780e-01 1.225837e-01
2.700000e-01 4.928780e-01 1.205554e-01
2.850000e-01 4.928780e-01 1.188704e-01
3.000000e-01 4.928780e-01 1.174703e-01
-3.000000e-01 5.065422e-01 1.134356e-01
-2.850000e-01 5.065422e-01 1.147641e-01
-2.700000e-01 5.065422e-01 1.163626e-01
-2.550000e-01 5.065422e-01 1.182858e-01
-2.400000e-01 5.065422e-01 1.206037e-01
-2.250000e-01 5.065422e-01 1.234062e-01
-2.100000e-01 5.065422e-01 1.268086e-01
-1.950000e-01 5.065422e-01 1.309567e-01
-1.800000e-01 5.065422e-01 1.360309e-01
-1.650000e-01 5.065422e-01 1.422454e-01
-1.500000e-01 5.065422e-01 1.498332e-01
-1.350000e-01 5.065422e-01 1.589957e-01
-1.200000e-01 5.065422e-01 1.697586e-01
-1.050000e-01 5.065422e-01 1.815928e-01
-9.000000e-02 5.065422e-01 1.924930e-01
-7.500000e-02 5.065422e-01 1.972803e-01
-6.000000e-02 5.065422e-01 1.875238e-01
-4.500000e-02 5.065422e-01 1.612345e-01
-3.000000e-02 5.065422e-01 1.323740e-01
-1.500000e-02 5.065422e-01 1.139304e-01
5.551115e-17 5.065422e-01 1.080061e-01
1.500000e-02 5.065422e-01 1.139304e-01
3.000000e-02 5.065422e-01 1.323740e-01
4.500000e-02 5.065422e-01 1.612345e-01
6.000000e-02 5.065422e-01 1.875238e-01
7.500000e-02 5.065422e-01 1.972803e-01
9.000000e-02 5.065422e-01 1.924930e-01
1.050000e-01 5.065422e-01 1.815928e-01
1.200000e-01 5.065422e-01 1.697586e-01
1.350000e-01 5.065422e-01 1.589957e-01
1.500000e-01 5.065422e-01 1.498332e-01
1.650000e-01 5.065422e-01 1.422454e-01
1.800000e-01 5.065422e-01 1.360309e-01
1.950000e-01 5.065422e-01 1.309567e-01
2.100000e-01 5.065422e-01 1.268086e-01
2.250000e-01 5.065422e-01 1.234062e-01
2.400000e-01 5.065422e-01 1.206037e-01
2.550000e-01 5.065422e-01 1.182858e-01
2.700000e-01 5.065422e-01 1.163626e-01
2.850000e-01 5.065422e-01 1.147641e-01
3.000000e-01 5.065422e-01 1.134356e-01
-3.000000e-01 5.202065e-01 1.096047e-01
-2.850000e-01 5.202065e-01 1.108665e-01
-2.700000e-01 5.202065e-01 1.123843e-01
-2.550000e-01 5.202065e-01 1.142096e-01
-2.400000e-01 5.202065e-01 1.164086e-01
-2.250000e-01 5.202065e-01 1.190658e-01
-2.100000e-01 5.202065e-01 1.222896e-01
-1.950000e-01 5.202065e-01 1.262171e-01
-1.800000e-01 5.202065e-01 1.310168e-01
-1.650000e-01 5.202065e-01 1.368883e-01
-1.500000e-01 5.202065e-01 1.440474e-01
-1.350000e-01 5.202065e-01 1.526774e-01
-1.200000e-01 5.202065e-01 1.627932e-01
-1.050000e-01 5.202065e-01 1.738846e-01
-9.000000e-02 5.202065e-01 1.840533e-01
-7.500000e-02 5.202065e-01 1.884316e-01
-6.000000e-02 5.202065e-01 1.791305e-01
-4.500000e-02 5.202065e-01 1.543382e-01
-3.000000e-02 5.202065e-01 1.271866e-01
-1.500000e-02 5.202065e-01 1.098516e-01
5.551115e-17 5.202065e-01 1.042858e-01
1.500000e-02 5.202065e-01 1.098516e-01
3.000000e-02 5.202065e-01 1.271866e-01
4.500000e-02 5.202065e-01 1.543382e-01
6.000000e-02 5.202065e-01 1.791305e-01
7.500000e-02 5.202065e-01 1.884316e-01
9.000000e-02 5.202065e-01 1.840533e-01
1.050000e-01 5.202065e-01 1.738846e-01
1.200000e-01 5.202065e-01 1.627932e-01
1.350000e-01 5.202065e-01 1.526774e-01
1.500000e-01 5.202065e-01 1.440474e-01
1.650000e-01 5.202065e-01 1.368883e-01
1.800000e-01 5.202065e-01 1.310168e-01
1.950000e-01 5.202065e-01 1.262171e-01
2.100000e-01 5.202065e-01 1.222896e-01
2.250000e-01 5.202065e-01 1.190658e-01
2.400000e-01 5.202065e-01 1.164086e-01
2.550000e-01 5.202065e-01 1.142096e-01
2.700000e-01 5.202065e-01 1.123843e-01
2.850000e-01 5.202065e-01 1.108665e-01
3.000000e-01 5.202065e-01 1.096047e-01
-3.000000e-01 5.338708e-01 1.059642e-01
-2.850000e-01 5.338708e-01 1.071637e-01
-2.700000e-01 5.338708e-01 1.086060e-01
-2.550000e-01 5.338708e-01 1.103400e-01
-2.400000e-01 5.338708e-01 1.124280e-01
-2.250000e-01 5.338708e-01 1.149498e-01
-2.100000e-01 5.338708e-01 1.180075e-01
-1.950000e-01 5.338708e-01 1.217297e-01
-1.800000e-01 5.338708e-01 1.262744e-01
-1.650000e-01 5.338708e-01 1.318277e-01
-1.500000e-01 5.338708e-01 1.385899e-01
-1.350000e-01 5.338708e-01 1.467283e-01
-1.200000e-01 5.338708e-01 1.562485e-01
-1.050000e-01 5.338708e-01 1.666594e-01
-9.000000e-02 5.338708e-01 1.761637e-01
-7.500000e-02 5.338708e-01 1.801821e-01
-6.000000e-02 5.338708e-01 1.713250e-01
-4.500000e-02 5.338708e-01 1.479385e-01
-3.000000e-02 5.338708e-01 1.223835e-01
-1.500000e-02 5.338708e-01 1.060835e-01
5.551115e-17 5.338708e-01 1.008525e-01
1.500000e-02 5.338708e-01 1.060835e-01
3.000000e-02 5.338708e-01 1.223835e-01
4.500000e-02 5.338708e-01 1.479385e-01
6.000000e-02 5.338708e-01 1.713250e-01
7.500000e-02 5.338708e-01 1.801821e-01
9.000000e-02 5.338708e-01 1.761637e-01
1.050000e-01 5.338708e-01 1.666594e-01
1.200000e-01 5.338708e-01 1.562485e-01
1.350000e-01 5.338708e-01 1.467283e-01
1.500000e-01 5.338708e-01 1.385899e-01
1.650000e-01 5.338708e-01 1.318277e-01
1.800000e-01 5.338708e-01 1.262744e-01
1.950000e-01 5.338708e-01 1.217297e-01
2.100000e-01 5.338708e-01 1.180075e-01
2.250000e-01 5.338708e-01 1.149498e-01
2.400000e-01 5.338708e-01 1.124280e-01
2.550000e-01 5.338708e-01 1.103400e-01
2.700000e-01 5.338708e-01 1.086060e-01
2.850000e-01 5.338708e-01 1.071637e-01
3.000000e-01 5.338708e-01 1.059642e-01
-3.000000e-01 5.475351e-01 1.025017e-01
-2.850000e-01 5.475351e-01 1.036430e-01
-2.700000e-01 5.475351e-01 1.050148e-01
-2.550000e-01 5.475351e-01 1.066634e-01
-2.400000e-01 5.475351e-01 1.086478e-01
-2.250000e-01 5.475351e-01 1.110432e-01
-2.100000e-01 5.475351e-01 1.139459e-01
-1.950000e-01 5.475351e-01 1.174769e-01
-1.800000e-01 5.475351e-01 1.217844e-01
-1.650000e-01 5.475351e-01 1.270423e-01
-1.500000e-01 5.475351e-01 1.334366e-01
-1.350000e-01 5.475351e-01 1.411203e-01
-1.200000e-01 5.475351e-01 1.500916e-01
-1.050000e-01 5.475351e-01 1.598781e-01
-9.000000e-02 5.475351e-01 1.687778e-01
-7.500000e-02 5.475351e-01 1.724798e-01
-6.000000e-02 5.475351e-01 1.640554e-01
-4.500000e-02 5.475351e-01 1.419919e-01
-3.000000e-02 5.475351e-01 1.179316e-01
-1.500000e-02 5.475351e-01 1.025999e-01
5.551115e-17 5.475351e-01 9.768227e-02
1.500000e-02 5.475351e-01 1.025999e-01
3.000000e-02 5.475351e-01 1.179316e-01
4.500000e-02 5.475351e-01 1.419919e-01
6.000000e-02 5.475351e-01 1.640554e-01
7.500000e-02 5.475351e-01 1.724798e-01
9.000000e-02 5.475351e-01 1.687778e-01
1.050000e-01 5.475351e-01 1.598781e-01
1.200000e-01 5.475351e-01 1.500916e-01
1.350000e-01 5.475351e-01 1.411203e-01
1.500000e-01 5.475351e-01 1.334366e-01
1.650000e-01 5.475351e-01 1.270423e-01
1.800000e-01 5.475351e-01 1.217844e-01
1.950000e-01 5.475351e-01 1.174769e-01
2.100000e-01 5.475351e-01 1.139459e-01
2.250000e-01 5.475351e-01 1.110432e-01
2.400000e-01 5.475351e-01 1.086478e-01
2.550000e-01 5.475351e-01 1.066634e-01
2.700000e-01 5.475351e-01 1.050148e-01
2.850000e-01 5.475351e-01 1.036430e-01
3.000000e-01 5.475351e-01 1.025017e-01
-3.000000e-01 5.611994e-01 9.920590e-02
-2.850000e-01 5.611994e-01 1.002925e-01
-2.700000e-01 5.611994e-01 1.015983e-01
-2.550000e-01 5.611994e-01 1.031671e-01
-2.400000e-01 5.611994e-01 1.050546e-01
-2.250000e-01 5.611994e-01 1.073320e-01
-2.100000e-01 5.611994e-01 1.100901e-01
-1.950000e-01 5.611994e-01 1.134427e-01
-1.800000e-01 5.611994e-01 1.175293e-01
-1.650000e-01 5.611994e-01 1.225125e-01
-1.500000e-01 5.611994e-01 1.285653e-01
-1.350000e-01 5.611994e-01 1.358280e-01
-1.200000e-01 5.611994e-01 1.442926e-01
-1.050000e-01 5.611994e-01 1.535053e-01
-9.000000e-02 5.611994e-01 1.618542e-01
-7.500000e-02 5.611994e-01 1.652785e-01
-6.000000e-02 5.611994e-01 1.572755e-01
-4.500000e-02 5.611994e-01 1.364594e-01
-3.000000e-02 5.611994e-01 1.138013e-01
-1.500000e-02 5.611994e-01 9.937768e-02
5.551115e-17 5.611994e-01 9.475399e-02
1.500000e-02 5.611994e-01 9.937768e-02
3.000000e-02 5.611994e-01 1.138013e-01
4.500000e-02 5.611994e-01 1.364594e-01
6.000000e-02 5.611994e-01 1.572755e-01
7.500000e-02 5.611994e-01 1.652785e-01
9.000000e-02 5.611994e-01 1.618542e-01
1.050000e-01 5.611994e-01 1.535053e-01
1.200000e-01 5.611994e-01 1.442926e-01
1.350000e-01 5.611994e-01 1.358280e-01
1.500000e-01 5.611994e-01 1.285653e-01
1.650000e-01 5.611994e-01 1.225125e-01
1.800000e-01 5.611994e-01 1.175293e-01
1.950000e-01 5.611994e-01 1.134427e-01
2.100000e-01 5.611994e-01 1.100901e-01
2.250000e-01 5.611994e-01 1.073320e-01
2.400000e-01 5.611994e-01 1.050546e-01
2.550000e-01 5.611994e-01 1.031671e-01
2.700000e-01 5.611994e-01 1.015983e-01
2.850000e-01 5.611994e-01 1.002925e-01
3.000000e-01 5.611994e-01 9.920590e-02
-3.000000e-01 5.748636e-01 9.606617e-02
-2.850000e-01 5.748636e-01 9.710163e-02
-2.700000e-01 5.748636e-01 9.834561e-02
-2.550000e-01 5.748636e-01 9.983965e-02
-2.400000e-01 5.748636e-01 1.016365e-01
-2.250000e-01 5.748636e-01 1.038035e-01
-2.100000e-01 5.748636e-01 1.064263e-01
-1.950000e-01 5.748636e-01 1.096125e-01
-1.800000e-01 5.748636e-01 1.134930e-01
-1.650000e-01 5.748636e-01 1.182204e-01
-1.500000e-01 5.748636e-01 1.239559e-01
-1.350000e-01 5.748636e-01 1.308282e-01
-1.200000e-01 5.748636e-01 1.388244e-01
-1.050000e-01 5.748636e-01 1.475092e-01
-9.000000e-02 5.748636e-01 1.553556e-01
-7.500000e-02 5.748636e-01 1.585364e-01
-6.000000e-02 5.748636e-01 1.509440e-01
-4.500000e-02 5.748636e-01 1.313061e-01
-3.000000e-02 5.748636e-01 1.099665e-01
-1.500000e-02 5.748636e-01 9.639611e-02
5.551115e-17 5.748636e-01 9.204872e-02
1.500000e-02 5.748636e-01 9.639611e-02
3.000000e-02 5.748636e-01 1.099665e-01
4.500000e-02 5.748636e-01 1.313061e-01
6.000000e-02 5.748636e-01 1.509440e-01
7.500000e-02 5.748636e-01 1.585364e-01
9.000000e-02 5.748636e-01 1.553556e-01
1.050000e-01 5.748636e-01 1.475092e-01
1.200000e-01 5.748636e-01 1.388244e-01
1.350000e-01 5.748636e-01 1.308282e-01
1.500000e-01 5.748636e-01 1.239559e-01
1.650000e-01 5.748636e-01 1.182204e-01
1.800000e-01 5.748636e-01 1.134930e-01
1.950000e-01 5.748636e-01 1.096125e-01
2.100000e-01 5.748636e-01 1.064263e-01
2.250000e-01 5.748636e-01 1.038035e-01
2.400000e-01 5.748636e-01 1.016365e-01
2.550000e-01 5.748636e-01 9.983965e-02
2.700000e-01 5.748636e-01 9.834561e-02
2.850000e-01 5.748636e-01 9.710163e-02
3.000000e-01 5.748636e-01 9.606617e-02
-3.000000e-01 5.885279e-01 9.307289e-02
-2.850000e-01 5.885279e-01 9.406034e-02
-2.700000e-01 5.885279e-01 9.524633e-02
-2.550000e-01 5.885279e-01 9.667028e-02
-2.400000e-01 5.885279e-01 9.838216e-02
-2.250000e-01 5.885279e-01 1.004458e-01
-2.100000e-01 5.885279e-01 1.029422e-01
-1.950000e-01 5.885279e-01 1.059728e-01
-1.800000e-01 5.885279e-01 1.096609e-01
-1.650000e-01 5.885279e-01 1.141499e-01
-1.500000e-01 5.885279e-01 1.195900e-01
-1.350000e-01 5.885279e-01 1.260999e-01
-1.200000e-01 5.885279e-01 1.336626e-01
-1.050000e-01 5.885279e-01 1.418610e-01
-9.000000e-02 5.885279e-01 1.492484e-01
-7.500000e-02 5.885279e-01 1.522163e-01
-6.000000e-02 5.885279e-01 1.450239e-01
-4.500000e-02 5.885279e-01 1.265012e-01
-3.000000e-02 5.885279e-01 1.064037e-01
-1.500000e-02 5.885279e-01 9.363668e-02
5.551115e-17 5.885279e-01 8.954957e-02
1.500000e-02 5.885279e-01 9.363668e-02
3.000000e-02 5.885279e-01 1.064037e-01
4.500000e-02 5.885279e-01 1.265012e-01
6.000000e-02 5.885279e-01 1.450239e-01
7.500000e-02 5.885279e-01 1.522163e-01
9.000000e-02 5.885279e-01 1.492484e-01
1.050000e-01 5.885279e-01 1.418610e-01
1.200000e-01 5.885279e-01 1.336626e-01
1.350000e-01 5.885279e-01 1.260999e-01
1.500000e-01 5.885279e-01 1.195900e-01
1.650000e-01 5.885279e-01 1.141499e-01
1.800000e-01 5.885279e-01 1.096609e-01
1.950000e-01 5.885279e-01 1.059728e-01
2.100000e-01 5.885279e-01 1.029422e-01
2.250000e-01 5.885279e-01 1.004458e-01
2.400000e-01 5.885279e-01 9.838216e-02
2.550000e-01 5.885279e-01 9.667028e-02
2.700000e-01 5.885279e-01 9.524633e-02
2.850000e-01 5.885279e-01 9.406034e-02
3.000000e-01 5.885279e-01 9.307289e-02
-3.000000e-01 6.021922e-01 9.021709e-02
-2.850000e-01 6.021922e-01 9.115945e-02
-2.700000e-01 6.021922e-01 9.229101e-02
-2.550000e-01 6.021922e-01 9.364919e-02
-2.400000e-01 6.021922e-01 9.528139e-02
-2.250000e-01 6.021922e-01 9.724811e-02
-2.100000e-01 6.021922e-01 9.962608e-02
-1.950000e-01 6.021922e-01 1.025111e-01
-1.800000e-01 6.021922e-01 1.060195e-01
-1.650000e-01 6.021922e-01 1.102859e-01
-1.500000e-01 6.021922e-01 1.154509e-01
-1.350000e-01 6.021922e-01 1.216239e-01
-1.200000e-01 6.021922e-01 1.287848e-01
-1.050000e-01 6.021922e-01 1.365345e-01
-9.000000e-02 6.021922e-01 1.435023e-01
-7.500000e-02 6.021922e-01 1.462844e-01
-6.000000e-02 6.021922e-01 1.394819e-01
-4.500000e-02 6.021922e-01 1.220166e-01
-3.000000e-02 6.021922e-01 1.030916e-01
-1.500000e-02 6.021922e-01 9.108280e-02
5.551115e-17 6.021922e-01 8.724139e-02
1.500000e-02 6.021922e-01 9.108280e-02
3.000000e-02 6.021922e-01 1.030916e-01
4.500000e-02 6.021922e-01 1.220166e-01
6.000000e-02 6.021922e-01 1.394819e-01
7.500000e-02 6.021922e-01 1.462844e-01
9.000000e-02 6.021922e-01 1.435023e-01
1.050000e-01 6.021922e-01 1.365345e-01
1.200000e-01 6.021922e-01 1.287848e-01
1.350000e-01 6.021922e-01 1.216239e-01
1.500000e-01 6.021922e-01 1.154509e-01
1.650000e-01 6.021922e-01 1.102859e-01
1.800000e-01 6.021922e-01 1.060195e-01
1.950000e-01 6.021922e-01 1.025111e-01
2.100000e-01 6.021922e-01 9.962608e-02
2.250000e-01 6.021922e-01 9.724811e-02
2.400000e-01 6.021922e-01 9.528139e-02
2.550000e-01 6.021922e-01 9.364919e-02
2.700000e-01 6.021922e-01 9.229101e-02
2.850000e-01 6.021922e-01 9.115945e-02
3.000000e-01 6.021922e-01 9.021709e-02
-3.000000e-01 6.158565e-01 8.749050e-02
-2.850000e-01 6.158565e-01 8.839049e-02
-2.700000e-01 6.158565e-01 8.947089e-02
-2.550000e-01 6.158565e-01 9.076729e-02
-2.400000e-01 6.158565e-01 9.232470e-02
-2.250000e-01 6.158565e-01 9.420051e-02
-2.100000e-01 6.158565e-01 9.646743e-02
-1.950000e-01 6.158565e-01 9.921609e-02
-1.800000e-01 6.158565e-01 1.025563e-01
-1.650000e-01 6.158565e-01 1.066147e-01
-1.500000e-01 6.158565e-01 1.115231e-01
-1.350000e-01 6.158565e-01 1.173826e-01
-1.200000e-01 6.158565e-01 1.241708e-01
-1.050000e-01 6.158565e-01 1.315059e-01
-9.000000e-02 6.158565e-01 1.380898e-01
-7.500000e-02 6.158565e-01 1.407107e-01
-6.000000e-02 6.158565e-01 1.342883e-01
-4.500000e-02 6.158565e-01 1.178275e-01
-3.000000e-02 6.158565e-01 1.000116e-01
-1.500000e-02 6.158565e-01 8.871960e-02
5.551115e-17 6.158565e-01 8.511061e-02
1.500000e-02 6.158565e-01 8.871960e-02
3.000000e-02 6.158565e-01 1.000116e-01
4.500000e-02 6.158565e-01 1.178275e-01
6.000000e-02 6.158565e-01 1.342883e-01
7.500000e-02 6.158565e-01 1.407107e-01
9.000000e-02 6.158565e-01 1.380898e-01
1.050000e-01 6.158565e-01 1.315059e-01
1.200000e-01 6.158565e-01 1.241708e-01
1.350000e-01 6.158565e-01 1.173826e-01
1.500000e-01 6.158565e-01 1.115231e-01
1.650000e-01 6.158565e-01 1.066147e-01
1.800000e-01 6.158565e-01 1.025563e-01
1.950000e-01 6.158565e-01 9.921609e-02
2.100000e-01 6.158565e-01 9.646743e-02
2.250000e-01 6.158565e-01 9.420051e-02
2.400000e-01 6.158565e-01 9.232470e-02
2.550000e-01 6.158565e-01 9.076729e-02
2.700000e-01 6.158565e-01 8.947089e-02
2.850000e-01 6.158565e-01 8.839049e-02
3.000000e-01 6.158565e-01 8.749050e-02
-3.000000e-01 6.295208e-01 8.488547e-02
-2.850000e-01 6.295208e-01 8.574558e-02
-2.700000e-01 6.295208e-01 8.677787e-02
-2.550000e-01 6.295208e-01 8.801618e-02
-2.400000e-01 6.295208e-01 8.950331e-02
-2.250000e-01 6.295208e-01 9.129375e-02
-2.100000e-01 6.295208e-01 9.345646e-02
-1.950000e-01 6.295208e-01 9.607727e-02
-1.800000e-01 6.295208e-01 9.925995e-02
-1.650000e-01 6.295208e-01 1.031239e-01
-1.500000e-01 6.295208e-01 1.077927e-01
-1.350000e-01 6.295208e-01 1.133601e-01
-1.200000e-01 6.295208e-01 1.198019e-01
-1.050000e-01 6.295208e-01 1.267537e-01
-9.000000e-02 6.295208e-01 1.329860e-01
-7.500000e-02 6.295208e-01 1.354676e-01
-6.000000e-02 6.295208e-01 1.294161e-01
-4.500000e-02 6.295208e-01 1.139113e-01
-3.000000e-02 6.295208e-01 9.714653e-02
-1.500000e-02 6.295208e-01 8.653373e-02
5.551115e-17 6.295208e-01 8.314505e-02
1.500000e-02 6.295208e-01 8.653373e-02
3.000000e-02 6.295208e-01 9.714653e-02
4.500000e-02 6.295208e-01 1.139113e-01
6.000000e-02 6.295208e-01 1.294161e-01
7.500000e-02 6.295208e-01 1.354676e-01
9.000000e-02 6.295208e-01 1.329860e-01
1.050000e-01 6.295208e-01 1.267537e-01
1.200000e-01 6.295208e-01 1.198019e-01
1.350000e-01 6.295208e-01 1.133601e-01
1.500000e-01 6.295208e-01 1.077927e-01
1.650000e-01 6.295208e-01 1.031239e-01
1.800000e-01 6.295208e-01 9.925995e-02
1.950000e-01 6.295208e-01 9.607727e-02
2.100000e-01 6.295208e-01 9.345646e-02
2.250000e-01 6.295208e-01 9.129375e-02
2.400000e-01 6.295208e-01 8.950331e-02
2.550000e-01 6.295208e-01 8.801618e-02
2.700000e-01 6.295208e-01 8.677787e-02
2.850000e-01 6.295208e-01 8.574558e-02
3.000000e-01 6.295208e-01 8.488547e-02
-3.000000e-01 6.431850e-01 8.239488e-02
-2.850000e-01 6.431850e-01 8.321744e-02
-2.700000e-01 6.431850e-01 8.420443e-02
-2.550000e-01 6.431850e-01 8.538808e-02
-2.400000e-01 6.431850e-01 8.680911e-02
-2.250000e-01 6.431850e-01 8.851929e-02
-2.100000e-01 6.431850e-01 9.058412e-02
-1.950000e-01 6.431850e-01 9.308494e-02
-1.800000e-01 6.431850e-01 9.611995e-02
-1.650000e-01 6.431850e-01 9.980181e-02
-1.500000e-01 6.431850e-01 1.042466e-01
-1.350000e-01 6.431850e-01 1.095415e-01
-1.200000e-01 6.431850e-01 1.156613e-01
-1.050000e-01 6.431850e-01 1.222584e-01
-9.000000e-02 6.431850e-01 1.281684e-01
-7.500000e-02 6.431850e-01 1.305305e-01
-6.000000e-02 6.431850e-01 1.248410e-01
-4.500000e-02 6.431850e-01 1.102478e-01
-3.000000e-02 6.431850e-01 9.448118e-02
-1.500000e-02 6.431850e-01 8.451318e-02
5.551115e-17 6.431850e-01 8.133376e-02
1.500000e-02 6.431850e-01 8.451318e-02
3.000000e-02 6.431850e-01 9.448118e-02
4.500000e-02 6.431850e-01 1.102478e-01
6.000000e-02 6.431850e-01 1.248410e-01
7.500000e-02 6.431850e-01 1.305305e-01
9.000000e-02 6.431850e-01 1.281684e-01
1.050000e-01 6.431850e-01 1.222584e-01
1.200000e-01 6.431850e-01 1.156613e-01
1.350000e-01 6.431850e-01 1.095415e-01
1.500000e-01 6.431850e-01 1.042466e-01
1.650000e-01 6.431850e-01 9.980181e-02
1.800000e-01 6.431850e-01 9.611995e-02
1.950000e-01 6.431850e-01 9.308494e-02
2.100000e-01 6.431850e-01 9.058412e-02
2.250000e-01 6.431850e-01 8.851929e-02
2.400000e-01 6.431850e-01 8.680911e-02
2.550000e-01 6.431850e-01 8.538808e-02
2.700000e-01 6.431850e-01 8.420443e-02
2.850000e-01 6.431850e-01 8.321744e-02
3.000000e-01 6.431850e-01 8.239488e-02
-3.000000e-01 6.568493e-01 8.001215e-02
-2.850000e-01 6.568493e-01 8.079931e-02
-2.700000e-01 6.568493e-01 8.174362e-02
-2.550000e-01 6.568493e-01 8.287579e-02
-2.400000e-01 6.568493e-01 8.423458e-02
-2.250000e-01 6.568493e-01 8.586926e-02
-2.100000e-01 6.568493e-01 8.784206e-02
-1.950000e-01 6.568493e-01 9.023016e-02
-1.800000e-01 6.568493e-01 9.312658e-02
-1.650000e-01 6.568493e-01 9.663778e-02
-1.500000e-01 6.568493e-01 1.008730e-01
-1.350000e-01 6.568493e-01 1.059135e-01
-1.200000e-01 6.568493e-01 1.117335e-01
-1.050000e-01 6.568493e-01 1.180018e-01
-9.000000e-02 6.568493e-01 1.236163e-01
-7.500000e-02 6.568493e-01 1.258767e-01
-6.000000e-02 6.568493e-01 1.205412e-01
-4.500000e-02 6.568493e-01 1.068186e-01
-3.000000e-02 6.568493e-01 9.200175e-02
-1.500000e-02 6.568493e-01 8.264716e-02
5.551115e-17 6.568493e-01 7.966691e-02
1.500000e-02 6.568493e-01 8.264716e-02
3.000000e-02 6.568493e-01 9.200175e-02
4.500000e-02 6.568493e-01 1.068186e-01
6.000000e-02 6.568493e-01 1.205412e-01
7.500000e-02 6.568493e-01 1.258767e-01
9.000000e-02 6.568493e-01 1.236163e-01
1.050000e-01 6.568493e-01 1.180018e-01
1.200000e-01 6.568493e-01 1.117335e-01
1.350000e-01 6.568493e-01 1.059135e-01
1.500000e-01 6.568493e-01 1.008730e-01
1.650000e-01 6.568493e-01 9.663778e-02
1.800000e-01 6.568493e-01 9.312658e-02
1.950000e-01 6.568493e-01 9.023016e-02
2.100000e-01 6.568493e-01 8.784206e-02
2.250000e-01 6.568493e-01 8.586926e-02
2.400000e-01 6.568493e-01 8.423458e-02
2.550000e-01 6.568493e-01 8.287579e-02
2.700000e-01 6.568493e-01 8.174362e-02
2.850000e-01 6.568493e-01 8.079931e-02
3.000000e-01 6.568493e-01 8.001215e-02
-3.000000e-01 6.705136e-01 7.773114e-02
-2.850000e-01 6.705136e-01 7.848491e-02
-2.700000e-01 6.705136e-01 7.938897e-02
-2.550000e-01 6.705136e-01 8.047261e-02
-2.400000e-01 6.705136e-01 8.177276e-02
-2.250000e-01 6.705136e-01 8.333634e-02
-2.100000e-01 6.705136e-01 8.522252e-02
-1.950000e-01 6.705136e-01 8.750464e-02
-1.800000e-01 6.705136e-01 9.027089e-02
-1.650000e-01 6.705136e-01 9.362198e-02
-1.500000e-01 6.705136e-01 9.766091e-02
-1.350000e-01 6.705136e-01 1.024637e-01
-1.200000e-01 6.705136e-01 1.080043e-01
-1.050000e-01 6.705136e-01 1.139677e-01
-9.000000e-02 6.705136e-01 1.193111e-01
-7.500000e-02 6.705136e-01 1.214860e-01
-6.000000e-02 6.705136e-01 1.164965e-01
-4.500000e-02 6.705136e-01 1.036073e-01
-3.000000e-02 6.705136e-01 8.969582e-02
-1.500000e-02 6.705136e-01 8.092592e-02
5.551115e-17 6.705136e-01 7.813564e-02
1.500000e-02 6.705136e-01 8.092592e-02
3.000000e-02 6.705136e-01 8.969582e-02
4.500000e-02 6.705136e-01 1.036073e-01
6.000000e-02 6.705136e-01 1.164965e-01
7.500000e-02 6.705136e-01 1.214860e-01
9.000000e-02 6.705136e-01 1.193111e-01
1.050000e-01 6.705136e-01 1.139677e-01
1.200000e-01 6.705136e-01 1.080043e-01
1.350000e-01 6.705136e-01 1.024637e-01
1.500000e-01 6.705136e-01 9.766091e-02
1.650000e-01 6.705136e-01 9.362198e-02
1.800000e-01 6.705136e-01 9.027089e-02
1.950000e-01 6.705136e-01 8.750464e-02
2.100000e-01 6.705136e-01 8.522252e-02
2.250000e-01 6.705136e-01 8.333634e-02
2.400000e-01 6.705136e-01 8.177276e-02
2.550000e-01 6.705136e-01 8.047261e-02
2.700000e-01 6.705136e-01 7.938897e-02
2.850000e-01 6.705136e-01 7.848491e-02
3.000000e-01 6.705136e-01 7.773114e-02
-3.000000e-01 6.841779e-01 7.554617e-02
-2.850000e-01 6.841779e-01 7.626841e-02
-2.700000e-01 6.841779e-01 7.713448e-02
-2.550000e-01 6.841779e-01 7.817232e-02
-2.400000e-01 6.841779e-01 7.941718e-02
-2.250000e-01 6.841779e-01 8.091374e-02
-2.100000e-01 6.841779e-01 8.271835e-02
-1.950000e-01 6.841779e-01 8.490072e-02
-1.800000e-01 6.841779e-01 8.754459e-02
-1.650000e-01 6.841779e-01 9.074535e-02
-1.500000e-01 6.841779e-01 9.460026e-02
-1.350000e-01 6.841779e-01 9.918062e-02
-1.200000e-01 6.841779e-01 1.044607e-01
-1.050000e-01 6.841779e-01 1.101411e-01
-9.000000e-02 6.841779e-01 1.152357e-01
-7.500000e-02 6.841779e-01 1.173398e-01
-6.000000e-02 6.841779e-01 1.126891e-01
-4.500000e-02 6.841779e-01 1.005988e-01
-3.000000e-02 6.841779e-01 8.755216e-02
-1.500000e-02 6.841779e-01 7.934072e-02
5.551115e-17 6.841779e-01 7.673199e-02
1.500000e-02 6.841779e-01 7.934072e-02
3.000000e-02 6.841779e-01 8.755216e-02
4.500000e-02 6.841779e-01 1.005988e-01
6.000000e-02 6.841779e-01 1.126891e-01
7.500000e-02 6.841779e-01 1.173398e-01
9.000000e-02 6.841779e-01 1.152357e-01
1.050000e-01 6.841779e-01 1.101411e-01
1.200000e-01 6.841779e-01 1.044607e-01
1.350000e-01 6.841779e-01 9.918062e-02
1.500000e-01 6.841779e-01 9.460026e-02
1.650000e-01 6.841779e-01 9.074535e-02
1.800000e-01 6.841779e-01 8.754459e-02
1.950000e-01 6.841779e-01 8.490072e-02
2.100000e-01 6.841779e-01 8.271835e-02
2.250000e-01 6.841779e-01 8.091374e-02
2.400000e-01 6.841779e-01 7.941718e-02
2.550000e-01 6.841779e-01 7.817232e-02
2.700000e-01 6.841779e-01 7.713448e-02
2.850000e-01 6.841779e-01 7.626841e-02
3.000000e-01 6.841779e-01 7.554617e-02
-3.000000e-01 6.978422e-01 7.345192e-02
-2.850000e-01 6.978422e-01 7.414437e-02
-2.700000e-01 6.978422e-01 7.497455e-02
-2.550000e-01 6.978422e-01 7.596916e-02
-2.400000e-01 6.978422e-01 7.716182e-02
-2.250000e-01 6.978422e-01 7.859517e-02
-2.100000e-01 6.978422e-01 8.032288e-02
-1.950000e-01 6.978422e-01 8.241130e-02
-1.800000e-01 6.978422e-01 8.494001e-02
-1.650000e-01 6.978422e-01 8.799949e-02
-1.500000e-01 6.978422e-01 9.168173e-02
-1.350000e-01 6.978422e-01 9.605381e-02
-1.200000e-01 6.978422e-01 1.010906e-01
-1.050000e-01 6.978422e-01 1.065081e-01
-9.000000e-02 6.978422e-01 1.113744e-01
-7.500000e-02 6.978422e-01 1.134212e-01
-6.000000e-02 6.978422e-01 1.091025e-01
-4.500000e-02 6.978422e-01 9.777949e-02
-3.000000e-02 6.978422e-01 8.556062e-02
-1.500000e-02 6.978422e-01 7.788366e-02
5.551115e-17 6.978422e-01 7.544880e-02
1.500000e-02 6.978422e-01 7.788366e-02
3.000000e-02 6.978422e-01 8.556062e-02
4.500000e-02 6.978422e-01 9.777949e-02
6.000000e-02 6.978422e-01 1.091025e-01
7.500000e-02 6.978422e-01 1.134212e-01
9.000000e-02 6.978422e-01 1.113744e-01
1.050000e-01 6.978422e-01 1.065081e-01
1.200000e-01 6.978422e-01 1.010906e-01
1.350000e-01 6.978422e-01 9.605381e-02
1.500000e-01 6.978422e-01 9.168173e-02
1.650000e-01 6.978422e-01 8.799949e-02
1.800000e-01 6.978422e-01 8.494001e-02
1.950000e-01 6.978422e-01 8.241130e-02
2.100000e-01 6.978422e-01 8.032288e-02
2.250000e-01 6.978422e-01 7.859517e-02
2.400000e-01 6.978422e-01 7.716182e-02
2.550000e-01 6.978422e-01 7.596916e-02
2.700000e-01 6.978422e-01 7.497455e-02
2.850000e-01 6.978422e-01 7.414437e-02
3.000000e-01 6.978422e-01 7.345192e-02
-3.000000e-01 7.115064e-01 7.144345e-02
-2.850000e-01 7.115064e-01 7.210772e-02
-2.700000e-01 7.115064e-01 7.290398e-02
-2.550000e-01 7.115064e-01 7.385774e-02
-2.400000e-01 7.115064e-01 7.500110e-02
-2.250000e-01 7.115064e-01 7.637477e-02
-2.100000e-01 7.115064e-01 7.802993e-02
-1.950000e-01 7.115064e-01 8.002979e-02
-1.800000e-01 7.115064e-01 8.245004e-02
-1.650000e-01 7.115064e-01 8.537662e-02
-1.500000e-01 7.115064e-01 8.889670e-02
-1.350000e-01 7.115064e-01 9.307359e-02
-1.200000e-01 7.115064e-01 9.788305e-02
-1.050000e-01 7.115064e-01 1.030562e-01
-9.000000e-02 7.115064e-01 1.077130e-01
-7.500000e-02 7.115064e-01 1.097146e-01
-6.000000e-02 7.115064e-01 1.057217e-01
-4.500000e-02 7.115064e-01 9.513715e-02
-3.000000e-02 7.115064e-01 8.371202e-02
-1.500000e-02 7.115064e-01 7.654763e-02
5.551115e-17 7.115064e-01 7.427962e-02
1.500000e-02 7.115064e-01 7.654763e-02
3.000000e-02 7.115064e-01 8.371202e-02
4.500000e-02 7.115064e-01 9.513715e-02
6.000000e-02 7.115064e-01 1.057217e-01
7.500000e-02 7.115064e-01 1.097146e-01
9.000000e-02 7.115064e-01 1.077130e-01
1.050000e-01 7.115064e-01 1.030562e-01
1.200000e-01 7.115064e-01 9.788305e-02
1.350000e-01 7.115064e-01 9.307359e-02
1.500000e-01 7.115064e-01 8.889670e-02
1.650000e-01 7.115064e-01 8.537662e-02
1.800000e-01 7.115064e-01 8.245004e-02
1.950000e-01 7.115064e-01 8.002979e-02
2.100000e-01 7.115064e-01 7.802993e-02
2.250000e-01 7.115064e-01 7.637477e-02
2.400000e-01 7.115064e-01 7.500110e-02
2.550000e-01 7.115064e-01 7.385774e-02
2.700000e-01 7.115064e-01 7.290398e-02
2.850000e-01 7.115064e-01 7.210772e-02
3.000000e-01 7.115064e-01 7.144345e-02
-3.000000e-01 7.251707e-01 6.951614e-02
-2.850000e-01 7.251707e-01 7.015376e-02
-2.700000e-01 7.251707e-01 7.091792e-02
-2.550000e-01 7.251707e-01 7.183304e-02
-2.400000e-01 7.251707e-01 7.292981e-02
-2.250000e-01 7.251707e-01 7.424709e-02
-2.100000e-01 7.251707e-01 7.583375e-02
-1.950000e-01 7.251707e-01 7.775005e-02
-1.800000e-01 7.251707e-01 8.006808e-02
-1.650000e-01 7.251707e-01 8.286955e-02
-1.500000e-01 7.251707e-01 8.623721e-02
-1.350000e-01 7.251707e-01 9.023101e-02
-1.200000e-01 7.251707e-01 9.482794e-02
-1.050000e-01 7.251707e-01 9.977385e-02
-9.000000e-02 7.251707e-01 1.042384e-01
-7.500000e-02 7.251707e-01 1.062061e-01
-6.000000e-02 7.251707e-01 1.025331e-01
-4.500000e-02 7.251707e-01 9.266055e-02
-3.000000e-02 7.251707e-01 8.199806e-02
-1.500000e-02 7.251707e-01 7.532622e-02
5.551115e-17 7.251707e-01 7.321866e-02
1.500000e-02 7.251707e-01 7.532622e-02
3.000000e-02 7.251707e-01 8.199806e-02
4.500000e-02 7.251707e-01 9.266055e-02
6.000000e-02 7.251707e-01 1.025331e-01
7.500000e-02 7.251707e-01 1.062061e-01
9.000000e-02 7.251707e-01 1.042384e-01
1.050000e-01 7.251707e-01 9.977385e-02
1.200000e-01 7.251707e-01 9.482794e-02
1.350000e-01 7.251707e-01 9.023101e-02
1.500000e-01 7.251707e-01 8.623721e-02
1.650000e-01 7.251707e-01 8.286955e-02
1.800000e-01 7.251707e-01 8.006808e-02
1.950000e-01 7.251707e-01 7.775005e-02
2.100000e-01 7.251707e-01 7.583375e-02
2.250000e-01 7.251707e-01 7.424709e-02
2.400000e-01 7.251707e-01 7.292981e-02
2.550000e-01 7.251707e-01 7.183304e-02
2.700000e-01 7.251707e-01 7.091792e-02
2.850000e-01 7.251707e-01 7.015376e-02
3.000000e-01 7.251707e-01 6.951614e-02
-3.000000e-01 7.388350e-01 6.766570e-02
-2.850000e-01 7.388350e-01 6.827807e-02
-2.700000e-01 7.388350e-01 6.901185e-02
-2.550000e-01 7.388350e-01 6.989040e-02
-2.400000e-01 7.388350e-01 7.094308e-02
-2.250000e-01 7.388350e-01 7.220705e-02
-2.100000e-01 7.388350e-01 7.372899e-02
-1.950000e-01 7.388350e-01 7.556639e-02
-1.800000e-01 7.388350e-01 7.778799e-02
-1.650000e-01 7.388350e-01 8.047159e-02
-1.500000e-01 7.388350e-01 8.369588e-02
-1.350000e-01 7.388350e-01 8.751782e-02
-1.200000e-01 7.388350e-01 9.191585e-02
-1.050000e-01 7.388350e-01 9.665028e-02
-9.000000e-02 7.388350e-01 1.009385e-01
-7.500000e-02 7.388350e-01 1.028826e-01
-6.000000e-02 7.388350e-01 9.952440e-02
-4.500000e-02 7.388350e-01 9.033950e-02
-3.000000e-02 7.388350e-01 8.041123e-02
-1.500000e-02 7.388350e-01 7.421368e-02
5.551115e-17 7.388350e-01 7.226075e-02
1.500000e-02 7.388350e-01 7.421368e-02
3.000000e-02 7.388350e-01 8.041123e-02
4.500000e-02 7.388350e-01 9.033950e-02
6.000000e-02 7.388350e-01 9.952440e-02
7.500000e-02 7.388350e-01 1.028826e-01
9.000000e-02 7.388350e-01 1.009385e-01
1.050000e-01 7.388350e-01 9.665028e-02
1.200000e-01 7.388350e-01 9.191585e-02
1.350000e-01 7.388350e-01 8.751782e-02
1.500000e-01 7.388350e-01 8.369588e-02
1.650000e-01 7.388350e-01 8.047159e-02
1.800000e-01 7.388350e-01 7.778799e-02
1.950000e-01 7.388350e-01 7.556639e-02
2.100000e-01 7.388350e-01 7.372899e-02
2.250000e-01 7.388350e-01 7.220705e-02
2.400000e-01 7.388350e-01 7.094308e-02
2.550000e-01 7.388350e-01 6.989040e-02
2.700000e-01 7.388350e-01 6.901185e-02
2.850000e-01 7.388350e-01 6.827807e-02
3.000000e-01 7.388350e-01 6.766570e-02
-3.000000e-01 7.524993e-01 6.588809e-02
-2.850000e-01 7.524993e-01 6.647654e-02
-2.700000e-01 7.524993e-01 6.718153e-02
-2.550000e-01 7.524993e-01 6.802544e-02
-2.400000e-01 7.524993e-01 6.903639e-02
-2.250000e-01 7.524993e-01 7.024992e-02
-2.100000e-01 7.524993e-01 7.171065e-02
-1.950000e-01 7.524993e-01 7.347351e-02
-1.800000e-01 7.524993e-01 7.560408e-02
-1.650000e-01 7.524993e-01 7.817655e-02
-1.500000e-01 7.524993e-01 8.126585e-02
-1.350000e-01 7.524993e-01 8.492635e-02
-1.200000e-01 7.524993e-01 8.913815e-02
-1.050000e-01 7.524993e-01 9.367568e-02
-9.000000e-02 7.524993e-01 9.780229e-02
-7.500000e-02 7.524993e-01 9.973238e-02
-6.000000e-02 7.524993e-01 9.668415e-02
-4.500000e-02 7.524993e-01 8.816475e-02
-3.000000e-02 7.524993e-01 7.894474e-02
-1.500000e-02 7.524993e-01 7.320483e-02
5.551115e-17 7.524993e-01 7.140123e-02
1.500000e-02 7.524993e-01 7.320483e-02
3.000000e-02 7.524993e-01 7.894474e-02
4.500000e-02 7.524993e-01 8.816475e-02
6.000000e-02 7.524993e-01 9.668415e-02
7.500000e-02 7.524993e-01 9.973238e-02
9.000000e-02 7.524993e-01 9.780229e-02
1.050000e-01 7.524993e-01 9.367568e-02
1.200000e-01 7.524993e-01 8.913815e-02
1.350000e-01 7.524993e-01 8.492635e-02
1.500000e-01 7.524993e-01 8.126585e-02
1.650000e-01 7.524993e-01 7.817655e-02
1.800000e-01 7.524993e-01 7.560408e-02
1.950000e-01 7.524993e-01 7.347351e-02
2.100000e-01 7.524993e-01 7.171065e-02
2.250000e-01 7.524993e-01 7.024992e-02
2.400000e-01 7.524993e-01 6.903639e-02
2.550000e-01 7.524993e-01 6.802544e-02
2.700000e-01 7.524993e-01 6.718153e-02
2.850000e-01 7.524993e-01 6.647654e-02
3.000000e-01 7.524993e-01 6.588809e-02
-3.000000e-01 7.661636e-01 6.417955e-02
-2.850000e-01 7.661636e-01 6.474531e-02
-2.700000e-01 7.661636e-01 6.542300e-02
-2.550000e-01 7.661636e-01 6.623409e-02
-2.400000e-01 7.661636e-01 6.720551e-02
-2.250000e-01 7.661636e-01 6.837127e-02
-2.100000e-01 7.661636e-01 6.977408e-02
-1.950000e-01 7.661636e-01 7.146646e-02
-1.800000e-01 7.661636e-01 7.351104e-02
-1.650000e-01 7.661636e-01 7.597864e-02
-1.500000e-01 7.661636e-01 7.894079e-02
-1.350000e-01 7.661636e-01 8.244952e-02
-1.200000e-01 7.661636e-01 8.648682e-02
-1.050000e-01 7.661636e-01 9.084098e-02
-9.000000e-02 7.661636e-01 9.481962e-02
-7.500000e-02 7.661636e-01 9.674457e-02
-6.000000e-02 7.661636e-01 9.400201e-02
-4.500000e-02 7.661636e-01 8.612787e-02
-3.000000e-02 7.661636e-01 7.759245e-02
-1.500000e-02 7.661636e-01 7.229505e-02
5.551115e-17 7.661636e-01 7.063596e-02
1.500000e-02 7.661636e-01 7.229505e-02
3.000000e-02 7.661636e-01 7.759245e-02
4.500000e-02 7.661636e-01 8.612787e-02
6.000000e-02 7.661636e-01 9.400201e-02
7.500000e-02 7.661636e-01 9.674457e-02
9.000000e-02 7.661636e-01 9.481962e-02
1.050000e-01 7.661636e-01 9.084098e-02
1.200000e-01 7.661636e-01 8.648682e-02
1.350000e-01 7.661636e-01 8.244952e-02
1.500000e-01 7.661636e-01 7.894079e-02
1.650000e-01 7.661636e-01 7.597864e-02
1.800000e-01 7.661636e-01 7.351104e-02
1.950000e-01 7.661636e-01 7.146646e-02
2.100000e-01 7.661636e-01 6.977408e-02
2.250000e-01 7.661636e-01 6.837127e-02
2.400000e-01 7.661636e-01 6.720551e-02
2.550000e-01 7.661636e-01 6.623409e-02
2.700000e-01 7.661636e-01 6.542300e-02
2.850000e-01 7.661636e-01 6.474531e-02
3.000000e-01 7.661636e-01 6.417955e-02
-3.000000e-01 7.798278e-01 6.253656e-02
-2.850000e-01 7.798278e-01 6.308078e-02
-2.700000e-01 7.798278e-01 6.373258e-02
-2.550000e-01 7.798278e-01 6.451254e-02
-2.400000e-01 7.798278e-01 6.544648e-02
-2.250000e-01 7.798278e-01 6.656699e-02
-2.100000e-01 7.798278e-01 6.791495e-02
-1.950000e-01 7.798278e-01 6.954062e-02
-1.800000e-01 7.798278e-01 7.150392e-02
-1.650000e-01 7.798278e-01 7.387250e-02
-1.500000e-01 7.798278e-01 7.671477e-02
-1.350000e-01 7.798278e-01 8.008074e-02
-1.200000e-01 7.798278e-01 8.395445e-02
-1.050000e-01 7.798278e-01 8.813779e-02
-9.000000e-02 7.798278e-01 9.198110e-02
-7.500000e-02 7.798278e-01 9.390918e-02
-6.000000e-02 7.798278e-01 9.146848e-02
-4.500000e-02 7.798278e-01 8.422119e-02
-3.000000e-02 7.798278e-01 7.634883e-02
-1.500000e-02 7.798278e-01 7.148018e-02
5.551115e-17 7.798278e-01 6.996126e-02
1.500000e-02 7.798278e-01 7.148018e-02
3.000000e-02 7.798278e-01 7.634883e-02
4.500000e-02 7.798278e-01 8.422119e-02
6.000000e-02 7.798278e-01 9.146848e-02
7.500000e-02 7.798278e-01 9.390918e-02
9.000000e-02 7.798278e-01 9.198110e-02
1.050000e-01 7.798278e-01 8.813779e-02
1.200000e-01 7.798278e-01 8.395445e-02
1.350000e-01 7.798278e-01 8.008074e-02
1.500000e-01 7.798278e-01 7.671477e-02
1.650000e-01 7.798278e-01 7.387250e-02
1.800000e-01 7.798278e-01 7.150392e-02
1.950000e-01 7.798278e-01 6.954062e-02
2.100000e-01 7.798278e-01 6.791495e-02
2.250000e-01 7.798278e-01 6.656699e-02
2.400000e-01 7.798278e-01 6.544648e-02
2.550000e-01 7.798278e-01 6.451254e-02
2.700000e-01 7.798278e-01 6.373258e-02
2.850000e-01 7.798278e-01 6.308078e-02
3.000000e-01 7.798278e-01 6.253656e-02
-3.000000e-01 7.934921e-01 6.095581e-02
-2.850000e-01 7.934921e-01 6.147957e-02
-2.700000e-01 7.934921e-01 6.210680e-02
-2.550000e-01 7.934921e-01 6.285722e-02
-2.400000e-01 7.934921e-01 6.375559e-02
-2.250000e-01 7.934921e-01 6.483319e-02
-2.100000e-01 7.934921e-01 6.612919e-02
-1.950000e-01 7.934921e-01 6.769171e-02
-1.800000e-01 7.934921e-01 6.957810e-02
-1.650000e-01 7.934921e-01 7.185313e-02
-1.500000e-01 7.934921e-01 7.458231e-02
-1.350000e-01 7.934921e-01 7.781391e-02
-1.200000e-01 7.934921e-01 8.153418e-02
-1.050000e-01 7.934921e-01 8.555837e-02
-9.000000e-02 7.934921e-01 8.927810e-02
-7.500000e-02 7.934921e-01 9.121705e-02
-6.000000e-02 7.934921e-01 8.907488e-02
-4.500000e-02 7.934921e-01 8.243772e-02
-3.000000e-02 7.934921e-01 7.520887e-02
-1.500000e-02 7.934921e-01 7.075656e-02
5.551115e-17 7.934921e-01 6.937386e-02
1.500000e-02 7.934921e-01 7.075656e-02
3.000000e-02 7.934921e-01 7.520887e-02
4.500000e-02 7.934921e-01 8.243772e-02
6.000000e-02 7.934921e-01 8.907488e-02
7.500000e-02 7.934921e-01 9.121705e-02
9.000000e-02 7.934921e-01 8.927810e-02
1.050000e-01 7.934921e-01 8.555837e-02
1.200000e-01 7.934921e-01 8.153418e-02
1.350000e-01 7.934921e-01 7.781391e-02
1.500000e-01 7.934921e-01 7.458231e-02
1.650000e-01 7.934921e-01 7.185313e-02
1.800000e-01 7.934921e-01 6.957810e-02
1.950000e-01 7.934921e-01 6.769171e-02
2.100000e-01 7.934921e-01 6.612919e-02
2.250000e-01 7.934921e-01 6.483319e-02
2.400000e-01 7.934921e-01 6.375559e-02
2.550000e-01 7.934921e-01 6.285722e-02
2.700000e-01 7.934921e-01 6.210680e-02
2.850000e-01 7.934921e-01 6.147957e-02
3.000000e-01 7.934921e-01 6.095581e-02
-3.000000e-01 8.071564e-01 5.943420e-02
-2.850000e-01 8.071564e-01 5.993853e-02
-2.700000e-01 8.071564e-01 6.054240e-02
-2.550000e-01 8.071564e-01 6.126477e-02
-2.400000e-01 8.071564e-01 6.212940e-02
-2.250000e-01 8.071564e-01 6.316628e-02
-2.100000e-01 8.071564e-01 6.441300e-02
-1.950000e-01 8.071564e-01 6.591568e-02
-1.800000e-01 8.071564e-01 6.772928e-02
-1.650000e-01 8.071564e-01 6.991585e-02
-1.500000e-01 8.071564e-01 7.253829e-02
-1.350000e-01 8.071564e-01 7.564334e-02
-1.200000e-01 8.071564e-01 7.921963e-02
-1.050000e-01 8.071564e-01 8.309552e-02
-9.000000e-02 8.071564e-01 8.670264e-02
-7.500000e-02 8.071564e-01 8.865974e-02
-6.000000e-02 8.071564e-01 8.681324e-02
-4.500000e-02 8.071564e-01 8.077113e-02
-3.000000e-02 8.071564e-01 7.416810e-02
-1.500000e-02 8.071564e-01 7.012091e-02
5.551115e-17 8.071564e-01 6.887092e-02
1.500000e-02 8.071564e-01 7.012091e-02
3.000000e-02 8.071564e-01 7.416810e-02
4.500000e-02 8.071564e-01 8.077113e-02
6.000000e-02 8.071564e-01 8.681324e-02
7.500000e-02 8.071564e-01 8.865974e-02
9.000000e-02 8.071564e-01 8.670264e-02
1.050000e-01 8.071564e-01 8.309552e-02
1.200000e-01 8.071564e-01 7.921963e-02
1.350000e-01 8.071564e-01 7.564334e-02
1.500000e-01 8.071564e-01 7.253829e-02
1.650000e-01 8.071564e-01 6.991585e-02
1.800000e-01 8.071564e-01 6.772928e-02
1.950000e-01 8.071564e-01 6.591568e-02
2.100000e-01 8.071564e-01 6.441300e-02
2.250000e-01 8.071564e-01 6.316628e-02
2.400000e-01 8.071564e-01 6.212940e-02
2.550000e-01 8.071564e-01 6.126477e-02
2.700000e-01 8.071564e-01 6.054240e-02
2.850000e-01 8.071564e-01 5.993853e-02
3.000000e-01 8.071564e-01 5.943420e-02
-3.000000e-01 8.208207e-01 5.796882e-02
-2.850000e-01 8.208207e-01 5.845468e-02
-2.700000e-01 8.208207e-01 5.903635e-02
-2.550000e-01 8.208207e-01 5.973206e-02
-2.400000e-01 8.208207e-01 6.056463e-02
-2.250000e-01 8.208207e-01 6.156287e-02
-2.100000e-01 8.208207e-01 6.276283e-02
-1.950000e-01 8.208207e-01 6.420878e-02
-1.800000e-01 8.208207e-01 6.595343e-02
-1.650000e-01 8.208207e-01 6.805632e-02
-1.500000e-01 8.208207e-01 7.057793e-02
-1.350000e-01 8.208207e-01 7.356374e-02
-1.200000e-01 8.208207e-01 7.700487e-02
-1.050000e-01 8.208207e-01 8.074261e-02
-9.000000e-02 8.208207e-01 8.424735e-02
-7.500000e-02 8.208207e-01 8.622950e-02
-6.000000e-02 8.208207e-01 8.467627e-02
-4.500000e-02 8.208207e-01 7.921563e-02
-3.000000e-02 8.208207e-01 7.322248e-02
-1.500000e-02 8.208207e-01 6.957036e-02
5.551115e-17 8.208207e-01 6.844992e-02
1.500000e-02 8.208207e-01 6.957036e-02
3.000000e-02 8.208207e-01 7.322248e-02
4.500000e-02 8.208207e-01 7.921563e-02
6.000000e-02 8.208207e-01 8.467627e-02
7.500000e-02 8.208207e-01 8.622950e-02
9.000000e-02 8.208207e-01 8.424735e-02
1.050000e-01 8.208207e-01 8.074261e-02
1.200000e-01 8.208207e-01 7.700487e-02
1.350000e-01 8.208207e-01 7.356374e-02
1.500000e-01 8.208207e-01 7.057793e-02
1.650000e-01 8.208207e-01 6.805632e-02
1.800000e-01 8.208207e-01 6.595343e-02
1.950000e-01 8.208207e-01 6.420878e-02
2.100000e-01 8.208207e-01 6.276283e-02
2.250000e-01 8.208207e-01 6.156287e-02
2.400000e-01 8.208207e-01 6.056463e-02
2.550000e-01 8.208207e-01 5.973206e-02
2.700000e-01 8.208207e-01 5.903635e-02
2.850000e-01 8.208207e-01 5.845468e-02
3.000000e-01 8.208207e-01 5.796882e-02
-3.000000e-01 8.344850e-01 5.655695e-02
-2.850000e-01 8.344850e-01 5.702523e-02
-2.700000e-01 8.344850e-01 5.758579e-02
-2.550000e-01 8.344850e-01 5.825615e-02
-2.400000e-01 8.344850e-01 5.905826e-02
-2.250000e-01 8.344850e-01 6.001978e-02
-2.100000e-01 8.344850e-01 6.117535e-02
-1.950000e-01 8.344850e-01 6.256749e-02
-1.800000e-01 8.344850e-01 6.424678e-02
-1.650000e-01 8.344850e-01 6.627047e-02
-1.500000e-01 8.344850e-01 6.869680e-02
-1.350000e-01 8.344850e-01 7.157019e-02
-1.200000e-01 8.344850e-01 7.488441e-02
-1.050000e-01 8.344850e-01 7.849347e-02
-9.000000e-02 8.344850e-01 8.190542e-02
-7.500000e-02 8.344850e-01 8.391916e-02
-6.000000e-02 8.344850e-01 8.265728e-02
-4.500000e-02 8.344850e-01 7.776597e-02
-3.000000e-02 8.344850e-01 7.236842e-02
-1.500000e-02 8.344850e-01 6.910242e-02
5.551115e-17 8.344850e-01 6.810873e-02
1.500000e-02 8.344850e-01 6.910242e-02
3.000000e-02 8.344850e-01 7.236842e-02
4.500000e-02 8.344850e-01 7.776597e-02
6.000000e-02 8.344850e-01 8.265728e-02
7.500000e-02 8.344850e-01 8.391916e-02
9.000000e-02 8.344850e-01 8.190542e-02
1.050000e-01 8.344850e-01 7.849347e-02
1.200000e-01 8.344850e-01 7.488441e-02
1.350000e-01 8.344850e-01 7.157019e-02
1.500000e-01 8.344850e-01 6.869680e-02
1.650000e-01 8.344850e-01 6.627047e-02
1.800000e-01 8.344850e-01 6.424678e-02
1.950000e-01 8.344850e-01 6.256749e-02
2.100000e-01 8.344850e-01 6.117535e-02
2.250000e-01 8.344850e-01 6.001978e-02
2.400000e-01 8.344850e-01 5.905826e-02
2.550000e-01 8.344850e-01 5.825615e-02
2.700000e-01 8.344850e-01 5.758579e-02
2.850000e-01 8.344850e-01 5.702523e-02
3.000000e-01 8.344850e-01 5.655695e-02
-3.000000e-01 8.481492e-01 5.519601e-02
-2.850000e-01 8.481492e-01 5.564756e-02
-2.700000e-01 8.481492e-01 5.618803e-02
-2.550000e-01 8.481492e-01 5.683428e-02
-2.400000e-01 8.481492e-01 5.760741e-02
-2.250000e-01 8.481492e-01 5.853404e-02
-2.100000e-01 8.481492e-01 5.964745e-02
-1.950000e-01 8.481492e-01 6.098850e-02
-1.800000e-01 8.481492e-01 6.260582e-02
-1.650000e-01 8.481492e-01 6.455448e-02
-1.500000e-01 8.481492e-01 6.689073e-02
-1.350000e-01 8.481492e-01 6.965810e-02
-1.200000e-01 8.481492e-01 7.285312e-02
-1.050000e-01 8.481492e-01 7.634236e-02
-9.000000e-02 8.481492e-01 7.967053e-02
-7.500000e-02 8.481492e-01 8.172212e-02
-6.000000e-02 8.481492e-01 8.075012e-02
-4.500000e-02 8.481492e-01 7.641740e-02
-3.000000e-02 8.481492e-01 7.160274e-02
-1.500000e-02 8.481492e-01 6.871491e-02
5.551115e-17 8.481492e-01 6.784553e-02
1.500000e-02 8.481492e-01 6.871491e-02
3.000000e-02 8.481492e-01 7.160274e-02
4.500000e-02 8.481492e-01 7.641740e-02
6.000000e-02 8.481492e-01 8.075012e-02
7.500000e-02 8.481492e-01 8.172212e-02
9.000000e-02 8.481492e-01 7.967053e-02
1.050000e-01 8.481492e-01 7.634236e-02
1.200000e-01 8.481492e-01 7.285312e-02
1.350000e-01 8.481492e-01 6.965810e-02
1.500000e-01 8.481492e-01 6.689073e-02
1.650000e-01 8.481492e-01 6.455448e-02
1.800000e-01 8.481492e-01 6.260582e-02
1.950000e-01 8.481492e-01 6.098850e-02
2.100000e-01 8.481492e-01 5.964745e-02
2.250000e-01 8.481492e-01 5.853404e-02
2.400000e-01 8.481492e-01 5.760741e-02
2.550000e-01 8.481492e-01 5.683428e-02
2.700000e-01 8.481492e-01 5.618803e-02
2.850000e-01 8.481492e-01 5.564756e-02
3.000000e-01 8.481492e-01 5.519601e-02
-3.000000e-01 8.618135e-01 5.388359e-02
-2.850000e-01 8.618135e-01 5.431920e-02
-2.700000e-01 8.618135e-01 5.484054e-02
-2.550000e-01 8.618135e-01 5.546384e-02
-2.400000e-01 8.618135e-01 5.620941e-02
-2.250000e-01 8.618135e-01 5.710285e-02
-2.100000e-01 8.618135e-01 5.817618e-02
-1.950000e-01 8.618135e-01 5.946871e-02
-1.800000e-01 8.618135e-01 6.102725e-02
-1.650000e-01 8.618135e-01 6.290481e-02
-1.500000e-01 8.618135e-01 6.515585e-02
-1.350000e-01 8.618135e-01 6.782319e-02
-1.200000e-01 8.618135e-01 7.090624e-02
-1.050000e-01 8.618135e-01 7.428398e-02
-9.000000e-02 8.618135e-01 7.753685e-02
-7.500000e-02 8.618135e-01 7.963229e-02
-6.000000e-02 8.618135e-01 7.894918e-02
-4.500000e-02 8.618135e-01 7.516560e-02
-3.000000e-02 8.618135e-01 7.092260e-02
-1.500000e-02 8.618135e-01 6.840601e-02
5.551115e-17 8.618135e-01 6.765881e-02
1.500000e-02 8.618135e-01 6.840601e-02
3.000000e-02 8.618135e-01 7.092260e-02
4.500000e-02 8.618135e-01 7.516560e-02
6.000000e-02 8.618135e-01 7.894918e-02
7.500000e-02 8.618135e-01 7.963229e-02
9.000000e-02 8.618135e-01 7.753685e-02
1.050000e-01 8.618135e-01 7.428398e-02
1.200000e-01 8.618135e-01 7.090624e-02
1.350000e-01 8.618135e-01 6.782319e-02
1.500000e-01 8.618135e-01 6.515585e-02
1.650000e-01 8.618135e-01 6.290481e-02
1.800000e-01 8.618135e-01 6.102725e-02
1.950000e-01 8.618135e-01 5.946871e-02
2.100000e-01 8.618135e-01 5.817618e-02
2.250000e-01 8.618135e-01 5.710285e-02
2.400000e-01 8.618135e-01 5.620941e-02
2.550000e-01 8.618135e-01 5.546384e-02
2.700000e-01 8.618135e-01 5.484054e-02
2.850000e-01 8.618135e-01 5.431920e-02
3.000000e-01 8.618135e-01 5.388359e-02
-3.000000e-01 8.754778e-01 5.261742e-02
-2.850000e-01 8.754778e-01 5.303784e-02
-2.700000e-01 8.754778e-01 5.354096e-02
-2.550000e-01 8.754778e-01 5.414240e-02
-2.400000e-01 8.754778e-01 5.486172e-02
-2.250000e-01 8.754778e-01 5.572358e-02
-2.100000e-01 8.754778e-01 5.675881e-02
-1.950000e-01 8.754778e-01 5.800524e-02
-1.800000e-01 8.754778e-01 5.950795e-02
-1.650000e-01 8.754778e-01 6.131812e-02
-1.500000e-01 8.754778e-01 6.348851e-02
-1.350000e-01 8.754778e-01 6.606144e-02
-1.200000e-01 8.754778e-01 6.903932e-02
-1.050000e-01 8.754778e-01 7.231337e-02
-9.000000e-02 8.754778e-01 7.549895e-02
-7.500000e-02 8.754778e-01 7.764405e-02
-6.000000e-02 8.754778e-01 7.724931e-02
-4.500000e-02 8.754778e-01 7.400669e-02
-3.000000e-02 8.754778e-01 7.032555e-02
-1.500000e-02 8.754778e-01 6.817420e-02
5.551115e-17 8.754778e-01 6.754736e-02
1.500000e-02 8.754778e-01 6.817420e-02
3.000000e-02 8.754778e-01 7.032555e-02
4.500000e-02 8.754778e-01 7.400669e-02
6.000000e-02 8.754778e-01 7.724931e-02
7.500000e-02 8.754778e-01 7.764405e-02
9.000000e-02 8.754778e-01 7.549895e-02
1.050000e-01 8.754778e-01 7.231337e-02
1.200000e-01 8.754778e-01 6.903932e-02
1.350000e-01 8.754778e-01 6.606144e-02
1.500000e-01 8.754778e-01 6.348851e-02
1.650000e-01 8.754778e-01 6.131812e-02
1.800000e-01 8.754778e-01 5.950795e-02
1.950000e-01 8.754778e-01 5.800524e-02
2.100000e-01 8.754778e-01 5.675881e-02
2.250000e-01 8.754778e-01 5.572358e-02
2.400000e-01 8.754778e-01 5.486172e-02
2.550000e-01 8.754778e-01 5.414240e-02
2.700000e-01 8.754778e-01 5.354096e-02
2.850000e-01 8.754778e-01 5.303784e-02
3.000000e-01 8.754778e-01 5.261742e-02
-3.000000e-01 8.891421e-01 5.139535e-02
-2.850000e-01 8.891421e-01 5.180129e-02
-2.700000e-01 8.891421e-01 5.228703e-02
-2.550000e-01 8.891421e-01 5.286764e-02
-2.400000e-01 8.891421e-01 5.356197e-02
-2.250000e-01 8.891421e-01 5.439376e-02
-2.100000e-01 8.891421e-01 5.539273e-02
-1.950000e-01 8.891421e-01 5.659533e-02
-1.800000e-01 8.891421e-01 5.804504e-02
-1.650000e-01 8.891421e-01 5.979128e-02
-1.500000e-01 8.891421e-01 6.188532e-02
-1.350000e-01 8.891421e-01 6.436914e-02
-1.200000e-01 8.891421e-01 6.724821e-02
-1.050000e-01 8.891421e-01 7.042594e-02
-9.000000e-02 8.891421e-01 7.355180e-02
-7.500000e-02 8.891421e-01 7.575220e-02
-6.000000e-02 8.891421e-01 7.564577e-02
-4.500000e-02 8.891421e-01 7.293716e-02
-3.000000e-02 8.891421e-01 6.980945e-02
-1.500000e-02 8.891421e-01 6.801825e-02
5.551115e-17 8.891421e-01 6.751026e-02
1.500000e-02 8.891421e-01 6.801825e-02
3.000000e-02 8.891421e-01 6.980945e-02
4.500000e-02 8.891421e-01 7.293716e-02
6.000000e-02 8.891421e-01 7.564577e-02
7.500000e-02 8.891421e-01 7.575220e-02
9.000000e-02 8.891421e-01 7.355180e-02
1.050000e-01 8.891421e-01 7.042594e-02
1.200000e-01 8.891421e-01 6.724821e-02
1.350000e-01 8.891421e-01 6.436914e-02
1.500000e-01 8.891421e-01 6.188532e-02
1.650000e-01 8.891421e-01 5.979128e-02
1.800000e-01 8.891421e-01 5.804504e-02
1.950000e-01 8.891421e-01 5.659533e-02
2.100000e-01 8.891421e-01 5.539273e-02
2.250000e-01 8.891421e-01 5.439376e-02
2.400000e-01 8.891421e-01 5.356197e-02
2.550000e-01 8.891421e-01 5.286764e-02
2.700000e-01 8.891421e-01 5.228703e-02
2.850000e-01 8.891421e-01 5.180129e-02
3.000000e-01 8.891421e-01 5.139535e-02
-3.000000e-01 9.028064e-01 5.021537e-02
-2.850000e-01 9.028064e-01 5.060749e-02
-2.700000e-01 9.028064e-01 5.107666e-02
-2.550000e-01 9.028064e-01 5.163741e-02
-2.400000e-01 9.028064e-01 5.230792e-02
-2.250000e-01 9.028064e-01 5.311108e-02
-2.100000e-01 9.028064e-01 5.407553e-02
-1.950000e-01 9.028064e-01 5.523644e-02
-1.800000e-01 9.028064e-01 5.663578e-02
-1.650000e-01 9.028064e-01 5.832136e-02
-1.500000e-01 9.028064e-01 6.034310e-02
-1.350000e-01 9.028064e-01 6.274277e-02
-1.200000e-01 9.028064e-01 6.552904e-02
-1.050000e-01 9.028064e-01 6.861738e-02
-9.000000e-02 9.028064e-01 7.169075e-02
-7.500000e-02 9.028064e-01 7.395195e-02
-6.000000e-02 9.028064e-01 7.413426e-02
-4.500000e-02 9.028064e-01 7.195388e-02
-3.000000e-02 9.028064e-01 6.937249e-02
-1.500000e-02 9.028064e-01 6.793723e-02
5.551115e-17 9.028064e-01 6.754686e-02
1.500000e-02 9.028064e-01 6.793723e-02
3.000000e-02 9.028064e-01 6.937249e-02
4.500000e-02 9.028064e-01 7.195388e-02
6.000000e-02 9.028064e-01 7.413426e-02
7.500000e-02 9.028064e-01 7.395195e-02
9.000000e-02 9.028064e-01 7.169075e-02
1.050000e-01 9.028064e-01 6.861738e-02
1.200000e-01 9.028064e-01 6.552904e-02
1.350000e-01 9.028064e-01 6.274277e-02
1.500000e-01 9.028064e-01 6.034310e-02
1.650000e-01 9.028064e-01 5.832136e-02
1.800000e-01 9.028064e-01 5.663578e-02
1.950000e-01 9.028064e-01 5.523644e-02
2.100000e-01 9.028064e-01 5.407553e-02
2.250000e-01 9.028064e-01 5.311108e-02
2.400000e-01 9.028064e-01 5.230792e-02
2.550000e-01 9.028064e-01 5.163741e-02
2.700000e-01 9.028064e-01 5.107666e-02
2.850000e-01 9.028064e-01 5.060749e-02
3.000000e-01 9.028064e-01 5.021537e-02
-3.000000e-01 9.164706e-01 4.907556e-02
-2.850000e-01 9.164706e-01 4.945450e-02
-2.700000e-01 9.164706e-01 4.990786e-02
-2.550000e-01 9.164706e-01 5.044967e-02
-2.400000e-01 9.164706e-01 5.109746e-02
-2.250000e-01 9.164706e-01 5.187333e-02
-2.100000e-01 9.164706e-01 5.280491e-02
-1.950000e-01 9.164706e-01 5.392616e-02
-1.800000e-01 9.164706e-01 5.527761e-02
-1.650000e-01 9.164706e-01 5.690562e-02
-1.500000e-01 9.164706e-01 5.885886e-02
-1.350000e-01 9.164706e-01 6.117906e-02
-1.200000e-01 9.164706e-01 6.387820e-02
-1.050000e-01 9.164706e-01 6.688372e-02
-9.000000e-02 9.164706e-01 6.991147e-02
-7.500000e-02 9.164706e-01 7.223888e-02
-6.000000e-02 9.164706e-01 7.271084e-02
-4.500000e-02 9.164706e-01 7.105407e-02
-3.000000e-02 9.164706e-01 6.901315e-02
-1.500000e-02 9.164706e-01 6.793047e-02
5.551115e-17 9.164706e-01 6.765679e-02
1.500000e-02 9.164706e-01 6.793047e-02
3.000000e-02 9.164706e-01 6.901315e-02
4.500000e-02 9.164706e-01 7.105407e-02
6.000000e-02 9.164706e-01 7.271084e-02
7.500000e-02 9.164706e-01 7.223888e-02
9.000000e-02 9.164706e-01 6.991147e-02
1.050000e-01 9.164706e-01 6.688372e-02
1.200000e-01 9.164706e-01 6.387820e-02
1.350000e-01 9.164706e-01 6.117906e-02
1.500000e-01 9.164706e-01 5.885886e-02
1.650000e-01 9.164706e-01 5.690562e-02
1.800000e-01 9.164706e-01 5.527761e-02
1.950000e-01 9.164706e-01 5.392616e-02
2.100000e-01 9.164706e-01 5.280491e-02
2.250000e-01 9.164706e-01 5.187333e-02
2.400000e-01 9.164706e-01 5.109746e-02
2.550000e-01 9.164706e-01 5.044967e-02
2.700000e-01 9.164706e-01 4.990786e-02
2.850000e-01 9.164706e-01 4.945450e-02
3.000000e-01 9.164706e-01 4.907556e-02
-3.000000e-01 9.301349e-01 4.797414e-02
-2.850000e-01 9.301349e-01 4.834048e-02
-2.700000e-01 9.301349e-01 4.877875e-02
-2.550000e-01 9.301349e-01 4.930248e-02
-2.400000e-01 9.301349e-01 4.992861e-02
-2.250000e-01 9.301349e-01 5.067846e-02
-2.100000e-01 9.301349e-01 5.157873e-02
-1.950000e-01 9.301349e-01 5.266220e-02
-1.800000e-01 9.301349e-01 5.396812e-02
-1.650000e-01 9.301349e-01 5.554145e-02
-1.500000e-01 9.301349e-01 5.742980e-02
-1.350000e-01 9.301349e-01 5.967496e-02
-1.200000e-01 9.301349e-01 6.229231e-02
-1.050000e-01 9.301349e-01 6.522123e-02
-9.000000e-02 9.301349e-01 6.820992e-02
-7.500000e-02 9.301349e-01 7.060891e-02
-6.000000e-02 9.301349e-01 7.137190e-02
-4.500000e-02 9.301349e-01 7.023524e-02
-3.000000e-02 9.301349e-01 6.873021e-02
-1.500000e-02 9.301349e-01 6.799758e-02
5.551115e-17 9.301349e-01 6.783993e-02
1.500000e-02 9.301349e-01 6.799758e-02
3.000000e-02 9.301349e-01 6.873021e-02
4.500000e-02 9.301349e-01 7.023524e-02
6.000000e-02 9.301349e-01 7.137190e-02
7.500000e-02 9.301349e-01 7.060891e-02
9.000000e-02 9.301349e-01 6.820992e-02
1.050000e-01 9.301349e-01 6.522123e-02
1.200000e-01 9.301349e-01 6.229231e-02
1.350000e-01 9.301349e-01 5.967496e-02
1.500000e-01 9.301349e-01 5.742980e-02
1.650000e-01 9.301349e-01 5.554145e-02
1.800000e-01 9.301349e-01 5.396812e-02
1.950000e-01 9.301349e-01 5.266220e-02
2.100000e-01 9.301349e-01 5.157873e-02
2.250000e-01 9.301349e-01 5.067846e-02
2.400000e-01 9.301349e-01 4.992861e-02
2.550000e-01 9.301349e-01 4.930248e-02
2.700000e-01 9.301349e-01 4.877875e-02
2.850000e-01 9.301349e-01 4.834048e-02
3.000000e-01 9.301349e-01 4.797414e-02
-3.000000e-01 9.437992e-01 4.690940e-02
-2.850000e-01 9.437992e-01 4.726371e-02
-2.700000e-01 9.437992e-01 4.768756e-02
-2.550000e-01 9.437992e-01 4.819403e-02
-2.400000e-01 9.437992e-01 4.879948e-02
-2.250000e-01 9.437992e-01 4.952452e-02
-2.100000e-01 9.437992e-01 5.039493e-02
-1.950000e-01 9.437992e-01 5.144244e-02
-1.800000e-01 9.437992e-01 5.270505e-02
-1.650000e-01 9.437992e-01 5.422644e-02
-1.500000e-01 9.437992e-01 5.605328e-02
-1.350000e-01 9.437992e-01 5.822757e-02
-1.200000e-01 9.437992e-01 6.076821e-02
-1.050000e-01 9.437992e-01 6.362644e-02
-9.000000e-02 9.437992e-01 6.658238e-02
-7.500000e-02 9.437992e-01 6.905827e-02
-6.000000e-02 9.437992e-01 7.011419e-02
-4.500000e-02 9.437992e-01 6.949526e-02
-3.000000e-02 9.437992e-01 6.852274e-02
-1.500000e-02 9.437992e-01 6.813846e-02
5.551115e-17 9.437992e-01 6.809646e-02
1.500000e-02 9.437992e-01 6.813846e-02
3.000000e-02 9.437992e-01 6.852274e-02
4.500000e-02 9.437992e-01 6.949526e-02
6.000000e-02 9.437992e-01 7.011419e-02
7.500000e-02 9.437992e-01 6.905827e-02
9.000000e-02 9.437992e-01 6.658238e-02
1.050000e-01 9.437992e-01 6.362644e-02
1.200000e-01 9.437992e-01 6.076821e-02
1.350000e-01 9.437992e-01 5.822757e-02
1.500000e-01 9.437992e-01 5.605328e-02
1.650000e-01 9.437992e-01 5.422644e-02
1.800000e-01 9.437992e-01 5.270505e-02
1.950000e-01 9.437992e-01 5.144244e-02
2.100000e-01 9.437992e-01 5.039493e-02
2.250000e-01 9.437992e-01 4.952452e-02
2.400000e-01 9.437992e-01 4.879948e-02
2.550000e-01 9.437992e-01 4.819403e-02
2.700000e-01 9.437992e-01 4.768756e-02
2.850000e-01 9.437992e-01 4.726371e-02
3.000000e-01 9.437992e-01 4.690940e-02
-3.000000e-01 9.574635e-01 4.587973e-02
-2.850000e-01 9.574635e-01 4.622254e-02
-2.700000e-01 9.574635e-01 4.663262e-02
-2.550000e-01 9.574635e-01 4.712261e-02
-2.400000e-01 9.574635e-01 4.770832e-02
-2.250000e-01 9.574635e-01 4.840967e-02
-2.100000e-01 9.574635e-01 4.925162e-02
-1.950000e-01 9.574635e-01 5.026487e-02
-1.800000e-01 9.574635e-01 5.148625e-02
-1.650000e-01 9.574635e-01 5.295831e-02
-1.500000e-01 9.574635e-01 5.472684e-02
-1.350000e-01 9.574635e-01 5.683422e-02
-1.200000e-01 9.574635e-01 5.930294e-02
-1.050000e-01 9.574635e-01 6.209611e-02
-9.000000e-02 9.574635e-01 6.502539e-02
-7.500000e-02 9.574635e-01 6.758349e-02
-6.000000e-02 9.574635e-01 6.893474e-02
-4.500000e-02 9.574635e-01 6.883224e-02
-3.000000e-02 9.574635e-01 6.839007e-02
-1.500000e-02 9.574635e-01 6.835325e-02
5.551115e-17 9.574635e-01 6.842678e-02
1.500000e-02 9.574635e-01 6.835325e-02
3.000000e-02 9.574635e-01 6.839007e-02
4.500000e-02 9.574635e-01 6.883224e-02
6.000000e-02 9.574635e-01 6.893474e-02
7.500000e-02 9.574635e-01 6.758349e-02
9.000000e-02 9.574635e-01 6.502539e-02
1.050000e-01 9.574635e-01 6.209611e-02
1.200000e-01 9.574635e-01 5.930294e-02
1.350000e-01 9.574635e-01 5.683422e-02
1.500000e-01 9.574635e-01 5.472684e-02
1.650000e-01 9.574635e-01 5.295831e-02
1.800000e-01 9.574635e-01 5.148625e-02
1.950000e-01 9.574635e-01 5.026487e-02
2.100000e-01 9.574635e-01 4.925162e-02
2.250000e-01 9.574635e-01 4.840967e-02
2.400000e-01 9.574635e-01 4.770832e-02
2.550000e-01 9.574635e-01 4.712261e-02
2.700000e-01 9.574635e-01 4.663262e-02
2.850000e-01 9.574635e-01 4.622254e-02
3.000000e-01 9.574635e-01 4.587973e-02
-3.000000e-01 9.711278e-01 4.488363e-02
-2.850000e-01 9.711278e-01 4.521543e-02
-2.700000e-01 9.711278e-01 4.561234e-02
-2.550000e-01 9.711278e-01 4.608658e-02
-2.400000e-01 9.711278e-01 4.665344e-02
-2.250000e-01 9.711278e-01 4.733219e-02
-2.100000e-01 9.711278e-01 4.814699e-02
-1.950000e-01 9.711278e-01 4.912757e-02
-1.800000e-01 9.711278e-01 5.030972e-02
-1.650000e-01 9.711278e-01 5.173489e-02
-1.500000e-01 9.711278e-01 5.344817e-02
-1.350000e-01 9.711278e-01 5.549238e-02
-1.200000e-01 9.711278e-01 5.789373e-02
-1.050000e-01 9.711278e-01 6.062722e-02
-9.000000e-02 9.711278e-01 6.353571e-02
-7.500000e-02 9.711278e-01 6.618137e-02
-6.000000e-02 9.711278e-01 6.783088e-02
-4.500000e-02 9.711278e-01 6.824462e-02
-3.000000e-02 9.711278e-01 6.833181e-02
-1.500000e-02 9.711278e-01 6.864235e-02
5.551115e-17 9.711278e-01 6.883158e-02
1.500000e-02 9.711278e-01 6.864235e-02
3.000000e-02 9.711278e-01 6.833181e-02
4.500000e-02 9.711278e-01 6.824462e-02
6.000000e-02 9.711278e-01 6.783088e-02
7.500000e-02 9.711278e-01 6.618137e-02
9.000000e-02 9.711278e-01 6.353571e-02
1.050000e-01 9.711278e-01 6.062722e-02
1.200000e-01 9.711278e-01 5.789373e-02
1.350000e-01 9.711278e-01 5.549238e-02
1.500000e-01 9.711278e-01 5.344817e-02
1.650000e-01 9.711278e-01 5.173489e-02
1.800000e-01 9.711278e-01 5.030972e-02
1.950000e-01 9.711278e-01 4.912757e-02
2.100000e-01 9.711278e-01 4.814699e-02
2.250000e-01 9.711278e-01 4.733219e-02
2.400000e-01 9.711278e-01 4.665344e-02
2.550000e-01 9.711278e-01 4.608658e-02
2.700000e-01 9.711278e-01 4.561234e-02
2.850000e-01 9.711278e-01 4.521543e-02
3.000000e-01 9.711278e-01 4.488363e-02
-3.000000e-01 9.847920e-01 4.391964e-02
-2.850000e-01 9.847920e-01 4.424093e-02
-2.700000e-01 9.847920e-01 4.462524e-02
-2.550000e-01 9.847920e-01 4.508442e-02
-2.400000e-01 9.847920e-01 4.563326e-02
-2.250000e-01 9.847920e-01 4.629043e-02
-2.100000e-01 9.847920e-01 4.707932e-02
-1.950000e-01 9.847920e-01 4.802877e-02
-1.800000e-01 9.847920e-01 4.917356e-02
-1.650000e-01 9.847920e-01 5.055417e-02
-1.500000e-01 9.847920e-01 5.221506e-02
-1.350000e-01 9.847920e-01 5.419966e-02
-1.200000e-01 9.847920e-01 5.653799e-02
-1.050000e-01 9.847920e-01 5.921695e-02
-9.000000e-02 9.847920e-01 6.211036e-02
-7.500000e-02 9.847920e-01 6.484898e-02
-6.000000e-02 9.847920e-01 6.680023e-02
-4.500000e-02 9.847920e-01 6.773109e-02
-3.000000e-02 9.847920e-01 6.834784e-02
-1.500000e-02 9.847920e-01 6.900645e-02
5.551115e-17 9.847920e-01 6.931181e-02
1.500000e-02 9.847920e-01 6.900645e-02
3.000000e-02 9.847920e-01 6.834784e-02
4.500000e-02 9.847920e-01 6.773109e-02
6.000000e-02 9.847920e-01 6.680023e-02
7.500000e-02 9.847920e-01 6.484898e-02
9.000000e-02 9.847920e-01 6.211036e-02
1.050000e-01 9.847920e-01 5.921695e-02
1.200000e-01 9.847920e-01 5.653799e-02
1.350000e-01 9.847920e-01 5.419966e-02
1.500000e-01 9.847920e-01 5.221506e-02
1.650000e-01 9.847920e-01 5.055417e-02
1.800000e-01 9.847920e-01 4.917356e-02
1.950000e-01 9.847920e-01 4.802877e-02
2.100000e-01 9.847920e-01 4.707932e-02
2.250000e-01 9.847920e-01 4.629043e-02
2.400000e-01 9.847920e-01 4.563326e-02
2.550000e-01 9.847920e-01 4.508442e-02
2.700000e-01 9.847920e-01 4.462524e-02
2.850000e-01 9.847920e-01 4.424093e-02
3.000000e-01 9.847920e-01 4.391964e-02
-3.000000e-01 9.984563e-01 4.298641e-02
-2.850000e-01 9.984563e-01 4.329763e-02
-2.700000e-01 9.984563e-01 4.366990e-02
-2.550000e-01 9.984563e-01 4.411468e-02
-2.400000e-01 9.984563e-01 4.464630e-02
-2.250000e-01 9.984563e-01 4.528285e-02
-2.100000e-01 9.984563e-01 4.604700e-02
-1.950000e-01 9.984563e-01 4.696677e-02
-1.800000e-01 9.984563e-01 4.807599e-02
-1.650000e-01 9.984563e-01 4.941424e-02
-1.500000e-01 9.984563e-01 5.102548e-02
-1.350000e-01 9.984563e-01 5.295385e-02
-1.200000e-01 9.984563e-01 5.523330e-02
-1.050000e-01 9.984563e-01 5.786266e-02
-9.000000e-02 9.984563e-01 6.074657e-02
-7.500000e-02 9.984563e-01 6.358362e-02
-6.000000e-02 9.984563e-01 6.584063e-02
-4.500000e-02 9.984563e-01 6.729059e-02
-3.000000e-02 9.984563e-01 6.843830e-02
-1.500000e-02 9.984563e-01 6.944650e-02
5.551115e-17 9.984563e-01 6.986870e-02
1.500000e-02 9.984563e-01 6.944650e-02
3.000000e-02 9.984563e-01 6.843830e-02
4.500000e-02 9.984563e-01 6.729059e-02
6.000000e-02 9.984563e-01 6.584063e-02
7.500000e-02 9.984563e-01 6.358362e-02
9.000000e-02 9.984563e-01 6.074657e-02
1.050000e-01 9.984563e-01 5.786266e-02
1.200000e-01 9.984563e-01 5.523330e-02
1.350000e-01 9.984563e-01 5.295385e-02
1.500000e-01 9.984563e-01 5.102548e-02
1.650000e-01 9.984563e-01 4.941424e-02
1.800000e-01 9.984563e-01 4.807599e-02
1.950000e-01 9.984563e-01 4.696677e-02
2.100000e-01 9.984563e-01 4.604700e-02
2.250000e-01 9.984563e-01 4.528285e-02
2.400000e-01 9.984563e-01 4.464630e-02
2.550000e-01 9.984563e-01 4.411468e-02
2.700000e-01 9.984563e-01 4.366990e-02
2.850000e-01 9.984563e-01 4.329763e-02
3.000000e-01 9.984563e-01 4.298641e-02
-3.000000e-01 1.012121e+00 4.208266e-02
-2.850000e-01 1.012121e+00 4.238424e-02
-2.700000e-01 1.012121e+00 4.274498e-02
-2.550000e-01 1.012121e+00 4.317598e-02
-2.400000e-01 1.012121e+00 4.369113e-02
-2.250000e-01 1.012121e+00 4.430798e-02
-2.100000e-01 1.012121e+00 4.504852e-02
-1.950000e-01 1.012121e+00 4.593998e-02
-1.800000e-01 1.012121e+00 4.701531e-02
-1.650000e-01 1.012121e+00 4.831330e-02
-1.500000e-01 1.012121e+00 4.987750e-02
-1.350000e-01 1.012121e+00 5.175286e-02
-1.200000e-01 1.012121e+00 5.397738e-02
-1.050000e-01 1.012121e+00 5.656191e-02
-9.000000e-02 1.012121e+00 5.944176e-02
-7.500000e-02 1.012121e+00 6.238285e-02
-6.000000e-02 1.012121e+00 6.495022e-02
-4.500000e-02 1.012121e+00 6.692237e-02
-3.000000e-02 1.012121e+00 6.860360e-02
-1.500000e-02 1.012121e+00 6.996373e-02
5.551115e-17 1.012121e+00 7.050376e-02
1.500000e-02 1.012121e+00 6.996373e-02
3.000000e-02 1.012121e+00 6.860360e-02
4.500000e-02 1.012121e+00 6.692237e-02
6.000000e-02 1.012121e+00 6.495022e-02
7.500000e-02 1.012121e+00 6.238285e-02
9.000000e-02 1.012121e+00 5.944176e-02
1.050000e-01 1.012121e+00 5.656191e-02
1.200000e-01 1.012121e+00 5.397738e-02
1.350000e-01 1.012121e+00 5.175286e-02
1.500000e-01 1.012121e+00 4.987750e-02
1.650000e-01 1.012121e+00 4.831330e-02
1.800000e-01 1.012121e+00 4.701531e-02
1.950000e-01 1.012121e+00 4.593998e-02
2.100000e-01 1.012121e+00 4.504852e-02
2.250000e-01 1.012121e+00 4.430798e-02
2.400000e-01 1.012121e+00 4.369113e-02
2.550000e-01 1.012121e+00 4.317598e-02
2.700000e-01 1.012121e+00 4.274498e-02
2.850000e-01 1.012121e+00 4.238424e-02
3.000000e-01 1.012121e+00 4.208266e-02
-3.000000e-01 1.025785e+00 4.120715e-02
-2.850000e-01 1.025785e+00 4.149950e-02
-2.700000e-01 1.025785e+00 4.184920e-02
-2.550000e-01 1.025785e+00 4.226701e-02
-2.400000e-01 1.025785e+00 4.276642e-02
-2.250000e-01 1.025785e+00 4.336444e-02
-2.100000e-01 1.025785e+00 4.408243e-02
-1.950000e-01 1.025785e+00 4.494687e-02
-1.800000e-01 1.025785e+00 4.598993e-02
-1.650000e-01 1.025785e+00 4.724965e-02
-1.500000e-01 1.025785e+00 4.876928e-02
-1.350000e-01 1.025785e+00 5.059470e-02
-1.200000e-01 1.025785e+00 5.276809e-02
-1.050000e-01 1.025785e+00 5.531240e-02
-9.000000e-02 1.025785e+00 5.819357e-02
-7.500000e-02 1.025785e+00 6.124440e-02
-6.000000e-02 1.025785e+00 6.412735e-02
-4.500000e-02 1.025785e+00 6.662588e-02
-3.000000e-02 1.025785e+00 6.884443e-02
-1.500000e-02 1.025785e+00 7.055966e-02
5.551115e-17 1.025785e+00 7.121880e-02
1.500000e-02 1.025785e+00 7.055966e-02
3.000000e-02 1.025785e+00 6.884443e-02
4.500000e-02 1.025785e+00 6.662588e-02
6.000000e-02 1.025785e+00 6.412735e-02
7.500000e-02 1.025785e+00 6.124440e-02
9.000000e-02 1.025785e+00 5.819357e-02
1.050000e-01 1.025785e+00 5.531240e-02
1.200000e-01 1.025785e+00 5.276809e-02
1.350000e-01 1.025785e+00 5.059470e-02
1.500000e-01 1.025785e+00 4.876928e-02
1.650000e-01 1.025785e+00 4.724965e-02
1.800000e-01 1.025785e+00 4.598993e-02
1.950000e-01 1.025785e+00 4.494687e-02
2.100000e-01 1.025785e+00 4.408243e-02
2.250000e-01 1.025785e+00 4.336444e-02
2.400000e-01 1.025785e+00 4.276642e-02
2.550000e-01 1.025785e+00 4.226701e-02
2.700000e-01 1.025785e+00 4.184920e-02
2.850000e-01 1.025785e+00 4.149950e-02
3.000000e-01 1.025785e+00 4.120715e-02
-3.000000e-01 1.039449e+00 4.035874e-02
-2.850000e-01 1.039449e+00 4.064224e-02
-2.700000e-01 1.039449e+00 4.098137e-02
-2.550000e-01 1.039449e+00 4.138656e-02
-2.400000e-01 1.039449e+00 4.187090e-02
-2.250000e-01 1.039449e+00 4.245091e-02
-2.100000e-01 1.039449e+00 4.314737e-02
-1.950000e-01 1.039449e+00 4.398604e-02
-1.800000e-01 1.039449e+00 4.499835e-02
-1.650000e-01 1.039449e+00 4.622170e-02
-1.500000e-01 1.039449e+00 4.769912e-02
-1.350000e-01 1.039449e+00 4.947755e-02
-1.200000e-01 1.039449e+00 5.160346e-02
-1.050000e-01 1.039449e+00 5.411200e-02
-9.000000e-02 1.039449e+00 5.699978e-02
-7.500000e-02 1.039449e+00 6.016625e-02
-6.000000e-02 1.039449e+00 6.337062e-02
-4.500000e-02 1.039449e+00 6.640088e-02
-3.000000e-02 1.039449e+00 6.916176e-02
-1.500000e-02 1.039449e+00 7.123609e-02
5.551115e-17 1.039449e+00 7.201591e-02
1.500000e-02 1.039449e+00 7.123609e-02
3.000000e-02 1.039449e+00 6.916176e-02
4.500000e-02 1.039449e+00 6.640088e-02
6.000000e-02 1.039449e+00 6.337062e-02
7.500000e-02 1.039449e+00 6.016625e-02
9.000000e-02 1.039449e+00 5.699978e-02
1.050000e-01 1.039449e+00 5.411200e-02
1.200000e-01 1.039449e+00 5.160346e-02
1.350000e-01 1.039449e+00 4.947755e-02
1.500000e-01 1.039449e+00 4.769912e-02
1.650000e-01 1.039449e+00 4.622170e-02
1.800000e-01 1.039449e+00 4.499835e-02
1.950000e-01 1.039449e+00 4.398604e-02
2.100000e-01 1.039449e+00 4.314737e-02
2.250000e-01 1.039449e+00 4.245091e-02
2.400000e-01 1.039449e+00 4.187090e-02
2.550000e-01 1.039449e+00 4.138656e-02
2.700000e-01 1.039449e+00 4.098137e-02
2.850000e-01 1.039449e+00 4.064224e-02
3.000000e-01 1.039449e+00 4.035874e-02
-3.000000e-01 1.053113e+00 3.953632e-02
-2.850000e-01 1.053113e+00 3.981134e-02
-2.700000e-01 1.053113e+00 4.014034e-02
-2.550000e-01 1.053113e+00 4.053345e-02
-2.400000e-01 1.053113e+00 4.100337e-02
-2.250000e-01 1.053113e+00 4.156617e-02
-2.100000e-01 1.053113e+00 4.224204e-02
-1.950000e-01 1.053113e+00 4.305612e-02
-1.800000e-01 1.053113e+00 4.403915e-02
-1.650000e-01 1.053113e+00 4.522794e-02
-1.500000e-01 1.053113e+00 4.666540e-02
-1.350000e-01 1.053113e+00 4.839966e-02
-1.200000e-01 1.053113e+00 5.048159e-02
-1.050000e-01 1.053113e+00 5.295871e-02
-9.000000e-02 1.053113e+00 5.585837e-02
-7.500000e-02 1.053113e+00 5.914656e-02
-6.000000e-02 1.053113e+00 6.267884e-02
-4.500000e-02 1.053113e+00 6.624735e-02
-3.000000e-02 1.053113e+00 6.955683e-02
-1.500000e-02 1.053113e+00 7.199516e-02
5.551115e-17 1.053113e+00 7.289752e-02
1.500000e-02 1.053113e+00 7.199516e-02
3.000000e-02 1.053113e+00 6.955683e-02
4.500000e-02 1.053113e+00 6.624735e-02
6.000000e-02 1.053113e+00 6.267884e-02
7.500000e-02 1.053113e+00 5.914656e-02
9.000000e-02 1.053113e+00 5.585837e-02
1.050000e-01 1.053113e+00 5.295871e-02
1.200000e-01 1.053113e+00 5.048159e-02
1.350000e-01 1.053113e+00 4.839966e-02
1.500000e-01 1.053113e+00 4.666540e-02
1.650000e-01 1.053113e+00 4.522794e-02
1.800000e-01 1.053113e+00 4.403915e-02
1.950000e-01 1.053113e+00 4.305612e-02
2.100000e-01 1.053113e+00 4.224204e-02
2.250000e-01 1.053113e+00 4.156617e-02
2.400000e-01 1.053113e+00 4.100337e-02
2.550000e-01 1.053113e+00 4.053345e-02
2.700000e-01 1.053113e+00 4.014034e-02
2.850000e-01 1.053113e+00 3.981134e-02
3.000000e-01 1.053113e+00 3.953632e-02
-3.000000e-01 1.066778e+00 3.873884e-02
-2.850000e-01 1.066778e+00 3.900574e-02
-2.700000e-01 1.066778e+00 3.932503e-02
-2.550000e-01 1.066778e+00 3.970656e-02
-2.400000e-01 1.066778e+00 4.016269e-02
-2.250000e-01 1.066778e+00 4.070902e-02
-2.100000e-01 1.066778e+00 4.136523e-02
-1.950000e-01 1.066778e+00 4.215584e-02
-1.800000e-01 1.066778e+00 4.311098e-02
-1.650000e-01 1.066778e+00 4.426694e-02
-1.500000e-01 1.066778e+00 4.566661e-02
-1.350000e-01 1.066778e+00 4.735939e-02
-1.200000e-01 1.066778e+00 4.940076e-02
-1.050000e-01 1.066778e+00 5.185070e-02
-9.000000e-02 1.066778e+00 5.476748e-02
-7.500000e-02 1.066778e+00 5.818368e-02
-6.000000e-02 1.066778e+00 6.205107e-02
-4.500000e-02 1.066778e+00 6.616555e-02
-3.000000e-02 1.066778e+00 7.003119e-02
-1.500000e-02 1.066778e+00 7.283930e-02
5.551115e-17 1.066778e+00 7.386639e-02
1.500000e-02 1.066778e+00 7.283930e-02
3.000000e-02 1.066778e+00 7.003119e-02
4.500000e-02 1.066778e+00 6.616555e-02
6.000000e-02 1.066778e+00 6.205107e-02
7.500000e-02 1.066778e+00 5.818368e-02
9.000000e-02 1.066778e+00 5.476748e-02
1.050000e-01 1.066778e+00 5.185070e-02
1.200000e-01 1.066778e+00 4.940076e-02
1.350000e-01 1.066778e+00 4.735939e-02
1.500000e-01 1.066778e+00 4.566661e-02
1.650000e-01 1.066778e+00 4.426694e-02
1.800000e-01 1.066778e+00 4.311098e-02
1.950000e-01 1.066778e+00 4.215584e-02
2.100000e-01 1.066778e+00 4.136523e-02
2.250000e-01 1.066778e+00 4.070902e-02
2.400000e-01 1.066778e+00 4.016269e-02
2.550000e-01 1.066778e+00 3.970656e-02
2.700000e-01 1.066778e+00 3.932503e-02
2.850000e-01 1.066778e+00 3.900574e-02
3.000000e-01 1.066778e+00 3.873884e-02
-3.000000e-01 1.080442e+00 3.796533e-02
-2.850000e-01 1.080442e+00 3.822442e-02
-2.700000e-01 1.080442e+00 3.853441e-02
-2.550000e-01 1.080442e+00 3.890486e-02
-2.400000e-01 1.080442e+00 3.934777e-02
-2.250000e-01 1.080442e+00 3.987835e-02
-2.100000e-01 1.080442e+00 4.051577e-02
-1.950000e-01 1.080442e+00 4.128400e-02
-1.800000e-01 1.080442e+00 4.221257e-02
-1.650000e-01 1.080442e+00 4.333735e-02
-1.500000e-01 1.080442e+00 4.470131e-02
-1.350000e-01 1.080442e+00 4.635523e-02
-1.200000e-01 1.080442e+00 4.835931e-02
-1.050000e-01 1.080442e+00 5.078624e-02
-9.000000e-02 1.080442e+00 5.372539e-02
-7.500000e-02 1.080442e+00 5.727616e-02
-6.000000e-02 1.080442e+00 6.148657e-02
-4.500000e-02 1.080442e+00 6.615600e-02
-3.000000e-02 1.080442e+00 7.058669e-02
-1.500000e-02 1.080442e+00 7.377130e-02
5.551115e-17 1.080442e+00 7.492563e-02
1.500000e-02 1.080442e+00 7.377130e-02
3.000000e-02 1.080442e+00 7.058669e-02
4.500000e-02 1.080442e+00 6.615600e-02
6.000000e-02 1.080442e+00 6.148657e-02
7.500000e-02 1.080442e+00 5.727616e-02
9.000000e-02 1.080442e+00 5.372539e-02
1.050000e-01 1.080442e+00 5.078624e-02
1.200000e-01 1.080442e+00 4.835931e-02
1.350000e-01 1.080442e+00 4.635523e-02
1.500000e-01 1.080442e+00 4.470131e-02
1.650000e-01 1.080442e+00 4.333735e-02
1.800000e-01 1.080442e+00 4.221257e-02
1.950000e-01 1.080442e+00 4.128400e-02
2.100000e-01 1.080442e+00 4.051577e-02
2.250000e-01 1.080442e+00 3.987835e-02
2.400000e-01 1.080442e+00 3.934777e-02
2.550000e-01 1.080442e+00 3.890486e-02
2.700000e-01 1.080442e+00 3.853441e-02
2.850000e-01 1.080442e+00 3.822442e-02
3.000000e-01 1.080442e+00 3.796533e-02
-3.000000e-01 1.094106e+00 3.721483e-02
-2.850000e-01 1.094106e+00 3.746644e-02
-2.700000e-01 1.094106e+00 3.776751e-02
-2.550000e-01 1.094106e+00 3.812733e-02
-2.400000e-01 1.094106e+00 3.855760e-02
-2.250000e-01 1.094106e+00 3.907310e-02
-2.100000e-01 1.094106e+00 3.969257e-02
-1.950000e-01 1.094106e+00 4.043944e-02
-1.800000e-01 1.094106e+00 4.134272e-02
-1.650000e-01 1.094106e+00 4.243792e-02
-1.500000e-01 1.094106e+00 4.376815e-02
-1.350000e-01 1.094106e+00 4.538573e-02
-1.200000e-01 1.094106e+00 4.735572e-02
-1.050000e-01 1.094106e+00 4.976374e-02
-9.000000e-02 1.094106e+00 5.273055e-02
-7.500000e-02 1.094106e+00 5.642272e-02
-6.000000e-02 1.094106e+00 6.098483e-02
-4.500000e-02 1.094106e+00 6.621948e-02
-3.000000e-02 1.094106e+00 7.122550e-02
-1.500000e-02 1.094106e+00 7.479431e-02
5.551115e-17 1.094106e+00 7.607874e-02
1.500000e-02 1.094106e+00 7.479431e-02
3.000000e-02 1.094106e+00 7.122550e-02
4.500000e-02 1.094106e+00 6.621948e-02
6.000000e-02 1.094106e+00 6.098483e-02
7.500000e-02 1.094106e+00 5.642272e-02
9.000000e-02 1.094106e+00 5.273055e-02
1.050000e-01 1.094106e+00 4.976374e-02
1.200000e-01 1.094106e+00 4.735572e-02
1.350000e-01 1.094106e+00 4.538573e-02
1.500000e-01 1.094106e+00 4.376815e-02
1.650000e-01 1.094106e+00 4.243792e-02
1.800000e-01 1.094106e+00 4.134272e-02
1.950000e-01 1.094106e+00 4.043944e-02
2.100000e-01 1.094106e+00 3.969257e-02
2.250000e-01 1.094106e+00 3.907310e-02
2.400000e-01 1.094106e+00 3.855760e-02
2.550000e-01 1.094106e+00 3.812733e-02
2.700000e-01 1.094106e+00 3.776751e-02
2.850000e-01 1.094106e+00 3.746644e-02
3.000000e-01 1.094106e+00 3.721483e-02
-3.000000e-01 1.107771e+00 3.648644e-02
-2.850000e-01 1.107771e+00 3.673089e-02
-2.700000e-01 1.107771e+00 3.702340e-02
-2.550000e-01 1.107771e+00 3.737304e-02
-2.400000e-01 1.107771e+00 3.779119e-02
-2.250000e-01 1.107771e+00 3.829228e-02
-2.100000e-01 1.107771e+00 3.889459e-02
-1.950000e-01 1.107771e+00 3.962108e-02
-1.800000e-01 1.107771e+00 4.050029e-02
-1.650000e-01 1.107771e+00 4.156743e-02
-1.500000e-01 1.107771e+00 4.286586e-02
-1.350000e-01 1.107771e+00 4.444954e-02
-1.200000e-01 1.107771e+00 4.638857e-02
-1.050000e-01 1.107771e+00 4.878173e-02
-9.000000e-02 1.107771e+00 5.178153e-02
-7.500000e-02 1.107771e+00 5.562226e-02
-6.000000e-02 1.107771e+00 6.054558e-02
-4.500000e-02 1.107771e+00 6.635706e-02
-3.000000e-02 1.107771e+00 7.195015e-02
-1.500000e-02 1.107771e+00 7.591188e-02
5.551115e-17 1.107771e+00 7.732961e-02
1.500000e-02 1.107771e+00 7.591188e-02
3.000000e-02 1.107771e+00 7.195015e-02
4.500000e-02 1.107771e+00 6.635706e-02
6.000000e-02 1.107771e+00 6.054558e-02
7.500000e-02 1.107771e+00 5.562226e-02
9.000000e-02 1.107771e+00 5.178153e-02
1.050000e-01 1.107771e+00 4.878173e-02
1.200000e-01 1.107771e+00 4.638857e-02
1.350000e-01 1.107771e+00 4.444954e-02
1.500000e-01 1.107771e+00 4.286586e-02
1.650000e-01 1.107771e+00 4.156743e-02
1.800000e-01 1.107771e+00 4.050029e-02
1.950000e-01 1.107771e+00 3.962108e-02
2.100000e-01 1.107771e+00 3.889459e-02
2.250000e-01 1.107771e+00 3.829228e-02
2.400000e-01 1.107771e+00 3.779119e-02
2.550000e-01 1.107771e+00 3.737304e-02
2.700000e-01 1.107771e+00 3.702340e-02
2.850000e-01 1.107771e+00 3.673089e-02
3.000000e-01 1.107771e+00 3.648644e-02
-3.000000e-01 1.121435e+00 3.577933e-02
-2.850000e-01 1.121435e+00 3.601689e-02
-2.700000e-01 1.121435e+00 3.630119e-02
-2.550000e-01 1.121435e+00 3.664108e-02
-2.400000e-01 1.121435e+00 3.704762e-02
-2.250000e-01 1.121435e+00 3.753492e-02
-2.100000e-01 1.121435e+00 3.812085e-02
-1.950000e-01 1.121435e+00 3.882790e-02
-1.800000e-01 1.121435e+00 3.968422e-02
-1.650000e-01 1.121435e+00 4.072477e-02
-1.500000e-01 1.121435e+00 4.199324e-02
-1.350000e-01 1.121435e+00 4.354538e-02
-1.200000e-01 1.121435e+00 4.545652e-02
-1.050000e-01 1.121435e+00 4.783883e-02
-9.000000e-02 1.121435e+00 5.087706e-02
-7.500000e-02 1.121435e+00 5.487386e-02
-6.000000e-02 1.121435e+00 6.016874e-02
-4.500000e-02 1.121435e+00 6.657010e-02
-3.000000e-02 1.121435e+00 7.276350e-02
-1.500000e-02 1.121435e+00 7.712794e-02
5.551115e-17 1.121435e+00 7.868257e-02
1.500000e-02 1.121435e+00 7.712794e-02
3.000000e-02 1.121435e+00 7.276350e-02
4.500000e-02 1.121435e+00 6.657010e-02
6.000000e-02 1.121435e+00 6.016874e-02
7.500000e-02 1.121435e+00 5.487386e-02
9.000000e-02 1.121435e+00 5.087706e-02
1.050000e-01 1.121435e+00 4.783883e-02
1.200000e-01 1.121435e+00 4.545652e-02
1.350000e-01 1.121435e+00 4.354538e-02
1.500000e-01 1.121435e+00 4.199324e-02
1.650000e-01 1.121435e+00 4.072477e-02
1.800000e-01 1.121435e+00 3.968422e-02
1.950000e-01 1.121435e+00 3.882790e-02
2.100000e-01 1.121435e+00 3.812085e-02
2.250000e-01 1.121435e+00 3.753492e-02
2.400000e-01 1.121435e+00 3.704762e-02
2.550000e-01 1.121435e+00 3.664108e-02
2.700000e-01 1.121435e+00 3.630119e-02
2.850000e-01 1.121435e+00 3.601689e-02
3.000000e-01 1.121435e+00 3.577933e-02
-3.000000e-01 1.135099e+00 3.509267e-02
-2.850000e-01 1.135099e+00 3.532362e-02
-2.700000e-01 1.135099e+00 3.560006e-02
-2.550000e-01 1.135099e+00 3.593059e-02
-2.400000e-01 1.135099e+00 3.632602e-02
-2.250000e-01 1.135099e+00 3.680013e-02
-2.100000e-01 1.135099e+00 3.737040e-02
-1.950000e-01 1.135099e+00 3.805893e-02
-1.800000e-01 1.135099e+00 3.889347e-02
-1.650000e-01 1.135099e+00 3.990885e-02
-1.500000e-01 1.135099e+00 4.114918e-02
-1.350000e-01 1.135099e+00 4.267209e-02
-1.200000e-01 1.135099e+00 4.455833e-02
-1.050000e-01 1.135099e+00 4.693382e-02
-9.000000e-02 1.135099e+00 5.001599e-02
-7.500000e-02 1.135099e+00 5.417675e-02
-6.000000e-02 1.135099e+00 5.985449e-02
-4.500000e-02 1.135099e+00 6.686026e-02
-3.000000e-02 1.135099e+00 7.366882e-02
-1.500000e-02 1.135099e+00 7.844691e-02
5.551115e-17 1.135099e+00 8.014242e-02
1.500000e-02 1.135099e+00 7.844691e-02
3.000000e-02 1.135099e+00 7.366882e-02
4.500000e-02 1.135099e+00 6.686026e-02
6.000000e-02 1.135099e+00 5.985449e-02
7.500000e-02 1.135099e+00 5.417675e-02
9.000000e-02 1.135099e+00 5.001599e-02
1.050000e-01 1.135099e+00 4.693382e-02
1.200000e-01 1.135099e+00 4.455833e-02
1.350000e-01 1.135099e+00 4.267209e-02
1.500000e-01 1.135099e+00 4.114918e-02
1.650000e-01 1.135099e+00 3.990885e-02
1.800000e-01 1.135099e+00 3.889347e-02
1.950000e-01 1.135099e+00 3.805893e-02
2.100000e-01 1.135099e+00 3.737040e-02
2.250000e-01 1.135099e+00 3.680013e-02
2.400000e-01 1.135099e+00 3.632602e-02
2.550000e-01 1.135099e+00 3.593059e-02
2.700000e-01 1.135099e+00 3.560006e-02
2.850000e-01 1.135099e+00 3.532362e-02
3.000000e-01 1.135099e+00 3.509267e-02
-3.000000e-01 1.148763e+00 3.442571e-02
-2.850000e-01 1.148763e+00 3.465031e-02
-2.700000e-01 1.148763e+00 3.491919e-02
-2.550000e-01 1.148763e+00 3.524075e-02
-2.400000e-01 1.148763e+00 3.562556e-02
-2.250000e-01 1.148763e+00 3.608705e-02
-2.100000e-01 1.148763e+00 3.664237e-02
-1.950000e-01 1.148763e+00 3.731324e-02
-1.800000e-01 1.148763e+00 3.812710e-02
-1.650000e-01 1.148763e+00 3.911868e-02
-1.500000e-01 1.148763e+00 4.033260e-02
-1.350000e-01 1.148763e+00 4.182854e-02
-1.200000e-01 1.148763e+00 4.369286e-02
-1.050000e-01 1.148763e+00 4.606554e-02
-9.000000e-02 1.148763e+00 4.919733e-02
-7.500000e-02 1.148763e+00 5.353038e-02
-6.000000e-02 1.148763e+00 5.960324e-02
-4.500000e-02 1.148763e+00 6.722955e-02
-3.000000e-02 1.148763e+00 7.466978e-02
-1.500000e-02 1.148763e+00 7.987365e-02
5.551115e-17 1.148763e+00 8.171448e-02
1.500000e-02 1.148763e+00 7.987365e-02
3.000000e-02 1.148763e+00 7.466978e-02
4.500000e-02 1.148763e+00 6.722955e-02
6.000000e-02 1.148763e+00 5.960324e-02
7.500000e-02 1.148763e+00 5.353038e-02
9.000000e-02 1.148763e+00 4.919733e-02
1.050000e-01 1.148763e+00 4.606554e-02
1.200000e-01 1.148763e+00 4.369286e-02
1.350000e-01 1.148763e+00 4.182854e-02
1.500000e-01 1.148763e+00 4.033260e-02
1.650000e-01 1.148763e+00 3.911868e-02
1.800000e-01 1.148763e+00 3.812710e-02
1.950000e-01 1.148763e+00 3.731324e-02
2.100000e-01 1.148763e+00 3.664237e-02
2.250000e-01 1.148763e+00 3.608705e-02
2.400000e-01 1.148763e+00 3.562556e-02
2.550000e-01 1.148763e+00 3.524075e-02
2.700000e-01 1.148763e+00 3.491919e-02
2.850000e-01 1.148763e+00 3.465031e-02
3.000000e-01 1.148763e+00 3.442571e-02
-3.000000e-01 1.162428e+00 3.377770e-02
-2.850000e-01 1.162428e+00 3.399620e-02
-2.700000e-01 1.162428e+00 3.425784e-02
-2.550000e-01 1.162428e+00 3.457081e-02
-2.400000e-01 1.162428e+00 3.494542e-02
-2.250000e-01 1.162428e+00 3.539485e-02
-2.100000e-01 1.162428e+00 3.593590e-02
-1.950000e-01 1.162428e+00 3.658996e-02
-1.800000e-01 1.162428e+00 3.738420e-02
-1.650000e-01 1.162428e+00 3.835331e-02
-1.500000e-01 1.162428e+00 3.954252e-02
-1.350000e-01 1.162428e+00 4.101370e-02
-1.200000e-01 1.162428e+00 4.285904e-02
-1.050000e-01 1.162428e+00 4.523295e-02
-9.000000e-02 1.162428e+00 4.842019e-02
-7.500000e-02 1.162428e+00 5.293433e-02
-6.000000e-02 1.162428e+00 5.941564e-02
-4.500000e-02 1.162428e+00 6.768027e-02
-3.000000e-02 1.162428e+00 7.577050e-02
-1.500000e-02 1.162428e+00 8.141357e-02
5.551115e-17 1.162428e+00 8.340461e-02
1.500000e-02 1.162428e+00 8.141357e-02
3.000000e-02 1.162428e+00 7.577050e-02
4.500000e-02 1.162428e+00 6.768027e-02
6.000000e-02 1.162428e+00 5.941564e-02
7.500000e-02 1.162428e+00 5.293433e-02
9.000000e-02 1.162428e+00 4.842019e-02
1.050000e-01 1.162428e+00 4.523295e-02
1.200000e-01 1.162428e+00 4.285904e-02
1.350000e-01 1.162428e+00 4.101370e-02
1.500000e-01 1.162428e+00 3.954252e-02
1.650000e-01 1.162428e+00 3.835331e-02
1.800000e-01 1.162428e+00 3.738420e-02
1.950000e-01 1.162428e+00 3.658996e-02
2.100000e-01 1.162428e+00 3.593590e-02
2.250000e-01 1.162428e+00 3.539485e-02
2.400000e-01 1.162428e+00 3.494542e-02
2.550000e-01 1.162428e+00 3.457081e-02
2.700000e-01 1.162428e+00 3.425784e-02
2.850000e-01 1.162428e+00 3.399620e-02
3.000000e-01 1.162428e+00 3.377770e-02
-3.000000e-01 1.176092e+00 3.314794e-02
-2.850000e-01 1.176092e+00 3.336059e-02
-2.700000e-01 1.176092e+00 3.361529e-02
-2.550000e-01 1.176092e+00 3.392002e-02
-2.400000e-01 1.176092e+00 3.428488e-02
-2.250000e-01 1.176092e+00 3.472277e-02
-2.100000e-01 1.176092e+00 3.525021e-02
-1.950000e-01 1.176092e+00 3.588827e-02
-1.800000e-01 1.176092e+00 3.666390e-02
-1.650000e-01 1.176092e+00 3.761183e-02
-1.500000e-01 1.176092e+00 3.877801e-02
-1.350000e-01 1.176092e+00 4.022660e-02
-1.200000e-01 1.176092e+00 4.205589e-02
-1.050000e-01 1.176092e+00 4.443514e-02
-9.000000e-02 1.176092e+00 4.768383e-02
-7.500000e-02 1.176092e+00 5.238839e-02
-6.000000e-02 1.176092e+00 5.929260e-02
-4.500000e-02 1.176092e+00 6.821512e-02
-3.000000e-02 1.176092e+00 7.697558e-02
-1.500000e-02 1.176092e+00 8.307265e-02
5.551115e-17 1.176092e+00 8.521926e-02
1.500000e-02 1.176092e+00 8.307265e-02
3.000000e-02 1.176092e+00 7.697558e-02
4.500000e-02 1.176092e+00 6.821512e-02
6.000000e-02 1.176092e+00 5.929260e-02
7.500000e-02 1.176092e+00 5.238839e-02
9.000000e-02 1.176092e+00 4.768383e-02
1.050000e-01 1.176092e+00 4.443514e-02
1.200000e-01 1.176092e+00 4.205589e-02
1.350000e-01 1.176092e+00 4.022660e-02
1.500000e-01 1.176092e+00 3.877801e-02
1.650000e-01 1.176092e+00 3.761183e-02
1.800000e-01 1.176092e+00 3.666390e-02
1.950000e-01 1.176092e+00 3.588827e-02
2.100000e-01 1.176092e+00 3.525021e-02
2.250000e-01 1.176092e+00 3.472277e-02
2.400000e-01 1.176092e+00 3.428488e-02
2.550000e-01 1.176092e+00 3.392002e-02
2.700000e-01 1.176092e+00 3.361529e-02
2.850000e-01 1.176092e+00 3.336059e-02
3.000000e-01 1.176092e+00 3.314794e-02
-3.000000e-01 1.189756e+00 3.253578e-02
-2.850000e-01 1.189756e+00 3.274281e-02
-2.700000e-01 1.189756e+00 3.299084e-02
-2.550000e-01 1.189756e+00 3.328767e-02
-2.400000e-01 1.189756e+00 3.364320e-02
-2.250000e-01 1.189756e+00 3.407008e-02
-2.100000e-01 1.189756e+00 3.458453e-02
-1.950000e-01 1.189756e+00 3.520738e-02
-1.800000e-01 1.189756e+00 3.596540e-02
-1.650000e-01 1.189756e+00 3.689341e-02
-1.500000e-01 1.189756e+00 3.803819e-02
-1.350000e-01 1.189756e+00 3.946636e-02
-1.200000e-01 1.189756e+00 4.128252e-02
-1.050000e-01 1.189756e+00 4.367125e-02
-9.000000e-02 1.189756e+00 4.698765e-02
-7.500000e-02 1.189756e+00 5.189253e-02
-6.000000e-02 1.189756e+00 5.923530e-02
-4.500000e-02 1.189756e+00 6.883718e-02
-3.000000e-02 1.189756e+00 7.829012e-02
-1.500000e-02 1.189756e+00 8.485748e-02
5.551115e-17 1.189756e+00 8.716557e-02
1.500000e-02 1.189756e+00 8.485748e-02
3.000000e-02 1.189756e+00 7.829012e-02
4.500000e-02 1.189756e+00 6.883718e-02
6.000000e-02 1.189756e+00 5.923530e-02
7.500000e-02 1.189756e+00 5.189253e-02
9.000000e-02 1.189756e+00 4.698765e-02
1.050000e-01 1.189756e+00 4.367125e-02
1.200000e-01 1.189756e+00 4.128252e-02
1.350000e-01 1.189756e+00 3.946636e-02
1.500000e-01 1.189756e+00 3.803819e-02
1.650000e-01 1.189756e+00 3.689341e-02
1.800000e-01 1.189756e+00 3.596540e-02
1.950000e-01 1.189756e+00 3.520738e-02
2.100000e-01 1.189756e+00 3.458453e-02
2.250000e-01 1.189756e+00 3.407008e-02
2.400000e-01 1.189756e+00 3.364320e-02
2.550000e-01 1.189756e+00 3.328767e-02
2.700000e-01 1.189756e+00 3.299084e-02
2.850000e-01 1.189756e+00 3.274281e-02
3.000000e-01 1.189756e+00 3.253578e-02
-3.000000e-01 1.203421e+00 3.194057e-02
-2.850000e-01 1.203421e+00 3.214221e-02
-2.700000e-01 1.203421e+00 3.238384e-02
-2.550000e-01 1.203421e+00 3.267311e-02
-2.400000e-01 1.203421e+00 3.301971e-02
-2.250000e-01 1.203421e+00 3.343606e-02
-2.100000e-01 1.203421e+00 3.393815e-02
-1.950000e-01 1.203421e+00 3.454656e-02
-1.800000e-01 1.203421e+00 3.528793e-02
-1.650000e-01 1.203421e+00 3.619727e-02
-1.500000e-01 1.203421e+00 3.732224e-02
-1.350000e-01 1.203421e+00 3.873213e-02
-1.200000e-01 1.203421e+00 4.053811e-02
-1.050000e-01 1.203421e+00 4.294057e-02
-9.000000e-02 1.203421e+00 4.633116e-02
-7.500000e-02 1.203421e+00 5.144690e-02
-6.000000e-02 1.203421e+00 5.924519e-02
-4.500000e-02 1.203421e+00 6.954995e-02
-3.000000e-02 1.203421e+00 7.971982e-02
-1.500000e-02 1.203421e+00 8.677533e-02
5.551115e-17 1.203421e+00 8.925139e-02
1.500000e-02 1.203421e+00 8.677533e-02
3.000000e-02 1.203421e+00 7.971982e-02
4.500000e-02 1.203421e+00 6.954995e-02
6.000000e-02 1.203421e+00 5.924519e-02
7.500000e-02 1.203421e+00 5.144690e-02
9.000000e-02 1.203421e+00 4.633116e-02
1.050000e-01 1.203421e+00 4.294057e-02
1.200000e-01 1.203421e+00 4.053811e-02
1.350000e-01 1.203421e+00 3.873213e-02
1.500000e-01 1.203421e+00 3.732224e-02
1.650000e-01 1.203421e+00 3.619727e-02
1.800000e-01 1.203421e+00 3.528793e-02
1.950000e-01 1.203421e+00 3.454656e-02
2.100000e-01 1.203421e+00 3.393815e-02
2.250000e-01 1.203421e+00 3.343606e-02
2.400000e-01 1.203421e+00 3.301971e-02
2.550000e-01 1.203421e+00 3.267311e-02
2.700000e-01 1.203421e+00 3.238384e-02
2.850000e-01 1.203421e+00 3.214221e-02
3.000000e-01 1.203421e+00 3.194057e-02
-3.000000e-01 1.217085e+00 3.136172e-02
-2.850000e-01 1.217085e+00 3.155818e-02
-2.700000e-01 1.217085e+00 3.179367e-02
-2.550000e-01 1.217085e+00 3.207570e-02
-2.400000e-01 1.217085e+00 3.241377e-02
-2.250000e-01 1.217085e+00 3.282008e-02
-2.100000e-01 1.217085e+00 3.331040e-02
-1.950000e-01 1.217085e+00 3.390511e-02
-1.800000e-01 1.217085e+00 3.463077e-02
-1.650000e-01 1.217085e+00 3.552265e-02
-1.500000e-01 1.217085e+00 3.662942e-02
-1.350000e-01 1.217085e+00 3.802315e-02
-1.200000e-01 1.217085e+00 3.982193e-02
-1.050000e-01 1.217085e+00 4.224246e-02
-9.000000e-02 1.217085e+00 4.571403e-02
-7.500000e-02 1.217085e+00 5.105185e-02
-6.000000e-02 1.217085e+00 5.932406e-02
-4.500000e-02 1.217085e+00 7.035738e-02
-3.000000e-02 1.217085e+00 8.127098e-02
-1.500000e-02 1.217085e+00 8.883422e-02
5.551115e-17 1.217085e+00 9.148534e-02
1.500000e-02 1.217085e+00 8.883422e-02
3.000000e-02 1.217085e+00 8.127098e-02
4.500000e-02 1.217085e+00 7.035738e-02
6.000000e-02 1.217085e+00 5.932406e-02
7.500000e-02 1.217085e+00 5.105185e-02
9.000000e-02 1.217085e+00 4.571403e-02
1.050000e-01 1.217085e+00 4.224246e-02
1.200000e-01 1.217085e+00 3.982193e-02
1.350000e-01 1.217085e+00 3.802315e-02
1.500000e-01 1.217085e+00 3.662942e-02
1.650000e-01 1.217085e+00 3.552265e-02
1.800000e-01 1.217085e+00 3.463077e-02
1.950000e-01 1.217085e+00 3.390511e-02
2.100000e-01 1.217085e+00 3.331040e-02
2.250000e-01 1.217085e+00 3.282008e-02
2.400000e-01 1.217085e+00 3.241377e-02
2.550000e-01 1.217085e+00 3.207570e-02
2.700000e-01 1.217085e+00 3.179367e-02
2.850000e-01 1.217085e+00 3.155818e-02
3.000000e-01 1.217085e+00 3.136172e-02
-3.000000e-01 1.230749e+00 3.079864e-02
-2.850000e-01 1.230749e+00 3.099013e-02
-2.700000e-01 1.230749e+00 3.121975e-02
-2.550000e-01 1.230749e+00 3.149485e-02
-2.400000e-01 1.230749e+00 3.182475e-02
-2.250000e-01 1.230749e+00 3.222149e-02
-2.100000e-01 1.230749e+00 3.270062e-02
-1.950000e-01 1.230749e+00 3.328236e-02
-1.800000e-01 1.230749e+00 3.399326e-02
-1.650000e-01 1.230749e+00 3.486887e-02
-1.500000e-01 1.230749e+00 3.595901e-02
-1.350000e-01 1.230749e+00 3.733874e-02
-1.200000e-01 1.230749e+00 3.913332e-02
-1.050000e-01 1.230749e+00 4.157640e-02
-9.000000e-02 1.230749e+00 4.513608e-02
-7.500000e-02 1.230749e+00 5.070796e-02
-6.000000e-02 1.230749e+00 5.947398e-02
-4.500000e-02 1.230749e+00 7.126393e-02
-3.000000e-02 1.230749e+00 8.295058e-02
-1.500000e-02 1.230749e+00 9.104301e-02
5.551115e-17 1.230749e+00 9.387697e-02
1.500000e-02 1.230749e+00 9.104301e-02
3.000000e-02 1.230749e+00 8.295058e-02
4.500000e-02 1.230749e+00 7.126393e-02
6.000000e-02 1.230749e+00 5.947398e-02
7.500000e-02 1.230749e+00 5.070796e-02
9.000000e-02 1.230749e+00 4.513608e-02
1.050000e-01 1.230749e+00 4.157640e-02
1.200000e-01 1.230749e+00 3.913332e-02
1.350000e-01 1.230749e+00 3.733874e-02
1.500000e-01 1.230749e+00 3.595901e-02
1.650000e-01 1.230749e+00 3.486887e-02
1.800000e-01 1.230749e+00 3.399326e-02
1.950000e-01 1.230749e+00 3.328236e-02
2.100000e-01 1.230749e+00 3.270062e-02
2.250000e-01 1.230749e+00 3.222149e-02
2.400000e-01 1.230749e+00 3.182475e-02
2.550000e-01 1.230749e+00 3.149485e-02
2.700000e-01 1.230749e+00 3.121975e-02
2.850000e-01 1.230749e+00 3.099013e-02
3.000000e-01 1.230749e+00 3.079864e-02
-3.000000e-01 1.244413e+00 3.025081e-02
-2.850000e-01 1.244413e+00 3.043752e-02
-2.700000e-01 1.244413e+00 3.066150e-02
-2.550000e-01 1.244413e+00 3.092997e-02
-2.400000e-01 1.244413e+00 3.125209e-02
-2.250000e-01 1.244413e+00 3.163971e-02
-2.100000e-01 1.244413e+00 3.210821e-02
-1.950000e-01 1.244413e+00 3.267771e-02
-1.800000e-01 1.244413e+00 3.337474e-02
-1.650000e-01 1.244413e+00 3.423528e-02
-1.500000e-01 1.244413e+00 3.531038e-02
-1.350000e-01 1.244413e+00 3.667824e-02
-1.200000e-01 1.244413e+00 3.847170e-02
-1.050000e-01 1.244413e+00 4.094197e-02
-9.000000e-02 1.244413e+00 4.459724e-02
-7.500000e-02 1.244413e+00 5.041600e-02
-6.000000e-02 1.244413e+00 5.969741e-02
-4.500000e-02 1.244413e+00 7.227458e-02
-3.000000e-02 1.244413e+00 8.476637e-02
-1.500000e-02 1.244413e+00 9.341145e-02
5.551115e-17 1.244413e+00 9.643676e-02
1.500000e-02 1.244413e+00 9.341145e-02
3.000000e-02 1.244413e+00 8.476637e-02
4.500000e-02 1.244413e+00 7.227458e-02
6.000000e-02 1.244413e+00 5.969741e-02
7.500000e-02 1.244413e+00 5.041600e-02
9.000000e-02 1.244413e+00 4.459724e-02
1.050000e-01 1.244413e+00 4.094197e-02
1.200000e-01 1.244413e+00 3.847170e-02
1.350000e-01 1.244413e+00 3.667824e-02
1.500000e-01 1.244413e+00 3.531038e-02
1.650000e-01 1.244413e+00 3.423528e-02
1.800000e-01 1.244413e+00 3.337474e-02
1.950000e-01 1.244413e+00 3.267771e-02
2.100000e-01 1.244413e+00 3.210821e-02
2.250000e-01 1.244413e+00 3.163971e-02
2.400000e-01 1.244413e+00 3.125209e-02
2.550000e-01 1.244413e+00 3.092997e-02
2.700000e-01 1.244413e+00 3.066150e-02
2.850000e-01 1.244413e+00 3.043752e-02
3.000000e-01 1.244413e+00 3.025081e-02
-3.000000e-01 1.258078e+00 2.971768e-02
-2.850000e-01 1.258078e+00 2.989981e-02
-2.700000e-01 1.258078e+00 3.011840e-02
-2.550000e-01 1.258078e+00 3.038052e-02
-2.400000e-01 1.258078e+00 3.069521e-02
-2.250000e-01 1.258078e+00 3.107416e-02
-2.100000e-01 1.258078e+00 3.153261e-02
-1.950000e-01 1.258078e+00 3.209056e-02
-1.800000e-01 1.258078e+00 3.277464e-02
-1.650000e-01 1.258078e+00 3.362128e-02
-1.500000e-01 1.258078e+00 3.468291e-02
-1.350000e-01 1.258078e+00 3.604111e-02
-1.200000e-01 1.258078e+00 3.783659e-02
-1.050000e-01 1.258078e+00 4.033887e-02
-9.000000e-02 1.258078e+00 4.409763e-02
-7.500000e-02 1.258078e+00 5.017702e-02
-6.000000e-02 1.258078e+00 5.999717e-02
-4.500000e-02 1.258078e+00 7.339493e-02
-3.000000e-02 1.258078e+00 8.672691e-02
-1.500000e-02 1.258078e+00 9.595032e-02
5.551115e-17 1.258078e+00 9.917628e-02
1.500000e-02 1.258078e+00 9.595032e-02
3.000000e-02 1.258078e+00 8.672691e-02
4.500000e-02 1.258078e+00 7.339493e-02
6.000000e-02 1.258078e+00 5.999717e-02
7.500000e-02 1.258078e+00 5.017702e-02
9.000000e-02 1.258078e+00 4.409763e-02
1.050000e-01 1.258078e+00 4.033887e-02
1.200000e-01 1.258078e+00 3.783659e-02
1.350000e-01 1.258078e+00 3.604111e-02
1.500000e-01 1.258078e+00 3.468291e-02
1.650000e-01 1.258078e+00 3.362128e-02
1.800000e-01 1.258078e+00 3.277464e-02
1.950000e-01 1.258078e+00 3.209056e-02
2.100000e-01 1.258078e+00 3.153261e-02
2.250000e-01 1.258078e+00 3.107416e-02
2.400000e-01 1.258078e+00 3.069521e-02
2.550000e-01 1.258078e+00 3.038052e-02
2.700000e-01 1.258078e+00 3.011840e-02
2.850000e-01 1.258078e+00 2.989981e-02
3.000000e-01 1.258078e+00 2.971768e-02
-3.000000e-01 1.271742e+00 2.919877e-02
-2.850000e-01 1.271742e+00 2.937651e-02
-2.700000e-01 1.271742e+00 2.958993e-02
-2.550000e-01 1.271742e+00 2.984600e-02
-2.400000e-01 1.271742e+00 3.015361e-02
-2.250000e-01 1.271742e+00 3.052433e-02
-2.100000e-01 1.271742e+00 3.097326e-02
-1.950000e-01 1.271742e+00 3.152037e-02
-1.800000e-01 1.271742e+00 3.219239e-02
-1.650000e-01 1.271742e+00 3.302633e-02
-1.500000e-01 1.271742e+00 3.407608e-02
-1.350000e-01 1.271742e+00 3.542683e-02
-1.200000e-01 1.271742e+00 3.722758e-02
-1.050000e-01 1.271742e+00 3.976688e-02
-9.000000e-02 1.271742e+00 4.363752e-02
-7.500000e-02 1.271742e+00 4.999229e-02
-6.000000e-02 1.271742e+00 6.037650e-02
-4.500000e-02 1.271742e+00 7.463121e-02
-3.000000e-02 1.271742e+00 8.884169e-02
-1.500000e-02 1.271742e+00 9.867150e-02
5.551115e-17 1.271742e+00 1.021083e-01
1.500000e-02 1.271742e+00 9.867150e-02
3.000000e-02 1.271742e+00 8.884169e-02
4.500000e-02 1.271742e+00 7.463121e-02
6.000000e-02 1.271742e+00 6.037650e-02
7.500000e-02 1.271742e+00 4.999229e-02
9.000000e-02 1.271742e+00 4.363752e-02
1.050000e-01 1.271742e+00 3.976688e-02
1.200000e-01 1.271742e+00 3.722758e-02
1.350000e-01 1.271742e+00 3.542683e-02
1.500000e-01 1.271742e+00 3.407608e-02
1.650000e-01 1.271742e+00 3.302633e-02
1.800000e-01 1.271742e+00 3.219239e-02
1.950000e-01 1.271742e+00 3.152037e-02
2.100000e-01 1.271742e+00 3.097326e-02
2.250000e-01 1.271742e+00 3.052433e-02
2.400000e-01 1.271742e+00 3.015361e-02
2.550000e-01 1.271742e+00 2.984600e-02
2.700000e-01 1.271742e+00 2.958993e-02
2.850000e-01 1.271742e+00 2.937651e-02
3.000000e-01 1.271742e+00 2.919877e-02
-3.000000e-01 1.285406e+00 2.869360e-02
-2.850000e-01 1.285406e+00 2.886714e-02
-2.700000e-01 1.285406e+00 2.907561e-02
-2.550000e-01 1.285406e+00 2.932591e-02
-2.400000e-01 1.285406e+00 2.962679e-02
-2.250000e-01 1.285406e+00 2.998971e-02
-2.100000e-01 1.285406e+00 3.042967e-02
-1.950000e-01 1.285406e+00 3.096662e-02
-1.800000e-01 1.285406e+00 3.162749e-02
-1.650000e-01 1.285406e+00 3.244991e-02
-1.500000e-01 1.285406e+00 3.348940e-02
-1.350000e-01 1.285406e+00 3.483497e-02
-1.200000e-01 1.285406e+00 3.664434e-02
-1.050000e-01 1.285406e+00 3.922595e-02
-9.000000e-02 1.285406e+00 4.321737e-02
-7.500000e-02 1.285406e+00 4.986336e-02
-6.000000e-02 1.285406e+00 6.083910e-02
-4.500000e-02 1.285406e+00 7.599038e-02
-3.000000e-02 1.285406e+00 9.112120e-02
-1.500000e-02 1.285406e+00 1.015881e-01
5.551115e-17 1.285406e+00 1.052470e-01
1.500000e-02 1.285406e+00 1.015881e-01
3.000000e-02 1.285406e+00 9.112120e-02
4.500000e-02 1.285406e+00 7.599038e-02
6.000000e-02 1.285406e+00 6.083910e-02
7.500000e-02 1.285406e+00 4.986336e-02
9.000000e-02 1.285406e+00 4.321737e-02
1.050000e-01 1.285406e+00 3.922595e-02
1.200000e-01 1.285406e+00 3.664434e-02
1.350000e-01 1.285406e+00 3.483497e-02
1.500000e-01 1.285406e+00 3.348940e-02
1.650000e-01 1.285406e+00 3.244991e-02
1.800000e-01 1.285406e+00 3.162749e-02
1.950000e-01 1.285406e+00 3.096662e-02
2.100000e-01 1.285406e+00 3.042967e-02
2.250000e-01 1.285406e+00 2.998971e-02
2.400000e-01 1.285406e+00 2.962679e-02
2.550000e-01 1.285406e+00 2.932591e-02
2.700000e-01 1.285406e+00 2.907561e-02
2.850000e-01 1.285406e+00 2.886714e-02
3.000000e-01 1.285406e+00 2.869360e-02
-3.000000e-01 1.299070e+00 2.820174e-02
-2.850000e-01 1.299070e+00 2.837124e-02
-2.700000e-01 1.299070e+00 2.857500e-02
-2.550000e-01 1.299070e+00 2.881978e-02
-2.400000e-01 1.299070e+00 2.911428e-02
-2.250000e-01 1.299070e+00 2.946982e-02
-2.100000e-01 1.299070e+00 2.990136e-02
-1.950000e-01 1.299070e+00 3.042885e-02
-1.800000e-01 1.299070e+00 3.107947e-02
-1.650000e-01 1.299070e+00 3.189156e-02
-1.500000e-01 1.299070e+00 3.292245e-02
-1.350000e-01 1.299070e+00 3.426517e-02
-1.200000e-01 1.299070e+00 3.608665e-02
-1.050000e-01 1.299070e+00 3.871611e-02
-9.000000e-02 1.299070e+00 4.283780e-02
-7.500000e-02 1.299070e+00 4.979210e-02
-6.000000e-02 1.299070e+00 6.138917e-02
-4.500000e-02 1.299070e+00 7.748021e-02
-3.000000e-02 1.299070e+00 9.357710e-02
-1.500000e-02 1.299070e+00 1.047148e-01
5.551115e-17 1.299070e+00 1.086079e-01
1.500000e-02 1.299070e+00 1.047148e-01
3.000000e-02 1.299070e+00 9.357710e-02
4.500000e-02 1.299070e+00 7.748021e-02
6.000000e-02 1.299070e+00 6.138917e-02
7.500000e-02 1.299070e+00 4.979210e-02
9.000000e-02 1.299070e+00 4.283780e-02
1.050000e-01 1.299070e+00 3.871611e-02
1.200000e-01 1.299070e+00 3.608665e-02
1.350000e-01 1.299070e+00 3.426517e-02
1.500000e-01 1.299070e+00 3.292245e-02
1.650000e-01 1.299070e+00 3.189156e-02
1.800000e-01 1.299070e+00 3.107947e-02
1.950000e-01 1.299070e+00 3.042885e-02
2.100000e-01 1.299070e+00 2.990136e-02
2.250000e-01 1.299070e+00 2.946982e-02
2.400000e-01 1.299070e+00 2.911428e-02
2.550000e-01 1.299070e+00 2.881978e-02
2.700000e-01 1.299070e+00 2.857500e-02
2.850000e-01 1.299070e+00 2.837124e-02
3.000000e-01 1.299070e+00 2.820174e-02
-3.000000e-01 1.312735e+00 2.772275e-02
-2.850000e-01 1.312735e+00 2.788839e-02
-2.700000e-01 1.312735e+00 2.808764e-02
-2.550000e-01 1.312735e+00 2.832720e-02
-2.400000e-01 1.312735e+00 2.861564e-02
-2.250000e-01 1.312735e+00 2.896423e-02
-2.100000e-01 1.312735e+00 2.938788e-02
-1.950000e-01 1.312735e+00 2.990661e-02
-1.800000e-01 1.312735e+00 3.054789e-02
-1.650000e-01 1.312735e+00 3.135089e-02
-1.500000e-01 1.312735e+00 3.237484e-02
-1.350000e-01 1.312735e+00 3.371714e-02
-1.200000e-01 1.312735e+00 3.555438e-02
-1.050000e-01 1.312735e+00 3.823756e-02
-9.000000e-02 1.312735e+00 4.249966e-02
-7.500000e-02 1.312735e+00 4.978070e-02
-6.000000e-02 1.312735e+00 6.203146e-02
-4.500000e-02 1.312735e+00 7.910936e-02
-3.000000e-02 1.312735e+00 9.622230e-02
-1.500000e-02 1.312735e+00 1.080676e-01
5.551115e-17 1.312735e+00 1.122083e-01
1.500000e-02 1.312735e+00 1.080676e-01
3.000000e-02 1.312735e+00 9.622230e-02
4.500000e-02 1.312735e+00 7.910936e-02
6.000000e-02 1.312735e+00 6.203146e-02
7.500000e-02 1.312735e+00 4.978070e-02
9.000000e-02 1.312735e+00 4.249966e-02
1.050000e-01 1.312735e+00 3.823756e-02
1.200000e-01 1.312735e+00 3.555438e-02
1.350000e-01 1.312735e+00 3.371714e-02
1.500000e-01 1.312735e+00 3.237484e-02
1.650000e-01 1.312735e+00 3.135089e-02
1.800000e-01 1.312735e+00 3.054789e-02
1.950000e-01 1.312735e+00 2.990661e-02
2.100000e-01 1.312735e+00 2.938788e-02
2.250000e-01 1.312735e+00 2.896423e-02
2.400000e-01 1.312735e+00 2.861564e-02
2.550000e-01 1.312735e+00 2.832720e-02
2.700000e-01 1.312735e+00 2.808764e-02
2.850000e-01 1.312735e+00 2.788839e-02
3.000000e-01 1.312735e+00 2.772275e-02
-3.000000e-01 1.326399e+00 2.725623e-02
-2.850000e-01 1.326399e+00 2.741818e-02
-2.700000e-01 1.326399e+00 2.761315e-02
-2.550000e-01 1.326399e+00 2.784774e-02
-2.400000e-01 1.326399e+00 2.813047e-02
-2.250000e-01 1.326399e+00 2.847253e-02
-2.100000e-01 1.326399e+00 2.888884e-02
-1.950000e-01 1.326399e+00 2.939950e-02
-1.800000e-01 1.326399e+00 3.003237e-02
-1.650000e-01 1.326399e+00 3.082752e-02
-1.500000e-01 1.326399e+00 3.184629e-02
-1.350000e-01 1.326399e+00 3.319067e-02
-1.200000e-01 1.326399e+00 3.504749e-02
-1.050000e-01 1.326399e+00 3.779063e-02
-9.000000e-02 1.326399e+00 4.220402e-02
-7.500000e-02 1.326399e+00 4.983172e-02
-6.000000e-02 1.326399e+00 6.277135e-02
-4.500000e-02 1.326399e+00 8.088747e-02
-3.000000e-02 1.326399e+00 9.907113e-02
-1.500000e-02 1.326399e+00 1.116644e-01
5.551115e-17 1.326399e+00 1.160674e-01
1.500000e-02 1.326399e+00 1.116644e-01
3.000000e-02 1.326399e+00 9.907113e-02
4.500000e-02 1.326399e+00 8.088747e-02
6.000000e-02 1.326399e+00 6.277135e-02
7.500000e-02 1.326399e+00 4.983172e-02
9.000000e-02 1.326399e+00 4.220402e-02
1.050000e-01 1.326399e+00 3.779063e-02
1.200000e-01 1.326399e+00 3.504749e-02
1.350000e-01 1.326399e+00 3.319067e-02
1.500000e-01 1.326399e+00 3.184629e-02
1.650000e-01 1.326399e+00 3.082752e-02
1.800000e-01 1.326399e+00 3.003237e-02
1.950000e-01 1.326399e+00 2.939950e-02
2.100000e-01 1.326399e+00 2.888884e-02
2.250000e-01 1.326399e+00 2.847253e-02
2.400000e-01 1.326399e+00 2.813047e-02
2.550000e-01 1.326399e+00 2.784774e-02
2.700000e-01 1.326399e+00 2.761315e-02
2.850000e-01 1.326399e+00 2.741818e-02
3.000000e-01 1.326399e+00 2.725623e-02
-3.000000e-01 1.340063e+00 2.680180e-02
-2.850000e-01 1.340063e+00 2.696024e-02
-2.700000e-01 1.340063e+00 2.715112e-02
-2.550000e-01 1.340063e+00 2.738101e-02
-2.400000e-01 1.340063e+00 2.765837e-02
-2.250000e-01 1.340063e+00 2.799434e-02
-2.100000e-01 1.340063e+00 2.840384e-02
-1.950000e-01 1.340063e+00 2.890716e-02
-1.800000e-01 1.340063e+00 2.953257e-02
-1.650000e-01 1.340063e+00 3.032116e-02
-1.500000e-01 1.340063e+00 3.133653e-02
-1.350000e-01 1.340063e+00 3.268563e-02
-1.200000e-01 1.340063e+00 3.456608e-02
-1.050000e-01 1.340063e+00 3.737581e-02
-9.000000e-02 1.340063e+00 4.195218e-02
-7.500000e-02 1.340063e+00 4.994810e-02
-6.000000e-02 1.340063e+00 6.361489e-02
-4.500000e-02 1.340063e+00 8.282533e-02
-3.000000e-02 1.340063e+00 1.021395e-01
-1.500000e-02 1.340063e+00 1.155250e-01
5.551115e-17 1.340063e+00 1.202066e-01
1.500000e-02 1.340063e+00 1.155250e-01
3.000000e-02 1.340063e+00 1.021395e-01
4.500000e-02 1.340063e+00 8.282533e-02
6.000000e-02 1.340063e+00 6.361489e-02
7.500000e-02 1.340063e+00 4.994810e-02
9.000000e-02 1.340063e+00 4.195218e-02
1.050000e-01 1.340063e+00 3.737581e-02
1.200000e-01 1.340063e+00 3.456608e-02
1.350000e-01 1.340063e+00 3.268563e-02
1.500000e-01 1.340063e+00 3.133653e-02
1.650000e-01 1.340063e+00 3.032116e-02
1.800000e-01 1.340063e+00 2.953257e-02
1.950000e-01 1.340063e+00 2.890716e-02
2.100000e-01 1.340063e+00 2.840384e-02
2.250000e-01 1.340063e+00 2.799434e-02
2.400000e-01 1.340063e+00 2.765837e-02
2.550000e-01 1.340063e+00 2.738101e-02
2.700000e-01 1.340063e+00 2.715112e-02
2.850000e-01 1.340063e+00 2.696024e-02
3.000000e-01 1.340063e+00 2.680180e-02
-3.000000e-01 1.353728e+00 2.635910e-02
-2.850000e-01 1.353728e+00 2.651419e-02
-2.700000e-01 1.353728e+00 2.670121e-02
-2.550000e-01 1.353728e+00 2.692667e-02
-2.400000e-01 1.353728e+00 2.719898e-02
-2.250000e-01 1.353728e+00 2.752929e-02
-2.100000e-01 1.353728e+00 2.793256e-02
-1.950000e-01 1.353728e+00 2.842927e-02
-1.800000e-01 1.353728e+00 2.904818e-02
-1.650000e-01 1.353728e+00 2.983155e-02
-1.500000e-01 1.353728e+00 3.084541e-02
-1.350000e-01 1.353728e+00 3.220199e-02
-1.200000e-01 1.353728e+00 3.411035e-02
-1.050000e-01 1.353728e+00 3.699378e-02
-9.000000e-02 1.353728e+00 4.174573e-02
-7.500000e-02 1.353728e+00 5.013327e-02
-6.000000e-02 1.353728e+00 6.456891e-02
-4.500000e-02 1.353728e+00 8.493495e-02
-3.000000e-02 1.353728e+00 1.054453e-01
-1.500000e-02 1.353728e+00 1.196716e-01
5.551115e-17 1.353728e+00 1.246495e-01
1.500000e-02 1.353728e+00 1.196716e-01
3.000000e-02 1.353728e+00 1.054453e-01
4.500000e-02 1.353728e+00 8.493495e-02
6.000000e-02 1.353728e+00 6.456891e-02
7.500000e-02 1.353728e+00 5.013327e-02
9.000000e-02 1.353728e+00 4.174573e-02
1.050000e-01 1.353728e+00 3.699378e-02
1.200000e-01 1.353728e+00 3.411035e-02
1.350000e-01 1.353728e+00 3.220199e-02
1.500000e-01 1.353728e+00 3.084541e-02
1.650000e-01 1.353728e+00 2.983155e-02
1.800000e-01 1.353728e+00 2.904818e-02
1.950000e-01 1.353728e+00 2.842927e-02
2.100000e-01 1.353728e+00 2.793256e-02
2.250000e-01 1.353728e+00 2.752929e-02
2.400000e-01 1.353728e+00 2.719898e-02
2.550000e-01 1.353728e+00 2.692667e-02
2.700000e-01 1.353728e+00 2.670121e-02
2.850000e-01 1.353728e+00 2.651419e-02
3.000000e-01 1.353728e+00 2.635910e-02
-3.000000e-01 1.367392e+00 2.592781e-02
-2.850000e-01 1.367392e+00 2.607971e-02
-2.700000e-01 1.367392e+00 2.626308e-02
-2.550000e-01 1.367392e+00 2.648438e-02
-2.400000e-01 1.367392e+00 2.675200e-02
-2.250000e-01 1.367392e+00 2.707708e-02
-2.100000e-01 1.367392e+00 2.747469e-02
-1.950000e-01 1.367392e+00 2.796553e-02
-1.800000e-01 1.367392e+00 2.857897e-02
-1.650000e-01 1.367392e+00 2.935849e-02
-1.500000e-01 1.367392e+00 3.037282e-02
-1.350000e-01 1.367392e+00 3.173980e-02
-1.200000e-01 1.367392e+00 3.368065e-02
-1.050000e-01 1.367392e+00 3.664539e-02
-9.000000e-02 1.367392e+00 4.158656e-02
-7.500000e-02 1.367392e+00 5.039113e-02
-6.000000e-02 1.367392e+00 6.564111e-02
-4.500000e-02 1.367392e+00 8.722979e-02
-3.000000e-02 1.367392e+00 1.090081e-01
-1.500000e-02 1.367392e+00 1.241288e-01
5.551115e-17 1.367392e+00 1.294225e-01
1.500000e-02 1.367392e+00 1.241288e-01
3.000000e-02 1.367392e+00 1.090081e-01
4.500000e-02 1.367392e+00 8.722979e-02
6.000000e-02 1.367392e+00 6.564111e-02
7.500000e-02 1.367392e+00 5.039113e-02
9.000000e-02 1.367392e+00 4.158656e-02
1.050000e-01 1.367392e+00 3.664539e-02
1.200000e-01 1.367392e+00 3.368065e-02
1.350000e-01 1.367392e+00 3.173980e-02
1.500000e-01 1.367392e+00 3.037282e-02
1.650000e-01 1.367392e+00 2.935849e-02
1.800000e-01 1.367392e+00 2.857897e-02
1.950000e-01 1.367392e+00 2.796553e-02
2.100000e-01 1.367392e+00 2.747469e-02
2.250000e-01 1.367392e+00 2.707708e-02
2.400000e-01 1.367392e+00 2.675200e-02
2.550000e-01 1.367392e+00 2.648438e-02
2.700000e-01 1.367392e+00 2.626308e-02
2.850000e-01 1.367392e+00 2.607971e-02
3.000000e-01 1.367392e+00 2.592781e-02
-3.000000e-01 1.381056e+00 2.550761e-02
-2.850000e-01 1.381056e+00 2.565649e-02
-2.700000e-01 1.381056e+00 2.583641e-02
-2.550000e-01 1.381056e+00 2.605382e-02
-2.400000e-01 1.381056e+00 2.631710e-02
-2.250000e-01 1.381056e+00 2.663742e-02
-2.100000e-01 1.381056e+00 2.702995e-02
-1.950000e-01 1.381056e+00 2.751572e-02
-1.800000e-01 1.381056e+00 2.812473e-02
-1.650000e-01 1.381056e+00 2.890188e-02
-1.500000e-01 1.381056e+00 2.991875e-02
-1.350000e-01 1.381056e+00 3.129924e-02
-1.200000e-01 1.381056e+00 3.327746e-02
-1.050000e-01 1.381056e+00 3.633174e-02
-9.000000e-02 1.381056e+00 4.147688e-02
-7.500000e-02 1.381056e+00 5.072617e-02
-6.000000e-02 1.381056e+00 6.684016e-02
-4.500000e-02 1.381056e+00 8.972488e-02
-3.000000e-02 1.381056e+00 1.128502e-01
-1.500000e-02 1.381056e+00 1.289241e-01
5.551115e-17 1.381056e+00 1.345553e-01
1.500000e-02 1.381056e+00 1.289241e-01
3.000000e-02 1.381056e+00 1.128502e-01
4.500000e-02 1.381056e+00 8.972488e-02
6.000000e-02 1.381056e+00 6.684016e-02
7.500000e-02 1.381056e+00 5.072617e-02
9.000000e-02 1.381056e+00 4.147688e-02
1.050000e-01 1.381056e+00 3.633174e-02
1.200000e-01 1.381056e+00 3.327746e-02
1.350000e-01 1.381056e+00 3.129924e-02
1.500000e-01 1.381056e+00 2.991875e-02
1.650000e-01 1.381056e+00 2.890188e-02
1.800000e-01 1.381056e+00 2.812473e-02
1.950000e-01 1.381056e+00 2.751572e-02
2.100000e-01 1.381056e+00 2.702995e-02
2.250000e-01 1.381056e+00 2.663742e-02
2.400000e-01 1.381056e+00 2.631710e-02
2.550000e-01 1.381056e+00 2.605382e-02
2.700000e-01 1.381056e+00 2.583641e-02
2.850000e-01 1.381056e+00 2.565649e-02
3.000000e-01 1.381056e+00 2.550761e-02
-3.000000e-01 1.394720e+00 2.509820e-02
-2.850000e-01 1.394720e+00 2.524423e-02
-2.700000e-01 1.394720e+00 2.542094e-02
-2.550000e-01 1.394720e+00 2.563474e-02
-2.400000e-01 1.394720e+00 2.589404e-02
-2.250000e-01 1.394720e+00 2.621006e-02
-2.100000e-01 1.394720e+00 2.659813e-02
-1.950000e-01 1.394720e+00 2.707964e-02
-1.800000e-01 1.394720e+00 2.768534e-02
-1.650000e-01 1.394720e+00 2.846164e-02
-1.500000e-01 1.394720e+00 2.948328e-02
-1.350000e-01 1.394720e+00 3.088059e-02
-1.200000e-01 1.394720e+00 3.290145e-02
-1.050000e-01 1.394720e+00 3.605416e-02
-9.000000e-02 1.394720e+00 4.141932e-02
-7.500000e-02 1.394720e+00 5.114351e-02
-6.000000e-02 1.394720e+00 6.817584e-02
-4.500000e-02 1.394720e+00 9.243708e-02
-3.000000e-02 1.394720e+00 1.169962e-01
-1.500000e-02 1.394720e+00 1.340883e-01
5.551115e-17 1.394720e+00 1.400808e-01
1.500000e-02 1.394720e+00 1.340883e-01
3.000000e-02 1.394720e+00 1.169962e-01
4.500000e-02 1.394720e+00 9.243708e-02
6.000000e-02 1.394720e+00 6.817584e-02
7.500000e-02 1.394720e+00 5.114351e-02
9.000000e-02 1.394720e+00 4.141932e-02
1.050000e-01 1.394720e+00 3.605416e-02
1.200000e-01 1.394720e+00 3.290145e-02
1.350000e-01 1.394720e+00 3.088059e-02
1.500000e-01 1.394720e+00 2.948328e-02
1.650000e-01 1.394720e+00 2.846164e-02
1.800000e-01 1.394720e+00 2.768534e-02
1.950000e-01 1.394720e+00 2.707964e-02
2.100000e-01 1.394720e+00 2.659813e-02
2.250000e-01 1.394720e+00 2.621006e-02
2.400000e-01 1.394720e+00 2.589404e-02
2.550000e-01 1.394720e+00 2.563474e-02
2.700000e-01 1.394720e+00 2.542094e-02
2.850000e-01 1.394720e+00 2.524423e-02
3.000000e-01 1.394720e+00 2.509820e-02
-3.000000e-01 1.408385e+00 2.469934e-02
-2.850000e-01 1.408385e+00 2.484269e-02
-2.700000e-01 1.408385e+00 2.501639e-02
-2.550000e-01 1.408385e+00 2.522688e-02
-2.400000e-01 1.408385e+00 2.548257e-02
-2.250000e-01 1.408385e+00 2.579478e-02
-2.100000e-01 1.408385e+00 2.617905e-02
-1.950000e-01 1.408385e+00 2.665716e-02
-1.800000e-01 1.408385e+00 2.726072e-02
-1.650000e-01 1.408385e+00 2.803782e-02
-1.500000e-01 1.408385e+00 2.906659e-02
-1.350000e-01 1.408385e+00 3.048430e-02
-1.200000e-01 1.408385e+00 3.255348e-02
-1.050000e-01 1.408385e+00 3.581425e-02
-9.000000e-02 1.408385e+00 4.141692e-02
-7.500000e-02 1.408385e+00 5.164899e-02
-6.000000e-02 1.408385e+00 6.965918e-02
-4.500000e-02 1.408385e+00 9.538532e-02
-3.000000e-02 1.408385e+00 1.214739e-01
-1.500000e-02 1.408385e+00 1.396559e-01
5.551115e-17 1.408385e+00 1.460362e-01
1.500000e-02 1.408385e+00 1.396559e-01
3.000000e-02 1.408385e+00 1.214739e-01
4.500000e-02 1.408385e+00 9.538532e-02
6.000000e-02 1.408385e+00 6.965918e-02
7.500000e-02 1.408385e+00 5.164899e-02
9.000000e-02 1.408385e+00 4.141692e-02
1.050000e-01 1.408385e+00 3.581425e-02
1.200000e-01 1.408385e+00 3.255348e-02
1.350000e-01 1.408385e+00 3.048430e-02
1.500000e-01 1.408385e+00 2.906659e-02
1.650000e-01 1.408385e+00 2.803782e-02
1.800000e-01 1.408385e+00 2.726072e-02
1.950000e-01 1.408385e+00 2.665716e-02
2.100000e-01 1.408385e+00 2.617905e-02
2.250000e-01 1.408385e+00 2.579478e-02
2.400000e-01 1.408385e+00 2.548257e-02
2.550000e-01 1.408385e+00 2.522688e-02
2.700000e-01 1.408385e+00 2.501639e-02
2.850000e-01 1.408385e+00 2.484269e-02
3.000000e-01 1.408385e+00 2.469934e-02
-3.000000e-01 1.422049e+00 2.431078e-02
-2.850000e-01 1.422049e+00 2.445162e-02
-2.700000e-01 1.422049e+00 2.462255e-02
-2.550000e-01 1.422049e+00 2.483003e-02
-2.400000e-01 1.422049e+00 2.508251e-02
-2.250000e-01 1.422049e+00 2.539143e-02
-2.100000e-01 1.422049e+00 2.577257e-02
-1.950000e-01 1.422049e+00 2.624820e-02
-1.800000e-01 1.422049e+00 2.685088e-02
-1.650000e-01 1.422049e+00 2.763054e-02
-1.500000e-01 1.422049e+00 2.866899e-02
-1.350000e-01 1.422049e+00 3.011095e-02
-1.200000e-01 1.422049e+00 3.223460e-02
-1.050000e-01 1.422049e+00 3.561395e-02
-9.000000e-02 1.422049e+00 4.147323e-02
-7.500000e-02 1.422049e+00 5.224930e-02
-6.000000e-02 1.422049e+00 7.130265e-02
-4.500000e-02 1.422049e+00 9.859089e-02
-3.000000e-02 1.422049e+00 1.263144e-01
-1.500000e-02 1.422049e+00 1.456658e-01
5.551115e-17 1.422049e+00 1.524633e-01
1.500000e-02 1.422049e+00 1.456658e-01
3.000000e-02 1.422049e+00 1.263144e-01
4.500000e-02 1.422049e+00 9.859089e-02
6.000000e-02 1.422049e+00 7.130265e-02
7.500000e-02 1.422049e+00 5.224930e-02
9.000000e-02 1.422049e+00 4.147323e-02
1.050000e-01 1.422049e+00 3.561395e-02
1.200000e-01 1.422049e+00 3.223460e-02
1.350000e-01 1.422049e+00 3.011095e-02
1.500000e-01 1.422049e+00 2.866899e-02
1.650000e-01 1.422049e+00 2.763054e-02
1.800000e-01 1.422049e+00 2.685088e-02
1.950000e-01 1.422049e+00 2.624820e-02
2.100000e-01 1.422049e+00 2.577257e-02
2.250000e-01 1.422049e+00 2.539143e-02
2.400000e-01 1.422049e+00 2.508251e-02
2.550000e-01 1.422049e+00 2.483003e-02
2.700000e-01 1.422049e+00 2.462255e-02
2.850000e-01 1.422049e+00 2.445162e-02
3.000000e-01 1.422049e+00 2.431078e-02
-3.000000e-01 1.435713e+00 2.393232e-02
-2.850000e-01 1.435713e+00 2.407083e-02
-2.700000e-01 1.435713e+00 2.423924e-02
-2.550000e-01 1.435713e+00 2.444401e-02
-2.400000e-01 1.435713e+00 2.469371e-02
-2.250000e-01 1.435713e+00 2.499989e-02
-2.100000e-01 1.435713e+00 2.537864e-02
-1.950000e-01 1.435713e+00 2.585277e-02
-1.800000e-01 1.435713e+00 2.645591e-02
-1.650000e-01 1.435713e+00 2.724003e-02
-1.500000e-01 1.435713e+00 2.829091e-02
-1.350000e-01 1.435713e+00 2.976131e-02
-1.200000e-01 1.435713e+00 3.194615e-02
-1.050000e-01 1.435713e+00 3.545554e-02
-9.000000e-02 1.435713e+00 4.159235e-02
-7.500000e-02 1.435713e+00 5.295207e-02
-6.000000e-02 1.435713e+00 7.312037e-02
-4.500000e-02 1.435713e+00 1.020778e-01
-3.000000e-02 1.435713e+00 1.315528e-01
-1.500000e-02 1.435713e+00 1.521618e-01
5.551115e-17 1.435713e+00 1.594090e-01
1.500000e-02 1.435713e+00 1.521618e-01
3.000000e-02 1.435713e+00 1.315528e-01
4.500000e-02 1.435713e+00 1.020778e-01
6.000000e-02 1.435713e+00 7.312037e-02
7.500000e-02 1.435713e+00 5.295207e-02
9.000000e-02 1.435713e+00 4.159235e-02
1.050000e-01 1.435713e+00 3.545554e-02
1.200000e-01 1.435713e+00 3.194615e-02
1.350000e-01 1.435713e+00 2.976131e-02
1.500000e-01 1.435713e+00 2.829091e-02
1.650000e-01 1.435713e+00 2.724003e-02
1.800000e-01 1.435713e+00 2.645591e-02
1.950000e-01 1.435713e+00 2.585277e-02
2.100000e-01 1.435713e+00 2.537864e-02
2.250000e-01 1.435713e+00 2.499989e-02
2.400000e-01 1.435713e+00 2.469371e-02
2.550000e-01 1.435713e+00 2.444401e-02
2.700000e-01 1.435713e+00 2.423924e-02
2.850000e-01 1.435713e+00 2.407083e-02
3.000000e-01 1.435713e+00 2.393232e-02
-3.000000e-01 1.449378e+00 2.356379e-02
-2.850000e-01 1.449378e+00 2.370016e-02
-2.700000e-01 1.449378e+00 2.386629e-02
-2.550000e-01 1.449378e+00 2.406871e-02
-2.400000e-01 1.449378e+00 2.431606e-02
-2.250000e-01 1.449378e+00 2.462010e-02
-2.100000e-01 1.449378e+00 2.499724e-02
-1.950000e-01 1.449378e+00 2.547094e-02
-1.800000e-01 1.449378e+00 2.607600e-02
-1.650000e-01 1.449378e+00 2.686663e-02
-1.500000e-01 1.449378e+00 2.793295e-02
-1.350000e-01 1.449378e+00 2.943636e-02
-1.200000e-01 1.449378e+00 3.168973e-02
-1.050000e-01 1.449378e+00 3.534175e-02
-9.000000e-02 1.449378e+00 4.177907e-02
-7.500000e-02 1.449378e+00 5.376604e-02
-6.000000e-02 1.449378e+00 7.512833e-02
-4.500000e-02 1.449378e+00 1.058731e-01
-3.000000e-02 1.449378e+00 1.372289e-01
-1.500000e-02 1.449378e+00 1.591934e-01
5.551115e-17 1.449378e+00 1.669266e-01
1.500000e-02 1.449378e+00 1.591934e-01
3.000000e-02 1.449378e+00 1.372289e-01
4.500000e-02 1.449378e+00 1.058731e-01
6.000000e-02 1.449378e+00 7.512833e-02
7.500000e-02 1.449378e+00 5.376604e-02
9.000000e-02 1.449378e+00 4.177907e-02
1.050000e-01 1.449378e+00 3.534175e-02
1.200000e-01 1.449378e+00 3.168973e-02
1.350000e-01 1.449378e+00 2.943636e-02
1.500000e-01 1.449378e+00 2.793295e-02
1.650000e-01 1.449378e+00 2.686663e-02
1.800000e-01 1.449378e+00 2.607600e-02
1.950000e-01 1.449378e+00 2.547094e-02
2.100000e-01 1.449378e+00 2.499724e-02
2.250000e-01 1.449378e+00 2.462010e-02
2.400000e-01 1.449378e+00 2.431606e-02
2.550000e-01 1.449378e+00 2.406871e-02
2.700000e-01 1.449378e+00 2.386629e-02
2.850000e-01 1.449378e+00 2.370016e-02
3.000000e-01 1.449378e+00 2.356379e-02
-3.000000e-01 1.463042e+00 2.320506e-02
-2.850000e-01 1.463042e+00 2.333949e-02
-2.700000e-01 1.463042e+00 2.350361e-02
-2.550000e-01 1.463042e+00 2.370404e-02
-2.400000e-01 1.463042e+00 2.394953e-02
-2.250000e-01 1.463042e+00 2.425207e-02
-2.100000e-01 1.463042e+00 2.462846e-02
-1.950000e-01 1.463042e+00 2.510288e-02
-1.800000e-01 1.463042e+00 2.571145e-02
-1.650000e-01 1.463042e+00 2.651086e-02
-1.500000e-01 1.463042e+00 2.759589e-02
-1.350000e-01 1.463042e+00 2.913732e-02
-1.200000e-01 1.463042e+00 3.146729e-02
-1.050000e-01 1.463042e+00 3.527578e-02
-9.000000e-02 1.463042e+00 4.203891e-02
-7.500000e-02 1.463042e+00 5.470118e-02
-6.000000e-02 1.463042e+00 7.734469e-02
-4.500000e-02 1.463042e+00 1.100075e-01
-3.000000e-02 1.463042e+00 1.433873e-01
-1.500000e-02 1.463042e+00 1.668166e-01
5.551115e-17 1.463042e+00 1.750764e-01
1.500000e-02 1.463042e+00 1.668166e-01
3.000000e-02 1.463042e+00 1.433873e-01
4.500000e-02 1.463042e+00 1.100075e-01
6.000000e-02 1.463042e+00 7.734469e-02
7.500000e-02 1.463042e+00 5.470118e-02
9.000000e-02 1.463042e+00 4.203891e-02
1.050000e-01 1.463042e+00 3.527578e-02
1.200000e-01 1.463042e+00 3.146729e-02
1.350000e-01 1.463042e+00 2.913732e-02
1.500000e-01 1.463042e+00 2.759589e-02
1.650000e-01 1.463042e+00 2.651086e-02
1.800000e-01 1.463042e+00 2.571145e-02
1.950000e-01 1.463042e+00 2.510288e-02
2.100000e-01 1.463042e+00 2.462846e-02
2.250000e-01 1.463042e+00 2.425207e-02
2.400000e-01 1.463042e+00 2.394953e-02
2.550000e-01 1.463042e+00 2.370404e-02
2.700000e-01 1.463042e+00 2.350361e-02
2.850000e-01 1.463042e+00 2.333949e-02
3.000000e-01 1.463042e+00 2.320506e-02
-3.000000e-01 1.476706e+00 2.285604e-02
-2.850000e-01 1.476706e+00 2.298874e-02
-2.700000e-01 1.476706e+00 2.315115e-02
-2.550000e-01 1.476706e+00 2.334998e-02
-2.400000e-01 1.476706e+00 2.359414e-02
-2.250000e-01 1.476706e+00 2.389587e-02
-2.100000e-01 1.476706e+00 2.427245e-02
-1.950000e-01 1.476706e+00 2.474888e-02
-1.800000e-01 1.476706e+00 2.536273e-02
-1.650000e-01 1.476706e+00 2.617338e-02
-1.500000e-01 1.476706e+00 2.728075e-02
-1.350000e-01 1.476706e+00 2.886572e-02
-1.200000e-01 1.476706e+00 3.128118e-02
-1.050000e-01 1.476706e+00 3.526141e-02
-9.000000e-02 1.476706e+00 4.237831e-02
-7.500000e-02 1.476706e+00 5.576896e-02
-6.000000e-02 1.476706e+00 7.979016e-02
-4.500000e-02 1.476706e+00 1.145158e-01
-3.000000e-02 1.476706e+00 1.500792e-01
-1.500000e-02 1.476706e+00 1.750951e-01
5.551115e-17 1.476706e+00 1.839271e-01
1.500000e-02 1.476706e+00 1.750951e-01
3.000000e-02 1.476706e+00 1.500792e-01
4.500000e-02 1.476706e+00 1.145158e-01
6.000000e-02 1.476706e+00 7.979016e-02
7.500000e-02 1.476706e+00 5.576896e-02
9.000000e-02 1.476706e+00 4.237831e-02
1.050000e-01 1.476706e+00 3.526141e-02
1.200000e-01 1.476706e+00 3.128118e-02
1.350000e-01 1.476706e+00 2.886572e-02
1.500000e-01 1.476706e+00 2.728075e-02
1.650000e-01 1.476706e+00 2.617338e-02
1.800000e-01 1.476706e+00 2.536273e-02
1.950000e-01 1.476706e+00 2.474888e-02
2.100000e-01 1.476706e+00 2.427245e-02
2.250000e-01 1.476706e+00 2.389587e-02
2.400000e-01 1.476706e+00 2.359414e-02
2.550000e-01 1.476706e+00 2.334998e-02
2.700000e-01 1.476706e+00 2.315115e-02
2.850000e-01 1.476706e+00 2.298874e-02
3.000000e-01 1.476706e+00 2.285604e-02
-3.000000e-01 1.490370e+00 2.251670e-02
-2.850000e-01 1.490370e+00 2.264791e-02
-2.700000e-01 1.490370e+00 2.280892e-02
-2.550000e-01 1.490370e+00 2.300658e-02
-2.400000e-01 1.490370e+00 2.324999e-02
-2.250000e-01 1.490370e+00 2.355171e-02
-2.100000e-01 1.490370e+00 2.392952e-02
-1.950000e-01 1.490370e+00 2.440936e-02
-1.800000e-01 1.490370e+00 2.503043e-02
-1.650000e-01 1.490370e+00 2.585507e-02
-1.500000e-01 1.490370e+00 2.698879e-02
-1.350000e-01 1.490370e+00 2.862341e-02
-1.200000e-01 1.490370e+00 3.113422e-02
-1.050000e-01 1.490370e+00 3.530310e-02
-9.000000e-02 1.490370e+00 4.280470e-02
-7.500000e-02 1.490370e+00 5.698255e-02
-6.000000e-02 1.490370e+00 8.248835e-02
-4.500000e-02 1.490370e+00 1.194378e-01
-3.000000e-02 1.490370e+00 1.573624e-01
-1.500000e-02 1.490370e+00 1.841017e-01
5.551115e-17 1.490370e+00 1.935568e-01
1.500000e-02 1.490370e+00 1.841017e-01
3.000000e-02 1.490370e+00 1.573624e-01
4.500000e-02 1.490370e+00 1.194378e-01
6.000000e-02 1.490370e+00 8.248835e-02
7.500000e-02 1.490370e+00 5.698255e-02
9.000000e-02 1.490370e+00 4.280470e-02
1.050000e-01 1.490370e+00 3.530310e-02
1.200000e-01 1.490370e+00 3.113422e-02
1.350000e-01 1.490370e+00 2.862341e-02
1.500000e-01 1.490370e+00 2.698879e-02
1.650000e-01 1.490370e+00 2.585507e-02
1.800000e-01 1.490370e+00 2.503043e-02
1.950000e-01 1.490370e+00 2.440936e-02
2.100000e-01 1.490370e+00 2.392952e-02
2.250000e-01 1.490370e+00 2.355171e-02
2.400000e-01 1.490370e+00 2.324999e-02
2.550000e-01 1.490370e+00 2.300658e-02
2.700000e-01 1.490370e+00 2.280892e-02
2.850000e-01 1.490370e+00 2.264791e-02
3.000000e-01 1.490370e+00 2.251670e-02
-3.000000e-01 1.504035e+00 2.218709e-02
-2.850000e-01 1.504035e+00 2.231704e-02
-2.700000e-01 1.504035e+00 2.247702e-02
-2.550000e-01 1.504035e+00 2.267400e-02
-2.400000e-01 1.504035e+00 2.291731e-02
-2.250000e-01 1.504035e+00 2.321987e-02
-2.100000e-01 1.504035e+00 2.360009e-02
-1.950000e-01 1.504035e+00 2.408491e-02
-1.800000e-01 1.504035e+00 2.471537e-02
-1.650000e-01 1.504035e+00 2.555706e-02
-1.500000e-01 1.504035e+00 2.672160e-02
-1.350000e-01 1.504035e+00 2.841268e-02
-1.200000e-01 1.504035e+00 3.102979e-02
-1.050000e-01 1.504035e+00 3.540611e-02
-9.000000e-02 1.504035e+00 4.332679e-02
-7.500000e-02 1.504035e+00 5.835711e-02
-6.000000e-02 1.504035e+00 8.546628e-02
-4.500000e-02 1.504035e+00 1.248186e-01
-3.000000e-02 1.504035e+00 1.653033e-01
-1.500000e-02 1.504035e+00 1.939194e-01
5.551115e-17 1.504035e+00 2.040553e-01
1.500000e-02 1.504035e+00 1.939194e-01
3.000000e-02 1.504035e+00 1.653033e-01
4.500000e-02 1.504035e+00 1.248186e-01
6.000000e-02 1.504035e+00 8.546628e-02
7.500000e-02 1.504035e+00 5.835711e-02
9.000000e-02 1.504035e+00 4.332679e-02
1.050000e-01 1.504035e+00 3.540611e-02
1.200000e-01 1.504035e+00 3.102979e-02
1.350000e-01 1.504035e+00 2.841268e-02
1.500000e-01 1.504035e+00 2.672160e-02
1.650000e-01 1.504035e+00 2.555706e-02
1.800000e-01 1.504035e+00 2.471537e-02
1.950000e-01 1.504035e+00 2.408491e-02
2.100000e-01 1.504035e+00 2.360009e-02
2.250000e-01 1.504035e+00 2.321987e-02
2.400000e-01 1.504035e+00 2.291731e-02
2.550000e-01 1.504035e+00 2.267400e-02
2.700000e-01 1.504035e+00 2.247702e-02
2.850000e-01 1.504035e+00 2.231704e-02
3.000000e-01 1.504035e+00 2.218709e-02
-3.000000e-01 1.517699e+00 2.186732e-02
-2.850000e-01 1.517699e+00 2.199629e-02
-2.700000e-01 1.517699e+00 2.215563e-02
-2.550000e-01 1.517699e+00 2.235247e-02
-2.400000e-01 1.517699e+00 2.259642e-02
-2.250000e-01 1.517699e+00 2.290081e-02
-2.100000e-01 1.517699e+00 2.328475e-02
-1.950000e-01 1.517699e+00 2.377634e-02
-1.800000e-01 1.517699e+00 2.441863e-02
-1.650000e-01 1.517699e+00 2.528081e-02
-1.500000e-01 1.517699e+00 2.648116e-02
-1.350000e-01 1.517699e+00 2.823630e-02
-1.200000e-01 1.517699e+00 3.097193e-02
-1.050000e-01 1.517699e+00 3.557666e-02
-9.000000e-02 1.517699e+00 4.395468e-02
-7.500000e-02 1.517699e+00 5.991015e-02
-6.000000e-02 1.517699e+00 8.875498e-02
-4.500000e-02 1.517699e+00 1.307101e-01
-3.000000e-02 1.517699e+00 1.739778e-01
-1.500000e-02 1.517699e+00 2.046436e-01
5.551115e-17 1.517699e+00 2.155253e-01
1.500000e-02 1.517699e+00 2.046436e-01
3.000000e-02 1.517699e+00 1.739778e-01
4.500000e-02 1.517699e+00 1.307101e-01
6.000000e-02 1.517699e+00 8.875498e-02
7.500000e-02 1.517699e+00 5.991015e-02
9.000000e-02 1.517699e+00 4.395468e-02
1.050000e-01 1.517699e+00 3.557666e-02
1.200000e-01 1.517699e+00 3.097193e-02
1.350000e-01 1.517699e+00 2.823630e-02
1.500000e-01 1.517699e+00 2.648116e-02
1.650000e-01 1.517699e+00 2.528081e-02
1.800000e-01 1.517699e+00 2.441863e-02
1.950000e-01 1.517699e+00 2.377634e-02
2.100000e-01 1.517699e+00 2.328475e-02
2.250000e-01 1.517699e+00 2.290081e-02
2.400000e-01 1.517699e+00 2.259642e-02
2.550000e-01 1.517699e+00 2.235247e-02
2.700000e-01 1.517699e+00 2.215563e-02
2.850000e-01 1.517699e+00 2.199629e-02
3.000000e-01 1.517699e+00 2.186732e-02
-3.000000e-01 1.531363e+00 2.155763e-02
-2.850000e-01 1.531363e+00 2.168593e-02
-2.700000e-01 1.531363e+00 2.184507e-02
-2.550000e-01 1.531363e+00 2.204239e-02
-2.400000e-01 1.531363e+00 2.228781e-02
-2.250000e-01 1.531363e+00 2.259516e-02
-2.100000e-01 1.531363e+00 2.298432e-02
-1.950000e-01 1.531363e+00 2.348470e-02
-1.800000e-01 1.531363e+00 2.414158e-02
-1.650000e-01 1.531363e+00 2.502813e-02
-1.500000e-01 1.531363e+00 2.626993e-02
-1.350000e-01 1.531363e+00 2.809767e-02
-1.200000e-01 1.531363e+00 3.096551e-02
-1.050000e-01 1.531363e+00 3.582208e-02
-9.000000e-02 1.531363e+00 4.470023e-02
-7.500000e-02 1.531363e+00 6.166199e-02
-6.000000e-02 1.531363e+00 9.239020e-02
-4.500000e-02 1.531363e+00 1.371719e-01
-3.000000e-02 1.531363e+00 1.834733e-01
-1.500000e-02 1.531363e+00 2.163843e-01
5.551115e-17 1.531363e+00 2.280855e-01
1.500000e-02 1.531363e+00 2.163843e-01
3.000000e-02 1.531363e+00 1.834733e-01
4.500000e-02 1.531363e+00 1.371719e-01
6.000000e-02 1.531363e+00 9.239020e-02
7.500000e-02 1.531363e+00 6.166199e-02
9.000000e-02 1.531363e+00 4.470023e-02
1.050000e-01 1.531363e+00 3.582208e-02
1.200000e-01 1.531363e+00 3.096551e-02
1.350000e-01 1.531363e+00 2.809767e-02
1.500000e-01 1.531363e+00 2.626993e-02
1.650000e-01 1.531363e+00 2.502813e-02
1.800000e-01 1.531363e+00 2.414158e-02
1.950000e-01 1.531363e+00 2.348470e-02
2.100000e-01 1.531363e+00 2.298432e-02
2.250000e-01 1.531363e+00 2.259516e-02
2.400000e-01 1.531363e+00 2.228781e-02
2.550000e-01 1.531363e+00 2.204239e-02
2.700000e-01 1.531363e+00 2.184507e-02
2.850000e-01 1.531363e+00 2.168593e-02
3.000000e-01 1.531363e+00 2.155763e-02
-3.000000e-01 1.545028e+00 2.125838e-02
-2.850000e-01 1.545028e+00 2.138637e-02
-2.700000e-01 1.545028e+00 2.154582e-02
-2.550000e-01 1.545028e+00 2.174434e-02
-2.400000e-01 1.545028e+00 2.199220e-02
-2.250000e-01 1.545028e+00 2.230380e-02
-2.100000e-01 1.545028e+00 2.269989e-02
-1.950000e-01 1.545028e+00 2.321138e-02
-1.800000e-01 1.545028e+00 2.388602e-02
-1.650000e-01 1.545028e+00 2.480134e-02
-1.500000e-01 1.545028e+00 2.609095e-02
-1.350000e-01 1.545028e+00 2.800091e-02
-1.200000e-01 1.545028e+00 3.101639e-02
-1.050000e-01 1.545028e+00 3.615110e-02
-9.000000e-02 1.545028e+00 4.557730e-02
-7.500000e-02 1.545028e+00 6.363620e-02
-6.000000e-02 1.545028e+00 9.641323e-02
-4.500000e-02 1.545028e+00 1.442728e-01
-3.000000e-02 1.545028e+00 1.938905e-01
-1.500000e-02 1.545028e+00 2.292684e-01
5.551115e-17 1.545028e+00 2.418732e-01
1.500000e-02 1.545028e+00 2.292684e-01
3.000000e-02 1.545028e+00 1.938905e-01
4.500000e-02 1.545028e+00 1.442728e-01
6.000000e-02 1.545028e+00 9.641323e-02
7.500000e-02 1.545028e+00 6.363620e-02
9.000000e-02 1.545028e+00 4.557730e-02
1.050000e-01 1.545028e+00 3.615110e-02
1.200000e-01 1.545028e+00 3.101639e-02
1.350000e-01 1.545028e+00 2.800091e-02
1.500000e-01 1.545028e+00 2.609095e-02
1.650000e-01 1.545028e+00 2.480134e-02
1.800000e-01 1.545028e+00 2.388602e-02
1.950000e-01 1.545028e+00 2.321138e-02
2.100000e-01 1.545028e+00 2.269989e-02
2.250000e-01 1.545028e+00 2.230380e-02
2.400000e-01 1.545028e+00 2.199220e-02
2.550000e-01 1.545028e+00 2.174434e-02
2.700000e-01 1.545028e+00 2.154582e-02
2.850000e-01 1.545028e+00 2.138637e-02
3.000000e-01 1.545028e+00 2.125838e-02
-3.000000e-01 1.558692e+00 2.097013e-02
-2.850000e-01 1.558692e+00 2.109822e-02
-2.700000e-01 1.558692e+00 2.125857e-02
-2.550000e-01 1.558692e+00 2.145912e-02
-2.400000e-01 1.558692e+00 2.171055e-02
-2.250000e-01 1.558692e+00 2.202790e-02
-2.100000e-01 1.558692e+00 2.243293e-02
-1.950000e-01 1.558692e+00 2.295819e-02
-1.800000e-01 1.558692e+00 2.365421e-02
-1.650000e-01 1.558692e+00 2.460334e-02
-1.500000e-01 1.558692e+00 2.594800e-02
-1.350000e-01 1.558692e+00 2.795111e-02
-1.200000e-01 1.558692e+00 3.113161e-02
-1.050000e-01 1.558692e+00 3.657412e-02
-9.000000e-02 1.558692e+00 4.660227e-02
-7.500000e-02 1.558692e+00 6.586031e-02
-6.000000e-02 1.558692e+00 1.008720e-01
-4.500000e-02 1.558692e+00 1.520924e-01
-3.000000e-02 1.558692e+00 2.053464e-01
-1.500000e-02 1.558692e+00 2.434435e-01
5.551115e-17 1.558692e+00 2.570477e-01
1.500000e-02 1.558692e+00 2.434435e-01
3.000000e-02 1.558692e+00 2.053464e-01
4.500000e-02 1.558692e+00 1.520924e-01
6.000000e-02 1.558692e+00 1.008720e-01
7.500000e-02 1.558692e+00 6.586031e-02
9.000000e-02 1.558692e+00 4.660227e-02
1.050000e-01 1.558692e+00 3.657412e-02
1.200000e-01 1.558692e+00 3.113161e-02
1.350000e-01 1.558692e+00 2.795111e-02
1.500000e-01 1.558692e+00 2.594800e-02
1.650000e-01 1.558692e+00 2.460334e-02
1.800000e-01 1.558692e+00 2.365421e-02
1.950000e-01 1.558692e+00 2.295819e-02
2.100000e-01 1.558692e+00 2.243293e-02
2.250000e-01 1.558692e+00 2.202790e-02
2.400000e-01 1.558692e+00 2.171055e-02
2.550000e-01 1.558692e+00 2.145912e-02
2.700000e-01 1.558692e+00 2.125857e-02
2.850000e-01 1.558692e+00 2.109822e-02
3.000000e-01 1.558692e+00 2.097013e-02
-3.000000e-01 1.572356e+00 2.069368e-02
-2.850000e-01 1.572356e+00 2.082232e-02
-2.700000e-01 1.572356e+00 2.098429e-02
-2.550000e-01 1.572356e+00 2.118785e-02
-2.400000e-01 1.572356e+00 2.144418e-02
-2.250000e-01 1.572356e+00 2.176904e-02
-2.100000e-01 1.572356e+00 2.218535e-02
-1.950000e-01 1.572356e+00 2.272749e-02
-1.800000e-01 1.572356e+00 2.344908e-02
-1.650000e-01 1.572356e+00 2.443781e-02
-1.500000e-01 1.572356e+00 2.584580e-02
-1.350000e-01 1.572356e+00 2.795447e-02
-1.200000e-01 1.572356e+00 3.131974e-02
-1.050000e-01 1.572356e+00 3.710355e-02
-9.000000e-02 1.572356e+00 4.779445e-02
-7.500000e-02 1.572356e+00 6.836656e-02
-6.000000e-02 1.572356e+00 1.058222e-01
-4.500000e-02 1.572356e+00 1.607232e-01
-3.000000e-02 1.572356e+00 2.179769e-01
-1.500000e-02 1.572356e+00 2.590816e-01
5.551115e-17 1.572356e+00 2.737954e-01
1.500000e-02 1.572356e+00 2.590816e-01
3.000000e-02 1.572356e+00 2.179769e-01
4.500000e-02 1.572356e+00 1.607232e-01
6.000000e-02 1.572356e+00 1.058222e-01
7.500000e-02 1.572356e+00 6.836656e-02
9.000000e-02 1.572356e+00 4.779445e-02
1.050000e-01 1.572356e+00 3.710355e-02
1.200000e-01 1.572356e+00 3.131974e-02
1.350000e-01 1.572356e+00 2.795447e-02
1.500000e-01 1.572356e+00 2.584580e-02
1.650000e-01 1.572356e+00 2.443781e-02
1.800000e-01 1.572356e+00 2.344908e-02
1.950000e-01 1.572356e+00 2.272749e-02
2.100000e-01 1.572356e+00 2.218535e-02
2.250000e-01 1.572356e+00 2.176904e-02
2.400000e-01 1.572356e+00 2.144418e-02
2.550000e-01 1.572356e+00 2.118785e-02
2.700000e-01 1.572356e+00 2.098429e-02
2.850000e-01 1.572356e+00 2.082232e-02
3.000000e-01 1.572356e+00 2.069368e-02
-3.000000e-01 1.586020e+00 2.043014e-02
-2.850000e-01 1.586020e+00 2.055990e-02
-2.700000e-01 1.586020e+00 2.072431e-02
-2.550000e-01 1.586020e+00 2.093205e-02
-2.400000e-01 1.586020e+00 2.119486e-02
-2.250000e-01 1.586020e+00 2.152933e-02
-2.100000e-01 1.586020e+00 2.195968e-02
-1.950000e-01 1.586020e+00 2.252235e-02
-1.800000e-01 1.586020e+00 2.327438e-02
-1.650000e-01 1.586020e+00 2.430940e-02
-1.500000e-01 1.586020e+00 2.579025e-02
-1.350000e-01 1.586020e+00 2.801867e-02
-1.200000e-01 1.586020e+00 3.159116e-02
-1.050000e-01 1.586020e+00 3.775432e-02
-9.000000e-02 1.586020e+00 4.917679e-02
-7.500000e-02 1.586020e+00 7.119287e-02
-6.000000e-02 1.586020e+00 1.113292e-01
-4.500000e-02 1.586020e+00 1.702730e-01
-3.000000e-02 1.586020e+00 2.319410e-01
-1.500000e-02 1.586020e+00 2.763842e-01
5.551115e-17 1.586020e+00 2.923343e-01
1.500000e-02 1.586020e+00 2.763842e-01
3.000000e-02 1.586020e+00 2.319410e-01
4.500000e-02 1.586020e+00 1.702730e-01
6.000000e-02 1.586020e+00 1.113292e-01
7.500000e-02 1.586020e+00 7.119287e-02
9.000000e-02 1.586020e+00 4.917679e-02
1.050000e-01 1.586020e+00 3.775432e-02
1.200000e-01 1.586020e+00 3.159116e-02
1.350000e-01 1.586020e+00 2.801867e-02
1.500000e-01 1.586020e+00 2.579025e-02
1.650000e-01 1.586020e+00 2.430940e-02
1.800000e-01 1.586020e+00 2.327438e-02
1.950000e-01 1.586020e+00 2.252235e-02
2.100000e-01 1.586020e+00 2.195968e-02
2.250000e-01 1.586020e+00 2.152933e-02
2.400000e-01 1.586020e+00 2.119486e-02
2.550000e-01 1.586020e+00 2.093205e-02
2.700000e-01 1.586020e+00 2.072431e-02
2.850000e-01 1.586020e+00 2.055990e-02
3.000000e-01 1.586020e+00 2.043014e-02
-3.000000e-01 1.599685e+00 2.018104e-02
-2.850000e-01 1.599685e+00 2.031258e-02
-2.700000e-01 1.599685e+00 2.048045e-02
-2.550000e-01 1.599685e+00 2.069379e-02
-2.400000e-01 1.599685e+00 2.096499e-02
-2.250000e-01 1.599685e+00 2.131160e-02
-2.100000e-01 1.599685e+00 2.175927e-02
-1.950000e-01 1.599685e+00 2.234677e-02
-1.800000e-01 1.599685e+00 2.313497e-02
-1.650000e-01 1.599685e+00 2.422407e-02
-1.500000e-01 1.599685e+00 2.578875e-02
-1.350000e-01 1.599685e+00 2.815321e-02
-1.200000e-01 1.599685e+00 3.195861e-02
-1.050000e-01 1.599685e+00 3.854442e-02
-9.000000e-02 1.599685e+00 5.077665e-02
-7.500000e-02 1.599685e+00 7.438405e-02
-6.000000e-02 1.599685e+00 1.174697e-01
-4.500000e-02 1.599685e+00 1.808687e-01
-3.000000e-02 1.599685e+00 2.474253e-01
-1.500000e-02 1.599685e+00 2.955883e-01
5.551115e-17 1.599685e+00 3.129214e-01
1.500000e-02 1.599685e+00 2.955883e-01
3.000000e-02 1.599685e+00 2.474253e-01
4.500000e-02 1.599685e+00 1.808687e-01
6.000000e-02 1.599685e+00 1.174697e-01
7.500000e-02 1.599685e+00 7.438405e-02
9.000000e-02 1.599685e+00 5.077665e-02
1.050000e-01 1.599685e+00 3.854442e-02
1.200000e-01 1.599685e+00 3.195861e-02
1.350000e-01 1.599685e+00 2.815321e-02
1.500000e-01 1.599685e+00 2.578875e-02
1.650000e-01 1.599685e+00 2.422407e-02
1.800000e-01 1.599685e+00 2.313497e-02
1.950000e-01 1.599685e+00 2.234677e-02
2.100000e-01 1.599685e+00 2.175927e-02
2.250000e-01 1.599685e+00 2.131160e-02
2.400000e-01 1.599685e+00 2.096499e-02
2.550000e-01 1.599685e+00 2.069379e-02
2.700000e-01 1.599685e+00 2.048045e-02
2.850000e-01 1.599685e+00 2.031258e-02
3.000000e-01 1.599685e+00 2.018104e-02
-3.000000e-01 1.613349e+00 1.994848e-02
-2.850000e-01 1.613349e+00 2.008262e-02
-2.700000e-01 1.613349e+00 2.025518e-02
-2.550000e-01 1.613349e+00 2.047586e-02
-2.400000e-01 1.613349e+00 2.075779e-02
-2.250000e-01 1.613349e+00 2.111958e-02
-2.100000e-01 1.613349e+00 2.158854e-02
-1.950000e-01 1.613349e+00 2.220601e-02
-1.800000e-01 1.613349e+00 2.303712e-02
-1.650000e-01 1.613349e+00 2.418939e-02
-1.500000e-01 1.613349e+00 2.585067e-02
-1.350000e-01 1.613349e+00 2.836996e-02
-1.200000e-01 1.613349e+00 3.243771e-02
-1.050000e-01 1.613349e+00 3.949571e-02
-9.000000e-02 1.613349e+00 5.262686e-02
-7.500000e-02 1.613349e+00 7.799333e-02
-6.000000e-02 1.613349e+00 1.243339e-01
-4.500000e-02 1.613349e+00 1.926594e-01
-3.000000e-02 1.613349e+00 2.646500e-01
-1.500000e-02 1.613349e+00 3.169744e-01
5.551115e-17 1.613349e+00 3.358612e-01
1.500000e-02 1.613349e+00 3.169744e-01
3.000000e-02 1.613349e+00 2.646500e-01
4.500000e-02 1.613349e+00 1.926594e-01
6.000000e-02 1.613349e+00 1.243339e-01
7.500000e-02 1.613349e+00 7.799333e-02
9.000000e-02 1.613349e+00 5.262686e-02
1.050000e-01 1.613349e+00 3.949571e-02
1.200000e-01 1.613349e+00 3.243771e-02
1.350000e-01 1.613349e+00 2.836996e-02
1.500000e-01 1.613349e+00 2.585067e-02
1.650000e-01 1.613349e+00 2.418939e-02
1.800000e-01 1.613349e+00 2.303712e-02
1.950000e-01 1.613349e+00 2.220601e-02
2.100000e-01 1.613349e+00 2.158854e-02
2.250000e-01 1.613349e+00 2.111958e-02
2.400000e-01 1.613349e+00 2.075779e-02
2.550000e-01 1.613349e+00 2.047586e-02
2.700000e-01 1.613349e+00 2.025518e-02
2.850000e-01 1.613349e+00 2.008262e-02
3.000000e-01 1.613349e+00 1.994848e-02
-3.000000e-01 1.627013e+00 1.973526e-02
-2.850000e-01 1.627013e+00 1.987303e-02
-2.700000e-01 1.627013e+00 2.005183e-02
-2.550000e-01 1.627013e+00 2.028201e-02
-2.400000e-01 1.627013e+00 2.057756e-02
-2.250000e-01 1.627013e+00 2.095829e-02
-2.100000e-01 1.627013e+00 2.145334e-02
-1.950000e-01 1.627013e+00 2.210696e-02
-1.800000e-01 1.627013e+00 2.298902e-02
-1.650000e-01 1.627013e+00 2.421519e-02
-1.500000e-01 1.627013e+00 2.598792e-02
-1.350000e-01 1.627013e+00 2.868379e-02
-1.200000e-01 1.627013e+00 3.304783e-02
-1.050000e-01 1.627013e+00 4.063485e-02
-9.000000e-02 1.627013e+00 5.476697e-02
-7.500000e-02 1.627013e+00 8.208422e-02
-6.000000e-02 1.627013e+00 1.320294e-01
-4.500000e-02 1.627013e+00 2.058217e-01
-3.000000e-02 1.627013e+00 2.838763e-01
-1.500000e-02 1.627013e+00 3.408759e-01
5.551115e-17 1.627013e+00 3.615159e-01
1.500000e-02 1.627013e+00 3.408759e-01
3.000000e-02 1.627013e+00 2.838763e-01
4.500000e-02 1.627013e+00 2.058217e-01
6.000000e-02 1.627013e+00 1.320294e-01
7.500000e-02 1.627013e+00 8.208422e-02
9.000000e-02 1.627013e+00 5.476697e-02
1.050000e-01 1.627013e+00 4.063485e-02
1.200000e-01 1.627013e+00 3.304783e-02
1.350000e-01 1.627013e+00 2.868379e-02
1.500000e-01 1.627013e+00 2.598792e-02
1.650000e-01 1.627013e+00 2.421519e-02
1.800000e-01 1.627013e+00 2.298902e-02
1.950000e-01 1.627013e+00 2.210696e-02
2.100000e-01 1.627013e+00 2.145334e-02
2.250000e-01 1.627013e+00 2.095829e-02
2.400000e-01 1.627013e+00 2.057756e-02
2.550000e-01 1.627013e+00 2.028201e-02
2.700000e-01 1.627013e+00 2.005183e-02
2.850000e-01 1.627013e+00 1.987303e-02
3.000000e-01 1.627013e+00 1.973526e-02
-3.000000e-01 1.640677e+00 1.954500e-02
-2.850000e-01 1.640677e+00 1.968773e-02
-2.700000e-01 1.640677e+00 1.987477e-02
-2.550000e-01 1.640677e+00 2.011722e-02
-2.400000e-01 1.640677e+00 2.043004e-02
-2.250000e-01 1.640677e+00 2.083440e-02
-2.100000e-01 1.640677e+00 2.136149e-02
-1.950000e-01 1.640677e+00 2.205877e-02
-1.800000e-01 1.640677e+00 2.300141e-02
-1.650000e-01 1.640677e+00 2.431416e-02
-1.500000e-01 1.640677e+00 2.621577e-02
-1.350000e-01 1.640677e+00 2.911351e-02
-1.200000e-01 1.640677e+00 3.381307e-02
-1.050000e-01 1.640677e+00 4.199460e-02
-9.000000e-02 1.640677e+00 5.724499e-02
-7.500000e-02 1.640677e+00 8.673300e-02
-6.000000e-02 1.640677e+00 1.406840e-01
-4.500000e-02 1.640677e+00 2.205660e-01
-3.000000e-02 1.640677e+00 3.054158e-01
-1.500000e-02 1.640677e+00 3.676915e-01
5.551115e-17 1.640677e+00 3.903192e-01
1.500000e-02 1.640677e+00 3.676915e-01
3.000000e-02 1.640677e+00 3.054158e-01
4.500000e-02 1.640677e+00 2.205660e-01
6.000000e-02 1.640677e+00 1.406840e-01
7.500000e-02 1.640677e+00 8.673300e-02
9.000000e-02 1.640677e+00 5.724499e-02
1.050000e-01 1.640677e+00 4.199460e-02
1.200000e-01 1.640677e+00 3.381307e-02
1.350000e-01 1.640677e+00 2.911351e-02
1.500000e-01 1.640677e+00 2.621577e-02
1.650000e-01 1.640677e+00 2.431416e-02
1.800000e-01 1.640677e+00 2.300141e-02
1.950000e-01 1.640677e+00 2.205877e-02
2.100000e-01 1.640677e+00 2.136149e-02
2.250000e-01 1.640677e+00 2.083440e-02
2.400000e-01 1.640677e+00 2.043004e-02
2.550000e-01 1.640677e+00 2.011722e-02
2.700000e-01 1.640677e+00 1.987477e-02
2.850000e-01 1.640677e+00 1.968773e-02
3.000000e-01 1.640677e+00 1.954500e-02
-3.000000e-01 1.654342e+00 1.938213e-02
-2.850000e-01 1.654342e+00 1.953165e-02
-2.700000e-01 1.654342e+00 1.972959e-02
-2.550000e-01 1.654342e+00 1.998794e-02
-2.400000e-01 1.654342e+00 2.032275e-02
-2.250000e-01 1.654342e+00 2.075672e-02
-2.100000e-01 1.654342e+00 2.132329e-02
-1.950000e-01 1.654342e+00 2.207352e-02
-1.800000e-01 1.654342e+00 2.308844e-02
-1.650000e-01 1.654342e+00 2.450292e-02
-1.500000e-01 1.654342e+00 2.655394e-02
-1.350000e-01 1.654342e+00 2.968307e-02
-1.200000e-01 1.654342e+00 3.476370e-02
-1.050000e-01 1.654342e+00 4.361550e-02
-9.000000e-02 1.654342e+00 6.011949e-02
-7.500000e-02 1.654342e+00 9.203178e-02
-6.000000e-02 1.654342e+00 1.504514e-01
-4.500000e-02 1.654342e+00 2.371442e-01
-3.000000e-02 1.654342e+00 3.296420e-01
-1.500000e-02 1.654342e+00 3.979008e-01
5.551115e-17 1.654342e+00 4.227933e-01
1.500000e-02 1.654342e+00 3.979008e-01
3.000000e-02 1.654342e+00 3.296420e-01
4.500000e-02 1.654342e+00 2.371442e-01
6.000000e-02 1.654342e+00 1.504514e-01
7.500000e-02 1.654342e+00 9.203178e-02
9.000000e-02 1.654342e+00 6.011949e-02
1.050000e-01 1.654342e+00 4.361550e-02
1.200000e-01 1.654342e+00 3.476370e-02
1.350000e-01 1.654342e+00 2.968307e-02
1.500000e-01 1.654342e+00 2.655394e-02
1.650000e-01 1.654342e+00 2.450292e-02
1.800000e-01 1.654342e+00 2.308844e-02
1.950000e-01 1.654342e+00 2.207352e-02
2.100000e-01 1.654342e+00 2.132329e-02
2.250000e-01 1.654342e+00 2.075672e-02
2.400000e-01 1.654342e+00 2.032275e-02
2.550000e-01 1.654342e+00 1.998794e-02
2.700000e-01 1.654342e+00 1.972959e-02
2.850000e-01 1.654342e+00 1.953165e-02
3.000000e-01 1.654342e+00 1.938213e-02
-3.000000e-01 1.668006e+00 1.925137e-02
-2.850000e-01 1.668006e+00 1.941035e-02
-2.700000e-01 1.668006e+00 1.962291e-02
-2.550000e-01 1.668006e+00 1.990212e-02
-2.400000e-01 1.668006e+00 2.026525e-02
-2.250000e-01 1.668006e+00 2.073668e-02
-2.100000e-01 1.668006e+00 2.135235e-02
-1.950000e-01 1.668006e+00 2.216721e-02
-1.800000e-01 1.668006e+00 2.326880e-02
-1.650000e-01 1.668006e+00 2.480328e-02
-1.500000e-01 1.668006e+00 2.702805e-02
-1.350000e-01 1.668006e+00 3.042322e-02
-1.200000e-01 1.668006e+00 3.593801e-02
-1.050000e-01 1.668006e+00 4.554806e-02
-9.000000e-02 1.668006e+00 6.346249e-02
-7.500000e-02 1.668006e+00 9.809248e-02
-6.000000e-02 1.668006e+00 1.615168e-01
-4.500000e-02 1.668006e+00 2.558594e-01
-3.000000e-02 1.668006e+00 3.570058e-01
-1.500000e-02 1.668006e+00 4.320842e-01
5.551115e-17 1.668006e+00 4.595714e-01
1.500000e-02 1.668006e+00 4.320842e-01
3.000000e-02 1.668006e+00 3.570058e-01
4.500000e-02 1.668006e+00 2.558594e-01
6.000000e-02 1.668006e+00 1.615168e-01
7.500000e-02 1.668006e+00 9.809248e-02
9.000000e-02 1.668006e+00 6.346249e-02
1.050000e-01 1.668006e+00 4.554806e-02
1.200000e-01 1.668006e+00 3.593801e-02
1.350000e-01 1.668006e+00 3.042322e-02
1.500000e-01 1.668006e+00 2.702805e-02
1.650000e-01 1.668006e+00 2.480328e-02
1.800000e-01 1.668006e+00 2.326880e-02
1.950000e-01 1.668006e+00 2.216721e-02
2.100000e-01 1.668006e+00 2.135235e-02
2.250000e-01 1.668006e+00 2.073668e-02
2.400000e-01 1.668006e+00 2.026525e-02
2.550000e-01 1.668006e+00 1.990212e-02
2.700000e-01 1.668006e+00 1.962291e-02
2.850000e-01 1.668006e+00 1.941035e-02
3.000000e-01 1.668006e+00 1.925137e-02
-3.000000e-01 1.681670e+00 1.915611e-02
-2.850000e-01 1.681670e+00 1.932868e-02
-2.700000e-01 1.681670e+00 1.956138e-02
-2.550000e-01 1.681670e+00 1.986855e-02
-2.400000e-01 1.681670e+00 2.026887e-02
-2.250000e-01 1.681670e+00 2.078854e-02
-2.100000e-01 1.681670e+00 2.146613e-02
-1.950000e-01 1.681670e+00 2.236079e-02
-1.800000e-01 1.681670e+00 2.356717e-02
-1.650000e-01 1.681670e+00 2.524402e-02
-1.500000e-01 1.681670e+00 2.767169e-02
-1.350000e-01 1.681670e+00 3.137372e-02
-1.200000e-01 1.681670e+00 3.738481e-02
-1.050000e-01 1.681670e+00 4.785569e-02
-9.000000e-02 1.681670e+00 6.736313e-02
-7.500000e-02 1.681670e+00 1.050521e-01
-6.000000e-02 1.681670e+00 1.741053e-01
-4.500000e-02 1.681670e+00 2.770794e-01
-3.000000e-02 1.681670e+00 3.880552e-01
-1.500000e-02 1.681670e+00 4.709492e-01
5.551115e-17 1.681670e+00 5.014261e-01
1.500000e-02 1.681670e+00 4.709492e-01
3.000000e-02 1.681670e+00 3.880552e-01
4.500000e-02 1.681670e+00 2.770794e-01
6.000000e-02 1.681670e+00 1.741053e-01
7.500000e-02 1.681670e+00 1.050521e-01
9.000000e-02 1.681670e+00 6.736313e-02
1.050000e-01 1.681670e+00 4.785569e-02
1.200000e-01 1.681670e+00 3.738481e-02
1.350000e-01 1.681670e+00 3.137372e-02
1.500000e-01 1.681670e+00 2.767169e-02
1.650000e-01 1.681670e+00 2.524402e-02
1.800000e-01 1.681670e+00 2.356717e-02
1.950000e-01 1.681670e+00 2.236079e-02
2.100000e-01 1.681670e+00 2.146613e-02
2.250000e-01 1.681670e+00 2.078854e-02
2.400000e-01 1.681670e+00 2.026887e-02
2.550000e-01 1.681670e+00 1.986855e-02
2.700000e-01 1.681670e+00 1.956138e-02
2.850000e-01 1.681670e+00 1.932868e-02
3.000000e-01 1.681670e+00 1.915611e-02
-3.000000e-01 1.695335e+00 1.909440e-02
-2.850000e-01 1.695335e+00 1.928722e-02
-2.700000e-01 1.695335e+00 1.954859e-02
-2.550000e-01 1.695335e+00 1.989441e-02
-2.400000e-01 1.695335e+00 2.034500e-02
-2.250000e-01 1.695335e+00 2.092848e-02
-2.100000e-01 1.695335e+00 2.168603e-02
-1.950000e-01 1.695335e+00 2.268109e-02
-1.800000e-01 1.695335e+00 2.401590e-02
-1.650000e-01 1.695335e+00 2.586312e-02
-1.500000e-01 1.695335e+00 2.852902e-02
-1.350000e-01 1.695335e+00 3.258642e-02
-1.200000e-01 1.695335e+00 3.916683e-02
-1.050000e-01 1.695335e+00 5.061870e-02
-9.000000e-02 1.695335e+00 7.193260e-02
-7.500000e-02 1.695335e+00 1.130794e-01
-6.000000e-02 1.695335e+00 1.884920e-01
-4.500000e-02 1.695335e+00 3.012527e-01
-3.000000e-02 1.695335e+00 4.234598e-01
-1.500000e-02 1.695335e+00 5.153638e-01
5.551115e-17 1.695335e+00 5.493066e-01
1.500000e-02 1.695335e+00 5.153638e-01
3.000000e-02 1.695335e+00 4.234598e-01
4.500000e-02 1.695335e+00 3.012527e-01
6.000000e-02 1.695335e+00 1.884920e-01
7.500000e-02 1.695335e+00 1.130794e-01
9.000000e-02 1.695335e+00 7.193260e-02
1.050000e-01 1.695335e+00 5.061870e-02
1.200000e-01 1.695335e+00 3.916683e-02
1.350000e-01 1.695335e+00 3.258642e-02
1.500000e-01 1.695335e+00 2.852902e-02
1.650000e-01 1.695335e+00 2.586312e-02
1.800000e-01 1.695335e+00 2.401590e-02
1.950000e-01 1.695335e+00 2.268109e-02
2.100000e-01 1.695335e+00 2.168603e-02
2.250000e-01 1.695335e+00 2.092848e-02
2.400000e-01 1.695335e+00 2.034500e-02
2.550000e-01 1.695335e+00 1.989441e-02
2.700000e-01 1.695335e+00 1.954859e-02
2.850000e-01 1.695335e+00 1.928722e-02
3.000000e-01 1.695335e+00 1.909440e-02
-3.000000e-01 1.708999e+00 1.905191e-02
-2.850000e-01 1.708999e+00 1.927523e-02
-2.700000e-01 1.708999e+00 1.957823e-02
-2.550000e-01 1.708999e+00 1.997904e-02
-2.400000e-01 1.708999e+00 2.049997e-02
-2.250000e-01 1.708999e+00 2.117095e-02
-2.100000e-01 1.708999e+00 2.203541e-02
-1.950000e-01 1.708999e+00 2.316060e-02
-1.800000e-01 1.708999e+00 2.465634e-02
-1.650000e-01 1.708999e+00 2.671038e-02
-1.500000e-01 1.708999e+00 2.965832e-02
-1.350000e-01 1.708999e+00 3.412933e-02
-1.200000e-01 1.708999e+00 4.136542e-02
-1.050000e-01 1.708999e+00 5.393959e-02
-9.000000e-02 1.708999e+00 7.731075e-02
-7.500000e-02 1.708999e+00 1.223839e-01
-6.000000e-02 1.708999e+00 2.050160e-01
-4.500000e-02 1.708999e+00 3.289307e-01
-3.000000e-02 1.708999e+00 4.640450e-01
-1.500000e-02 1.708999e+00 5.664011e-01
5.551115e-17 1.708999e+00 6.043886e-01
1.500000e-02 1.708999e+00 5.664011e-01
3.000000e-02 1.708999e+00 4.640450e-01
4.500000e-02 1.708999e+00 3.289307e-01
6.000000e-02 1.708999e+00 2.050160e-01
7.500000e-02 1.708999e+00 1.223839e-01
9.000000e-02 1.708999e+00 7.731075e-02
1.050000e-01 1.708999e+00 5.393959e-02
1.200000e-01 1.708999e+00 4.136542e-02
1.350000e-01 1.708999e+00 3.412933e-02
1.500000e-01 1.708999e+00 2.965832e-02
1.650000e-01 1.708999e+00 2.671038e-02
1.800000e-01 1.708999e+00 2.465634e-02
1.950000e-01 1.708999e+00 2.316060e-02
2.100000e-01 1.708999e+00 2.203541e-02
2.250000e-01 1.708999e+00 2.117095e-02
2.400000e-01 1.708999e+00 2.049997e-02
2.550000e-01 1.708999e+00 1.997904e-02
2.700000e-01 1.708999e+00 1.957823e-02
2.850000e-01 1.708999e+00 1.927523e-02
3.000000e-01 1.708999e+00 1.905191e-02
-3.000000e-01 1.722663e+00 1.899446e-02
-2.850000e-01 1.722663e+00 1.926110e-02
-2.700000e-01 1.722663e+00 1.962307e-02
-2.550000e-01 1.722663e+00 2.010214e-02
-2.400000e-01 1.722663e+00 2.072351e-02
-2.250000e-01 1.722663e+00 2.151891e-02
-2.100000e-01 1.722663e+00 2.253273e-02
-1.950000e-01 1.722663e+00 2.383404e-02
-1.800000e-01 1.722663e+00 2.553869e-02
-1.650000e-01 1.722663e+00 2.784989e-02
-1.500000e-01 1.722663e+00 3.113624e-02
-1.350000e-01 1.722663e+00 3.609205e-02
-1.200000e-01 1.722663e+00 4.408673e-02
-1.050000e-01 1.722663e+00 5.795030e-02
-9.000000e-02 1.722663e+00 8.367484e-02
-7.500000e-02 1.722663e+00 1.332280e-01
-6.000000e-02 1.722663e+00 2.240979e-01
-4.500000e-02 1.722663e+00 3.607959e-01
-3.000000e-02 1.722663e+00 5.108351e-01
-1.500000e-02 1.722663e+00 6.253980e-01
5.551115e-17 1.722663e+00 6.681387e-01
1.500000e-02 1.722663e+00 6.253980e-01
3.000000e-02 1.722663e+00 5.108351e-01
4.500000e-02 1.722663e+00 3.607959e-01
6.000000e-02 1.722663e+00 2.240979e-01
7.500000e-02 1.722663e+00 1.332280e-01
9.000000e-02 1.722663e+00 8.367484e-02
1.050000e-01 1.722663e+00 5.795030e-02
1.200000e-01 1.722663e+00 4.408673e-02
1.350000e-01 1.722663e+00 3.609205e-02
1.500000e-01 1.722663e+00 3.113624e-02
1.650000e-01 1.722663e+00 2.784989e-02
1.800000e-01 1.722663e+00 2.553869e-02
1.950000e-01 1.722663e+00 2.383404e-02
2.100000e-01 1.722663e+00 2.253273e-02
2.250000e-01 1.722663e+00 2.151891e-02
2.400000e-01 1.722663e+00 2.072351e-02
2.550000e-01 1.722663e+00 2.010214e-02
2.700000e-01 1.722663e+00 1.962307e-02
2.850000e-01 1.722663e+00 1.926110e-02
3.000000e-01 1.722663e+00 1.899446e-02
-3.000000e-01 1.736327e+00 1.887113e-02
-2.850000e-01 1.736327e+00 1.918996e-02
-2.700000e-01 1.736327e+00 1.962629e-02
-2.550000e-01 1.736327e+00 2.020921e-02
-2.400000e-01 1.736327e+00 2.097019e-02
-2.250000e-01 1.736327e+00 2.194415e-02
-2.100000e-01 1.736327e+00 2.317442e-02
-1.950000e-01 1.736327e+00 2.472666e-02
-1.800000e-01 1.736327e+00 2.671675e-02
-1.650000e-01 1.736327e+00 2.936036e-02
-1.500000e-01 1.736327e+00 3.306218e-02
-1.350000e-01 1.736327e+00 3.859264e-02
-1.200000e-01 1.736327e+00 4.747022e-02
-1.050000e-01 1.736327e+00 6.282207e-02
-9.000000e-02 1.736327e+00 9.125155e-02
-7.500000e-02 1.736327e+00 1.459424e-01
-6.000000e-02 1.736327e+00 2.462636e-01
-4.500000e-02 1.736327e+00 3.977000e-01
-3.000000e-02 1.736327e+00 5.651115e-01
-1.500000e-02 1.736327e+00 6.940334e-01
5.551115e-17 1.736327e+00 7.424021e-01
1.500000e-02 1.736327e+00 6.940334e-01
3.000000e-02 1.736327e+00 5.651115e-01
4.500000e-02 1.736327e+00 3.977000e-01
6.000000e-02 1.736327e+00 2.462636e-01
7.500000e-02 1.736327e+00 1.459424e-01
9.000000e-02 1.736327e+00 9.125155e-02
1.050000e-01 1.736327e+00 6.282207e-02
1.200000e-01 1.736327e+00 4.747022e-02
1.350000e-01 1.736327e+00 3.859264e-02
1.500000e-01 1.736327e+00 3.306218e-02
1.650000e-01 1.736327e+00 2.936036e-02
1.800000e-01 1.736327e+00 2.671675e-02
1.950000e-01 1.736327e+00 2.472666e-02
2.100000e-01 1.736327e+00 2.317442e-02
2.250000e-01 1.736327e+00 2.194415e-02
2.400000e-01 1.736327e+00 2.097019e-02
2.550000e-01 1.736327e+00 2.020921e-02
2.700000e-01 1.736327e+00 1.962629e-02
2.850000e-01 1.736327e+00 1.918996e-02
3.000000e-01 1.736327e+00 1.887113e-02
-3.000000e-01 1.749992e+00 1.864002e-02
-2.850000e-01 1.749992e+00 1.900451e-02
-2.700000e-01 1.749992e+00 1.951374e-02
-2.550000e-01 1.749992e+00 2.021124e-02
-2.400000e-01 1.749992e+00 2.114441e-02
-2.250000e-01 1.749992e+00 2.236015e-02
-2.100000e-01 1.749992e+00 2.390294e-02
-1.950000e-01 1.749992e+00 2.582640e-02
-1.800000e-01 1.749992e+00 2.823027e-02
-1.650000e-01 1.749992e+00 3.132885e-02
-1.500000e-01 1.749992e+00 3.556078e-02
-1.350000e-01 1.749992e+00 4.178559e-02
-1.200000e-01 1.749992e+00 5.169970e-02
-1.050000e-01 1.749992e+00 6.877870e-02
-9.000000e-02 1.749992e+00 1.003332e-01
-7.500000e-02 1.749992e+00 1.609482e-01
-6.000000e-02 1.749992e+00 2.721766e-01
-4.500000e-02 1.749992e+00 4.407144e-01
-3.000000e-02 1.749992e+00 6.284908e-01
-1.500000e-02 1.749992e+00 7.744336e-01
5.551115e-17 1.749992e+00 8.295200e-01
1.500000e-02 1.749992e+00 7.744336e-01
3.000000e-02 1.749992e+00 6.284908e-01
4.500000e-02 1.749992e+00 4.407144e-01
6.000000e-02 1.749992e+00 2.721766e-01
7.500000e-02 1.749992e+00 1.609482e-01
9.000000e-02 1.749992e+00 1.003332e-01
1.050000e-01 1.749992e+00 6.877870e-02
1.200000e-01 1.749992e+00 5.169970e-02
1.350000e-01 1.749992e+00 4.178559e-02
1.500000e-01 1.749992e+00 3.556078e-02
1.650000e-01 1.749992e+00 3.132885e-02
1.800000e-01 1.749992e+00 2.823027e-02
1.950000e-01 1.749992e+00 2.582640e-02
2.100000e-01 1.749992e+00 2.390294e-02
2.250000e-01 1.749992e+00 2.236015e-02
2.400000e-01 1.749992e+00 2.114441e-02
2.550000e-01 1.749992e+00 2.021124e-02
2.700000e-01 1.749992e+00 1.951374e-02
2.850000e-01 1.749992e+00 1.900451e-02
3.000000e-01 1.749992e+00 1.864002e-02
-3.000000e-01 1.763656e+00 1.830069e-02
-2.850000e-01 1.763656e+00 1.868536e-02
-2.700000e-01 1.763656e+00 1.923794e-02
-2.550000e-01 1.763656e+00 2.002335e-02
-2.400000e-01 1.763656e+00 2.112059e-02
-2.250000e-01 1.763656e+00 2.261288e-02
-2.100000e-01 1.763656e+00 2.456906e-02
-1.950000e-01 1.763656e+00 2.703369e-02
-1.800000e-01 1.763656e+00 3.006253e-02
-1.650000e-01 1.763656e+00 3.382718e-02
-1.500000e-01 1.763656e+00 3.877657e-02
-1.350000e-01 1.763656e+00 4.586866e-02
-1.200000e-01 1.763656e+00 5.701700e-02
-1.050000e-01 1.763656e+00 7.611445e-02
-9.000000e-02 1.763656e+00 1.112995e-01
-7.500000e-02 1.763656e+00 1.787856e-01
-6.000000e-02 1.763656e+00 3.026806e-01
-4.500000e-02 1.763656e+00 4.911983e-01
-3.000000e-02 1.763656e+00 7.030294e-01
-1.500000e-02 1.763656e+00 8.693146e-01
5.551115e-17 1.763656e+00 9.324876e-01
1.500000e-02 1.763656e+00 8.693146e-01
3.000000e-02 1.763656e+00 7.030294e-01
4.500000e-02 1.763656e+00 4.911983e-01
6.000000e-02 1.763656e+00 3.026806e-01
7.500000e-02 1.763656e+00 1.787856e-01
9.000000e-02 1.763656e+00 1.112995e-01
1.050000e-01 1.763656e+00 7.611445e-02
1.200000e-01 1.763656e+00 5.701700e-02
1.350000e-01 1.763656e+00 4.586866e-02
1.500000e-01 1.763656e+00 3.877657e-02
1.650000e-01 1.763656e+00 3.382718e-02
1.800000e-01 1.763656e+00 3.006253e-02
1.950000e-01 1.763656e+00 2.703369e-02
2.100000e-01 1.763656e+00 2.456906e-02
2.250000e-01 1.763656e+00 2.261288e-02
2.400000e-01 1.763656e+00 2.112059e-02
2.550000e-01 1.763656e+00 2.002335e-02
2.700000e-01 1.763656e+00 1.923794e-02
2.850000e-01 1.763656e+00 1.868536e-02
3.000000e-01 1.763656e+00 1.830069e-02
-3.000000e-01 1.777320e+00 1.789447e-02
-2.850000e-01 1.777320e+00 1.826761e-02
-2.700000e-01 1.777320e+00 1.881700e-02
-2.550000e-01 1.777320e+00 1.962725e-02
-2.400000e-01 1.777320e+00 2.081714e-02
-2.250000e-01 1.777320e+00 2.253644e-02
-2.100000e-01 1.777320e+00 2.493571e-02
-1.950000e-01 1.777320e+00 2.810788e-02
-1.800000e-01 1.777320e+00 3.206336e-02
-1.650000e-01 1.777320e+00 3.685236e-02
-1.500000e-01 1.777320e+00 4.284726e-02
-1.350000e-01 1.777320e+00 5.108254e-02
-1.200000e-01 1.777320e+00 6.373683e-02
-1.050000e-01 1.777320e+00 8.521710e-02
-9.000000e-02 1.777320e+00 1.246480e-01
-7.500000e-02 1.777320e+00 2.001535e-01
-6.000000e-02 1.777320e+00 3.388575e-01
-4.500000e-02 1.777320e+00 5.508906e-01
-3.000000e-02 1.777320e+00 7.913659e-01
-1.500000e-02 1.777320e+00 9.821750e-01
5.551115e-17 1.777320e+00 1.055170e+00
1.500000e-02 1.777320e+00 9.821750e-01
3.000000e-02 1.777320e+00 7.913659e-01
4.500000e-02 1.777320e+00 5.508906e-01
6.000000e-02 1.777320e+00 3.388575e-01
7.500000e-02 1.777320e+00 2.001535e-01
9.000000e-02 1.777320e+00 1.246480e-01
1.050000e-01 1.777320e+00 8.521710e-02
1.200000e-01 1.777320e+00 6.373683e-02
1.350000e-01 1.777320e+00 5.108254e-02
1.500000e-01 1.777320e+00 4.284726e-02
1.650000e-01 1.777320e+00 3.685236e-02
1.800000e-01 1.777320e+00 3.206336e-02
1.950000e-01 1.777320e+00 2.810788e-02
2.100000e-01 1.777320e+00 2.493571e-02
2.250000e-01 1.777320e+00 2.253644e-02
2.400000e-01 1.777320e+00 2.081714e-02
2.550000e-01 1.777320e+00 1.962725e-02
2.700000e-01 1.777320e+00 1.881700e-02
2.850000e-01 1.777320e+00 1.826761e-02
3.000000e-01 1.777320e+00 1.789447e-02
-3.000000e-01 1.790985e+00 1.747211e-02
-2.850000e-01 1.790985e+00 1.781156e-02
-2.700000e-01 1.790985e+00 1.831883e-02
-2.550000e-01 1.790985e+00 1.908707e-02
-2.400000e-01 1.790985e+00 2.026336e-02
-2.250000e-01 1.790985e+00 2.206775e-02
-2.100000e-01 1.790985e+00 2.478620e-02
-1.950000e-01 1.790985e+00 2.868798e-02
-1.800000e-01 1.790985e+00 3.386560e-02
-1.650000e-01 1.790985e+00 4.021220e-02
-1.500000e-01 1.790985e+00 4.782885e-02
-1.350000e-01 1.790985e+00 5.768749e-02
-1.200000e-01 1.790985e+00 7.225715e-02
-1.050000e-01 1.790985e+00 9.659607e-02
-9.000000e-02 1.790985e+00 1.410327e-01
-7.500000e-02 1.790985e+00 2.259633e-01
-6.000000e-02 1.790985e+00 3.821068e-01
-4.500000e-02 1.790985e+00 6.220350e-01
-3.000000e-02 1.790985e+00 8.969139e-01
-1.500000e-02 1.790985e+00 1.117558e+00
5.551115e-17 1.790985e+00 1.202594e+00
1.500000e-02 1.790985e+00 1.117558e+00
3.000000e-02 1.790985e+00 8.969139e-01
4.500000e-02 1.790985e+00 6.220350e-01
6.000000e-02 1.790985e+00 3.821068e-01
7.500000e-02 1.790985e+00 2.259633e-01
9.000000e-02 1.790985e+00 1.410327e-01
1.050000e-01 1.790985e+00 9.659607e-02
1.200000e-01 1.790985e+00 7.225715e-02
1.350000e-01 1.790985e+00 5.768749e-02
1.500000e-01 1.790985e+00 4.782885e-02
1.650000e-01 1.790985e+00 4.021220e-02
1.800000e-01 1.790985e+00 3.386560e-02
1.950000e-01 1.790985e+00 2.868798e-02
2.100000e-01 1.790985e+00 2.478620e-02
2.250000e-01 1.790985e+00 2.206775e-02
2.400000e-01 1.790985e+00 2.026336e-02
2.550000e-01 1.790985e+00 1.908707e-02
2.700000e-01 1.790985e+00 1.831883e-02
2.850000e-01 1.790985e+00 1.781156e-02
3.000000e-01 1.790985e+00 1.747211e-02
-3.000000e-01 1.804649e+00 1.706778e-02
-2.850000e-01 1.804649e+00 1.736530e-02
-2.700000e-01 1.804649e+00 1.781185e-02
-2.550000e-01 1.804649e+00 1.849705e-02
-2.400000e-01 1.804649e+00 1.957384e-02
-2.250000e-01 1.804649e+00 2.130075e-02
-2.100000e-01 1.804649e+00 2.408680e-02
-1.950000e-01 1.804649e+00 2.847343e-02
-1.800000e-01 1.804649e+00 3.491306e-02
-1.650000e-01 1.804649e+00 4.338341e-02
-1.500000e-01 1.804649e+00 5.353652e-02
-1.350000e-01 1.804649e+00 6.588251e-02
-1.200000e-01 1.804649e+00 8.304886e-02
-1.050000e-01 1.804649e+00 1.109112e-01
-9.000000e-02 1.804649e+00 1.613158e-01
-7.500000e-02 1.804649e+00 2.574111e-01
-6.000000e-02 1.804649e+00 4.342526e-01
-4.500000e-02 1.804649e+00 7.075498e-01
-3.000000e-02 1.804649e+00 1.024124e+00
-1.500000e-02 1.804649e+00 1.281407e+00
5.551115e-17 1.804649e+00 1.381345e+00
1.500000e-02 1.804649e+00 1.281407e+00
3.000000e-02 1.804649e+00 1.024124e+00
4.500000e-02 1.804649e+00 7.075498e-01
6.000000e-02 1.804649e+00 4.342526e-01
7.500000e-02 1.804649e+00 2.574111e-01
9.000000e-02 1.804649e+00 1.613158e-01
1.050000e-01 1.804649e+00 1.109112e-01
1.200000e-01 1.804649e+00 8.304886e-02
1.350000e-01 1.804649e+00 6.588251e-02
1.500000e-01 1.804649e+00 5.353652e-02
1.650000e-01 1.804649e+00 4.338341e-02
1.800000e-01 1.804649e+00 3.491306e-02
1.950000e-01 1.804649e+00 2.847343e-02
2.100000e-01 1.804649e+00 2.408680e-02
2.250000e-01 1.804649e+00 2.130075e-02
2.400000e-01 1.804649e+00 1.957384e-02
2.550000e-01 1.804649e+00 1.849705e-02
2.700000e-01 1.804649e+00 1.781185e-02
2.850000e-01 1.804649e+00 1.736530e-02
3.000000e-01 1.804649e+00 1.706778e-02
-3.000000e-01 1.818313e+00 1.669578e-02
-2.850000e-01 1.818313e+00 1.695265e-02
-2.700000e-01 1.818313e+00 1.733677e-02
-2.550000e-01 1.818313e+00 1.792721e-02
-2.400000e-01 1.818313e+00 1.886509e-02
-2.250000e-01 1.818313e+00 2.040738e-02
-2.100000e-01 1.818313e+00 2.301605e-02
-1.950000e-01 1.818313e+00 2.745712e-02
-1.800000e-01 1.818313e+00 3.473518e-02
-1.650000e-01 1.818313e+00 4.550418e-02
-1.500000e-01 1.818313e+00 5.930517e-02
-1.350000e-01 1.818313e+00 7.560817e-02
-1.200000e-01 1.818313e+00 9.658609e-02
-1.050000e-01 1.818313e+00 1.289881e-01
-9.000000e-02 1.818313e+00 1.866273e-01
-7.500000e-02 1.818313e+00 2.960723e-01
-6.000000e-02 1.818313e+00 4.976881e-01
-4.500000e-02 1.818313e+00 8.112570e-01
-3.000000e-02 1.818313e+00 1.178838e+00
-1.500000e-02 1.818313e+00 1.481539e+00
5.551115e-17 1.818313e+00 1.600088e+00
1.500000e-02 1.818313e+00 1.481539e+00
3.000000e-02 1.818313e+00 1.178838e+00
4.500000e-02 1.818313e+00 8.112570e-01
6.000000e-02 1.818313e+00 4.976881e-01
7.500000e-02 1.818313e+00 2.960723e-01
9.000000e-02 1.818313e+00 1.866273e-01
1.050000e-01 1.818313e+00 1.289881e-01
1.200000e-01 1.818313e+00 9.658609e-02
1.350000e-01 1.818313e+00 7.560817e-02
1.500000e-01 1.818313e+00 5.930517e-02
1.650000e-01 1.818313e+00 4.550418e-02
1.800000e-01 1.818313e+00 3.473518e-02
1.950000e-01 1.818313e+00 2.745712e-02
2.100000e-01 1.818313e+00 2.301605e-02
2.250000e-01 1.818313e+00 2.040738e-02
2.400000e-01 1.818313e+00 1.886509e-02
2.550000e-01 1.818313e+00 1.792721e-02
2.700000e-01 1.818313e+00 1.733677e-02
2.850000e-01 1.818313e+00 1.695265e-02
3.000000e-01 1.818313e+00 1.669578e-02
-3.000000e-01 1.831977e+00 1.635789e-02
-2.850000e-01 1.831977e+00 1.657954e-02
-2.700000e-01 1.831977e+00 1.690804e-02
-2.550000e-01 1.831977e+00 1.741002e-02
-2.400000e-01 1.831977e+00 1.820686e-02
-2.250000e-01 1.831977e+00 1.952871e-02
-2.100000e-01 1.831977e+00 2.182103e-02
-1.950000e-01 1.831977e+00 2.593148e-02
-1.800000e-01 1.831977e+00 3.330993e-02
-1.650000e-01 1.831977e+00 4.574343e-02
-1.500000e-01 1.831977e+00 6.384897e-02
-1.350000e-01 1.831977e+00 8.618350e-02
-1.200000e-01 1.831977e+00 1.131374e-01
-1.050000e-01 1.831977e+00 1.517794e-01
-9.000000e-02 1.831977e+00 2.184226e-01
-7.500000e-02 1.831977e+00 3.440203e-01
-6.000000e-02 1.831977e+00 5.755650e-01
-4.500000e-02 1.831977e+00 9.381866e-01
-3.000000e-02 1.831977e+00 1.368748e+00
-1.500000e-02 1.831977e+00 1.728251e+00
5.551115e-17 1.831977e+00 1.870239e+00
1.500000e-02 1.831977e+00 1.728251e+00
3.000000e-02 1.831977e+00 1.368748e+00
4.500000e-02 1.831977e+00 9.381866e-01
6.000000e-02 1.831977e+00 5.755650e-01
7.500000e-02 1.831977e+00 3.440203e-01
9.000000e-02 1.831977e+00 2.184226e-01
1.050000e-01 1.831977e+00 1.517794e-01
1.200000e-01 1.831977e+00 1.131374e-01
1.350000e-01 1.831977e+00 8.618350e-02
1.500000e-01 1.831977e+00 6.384897e-02
1.650000e-01 1.831977e+00 4.574343e-02
1.800000e-01 1.831977e+00 3.330993e-02
1.950000e-01 1.831977e+00 2.593148e-02
2.100000e-01 1.831977e+00 2.182103e-02
2.250000e-01 1.831977e+00 1.952871e-02
2.400000e-01 1.831977e+00 1.820686e-02
2.550000e-01 1.831977e+00 1.741002e-02
2.700000e-01 1.831977e+00 1.690804e-02
2.850000e-01 1.831977e+00 1.657954e-02
3.000000e-01 1.831977e+00 1.635789e-02
-3.000000e-01 1.845642e+00 1.605051e-02
-2.850000e-01 1.845642e+00 1.624317e-02
-2.700000e-01 1.845642e+00 1.652539e-02
-2.550000e-01 1.845642e+00 1.695211e-02
-2.400000e-01 1.845642e+00 1.762422e-02
-2.250000e-01 1.845642e+00 1.873635e-02
-2.100000e-01 1.845642e+00 2.067991e-02
-1.950000e-01 1.845642e+00 2.425939e-02
-1.800000e-01 1.845642e+00 3.108303e-02
-1.650000e-01 1.845642e+00 4.391023e-02
-1.500000e-01 1.845642e+00 6.563340e-02
-1.350000e-01 1.845642e+00 9.589573e-02
-1.200000e-01 1.845642e+00 1.322991e-01
-1.050000e-01 1.845642e+00 1.801819e-01
-9.000000e-02 1.845642e+00 2.584979e-01
-7.500000e-02 1.845642e+00 4.039572e-01
-6.000000e-02 1.845642e+00 6.720323e-01
-4.500000e-02 1.845642e+00 1.094965e+00
-3.000000e-02 1.845642e+00 1.603978e+00
-1.500000e-02 1.845642e+00 2.035056e+00
5.551115e-17 1.845642e+00 2.206744e+00
1.500000e-02 1.845642e+00 2.035056e+00
3.000000e-02 1.845642e+00 1.603978e+00
4.500000e-02 1.845642e+00 1.094965e+00
6.000000e-02 1.845642e+00 6.720323e-01
7.500000e-02 1.845642e+00 4.039572e-01
9.000000e-02 1.845642e+00 2.584979e-01
1.050000e-01 1.845642e+00 1.801819e-01
1.200000e-01 1.845642e+00 1.322991e-01
1.350000e-01 1.845642e+00 9.589573e-02
1.500000e-01 1.845642e+00 6.563340e-02
1.650000e-01 1.845642e+00 4.391023e-02
1.800000e-01 1.845642e+00 3.108303e-02
1.950000e-01 1.845642e+00 2.425939e-02
2.100000e-01 1.845642e+00 2.067991e-02
2.250000e-01 1.845642e+00 1.873635e-02
2.400000e-01 1.845642e+00 1.762422e-02
2.550000e-01 1.845642e+00 1.695211e-02
2.700000e-01 1.845642e+00 1.652539e-02
2.850000e-01 1.845642e+00 1.624317e-02
3.000000e-01 1.845642e+00 1.605051e-02
-3.000000e-01 1.859306e+00 1.576864e-02
-2.850000e-01 1.859306e+00 1.593796e-02
-2.700000e-01 1.859306e+00 1.618278e-02
-2.550000e-01 1.859306e+00 1.654821e-02
-2.400000e-01 1.859306e+00 1.711695e-02
-2.250000e-01 1.859306e+00 1.804933e-02
-2.100000e-01 1.859306e+00 1.967287e-02
-1.950000e-01 1.859306e+00 2.268733e-02
-1.800000e-01 1.859306e+00 2.861713e-02
-1.650000e-01 1.859306e+00 4.062001e-02
-1.500000e-01 1.859306e+00 6.386322e-02
-1.350000e-01 1.859306e+00 1.020897e-01
-1.200000e-01 1.859306e+00 1.522313e-01
-1.050000e-01 1.859306e+00 2.145279e-01
-9.000000e-02 1.859306e+00 3.088623e-01
-7.500000e-02 1.859306e+00 4.793126e-01
-6.000000e-02 1.859306e+00 7.925009e-01
-4.500000e-02 1.859306e+00 1.290269e+00
-3.000000e-02 1.859306e+00 1.897724e+00
-1.500000e-02 1.859306e+00 2.419391e+00
5.551115e-17 1.859306e+00 2.628783e+00
1.500000e-02 1.859306e+00 2.419391e+00
3.000000e-02 1.859306e+00 1.897724e+00
4.500000e-02 1.859306e+00 1.290269e+00
6.000000e-02 1.859306e+00 7.925009e-01
7.500000e-02 1.859306e+00 4.793126e-01
9.000000e-02 1.859306e+00 3.088623e-01
1.050000e-01 1.859306e+00 2.145279e-01
1.200000e-01 1.859306e+00 1.522313e-01
1.350000e-01 1.859306e+00 1.020897e-01
1.500000e-01 1.859306e+00 6.386322e-02
1.650000e-01 1.859306e+00 4.062001e-02
1.800000e-01 1.859306e+00 2.861713e-02
1.950000e-01 1.859306e+00 2.268733e-02
2.100000e-01 1.859306e+00 1.967287e-02
2.250000e-01 1.859306e+00 1.804933e-02
2.400000e-01 1.859306e+00 1.711695e-02
2.550000e-01 1.859306e+00 1.654821e-02
2.700000e-01 1.859306e+00 1.618278e-02
2.850000e-01 1.859306e+00 1.593796e-02
3.000000e-01 1.859306e+00 1.576864e-02
-3.000000e-01 1.872970e+00 1.550759e-02
-2.850000e-01 1.872970e+00 1.565821e-02
-2.700000e-01 1.872970e+00 1.587310e-02
-2.550000e-01 1.872970e+00 1.618945e-02
-2.400000e-01 1.872970e+00 1.667500e-02
-2.250000e-01 1.872970e+00 1.746066e-02
-2.100000e-01 1.872970e+00 1.881473e-02
-1.950000e-01 1.872970e+00 2.131935e-02
-1.800000e-01 1.872970e+00 2.629814e-02
-1.650000e-01 1.872970e+00 3.679182e-02
-1.500000e-01 1.872970e+00 5.915359e-02
-1.350000e-01 1.872970e+00 1.024329e-01
-1.200000e-01 1.872970e+00 1.690405e-01
-1.050000e-01 1.872970e+00 2.535166e-01
-9.000000e-02 1.872970e+00 3.712379e-01
-7.500000e-02 1.872970e+00 5.741802e-01
-6.000000e-02 1.872970e+00 9.438503e-01
-4.500000e-02 1.872970e+00 1.535234e+00
-3.000000e-02 1.872970e+00 2.266731e+00
-1.500000e-02 1.872970e+00 2.902892e+00
5.551115e-17 1.872970e+00 3.159844e+00
1.500000e-02 1.872970e+00 2.902892e+00
3.000000e-02 1.872970e+00 2.266731e+00
4.500000e-02 1.872970e+00 1.535234e+00
6.000000e-02 1.872970e+00 9.438503e-01
7.500000e-02 1.872970e+00 5.741802e-01
9.000000e-02 1.872970e+00 3.712379e-01
1.050000e-01 1.872970e+00 2.535166e-01
1.200000e-01 1.872970e+00 1.690405e-01
1.350000e-01 1.872970e+00 1.024329e-01
1.500000e-01 1.872970e+00 5.915359e-02
1.650000e-01 1.872970e+00 3.679182e-02
1.800000e-01 1.872970e+00 2.629814e-02
1.950000e-01 1.872970e+00 2.131935e-02
2.100000e-01 1.872970e+00 1.881473e-02
2.250000e-01 1.872970e+00 1.746066e-02
2.400000e-01 1.872970e+00 1.667500e-02
2.550000e-01 1.872970e+00 1.618945e-02
2.700000e-01 1.872970e+00 1.587310e-02
2.850000e-01 1.872970e+00 1.565821e-02
3.000000e-01 1.872970e+00 1.550759e-02
-3.000000e-01 1.886635e+00 1.526346e-02
-2.850000e-01 1.886635e+00 1.539903e-02
-2.700000e-01 1.886635e+00 1.558995e-02
-2.550000e-01 1.886635e+00 1.586713e-02
-2.400000e-01 1.886635e+00 1.628636e-02
-2.250000e-01 1.886635e+00 1.695472e-02
-2.100000e-01 1.886635e+00 1.809072e-02
-1.950000e-01 1.886635e+00 2.016965e-02
-1.800000e-01 1.886635e+00 2.429083e-02
-1.650000e-01 1.886635e+00 3.311454e-02
-1.500000e-01 1.886635e+00 5.300243e-02
-1.350000e-01 1.886635e+00 9.669212e-02
-1.200000e-01 1.886635e+00 1.775832e-01
-1.050000e-01 1.886635e+00 2.926333e-01
-9.000000e-02 1.886635e+00 4.457669e-01
-7.500000e-02 1.886635e+00 6.927771e-01
-6.000000e-02 1.886635e+00 1.134327e+00
-4.500000e-02 1.886635e+00 1.843511e+00
-3.000000e-02 1.886635e+00 2.730991e+00
-1.500000e-02 1.886635e+00 3.510058e+00
5.551115e-17 1.886635e+00 3.825721e+00
1.500000e-02 1.886635e+00 3.510058e+00
3.000000e-02 1.886635e+00 2.730991e+00
4.500000e-02 1.886635e+00 1.843511e+00
6.000000e-02 1.886635e+00 1.134327e+00
7.500000e-02 1.886635e+00 6.927771e-01
9.000000e-02 1.886635e+00 4.457669e-01
1.050000e-01 1.886635e+00 2.926333e-01
1.200000e-01 1.886635e+00 1.775832e-01
1.350000e-01 1.886635e+00 9.669212e-02
1.500000e-01 1.886635e+00 5.300243e-02
1.650000e-01 1.886635e+00 3.311454e-02
1.800000e-01 1.886635e+00 2.429083e-02
1.950000e-01 1.886635e+00 2.016965e-02
2.100000e-01 1.886635e+00 1.809072e-02
2.250000e-01 1.886635e+00 1.695472e-02
2.400000e-01 1.886635e+00 1.628636e-02
2.550000e-01 1.886635e+00 1.586713e-02
2.700000e-01 1.886635e+00 1.558995e-02
2.850000e-01 1.886635e+00 1.539903e-02
3.000000e-01 1.886635e+00 1.526346e-02
-3.000000e-01 1.900299e+00 1.503317e-02
-2.850000e-01 1.900299e+00 1.515653e-02
-2.700000e-01 1.900299e+00 1.532812e-02
-2.550000e-01 1.900299e+00 1.557390e-02
-2.400000e-01 1.900299e+00 1.594022e-02
-2.250000e-01 1.900299e+00 1.651528e-02
-2.100000e-01 1.900299e+00 1.747759e-02
-1.950000e-01 1.900299e+00 1.921352e-02
-1.800000e-01 1.900299e+00 2.261914e-02
-1.650000e-01 1.900299e+00 2.991051e-02
-1.500000e-01 1.900299e+00 4.676895e-02
-1.350000e-01 1.900299e+00 8.693728e-02
-1.200000e-01 1.900299e+00 1.744852e-01
-1.050000e-01 1.900299e+00 3.232995e-01
-9.000000e-02 1.900299e+00 5.284726e-01
-7.500000e-02 1.900299e+00 8.377650e-01
-6.000000e-02 1.900299e+00 1.372515e+00
-4.500000e-02 1.900299e+00 2.230109e+00
-3.000000e-02 1.900299e+00 3.311101e+00
-1.500000e-02 1.900299e+00 4.262693e+00
5.551115e-17 1.900299e+00 4.647220e+00
1.500000e-02 1.900299e+00 4.262693e+00
3.000000e-02 1.900299e+00 3.311101e+00
4.500000e-02 1.900299e+00 2.230109e+00
6.000000e-02 1.900299e+00 1.372515e+00
7.500000e-02 1.900299e+00 8.377650e-01
9.000000e-02 1.900299e+00 5.284726e-01
1.050000e-01 1.900299e+00 3.232995e-01
1.200000e-01 1.900299e+00 1.744852e-01
1.350000e-01 1.900299e+00 8.693728e-02
1.500000e-01 1.900299e+00 4.676895e-02
1.650000e-01 1.900299e+00 2.991051e-02
1.800000e-01 1.900299e+00 2.261914e-02
1.950000e-01 1.900299e+00 1.921352e-02
2.100000e-01 1.900299e+00 1.747759e-02
2.250000e-01 1.900299e+00 1.651528e-02
2.400000e-01 1.900299e+00 1.594022e-02
2.550000e-01 1.900299e+00 1.557390e-02
2.700000e-01 1.900299e+00 1.532812e-02
2.850000e-01 1.900299e+00 1.515653e-02
3.000000e-01 1.900299e+00 1.503317e-02
-3.000000e-01 1.913963e+00 1.481433e-02
-2.850000e-01 1.913963e+00 1.492768e-02
-2.700000e-01 1.913963e+00 1.508354e-02
-2.550000e-01 1.913963e+00 1.530393e-02
-2.400000e-01 1.913963e+00 1.562780e-02
-2.250000e-01 1.913963e+00 1.612844e-02
-2.100000e-01 1.913963e+00 1.695278e-02
-1.950000e-01 1.913963e+00 1.841607e-02
-1.800000e-01 1.913963e+00 2.124559e-02
-1.650000e-01 1.913963e+00 2.724827e-02
-1.500000e-01 1.913963e+00 4.120255e-02
-1.350000e-01 1.913963e+00 7.589473e-02
-1.200000e-01 1.913963e+00 1.609060e-01
-1.050000e-01 1.913963e+00 3.354894e-01
-9.000000e-02 1.913963e+00 6.079527e-01
-7.500000e-02 1.913963e+00 1.006402e+00
-6.000000e-02 1.913963e+00 1.664087e+00
-4.500000e-02 1.913963e+00 2.707200e+00
-3.000000e-02 1.913963e+00 4.020069e+00
-1.500000e-02 1.913963e+00 5.165188e+00
5.551115e-17 1.913963e+00 5.621962e+00
1.500000e-02 1.913963e+00 5.165188e+00
3.000000e-02 1.913963e+00 4.020069e+00
4.500000e-02 1.913963e+00 2.707200e+00
6.000000e-02 1.913963e+00 1.664087e+00
7.500000e-02 1.913963e+00 1.006402e+00
9.000000e-02 1.913963e+00 6.079527e-01
1.050000e-01 1.913963e+00 3.354894e-01
1.200000e-01 1.913963e+00 1.609060e-01
1.350000e-01 1.913963e+00 7.589473e-02
1.500000e-01 1.913963e+00 4.120255e-02
1.650000e-01 1.913963e+00 2.724827e-02
1.800000e-01 1.913963e+00 2.124559e-02
1.950000e-01 1.913963e+00 1.841607e-02
2.100000e-01 1.913963e+00 1.695278e-02
2.250000e-01 1.913963e+00 1.612844e-02
2.400000e-01 1.913963e+00 1.562780e-02
2.550000e-01 1.913963e+00 1.530393e-02
2.700000e-01 1.913963e+00 1.508354e-02
2.850000e-01 1.913963e+00 1.492768e-02
3.000000e-01 1.913963e+00 1.481433e-02
-3.000000e-01 1.927627e+00 1.460513e-02
-2.850000e-01 1.927627e+00 1.471017e-02
-2.700000e-01 1.927627e+00 1.485308e-02
-2.550000e-01 1.927627e+00 1.505274e-02
-2.400000e-01 1.927627e+00 1.534222e-02
-2.250000e-01 1.927627e+00 1.578306e-02
-2.100000e-01 1.927627e+00 1.649738e-02
-1.950000e-01 1.927627e+00 1.774434e-02
-1.800000e-01 1.927627e+00 2.011638e-02
-1.650000e-01 1.927627e+00 2.507834e-02
-1.500000e-01 1.927627e+00 3.653937e-02
-1.350000e-01 1.927627e+00 6.547946e-02
-1.200000e-01 1.927627e+00 1.415307e-01
-1.050000e-01 1.927627e+00 3.242907e-01
-9.000000e-02 1.927627e+00 6.647568e-01
-7.500000e-02 1.927627e+00 1.184013e+00
-6.000000e-02 1.927627e+00 2.004252e+00
-4.500000e-02 1.927627e+00 3.273603e+00
-3.000000e-02 1.927627e+00 4.844533e+00
-1.500000e-02 1.927627e+00 6.174854e+00
5.551115e-17 1.927627e+00 6.689872e+00
1.500000e-02 1.927627e+00 6.174854e+00
3.000000e-02 1.927627e+00 4.844533e+00
4.500000e-02 1.927627e+00 3.273603e+00
6.000000e-02 1.927627e+00 2.004252e+00
7.500000e-02 1.927627e+00 1.184013e+00
9.000000e-02 1.927627e+00 6.647568e-01
1.050000e-01 1.927627e+00 3.242907e-01
1.200000e-01 1.927627e+00 1.415307e-01
1.350000e-01 1.927627e+00 6.547946e-02
1.500000e-01 1.927627e+00 3.653937e-02
1.650000e-01 1.927627e+00 2.507834e-02
1.800000e-01 1.927627e+00 2.011638e-02
1.950000e-01 1.927627e+00 1.774434e-02
2.100000e-01 1.927627e+00 1.649738e-02
2.250000e-01 1.927627e+00 1.578306e-02
2.400000e-01 1.927627e+00 1.534222e-02
2.550000e-01 1.927627e+00 1.505274e-02
2.700000e-01 1.927627e+00 1.485308e-02
2.850000e-01 1.927627e+00 1.471017e-02
3.000000e-01 1.927627e+00 1.460513e-02
-3.000000e-01 1.941292e+00 1.440416e-02
-2.850000e-01 1.941292e+00 1.450223e-02
-2.700000e-01 1.941292e+00 1.463435e-02
-2.550000e-01 1.941292e+00 1.481690e-02
-2.400000e-01 1.941292e+00 1.507823e-02
-2.250000e-01 1.941292e+00 1.547059e-02
-2.100000e-01 1.941292e+00 1.609646e-02
-1.950000e-01 1.941292e+00 1.717100e-02
-1.800000e-01 1.941292e+00 1.918045e-02
-1.650000e-01 1.941292e+00 2.331561e-02
-1.500000e-01 1.941292e+00 3.274481e-02
-1.350000e-01 1.941292e+00 5.653060e-02
-1.200000e-01 1.941292e+00 1.211538e-01
-1.050000e-01 1.941292e+00 2.940706e-01
-9.000000e-02 1.941292e+00 6.791545e-01
-7.500000e-02 1.941292e+00 1.338068e+00
-6.000000e-02 1.941292e+00 2.364736e+00
-4.500000e-02 1.941292e+00 3.894791e+00
-3.000000e-02 1.941292e+00 5.712883e+00
-1.500000e-02 1.941292e+00 7.161314e+00
5.551115e-17 1.941292e+00 7.691573e+00
1.500000e-02 1.941292e+00 7.161314e+00
3.000000e-02 1.941292e+00 5.712883e+00
4.500000e-02 1.941292e+00 3.894791e+00
6.000000e-02 1.941292e+00 2.364736e+00
7.500000e-02 1.941292e+00 1.338068e+00
9.000000e-02 1.941292e+00 6.791545e-01
1.050000e-01 1.941292e+00 2.940706e-01
1.200000e-01 1.941292e+00 1.211538e-01
1.350000e-01 1.941292e+00 5.653060e-02
1.500000e-01 1.941292e+00 3.274481e-02
1.650000e-01 1.941292e+00 2.331561e-02
1.800000e-01 1.941292e+00 1.918045e-02
1.950000e-01 1.941292e+00 1.717100e-02
2.100000e-01 1.941292e+00 1.609646e-02
2.250000e-01 1.941292e+00 1.547059e-02
2.400000e-01 1.941292e+00 1.507823e-02
2.550000e-01 1.941292e+00 1.481690e-02
2.700000e-01 1.941292e+00 1.463435e-02
2.850000e-01 1.941292e+00 1.450223e-02
3.000000e-01 1.941292e+00 1.440416e-02
-3.000000e-01 1.954956e+00 1.421035e-02
-2.850000e-01 1.954956e+00 1.430248e-02
-2.700000e-01 1.954956e+00 1.442552e-02
-2.550000e-01 1.954956e+00 1.459378e-02
-2.400000e-01 1.954956e+00 1.483183e-02
-2.250000e-01 1.954956e+00 1.518445e-02
-2.100000e-01 1.954956e+00 1.573858e-02
-1.950000e-01 1.954956e+00 1.667461e-02
-1.800000e-01 1.954956e+00 1.839541e-02
-1.650000e-01 1.954956e+00 2.187595e-02
-1.500000e-01 1.954956e+00 2.968626e-02
-1.350000e-01 1.954956e+00 4.918698e-02
-1.200000e-01 1.954956e+00 1.026605e-01
-1.050000e-01 1.954956e+00 2.547447e-01
-9.000000e-02 1.954956e+00 6.452543e-01
-7.500000e-02 1.954956e+00 1.423524e+00
-6.000000e-02 1.954956e+00 2.681350e+00
-4.500000e-02 1.954956e+00 4.478626e+00
-3.000000e-02 1.954956e+00 6.466313e+00
-1.500000e-02 1.954956e+00 7.893238e+00
5.551115e-17 1.954956e+00 8.369566e+00
1.500000e-02 1.954956e+00 7.893238e+00
3.000000e-02 1.954956e+00 6.466313e+00
4.500000e-02 1.954956e+00 4.478626e+00
6.000000e-02 1.954956e+00 2.681350e+00
7.500000e-02 1.954956e+00 1.423524e+00
9.000000e-02 1.954956e+00 6.452543e-01
1.050000e-01 1.954956e+00 2.547447e-01
1.200000e-01 1.954956e+00 1.026605e-01
1.350000e-01 1.954956e+00 4.918698e-02
1.500000e-01 1.954956e+00 2.968626e-02
1.650000e-01 1.954956e+00 2.187595e-02
1.800000e-01 1.954956e+00 1.839541e-02
1.950000e-01 1.954956e+00 1.667461e-02
2.100000e-01 1.954956e+00 1.573858e-02
2.250000e-01 1.954956e+00 1.518445e-02
2.400000e-01 1.954956e+00 1.483183e-02
2.550000e-01 1.954956e+00 1.459378e-02
2.700000e-01 1.954956e+00 1.442552e-02
2.850000e-01 1.954956e+00 1.430248e-02
3.000000e-01 1.954956e+00 1.421035e-02
-3.000000e-01 1.968620e+00 1.402282e-02
-2.850000e-01 1.968620e+00 1.410986e-02
-2.700000e-01 1.968620e+00 1.422517e-02
-2.550000e-01 1.968620e+00 1.438137e-02
-2.400000e-01 1.968620e+00 1.459996e-02
-2.250000e-01 1.968620e+00 1.491968e-02
-2.100000e-01 1.968620e+00 1.541500e-02
-1.950000e-01 1.968620e+00 1.623871e-02
-1.800000e-01 1.968620e+00 1.772797e-02
-1.650000e-01 1.968620e+00 2.068839e-02
-1.500000e-01 1.968620e+00 2.721752e-02
-1.350000e-01 1.968620e+00 4.327657e-02
-1.200000e-01 1.968620e+00 8.709627e-02
-1.050000e-01 1.968620e+00 2.151146e-01
-9.000000e-02 1.968620e+00 5.761110e-01
-7.500000e-02 1.968620e+00 1.407912e+00
-6.000000e-02 1.968620e+00 2.863151e+00
-4.500000e-02 1.968620e+00 4.875602e+00
-3.000000e-02 1.968620e+00 6.884859e+00
-1.500000e-02 1.968620e+00 8.122934e+00
5.551115e-17 1.968620e+00 8.482578e+00
1.500000e-02 1.968620e+00 8.122934e+00
3.000000e-02 1.968620e+00 6.884859e+00
4.500000e-02 1.968620e+00 4.875602e+00
6.000000e-02 1.968620e+00 2.863151e+00
7.500000e-02 1.968620e+00 1.407912e+00
9.000000e-02 1.968620e+00 5.761110e-01
1.050000e-01 1.968620e+00 2.151146e-01
1.200000e-01 1.968620e+00 8.709627e-02
1.350000e-01 1.968620e+00 4.327657e-02
1.500000e-01 1.968620e+00 2.721752e-02
1.650000e-01 1.968620e+00 2.068839e-02
1.800000e-01 1.968620e+00 1.772797e-02
1.950000e-01 1.968620e+00 1.623871e-02
2.100000e-01 1.968620e+00 1.541500e-02
2.250000e-01 1.968620e+00 1.491968e-02
2.400000e-01 1.968620e+00 1.459996e-02
2.550000e-01 1.968620e+00 1.438137e-02
2.700000e-01 1.968620e+00 1.422517e-02
2.850000e-01 1.968620e+00 1.410986e-02
3.000000e-01 1.968620e+00 1.402282e-02
-3.000000e-01 1.982284e+00 1.384092e-02
-2.850000e-01 1.982284e+00 1.392354e-02
-2.700000e-01 1.982284e+00 1.403219e-02
-2.550000e-01 1.982284e+00 1.417811e-02
-2.400000e-01 1.982284e+00 1.438025e-02
-2.250000e-01 1.982284e+00 1.467244e-02
-2.100000e-01 1.982284e+00 1.511907e-02
-1.950000e-01 1.982284e+00 1.585080e-02
-1.800000e-01 1.982284e+00 1.715262e-02
-1.650000e-01 1.982284e+00 1.969682e-02
-1.500000e-01 1.982284e+00 2.521033e-02
-1.350000e-01 1.982284e+00 3.854143e-02
-1.200000e-01 1.982284e+00 7.446379e-02
-1.050000e-01 1.982284e+00 1.799506e-01
-9.000000e-02 1.982284e+00 4.929224e-01
-7.500000e-02 1.982284e+00 1.297480e+00
-6.000000e-02 1.982284e+00 2.841707e+00
-4.500000e-02 1.982284e+00 4.944713e+00
-3.000000e-02 1.982284e+00 6.809868e+00
-1.500000e-02 1.982284e+00 7.758317e+00
5.551115e-17 1.982284e+00 7.984785e+00
1.500000e-02 1.982284e+00 7.758317e+00
3.000000e-02 1.982284e+00 6.809868e+00
4.500000e-02 1.982284e+00 4.944713e+00
6.000000e-02 1.982284e+00 2.841707e+00
7.500000e-02 1.982284e+00 1.297480e+00
9.000000e-02 1.982284e+00 4.929224e-01
1.050000e-01 1.982284e+00 1.799506e-01
1.200000e-01 1.982284e+00 7.446379e-02
1.350000e-01 1.982284e+00 3.854143e-02
1.500000e-01 1.982284e+00 2.521033e-02
1.650000e-01 1.982284e+00 1.969682e-02
1.800000e-01 1.982284e+00 1.715262e-02
1.950000e-01 1.982284e+00 1.585080e-02
2.100000e-01 1.982284e+00 1.511907e-02
2.250000e-01 1.982284e+00 1.467244e-02
2.400000e-01 1.982284e+00 1.438025e-02
2.550000e-01 1.982284e+00 1.417811e-02
2.700000e-01 1.982284e+00 1.403219e-02
2.850000e-01 1.982284e+00 1.392354e-02
3.000000e-01 1.982284e+00 1.384092e-02
-3.000000e-01 1.995949e+00 1.366411e-02
-2.850000e-01 1.995949e+00 1.374285e-02
-2.700000e-01 1.995949e+00 1.384571e-02
-2.550000e-01 1.995949e+00 1.398278e-02
-2.400000e-01 1.995949e+00 1.417088e-02
-2.250000e-01 1.995949e+00 1.443982e-02
-2.100000e-01 1.995949e+00 1.484573e-02
-1.950000e-01 1.995949e+00 1.550137e-02
-1.800000e-01 1.995949e+00 1.664995e-02
-1.650000e-01 1.995949e+00 1.885810e-02
-1.500000e-01 1.995949e+00 2.356156e-02
-1.350000e-01 1.995949e+00 3.473432e-02
-1.200000e-01 1.995949e+00 6.435636e-02
-1.050000e-01 1.995949e+00 1.507095e-01
-9.000000e-02 1.995949e+00 4.122157e-01
-7.500000e-02 1.995949e+00 1.131731e+00
-6.000000e-02 1.995949e+00 2.625646e+00
-4.500000e-02 1.995949e+00 4.657908e+00
-3.000000e-02 1.995949e+00 6.271703e+00
-1.500000e-02 1.995949e+00 6.942218e+00
5.551115e-17 1.995949e+00 7.065793e+00
1.500000e-02 1.995949e+00 6.942218e+00
3.000000e-02 1.995949e+00 6.271703e+00
4.500000e-02 1.995949e+00 4.657908e+00
6.000000e-02 1.995949e+00 2.625646e+00
7.500000e-02 1.995949e+00 1.131731e+00
9.000000e-02 1.995949e+00 4.122157e-01
1.050000e-01 1.995949e+00 1.507095e-01
1.200000e-01 1.995949e+00 6.435636e-02
1.350000e-01 1.995949e+00 3.473432e-02
1.500000e-01 1.995949e+00 2.356156e-02
1.650000e-01 1.995949e+00 1.885810e-02
1.800000e-01 1.995949e+00 1.664995e-02
1.950000e-01 1.995949e+00 1.550137e-02
2.100000e-01 1.995949e+00 1.484573e-02
2.250000e-01 1.995949e+00 1.443982e-02
2.400000e-01 1.995949e+00 1.417088e-02
2.550000e-01 1.995949e+00 1.398278e-02
2.700000e-01 1.995949e+00 1.384571e-02
2.850000e-01 1.995949e+00 1.374285e-02
3.000000e-01 1.995949e+00 1.366411e-02
-3.000000e-01 2.009613e+00 1.349193e-02
-2.850000e-01 2.009613e+00 1.356725e-02
-2.700000e-01 2.009613e+00 1.366503e-02
-2.550000e-01 2.009613e+00 1.379440e-02
-2.400000e-01 2.009613e+00 1.397041e-02
-2.250000e-01 2.009613e+00 1.421951e-02
-2.100000e-01 2.009613e+00 1.459104e-02
-1.950000e-01 2.009613e+00 1.518313e-02
-1.800000e-01 2.009613e+00 1.620521e-02
-1.650000e-01 2.009613e+00 1.813945e-02
-1.500000e-01 2.009613e+00 2.219136e-02
-1.350000e-01 2.009613e+00 3.164914e-02
-1.200000e-01 2.009613e+00 5.628607e-02
-1.050000e-01 2.009613e+00 1.271243e-01
-9.000000e-02 2.009613e+00 3.420168e-01
-7.500000e-02 2.009613e+00 9.538057e-01
-6.000000e-02 2.009613e+00 2.293119e+00
-4.500000e-02 2.009613e+00 4.124552e+00
-3.000000e-02 2.009613e+00 5.463225e+00
-1.500000e-02 2.009613e+00 5.932616e+00
5.551115e-17 2.009613e+00 5.997009e+00
1.500000e-02 2.009613e+00 5.932616e+00
3.000000e-02 2.009613e+00 5.463225e+00
4.500000e-02 2.009613e+00 4.124552e+00
6.000000e-02 2.009613e+00 2.293119e+00
7.500000e-02 2.009613e+00 9.538057e-01
9.000000e-02 2.009613e+00 3.420168e-01
1.050000e-01 2.009613e+00 1.271243e-01
1.200000e-01 2.009613e+00 5.628607e-02
1.350000e-01 2.009613e+00 3.164914e-02
1.500000e-01 2.009613e+00 2.219136e-02
1.650000e-01 2.009613e+00 1.813945e-02
1.800000e-01 2.009613e+00 1.620521e-02
1.950000e-01 2.009613e+00 1.518313e-02
2.100000e-01 2.009613e+00 1.459104e-02
2.250000e-01 2.009613e+00 1.421951e-02
2.400000e-01 2.009613e+00 1.397041e-02
2.550000e-01 2.009613e+00 1.379440e-02
2.700000e-01 2.009613e+00 1.366503e-02
2.850000e-01 2.009613e+00 1.356725e-02
3.000000e-01 2.009613e+00 1.349193e-02
-3.000000e-01 2.023277e+00 1.332404e-02
-2.850000e-01 2.023277e+00 1.339629e-02
-2.700000e-01 2.023277e+00 1.348959e-02
-2.550000e-01 2.023277e+00 1.361220e-02
-2.400000e-01 2.023277e+00 1.377771e-02
-2.250000e-01 2.023277e+00 1.400974e-02
-2.100000e-01 2.023277e+00 1.435197e-02
-1.950000e-01 2.023277e+00 1.489050e-02
-1.800000e-01 2.023277e+00 1.580714e-02
-1.650000e-01 2.023277e+00 1.751594e-02
-1.500000e-01 2.023277e+00 2.103892e-02
-1.350000e-01 2.023277e+00 2.912383e-02
-1.200000e-01 2.023277e+00 4.981296e-02
-1.050000e-01 2.023277e+00 1.083144e-01
-9.000000e-02 2.023277e+00 2.842344e-01
-7.500000e-02 2.023277e+00 7.908067e-01
-6.000000e-02 2.023277e+00 1.932422e+00
-4.500000e-02 2.023277e+00 3.502654e+00
-3.000000e-02 2.023277e+00 4.595140e+00
-1.500000e-02 2.023277e+00 4.940082e+00
5.551115e-17 2.023277e+00 4.977630e+00
1.500000e-02 2.023277e+00 4.940082e+00
3.000000e-02 2.023277e+00 4.595140e+00
4.500000e-02 2.023277e+00 3.502654e+00
6.000000e-02 2.023277e+00 1.932422e+00
7.500000e-02 2.023277e+00 7.908067e-01
9.000000e-02 2.023277e+00 2.842344e-01
1.050000e-01 2.023277e+00 1.083144e-01
1.200000e-01 2.023277e+00 4.981296e-02
1.350000e-01 2.023277e+00 2.912383e-02
1.500000e-01 2.023277e+00 2.103892e-02
1.650000e-01 2.023277e+00 1.751594e-02
1.800000e-01 2.023277e+00 1.580714e-02
1.950000e-01 2.023277e+00 1.489050e-02
2.100000e-01 2.023277e+00 1.435197e-02
2.250000e-01 2.023277e+00 1.400974e-02
2.400000e-01 2.023277e+00 1.377771e-02
2.550000e-01 2.023277e+00 1.361220e-02
2.700000e-01 2.023277e+00 1.348959e-02
2.850000e-01 2.023277e+00 1.339629e-02
3.000000e-01 2.023277e+00 1.332404e-02
-3.000000e-01 2.036942e+00 1.316014e-02
-2.850000e-01 2.036942e+00 1.322963e-02
-2.700000e-01 2.036942e+00 1.331892e-02
-2.550000e-01 2.036942e+00 1.343557e-02
-2.400000e-01 2.036942e+00 1.359188e-02
-2.250000e-01 2.036942e+00 1.380909e-02
-2.100000e-01 2.036942e+00 1.412615e-02
-1.950000e-01 2.036942e+00 1.461910e-02
-1.800000e-01 2.036942e+00 1.544708e-02
-1.650000e-01 2.036942e+00 1.696857e-02
-1.500000e-01 2.036942e+00 2.005802e-02
-1.350000e-01 2.036942e+00 2.703414e-02
-1.200000e-01 2.036942e+00 4.457922e-02
-1.050000e-01 2.036942e+00 9.332220e-02
-9.000000e-02 2.036942e+00 2.378539e-01
-7.500000e-02 2.036942e+00 6.531548e-01
-6.000000e-02 2.036942e+00 1.600248e+00
-4.500000e-02 2.036942e+00 2.908731e+00
-3.000000e-02 2.036942e+00 3.799873e+00
-1.500000e-02 2.036942e+00 4.071121e+00
5.551115e-17 2.036942e+00 4.098977e+00
1.500000e-02 2.036942e+00 4.071121e+00
3.000000e-02 2.036942e+00 3.799873e+00
4.500000e-02 2.036942e+00 2.908731e+00
6.000000e-02 2.036942e+00 1.600248e+00
7.500000e-02 2.036942e+00 6.531548e-01
9.000000e-02 2.036942e+00 2.378539e-01
1.050000e-01 2.036942e+00 9.332220e-02
1.200000e-01 2.036942e+00 4.457922e-02
1.350000e-01 2.036942e+00 2.703414e-02
1.500000e-01 2.036942e+00 2.005802e-02
1.650000e-01 2.036942e+00 1.696857e-02
1.800000e-01 2.036942e+00 1.544708e-02
1.950000e-01 2.036942e+00 1.461910e-02
2.100000e-01 2.036942e+00 1.412615e-02
2.250000e-01 2.036942e+00 1.380909e-02
2.400000e-01 2.036942e+00 1.359188e-02
2.550000e-01 2.036942e+00 1.343557e-02
2.700000e-01 2.036942e+00 1.331892e-02
2.850000e-01 2.036942e+00 1.322963e-02
3.000000e-01 2.036942e+00 1.316014e-02
-3.000000e-01 2.050606e+00 1.299996e-02
-2.850000e-01 2.050606e+00 1.306696e-02
-2.700000e-01 2.050606e+00 1.315265e-02
-2.550000e-01 2.050606e+00 1.326398e-02
-2.400000e-01 2.050606e+00 1.341217e-02
-2.250000e-01 2.050606e+00 1.361642e-02
-2.100000e-01 2.050606e+00 1.391167e-02
-1.950000e-01 2.050606e+00 1.436555e-02
-1.800000e-01 2.050606e+00 1.511830e-02
-1.650000e-01 2.050606e+00 1.648277e-02
-1.500000e-01 2.050606e+00 1.921353e-02
-1.350000e-01 2.050606e+00 2.528565e-02
-1.200000e-01 2.050606e+00 4.030653e-02
-1.050000e-01 2.050606e+00 8.131193e-02
-9.000000e-02 2.050606e+00 2.009367e-01
-7.500000e-02 2.050606e+00 5.414506e-01
-6.000000e-02 2.050606e+00 1.319004e+00
-4.500000e-02 2.050606e+00 2.396447e+00
-3.000000e-02 2.050606e+00 3.128360e+00
-1.500000e-02 2.050606e+00 3.353845e+00
5.551115e-17 2.050606e+00 3.379176e+00
1.500000e-02 2.050606e+00 3.353845e+00
3.000000e-02 2.050606e+00 3.128360e+00
4.500000e-02 2.050606e+00 2.396447e+00
6.000000e-02 2.050606e+00 1.319004e+00
7.500000e-02 2.050606e+00 5.414506e-01
9.000000e-02 2.050606e+00 2.009367e-01
1.050000e-01 2.050606e+00 8.131193e-02
1.200000e-01 2.050606e+00 4.030653e-02
1.350000e-01 2.050606e+00 2.528565e-02
1.500000e-01 2.050606e+00 1.921353e-02
1.650000e-01 2.050606e+00 1.648277e-02
1.800000e-01 2.050606e+00 1.511830e-02
1.950000e-01 2.050606e+00 1.436555e-02
2.100000e-01 2.050606e+00 1.391167e-02
2.250000e-01 2.050606e+00 1.361642e-02
2.400000e-01 2.050606e+00 1.341217e-02
2.550000e-01 2.050606e+00 1.326398e-02
2.700000e-01 2.050606e+00 1.315265e-02
2.850000e-01 2.050606e+00 1.306696e-02
3.000000e-01 2.050606e+00 1.299996e-02
-3.000000e-01 2.064270e+00 1.284329e-02
-2.850000e-01 2.064270e+00 1.290802e-02
-2.700000e-01 2.064270e+00 1.299046e-02
-2.550000e-01 2.064270e+00 1.309702e-02
-2.400000e-01 2.064270e+00 1.323799e-02
-2.250000e-01 2.064270e+00 1.343082e-02
-2.100000e-01 2.064270e+00 1.370703e-02
-1.950000e-01 2.064270e+00 1.412714e-02
-1.800000e-01 2.064270e+00 1.481556e-02
-1.650000e-01 2.064270e+00 1.604725e-02
-1.500000e-01 2.064270e+00 1.847855e-02
-1.350000e-01 2.064270e+00 2.380665e-02
-1.200000e-01 2.064270e+00 3.678243e-02
-1.050000e-01 2.064270e+00 7.161296e-02
-9.000000e-02 2.064270e+00 1.715281e-01
-7.500000e-02 2.064270e+00 4.522991e-01
-6.000000e-02 2.064270e+00 1.090529e+00
-4.500000e-02 2.064270e+00 1.976629e+00
-3.000000e-02 2.064270e+00 2.583558e+00
-1.500000e-02 2.064270e+00 2.777729e+00
5.551115e-17 2.064270e+00 2.802817e+00
1.500000e-02 2.064270e+00 2.777729e+00
3.000000e-02 2.064270e+00 2.583558e+00
4.500000e-02 2.064270e+00 1.976629e+00
6.000000e-02 2.064270e+00 1.090529e+00
7.500000e-02 2.064270e+00 4.522991e-01
9.000000e-02 2.064270e+00 1.715281e-01
1.050000e-01 2.064270e+00 7.161296e-02
1.200000e-01 2.064270e+00 3.678243e-02
1.350000e-01 2.064270e+00 2.380665e-02
1.500000e-01 2.064270e+00 1.847855e-02
1.650000e-01 2.064270e+00 1.604725e-02
1.800000e-01 2.064270e+00 1.481556e-02
1.950000e-01 2.064270e+00 1.412714e-02
2.100000e-01 2.064270e+00 1.370703e-02
2.250000e-01 2.064270e+00 1.343082e-02
2.400000e-01 2.064270e+00 1.323799e-02
2.550000e-01 2.064270e+00 1.309702e-02
2.700000e-01 2.064270e+00 1.299046e-02
2.850000e-01 2.064270e+00 1.290802e-02
3.000000e-01 2.064270e+00 1.284329e-02
-3.000000e-01 2.077934e+00 1.268995e-02
-2.850000e-01 2.077934e+00 1.275259e-02
-2.700000e-01 2.077934e+00 1.283207e-02
-2.550000e-01 2.077934e+00 1.293433e-02
-2.400000e-01 2.077934e+00 1.306883e-02
-2.250000e-01 2.077934e+00 1.325154e-02
-2.100000e-01 2.077934e+00 1.351102e-02
-1.950000e-01 2.077934e+00 1.390173e-02
-1.800000e-01 2.077934e+00 1.453471e-02
-1.650000e-01 2.077934e+00 1.565322e-02
-1.500000e-01 2.077934e+00 1.783234e-02
-1.350000e-01 2.077934e+00 2.254247e-02
-1.200000e-01 2.077934e+00 3.384562e-02
-1.050000e-01 2.077934e+00 6.370679e-02
-9.000000e-02 2.077934e+00 1.479665e-01
-7.500000e-02 2.077934e+00 3.814129e-01
-6.000000e-02 2.077934e+00 9.081428e-01
-4.500000e-02 2.077934e+00 1.640415e+00
-3.000000e-02 2.077934e+00 2.148891e+00
-1.500000e-02 2.077934e+00 2.319455e+00
5.551115e-17 2.077934e+00 2.344627e+00
1.500000e-02 2.077934e+00 2.319455e+00
3.000000e-02 2.077934e+00 2.148891e+00
4.500000e-02 2.077934e+00 1.640415e+00
6.000000e-02 2.077934e+00 9.081428e-01
7.500000e-02 2.077934e+00 3.814129e-01
9.000000e-02 2.077934e+00 1.479665e-01
1.050000e-01 2.077934e+00 6.370679e-02
1.200000e-01 2.077934e+00 3.384562e-02
1.350000e-01 2.077934e+00 2.254247e-02
1.500000e-01 2.077934e+00 1.783234e-02
1.650000e-01 2.077934e+00 1.565322e-02
1.800000e-01 2.077934e+00 1.453471e-02
1.950000e-01 2.077934e+00 1.390173e-02
2.100000e-01 2.077934e+00 1.351102e-02
2.250000e-01 2.077934e+00 1.325154e-02
2.400000e-01 2.077934e+00 1.306883e-02
2.550000e-01 2.077934e+00 1.293433e-02
2.700000e-01 2.077934e+00 1.283207e-02
2.850000e-01 2.077934e+00 1.275259e-02
3.000000e-01 2.077934e+00 1.268995e-02
-3.000000e-01 2.091599e+00 1.253978e-02
-2.850000e-01 2.091599e+00 1.260049e-02
-2.700000e-01 2.091599e+00 1.267726e-02
-2.550000e-01 2.091599e+00 1.277561e-02
-2.400000e-01 2.091599e+00 1.290429e-02
-2.250000e-01 2.091599e+00 1.307795e-02
-2.100000e-01 2.091599e+00 1.332263e-02
-1.950000e-01 2.091599e+00 1.368757e-02
-1.800000e-01 2.091599e+00 1.427243e-02
-1.650000e-01 2.091599e+00 1.529376e-02
-1.500000e-01 2.091599e+00 1.725880e-02
-1.350000e-01 2.091599e+00 2.145113e-02
-1.200000e-01 2.091599e+00 3.137353e-02
-1.050000e-01 2.091599e+00 5.719843e-02
-9.000000e-02 2.091599e+00 1.289343e-01
-7.500000e-02 2.091599e+00 3.248662e-01
-6.000000e-02 2.091599e+00 7.631643e-01
-4.500000e-02 2.091599e+00 1.373112e+00
-3.000000e-02 2.091599e+00 1.803425e+00
-1.500000e-02 2.091599e+00 1.954916e+00
5.551115e-17 2.091599e+00 1.979883e+00
1.500000e-02 2.091599e+00 1.954916e+00
3.000000e-02 2.091599e+00 1.803425e+00
4.500000e-02 2.091599e+00 1.373112e+00
6.000000e-02 2.091599e+00 7.631643e-01
7.500000e-02 2.091599e+00 3.248662e-01
9.000000e-02 2.091599e+00 1.289343e-01
1.050000e-01 2.091599e+00 5.719843e-02
1.200000e-01 2.091599e+00 3.137353e-02
1.350000e-01 2.091599e+00 2.145113e-02
1.500000e-01 2.091599e+00 1.725880e-02
1.650000e-01 2.091599e+00 1.529376e-02
1.800000e-01 2.091599e+00 1.427243e-02
1.950000e-01 2.091599e+00 1.368757e-02
2.100000e-01 2.091599e+00 1.332263e-02
2.250000e-01 2.091599e+00 1.307795e-02
2.400000e-01 2.091599e+00 1.290429e-02
2.550000e-01 2.091599e+00 1.277561e-02
2.700000e-01 2.091599e+00 1.267726e-02
2.850000e-01 2.091599e+00 1.260049e-02
3.000000e-01 2.091599e+00 1.253978e-02
-3.000000e-01 2.105263e+00 1.239262e-02
-2.850000e-01 2.105263e+00 1.245155e-02
-2.700000e-01 2.105263e+00 1.252582e-02
-2.550000e-01 2.105263e+00 1.262060e-02
-2.400000e-01 2.105263e+00 1.274401e-02
-2.250000e-01 2.105263e+00 1.290955e-02
-2.100000e-01 2.105263e+00 1.314105e-02
-1.950000e-01 2.105263e+00 1.348327e-02
-1.800000e-01 2.105263e+00 1.402609e-02
-1.650000e-01 2.105263e+00 1.496335e-02
-1.500000e-01 2.105263e+00 1.674527e-02
-1.350000e-01 2.105263e+00 2.050016e-02
-1.200000e-01 2.105263e+00 2.927249e-02
-1.050000e-01 2.105263e+00 5.178814e-02
-9.000000e-02 2.105263e+00 1.134178e-01
-7.500000e-02 2.105263e+00 2.794459e-01
-6.000000e-02 2.105263e+00 6.475796e-01
-4.500000e-02 2.105263e+00 1.160319e+00
-3.000000e-02 2.105263e+00 1.527984e+00
-1.500000e-02 2.105263e+00 1.663429e+00
5.551115e-17 2.105263e+00 1.687815e+00
1.500000e-02 2.105263e+00 1.663429e+00
3.000000e-02 2.105263e+00 1.527984e+00
4.500000e-02 2.105263e+00 1.160319e+00
6.000000e-02 2.105263e+00 6.475796e-01
7.500000e-02 2.105263e+00 2.794459e-01
9.000000e-02 2.105263e+00 1.134178e-01
1.050000e-01 2.105263e+00 5.178814e-02
1.200000e-01 2.105263e+00 2.927249e-02
1.350000e-01 2.105263e+00 2.050016e-02
1.500000e-01 2.105263e+00 1.674527e-02
1.650000e-01 2.105263e+00 1.496335e-02
1.800000e-01 2.105263e+00 1.402609e-02
1.950000e-01 2.105263e+00 1.348327e-02
2.100000e-01 2.105263e+00 1.314105e-02
2.250000e-01 2.105263e+00 1.290955e-02
2.400000e-01 2.105263e+00 1.274401e-02
2.550000e-01 2.105263e+00 1.262060e-02
2.700000e-01 2.105263e+00 1.252582e-02
2.850000e-01 2.105263e+00 1.245155e-02
3.000000e-01 2.105263e+00 1.239262e-02
-3.000000e-01 2.118927e+00 1.224835e-02
-2.850000e-01 2.118927e+00 1.230562e-02
-2.700000e-01 2.118927e+00 1.237759e-02
-2.550000e-01 2.118927e+00 1.246910e-02
-2.400000e-01 2.118927e+00 1.258770e-02
-2.250000e-01 2.118927e+00 1.274591e-02
-2.100000e-01 2.118927e+00 1.296561e-02
-1.950000e-01 2.118927e+00 1.328766e-02
-1.800000e-01 2.118927e+00 1.379353e-02
-1.650000e-01 2.118927e+00 1.465760e-02
-1.500000e-01 2.118927e+00 1.628177e-02
-1.350000e-01 2.118927e+00 1.966423e-02
-1.200000e-01 2.118927e+00 2.747045e-02
-1.050000e-01 2.118927e+00 4.724787e-02
-9.000000e-02 2.118927e+00 1.006463e-01
-7.500000e-02 2.118927e+00 2.426460e-01
-6.000000e-02 2.118927e+00 5.548077e-01
-4.500000e-02 2.118927e+00 9.899209e-01
-3.000000e-02 2.118927e+00 1.306875e+00
-1.500000e-02 2.118927e+00 1.428532e+00
5.551115e-17 2.118927e+00 1.452034e+00
1.500000e-02 2.118927e+00 1.428532e+00
3.000000e-02 2.118927e+00 1.306875e+00
4.500000e-02 2.118927e+00 9.899209e-01
6.000000e-02 2.118927e+00 5.548077e-01
7.500000e-02 2.118927e+00 2.426460e-01
9.000000e-02 2.118927e+00 1.006463e-01
1.050000e-01 2.118927e+00 4.724787e-02
1.200000e-01 2.118927e+00 2.747045e-02
1.350000e-01 2.118927e+00 1.966423e-02
1.500000e-01 2.118927e+00 1.628177e-02
1.650000e-01 2.118927e+00 1.465760e-02
1.800000e-01 2.118927e+00 1.379353e-02
1.950000e-01 2.118927e+00 1.328766e-02
2.100000e-01 2.118927e+00 1.296561e-02
2.250000e-01 2.118927e+00 1.274591e-02
2.400000e-01 2.118927e+00 1.258770e-02
2.550000e-01 2.118927e+00 1.246910e-02
2.700000e-01 2.118927e+00 1.237759e-02
2.850000e-01 2.118927e+00 1.230562e-02
3.000000e-01 2.118927e+00 1.224835e-02
-3.000000e-01 2.132592e+00 1.210687e-02
-2.850000e-01 2.132592e+00 1.216258e-02
-2.700000e-01 2.132592e+00 1.223240e-02
-2.550000e-01 2.132592e+00 1.232089e-02
-2.400000e-01 2.132592e+00 1.243511e-02
-2.250000e-01 2.132592e+00 1.258665e-02
-2.100000e-01 2.132592e+00 1.279574e-02
-1.950000e-01 2.132592e+00 1.309979e-02
-1.800000e-01 2.132592e+00 1.357298e-02
-1.650000e-01 2.132592e+00 1.437295e-02
-1.500000e-01 2.132592e+00 1.586032e-02
-1.350000e-01 2.132592e+00 1.892340e-02
-1.200000e-01 2.132592e+00 2.591154e-02
-1.050000e-01 2.132592e+00 4.340320e-02
-9.000000e-02 2.132592e+00 9.003452e-02
-7.500000e-02 2.132592e+00 2.125515e-01
-6.000000e-02 2.132592e+00 4.797085e-01
-4.500000e-02 2.132592e+00 8.523593e-01
-3.000000e-02 2.132592e+00 1.127858e+00
-1.500000e-02 2.132592e+00 1.237536e+00
5.551115e-17 2.132592e+00 1.259958e+00
1.500000e-02 2.132592e+00 1.237536e+00
3.000000e-02 2.132592e+00 1.127858e+00
4.500000e-02 2.132592e+00 8.523593e-01
6.000000e-02 2.132592e+00 4.797085e-01
7.500000e-02 2.132592e+00 2.125515e-01
9.000000e-02 2.132592e+00 9.003452e-02
1.050000e-01 2.132592e+00 4.340320e-02
1.200000e-01 2.132592e+00 2.591154e-02
1.350000e-01 2.132592e+00 1.892340e-02
1.500000e-01 2.132592e+00 1.586032e-02
1.650000e-01 2.132592e+00 1.437295e-02
1.800000e-01 2.132592e+00 1.357298e-02
1.950000e-01 2.132592e+00 1.309979e-02
2.100000e-01 2.132592e+00 1.279574e-02
2.250000e-01 2.132592e+00 1.258665e-02
2.400000e-01 2.132592e+00 1.243511e-02
2.550000e-01 2.132592e+00 1.232089e-02
2.700000e-01 2.132592e+00 1.223240e-02
2.850000e-01 2.132592e+00 1.216258e-02
3.000000e-01 2.132592e+00 1.210687e-02
-3.000000e-01 2.146256e+00 1.196805e-02
-2.850000e-01 2.146256e+00 1.202231e-02
-2.700000e-01 2.146256e+00 1.209013e-02
-2.550000e-01 2.146256e+00 1.217582e-02
-2.400000e-01 2.146256e+00 1.228600e-02
-2.250000e-01 2.146256e+00 1.243148e-02
-2.100000e-01 2.146256e+00 1.263095e-02
-1.950000e-01 2.146256e+00 1.291887e-02
-1.800000e-01 2.146256e+00 1.336300e-02
-1.650000e-01 2.146256e+00 1.410649e-02
-1.500000e-01 2.146256e+00 1.547450e-02
-1.350000e-01 2.146256e+00 1.826184e-02
-1.200000e-01 2.146256e+00 2.455205e-02
-1.050000e-01 2.146256e+00 4.011968e-02
-9.000000e-02 2.146256e+00 8.113698e-02
-7.500000e-02 2.146256e+00 1.877086e-01
-6.000000e-02 2.146256e+00 4.183516e-01
-4.500000e-02 2.146256e+00 7.402932e-01
-3.000000e-02 2.146256e+00 9.815795e-01
-1.500000e-02 2.146256e+00 1.080787e+00
5.551115e-17 2.146256e+00 1.102025e+00
1.500000e-02 2.146256e+00 1.080787e+00
3.000000e-02 2.146256e+00 9.815795e-01
4.500000e-02 2.146256e+00 7.402932e-01
6.000000e-02 2.146256e+00 4.183516e-01
7.500000e-02 2.146256e+00 1.877086e-01
9.000000e-02 2.146256e+00 8.113698e-02
1.050000e-01 2.146256e+00 4.011968e-02
1.200000e-01 2.146256e+00 2.455205e-02
1.350000e-01 2.146256e+00 1.826184e-02
1.500000e-01 2.146256e+00 1.547450e-02
1.650000e-01 2.146256e+00 1.410649e-02
1.800000e-01 2.146256e+00 1.336300e-02
1.950000e-01 2.146256e+00 1.291887e-02
2.100000e-01 2.146256e+00 1.263095e-02
2.250000e-01 2.146256e+00 1.243148e-02
2.400000e-01 2.146256e+00 1.228600e-02
2.550000e-01 2.146256e+00 1.217582e-02
2.700000e-01 2.146256e+00 1.209013e-02
2.850000e-01 2.146256e+00 1.202231e-02
3.000000e-01 2.146256e+00 1.196805e-02
-3.000000e-01 2.159920e+00 1.183181e-02
-2.850000e-01 2.159920e+00 1.188470e-02
-2.700000e-01 2.159920e+00 1.195065e-02
-2.550000e-01 2.159920e+00 1.203374e-02
-2.400000e-01 2.159920e+00 1.214019e-02
-2.250000e-01 2.159920e+00 1.228010e-02
-2.100000e-01 2.159920e+00 1.247085e-02
-1.950000e-01 2.159920e+00 1.274422e-02
-1.800000e-01 2.159920e+00 1.316239e-02
-1.650000e-01 2.159920e+00 1.385586e-02
-1.500000e-01 2.159920e+00 1.511912e-02
-1.350000e-01 2.159920e+00 1.766689e-02
-1.200000e-01 2.159920e+00 2.335748e-02
-1.050000e-01 2.159920e+00 3.729289e-02
-9.000000e-02 2.159920e+00 7.361228e-02
-7.500000e-02 2.159920e+00 1.670128e-01
-6.000000e-02 2.159920e+00 3.677531e-01
-4.500000e-02 2.159920e+00 6.481434e-01
-3.000000e-02 2.159920e+00 8.609389e-01
-1.500000e-02 2.159920e+00 9.509577e-01
5.551115e-17 2.159920e+00 9.709760e-01
1.500000e-02 2.159920e+00 9.509577e-01
3.000000e-02 2.159920e+00 8.609389e-01
4.500000e-02 2.159920e+00 6.481434e-01
6.000000e-02 2.159920e+00 3.677531e-01
7.500000e-02 2.159920e+00 1.670128e-01
9.000000e-02 2.159920e+00 7.361228e-02
1.050000e-01 2.159920e+00 3.729289e-02
1.200000e-01 2.159920e+00 2.335748e-02
1.350000e-01 2.159920e+00 1.766689e-02
1.500000e-01 2.159920e+00 1.511912e-02
1.650000e-01 2.159920e+00 1.385586e-02
1.800000e-01 2.159920e+00 1.316239e-02
1.950000e-01 2.159920e+00 1.274422e-02
2.100000e-01 2.159920e+00 1.247085e-02
2.250000e-01 2.159920e+00 1.228010e-02
2.400000e-01 2.159920e+00 1.214019e-02
2.550000e-01 2.159920e+00 1.203374e-02
2.700000e-01 2.159920e+00 1.195065e-02
2.850000e-01 2.159920e+00 1.188470e-02
3.000000e-01 2.159920e+00 1.183181e-02
-3.000000e-01 2.173584e+00 1.169807e-02
-2.850000e-01 2.173584e+00 1.174965e-02
-2.700000e-01 2.173584e+00 1.181385e-02
-2.550000e-01 2.173584e+00 1.189452e-02
-2.400000e-01 2.173584e+00 1.199751e-02
-2.250000e-01 2.173584e+00 1.213230e-02
-2.100000e-01 2.173584e+00 1.231508e-02
-1.950000e-01 2.173584e+00 1.257528e-02
-1.800000e-01 2.173584e+00 1.297014e-02
-1.650000e-01 2.173584e+00 1.361908e-02
-1.500000e-01 2.173584e+00 1.478992e-02
-1.350000e-01 2.173584e+00 1.712833e-02
-1.200000e-01 2.173584e+00 2.230040e-02
-1.050000e-01 2.173584e+00 3.484096e-02
-9.000000e-02 2.173584e+00 6.719685e-02
-7.500000e-02 2.173584e+00 1.496208e-01
-6.000000e-02 2.173584e+00 3.256461e-01
-4.500000e-02 2.173584e+00 5.716747e-01
-3.000000e-02 2.173584e+00 7.605412e-01
-1.500000e-02 2.173584e+00 8.424720e-01
5.551115e-17 2.173584e+00 8.612804e-01
1.500000e-02 2.173584e+00 8.424720e-01
3.000000e-02 2.173584e+00 7.605412e-01
4.500000e-02 2.173584e+00 5.716747e-01
6.000000e-02 2.173584e+00 3.256461e-01
7.500000e-02 2.173584e+00 1.496208e-01
9.000000e-02 2.173584e+00 6.719685e-02
1.050000e-01 2.173584e+00 3.484096e-02
1.200000e-01 2.173584e+00 2.230040e-02
1.350000e-01 2.173584e+00 1.712833e-02
1.500000e-01 2.173584e+00 1.478992e-02
1.650000e-01 2.173584e+00 1.361908e-02
1.800000e-01 2.173584e+00 1.297014e-02
1.950000e-01 2.173584e+00 1.257528e-02
2.100000e-01 2.173584e+00 1.231508e-02
2.250000e-01 2.173584e+00 1.213230e-02
2.400000e-01 2.173584e+00 1.199751e-02
2.550000e-01 2.173584e+00 1.189452e-02
2.700000e-01 2.173584e+00 1.181385e-02
2.850000e-01 2.173584e+00 1.174965e-02
3.000000e-01 2.173584e+00 1.169807e-02
-3.000000e-01 2.187249e+00 1.156673e-02
-2.850000e-01 2.187249e+00 1.161709e-02
-2.700000e-01 2.187249e+00 1.167963e-02
-2.550000e-01 2.187249e+00 1.175803e-02
-2.400000e-01 2.187249e+00 1.185780e-02
-2.250000e-01 2.187249e+00 1.198787e-02
-2.100000e-01 2.187249e+00 1.216334e-02
-1.950000e-01 2.187249e+00 1.241157e-02
-1.800000e-01 2.187249e+00 1.278541e-02
-1.650000e-01 2.187249e+00 1.339451e-02
-1.500000e-01 2.187249e+00 1.448340e-02
-1.350000e-01 2.187249e+00 1.663784e-02
-1.200000e-01 2.187249e+00 2.135880e-02
-1.050000e-01 2.187249e+00 3.269922e-02
-9.000000e-02 2.187249e+00 6.168553e-02
-7.500000e-02 2.187249e+00 1.348847e-01
-6.000000e-02 2.187249e+00 2.903007e-01
-4.500000e-02 2.187249e+00 5.076603e-01
-3.000000e-02 2.187249e+00 6.762683e-01
-1.500000e-02 2.187249e+00 7.510595e-01
5.551115e-17 2.187249e+00 7.686970e-01
1.500000e-02 2.187249e+00 7.510595e-01
3.000000e-02 2.187249e+00 6.762683e-01
4.500000e-02 2.187249e+00 5.076603e-01
6.000000e-02 2.187249e+00 2.903007e-01
7.500000e-02 2.187249e+00 1.348847e-01
9.000000e-02 2.187249e+00 6.168553e-02
1.050000e-01 2.187249e+00 3.269922e-02
1.200000e-01 2.187249e+00 2.135880e-02
1.350000e-01 2.187249e+00 1.663784e-02
1.500000e-01 2.187249e+00 1.448340e-02
1.650000e-01 2.187249e+00 1.339451e-02
1.800000e-01 2.187249e+00 1.278541e-02
1.950000e-01 2.187249e+00 1.241157e-02
2.100000e-01 2.187249e+00 1.216334e-02
2.250000e-01 2.187249e+00 1.198787e-02
2.400000e-01 2.187249e+00 1.185780e-02
2.550000e-01 2.187249e+00 1.175803e-02
2.700000e-01 2.187249e+00 1.167963e-02
2.850000e-01 2.187249e+00 1.161709e-02
3.000000e-01 2.187249e+00 1.156673e-02
-3.000000e-01 2.200913e+00 1.143773e-02
-2.850000e-01 2.200913e+00 1.148692e-02
-2.700000e-01 2.200913e+00 1.154790e-02
-2.550000e-01 2.200913e+00 1.162416e-02
-2.400000e-01 2.200913e+00 1.172094e-02
-2.250000e-01 2.200913e+00 1.184662e-02
-2.100000e-01 2.200913e+00 1.201537e-02
-1.950000e-01 2.200913e+00 1.225267e-02
-1.800000e-01 2.200913e+00 1.260747e-02
-1.650000e-01 2.200913e+00 1.318079e-02
-1.500000e-01 2.200913e+00 1.419667e-02
-1.350000e-01 2.200913e+00 1.618861e-02
-1.200000e-01 2.200913e+00 2.051487e-02
-1.050000e-01 2.200913e+00 3.081610e-02
-9.000000e-02 2.200913e+00 5.691722e-02
-7.500000e-02 2.200913e+00 1.223022e-01
-6.000000e-02 2.200913e+00 2.603878e-01
-4.500000e-02 2.200913e+00 4.536260e-01
-3.000000e-02 2.200913e+00 6.049550e-01
-1.500000e-02 2.200913e+00 6.734258e-01
5.551115e-17 2.200913e+00 6.899489e-01
1.500000e-02 2.200913e+00 6.734258e-01
3.000000e-02 2.200913e+00 6.049550e-01
4.500000e-02 2.200913e+00 4.536260e-01
6.000000e-02 2.200913e+00 2.603878e-01
7.500000e-02 2.200913e+00 1.223022e-01
9.000000e-02 2.200913e+00 5.691722e-02
1.050000e-01 2.200913e+00 3.081610e-02
1.200000e-01 2.200913e+00 2.051487e-02
1.350000e-01 2.200913e+00 1.618861e-02
1.500000e-01 2.200913e+00 1.419667e-02
1.650000e-01 2.200913e+00 1.318079e-02
1.800000e-01 2.200913e+00 1.260747e-02
1.950000e-01 2.200913e+00 1.225267e-02
2.100000e-01 2.200913e+00 1.201537e-02
2.250000e-01 2.200913e+00 1.184662e-02
2.400000e-01 2.200913e+00 1.172094e-02
2.550000e-01 2.200913e+00 1.162416e-02
2.700000e-01 2.200913e+00 1.154790e-02
2.850000e-01 2.200913e+00 1.148692e-02
3.000000e-01 2.200913e+00 1.143773e-02
-3.000000e-01 2.214577e+00 1.131100e-02
-2.850000e-01 2.214577e+00 1.135908e-02
-2.700000e-01 2.214577e+00 1.141858e-02
-2.550000e-01 2.214577e+00 1.149282e-02
-2.400000e-01 2.214577e+00 1.158679e-02
-2.250000e-01 2.214577e+00 1.170840e-02
-2.100000e-01 2.214577e+00 1.187094e-02
-1.950000e-01 2.214577e+00 1.209822e-02
-1.800000e-01 2.214577e+00 1.243571e-02
-1.650000e-01 2.214577e+00 1.297676e-02
-1.500000e-01 2.214577e+00 1.392729e-02
-1.350000e-01 2.214577e+00 1.577503e-02
-1.200000e-01 2.214577e+00 1.975412e-02
-1.050000e-01 2.214577e+00 2.915018e-02
-9.000000e-02 2.214577e+00 5.276438e-02
-7.500000e-02 2.214577e+00 1.114810e-01
-6.000000e-02 2.214577e+00 2.348779e-01
-4.500000e-02 2.214577e+00 4.076602e-01
-3.000000e-02 2.214577e+00 5.441489e-01
-1.500000e-02 2.214577e+00 6.070087e-01
5.551115e-17 2.214577e+00 6.224824e-01
1.500000e-02 2.214577e+00 6.070087e-01
3.000000e-02 2.214577e+00 5.441489e-01
4.500000e-02 2.214577e+00 4.076602e-01
6.000000e-02 2.214577e+00 2.348779e-01
7.500000e-02 2.214577e+00 1.114810e-01
9.000000e-02 2.214577e+00 5.276438e-02
1.050000e-01 2.214577e+00 2.915018e-02
1.200000e-01 2.214577e+00 1.975412e-02
1.350000e-01 2.214577e+00 1.577503e-02
1.500000e-01 2.214577e+00 1.392729e-02
1.650000e-01 2.214577e+00 1.297676e-02
1.800000e-01 2.214577e+00 1.243571e-02
1.950000e-01 2.214577e+00 1.209822e-02
2.100000e-01 2.214577e+00 1.187094e-02
2.250000e-01 2.214577e+00 1.170840e-02
2.400000e-01 2.214577e+00 1.158679e-02
2.550000e-01 2.214577e+00 1.149282e-02
2.700000e-01 2.214577e+00 1.141858e-02
2.850000e-01 2.214577e+00 1.135908e-02
3.000000e-01 2.214577e+00 1.131100e-02
-3.000000e-01 2.228242e+00 1.118646e-02
-2.850000e-01 2.228242e+00 1.123348e-02
-2.700000e-01 2.228242e+00 1.129158e-02
-2.550000e-01 2.228242e+00 1.136392e-02
-2.400000e-01 2.228242e+00 1.145525e-02
-2.250000e-01 2.228242e+00 1.157306e-02
-2.100000e-01 2.228242e+00 1.172986e-02
-1.950000e-01 2.228242e+00 1.194792e-02
-1.800000e-01 2.228242e+00 1.226961e-02
-1.650000e-01 2.228242e+00 1.278143e-02
-1.500000e-01 2.228242e+00 1.367325e-02
-1.350000e-01 2.228242e+00 1.539243e-02
-1.200000e-01 2.228242e+00 1.906465e-02
-1.050000e-01 2.228242e+00 2.766792e-02
-9.000000e-02 2.228242e+00 4.912515e-02
-7.500000e-02 2.228242e+00 1.021120e-01
-6.000000e-02 2.228242e+00 2.129670e-01
-4.500000e-02 2.228242e+00 3.682733e-01
-3.000000e-02 2.228242e+00 4.919338e-01
-1.500000e-02 2.228242e+00 5.497979e-01
5.551115e-17 2.228242e+00 5.642908e-01
1.500000e-02 2.228242e+00 5.497979e-01
3.000000e-02 2.228242e+00 4.919338e-01
4.500000e-02 2.228242e+00 3.682733e-01
6.000000e-02 2.228242e+00 2.129670e-01
7.500000e-02 2.228242e+00 1.021120e-01
9.000000e-02 2.228242e+00 4.912515e-02
1.050000e-01 2.228242e+00 2.766792e-02
1.200000e-01 2.228242e+00 1.906465e-02
1.350000e-01 2.228242e+00 1.539243e-02
1.500000e-01 2.228242e+00 1.367325e-02
1.650000e-01 2.228242e+00 1.278143e-02
1.800000e-01 2.228242e+00 1.226961e-02
1.950000e-01 2.228242e+00 1.194792e-02
2.100000e-01 2.228242e+00 1.172986e-02
2.250000e-01 2.228242e+00 1.157306e-02
2.400000e-01 2.228242e+00 1.145525e-02
2.550000e-01 2.228242e+00 1.136392e-02
2.700000e-01 2.228242e+00 1.129158e-02
2.850000e-01 2.228242e+00 1.123348e-02
3.000000e-01 2.228242e+00 1.118646e-02
-3.000000e-01 2.241906e+00 1.106407e-02
-2.850000e-01 2.241906e+00 1.111007e-02
-2.700000e-01 2.241906e+00 1.116683e-02
-2.550000e-01 2.241906e+00 1.123738e-02
-2.400000e-01 2.241906e+00 1.132622e-02
-2.250000e-01 2.241906e+00 1.144047e-02
-2.100000e-01 2.241906e+00 1.159192e-02
-1.950000e-01 2.241906e+00 1.180149e-02
-1.800000e-01 2.241906e+00 1.210871e-02
-1.650000e-01 2.241906e+00 1.259396e-02
-1.500000e-01 2.241906e+00 1.343281e-02
-1.350000e-01 2.241906e+00 1.503691e-02
-1.200000e-01 2.241906e+00 1.843663e-02
-1.050000e-01 2.241906e+00 2.634197e-02
-9.000000e-02 2.241906e+00 4.591757e-02
-7.500000e-02 2.241906e+00 9.394930e-02
-6.000000e-02 2.241906e+00 1.940217e-01
-4.500000e-02 2.241906e+00 3.342950e-01
-3.000000e-02 2.241906e+00 4.467998e-01
-1.500000e-02 2.241906e+00 5.002029e-01
5.551115e-17 2.241906e+00 5.137837e-01
1.500000e-02 2.241906e+00 5.002029e-01
3.000000e-02 2.241906e+00 4.467998e-01
4.500000e-02 2.241906e+00 3.342950e-01
6.000000e-02 2.241906e+00 1.940217e-01
7.500000e-02 2.241906e+00 9.394930e-02
9.000000e-02 2.241906e+00 4.591757e-02
1.050000e-01 2.241906e+00 2.634197e-02
1.200000e-01 2.241906e+00 1.843663e-02
1.350000e-01 2.241906e+00 1.503691e-02
1.500000e-01 2.241906e+00 1.343281e-02
1.650000e-01 2.241906e+00 1.259396e-02
1.800000e-01 2.241906e+00 1.210871e-02
1.950000e-01 2.241906e+00 1.180149e-02
2.100000e-01 2.241906e+00 1.159192e-02
2.250000e-01 2.241906e+00 1.144047e-02
2.400000e-01 2.241906e+00 1.132622e-02
2.550000e-01 2.241906e+00 1.123738e-02
2.700000e-01 2.241906e+00 1.116683e-02
2.850000e-01 2.241906e+00 1.111007e-02
3.000000e-01 2.241906e+00 1.106407e-02
-3.000000e-01 2.255570e+00 1.094376e-02
-2.850000e-01 2.255570e+00 1.098879e-02
-2.700000e-01 2.255570e+00 1.104427e-02
-2.550000e-01 2.255570e+00 1.111311e-02
-2.400000e-01 2.255570e+00 1.119961e-02
-2.250000e-01 2.255570e+00 1.131052e-02
-2.100000e-01 2.255570e+00 1.145699e-02
-1.950000e-01 2.255570e+00 1.165869e-02
-1.800000e-01 2.255570e+00 1.195262e-02
-1.650000e-01 2.255570e+00 1.241364e-02
-1.500000e-01 2.255570e+00 1.320453e-02
-1.350000e-01 2.255570e+00 1.470520e-02
-1.200000e-01 2.255570e+00 1.786189e-02
-1.050000e-01 2.255570e+00 2.514984e-02
-9.000000e-02 2.255570e+00 4.307517e-02
-7.500000e-02 2.255570e+00 8.679610e-02
-6.000000e-02 2.255570e+00 1.775389e-01
-4.500000e-02 2.255570e+00 3.047976e-01
-3.000000e-02 2.255570e+00 4.075469e-01
-1.500000e-02 2.255570e+00 4.569549e-01
5.551115e-17 2.255570e+00 4.696902e-01
1.500000e-02 2.255570e+00 4.569549e-01
3.000000e-02 2.255570e+00 4.075469e-01
4.500000e-02 2.255570e+00 3.047976e-01
6.000000e-02 2.255570e+00 1.775389e-01
7.500000e-02 2.255570e+00 8.679610e-02
9.000000e-02 2.255570e+00 4.307517e-02
1.050000e-01 2.255570e+00 2.514984e-02
1.200000e-01 2.255570e+00 1.786189e-02
1.350000e-01 2.255570e+00 1.470520e-02
1.500000e-01 2.255570e+00 1.320453e-02
1.650000e-01 2.255570e+00 1.241364e-02
1.800000e-01 2.255570e+00 1.195262e-02
1.950000e-01 2.255570e+00 1.165869e-02
2.100000e-01 2.255570e+00 1.145699e-02
2.250000e-01 2.255570e+00 1.131052e-02
2.400000e-01 2.255570e+00 1.119961e-02
2.550000e-01 2.255570e+00 1.111311e-02
2.700000e-01 2.255570e+00 1.104427e-02
2.850000e-01 2.255570e+00 1.098879e-02
3.000000e-01 2.255570e+00 1.094376e-02
-3.000000e-01 2.269234e+00 1.082547e-02
-2.850000e-01 2.269234e+00 1.086957e-02
-2.700000e-01 2.269234e+00 1.092384e-02
-2.550000e-01 2.269234e+00 1.099105e-02
-2.400000e-01 2.269234e+00 1.107533e-02
-2.250000e-01 2.269234e+00 1.118310e-02
-2.100000e-01 2.269234e+00 1.132492e-02
-1.950000e-01 2.269234e+00 1.151931e-02
-1.800000e-01 2.269234e+00 1.180098e-02
-1.650000e-01 2.269234e+00 1.223983e-02
-1.500000e-01 2.269234e+00 1.298715e-02
-1.350000e-01 2.269234e+00 1.439453e-02
-1.200000e-01 2.269234e+00 1.733358e-02
-1.050000e-01 2.269234e+00 2.407294e-02
-9.000000e-02 2.269234e+00 4.054362e-02
-7.500000e-02 2.269234e+00 8.049340e-02
-6.000000e-02 2.269234e+00 1.631155e-01
-4.500000e-02 2.269234e+00 2.790399e-01
-3.000000e-02 2.269234e+00 3.732137e-01
-1.500000e-02 2.269234e+00 4.190335e-01
5.551115e-17 2.269234e+00 4.309866e-01
1.500000e-02 2.269234e+00 4.190335e-01
3.000000e-02 2.269234e+00 3.732137e-01
4.500000e-02 2.269234e+00 2.790399e-01
6.000000e-02 2.269234e+00 1.631155e-01
7.500000e-02 2.269234e+00 8.049340e-02
9.000000e-02 2.269234e+00 4.054362e-02
1.050000e-01 2.269234e+00 2.407294e-02
1.200000e-01 2.269234e+00 1.733358e-02
1.350000e-01 2.269234e+00 1.439453e-02
1.500000e-01 2.269234e+00 1.298715e-02
1.650000e-01 2.269234e+00 1.223983e-02
1.800000e-01 2.269234e+00 1.180098e-02
1.950000e-01 2.269234e+00 1.151931e-02
2.100000e-01 2.269234e+00 1.132492e-02
2.250000e-01 2.269234e+00 1.118310e-02
2.400000e-01 2.269234e+00 1.107533e-02
2.550000e-01 2.269234e+00 1.099105e-02
2.700000e-01 2.269234e+00 1.092384e-02
2.850000e-01 2.269234e+00 1.086957e-02
3.000000e-01 2.269234e+00 1.082547e-02
-3.000000e-01 2.282899e+00 1.070916e-02
-2.850000e-01 2.282899e+00 1.075237e-02
-2.700000e-01 2.282899e+00 1.080546e-02
-2.550000e-01 2.282899e+00 1.087113e-02
-2.400000e-01 2.282899e+00 1.095330e-02
-2.250000e-01 2.282899e+00 1.105811e-02
-2.100000e-01 2.282899e+00 1.119556e-02
-1.950000e-01 2.282899e+00 1.138316e-02
-1.800000e-01 2.282899e+00 1.165351e-02
-1.650000e-01 2.282899e+00 1.207200e-02
-1.500000e-01 2.282899e+00 1.277960e-02
-1.350000e-01 2.282899e+00 1.410253e-02
-1.200000e-01 2.282899e+00 1.684596e-02
-1.050000e-01 2.282899e+00 2.309580e-02
-9.000000e-02 2.282899e+00 3.827825e-02
-7.500000e-02 2.282899e+00 7.491182e-02
-6.000000e-02 2.282899e+00 1.504264e-01
-4.500000e-02 2.282899e+00 2.564251e-01
-3.000000e-02 2.282899e+00 3.430239e-01
-1.500000e-02 2.282899e+00 3.856119e-01
5.551115e-17 2.282899e+00 3.968420e-01
1.500000e-02 2.282899e+00 3.856119e-01
3.000000e-02 2.282899e+00 3.430239e-01
4.500000e-02 2.282899e+00 2.564251e-01
6.000000e-02 2.282899e+00 1.504264e-01
7.500000e-02 2.282899e+00 7.491182e-02
9.000000e-02 2.282899e+00 3.827825e-02
1.050000e-01 2.282899e+00 2.309580e-02
1.200000e-01 2.282899e+00 1.684596e-02
1.350000e-01 2.282899e+00 1.410253e-02
1.500000e-01 2.282899e+00 1.277960e-02
1.650000e-01 2.282899e+00 1.207200e-02
1.800000e-01 2.282899e+00 1.165351e-02
1.950000e-01 2.282899e+00 1.138316e-02
2.100000e-01 2.282899e+00 1.119556e-02
2.250000e-01 2.282899e+00 1.105811e-02
2.400000e-01 2.282899e+00 1.095330e-02
2.550000e-01 2.282899e+00 1.087113e-02
2.700000e-01 2.282899e+00 1.080546e-02
2.850000e-01 2.282899e+00 1.075237e-02
3.000000e-01 2.282899e+00 1.070916e-02
-3.000000e-01 2.296563e+00 1.059477e-02
-2.850000e-01 2.296563e+00 1.063712e-02
-2.700000e-01 2.296563e+00 1.068909e-02
-2.550000e-01 2.296563e+00 1.075328e-02
-2.400000e-01 2.296563e+00 1.083346e-02
-2.250000e-01 2.296563e+00 1.093546e-02
-2.100000e-01 2.296563e+00 1.106882e-02
-1.950000e-01 2.296563e+00 1.125007e-02
-1.800000e-01 2.296563e+00 1.150992e-02
-1.650000e-01 2.296563e+00 1.190967e-02
-1.500000e-01 2.296563e+00 1.258096e-02
-1.350000e-01 2.296563e+00 1.382719e-02
-1.200000e-01 2.296563e+00 1.639415e-02
-1.050000e-01 2.296563e+00 2.220547e-02
-9.000000e-02 2.296563e+00 3.624207e-02
-7.500000e-02 2.296563e+00 6.994537e-02
-6.000000e-02 2.296563e+00 1.392069e-01
-4.500000e-02 2.296563e+00 2.364686e-01
-3.000000e-02 2.296563e+00 3.163458e-01
-1.500000e-02 2.296563e+00 3.560149e-01
5.551115e-17 2.296563e+00 3.665771e-01
1.500000e-02 2.296563e+00 3.560149e-01
3.000000e-02 2.296563e+00 3.163458e-01
4.500000e-02 2.296563e+00 2.364686e-01
6.000000e-02 2.296563e+00 1.392069e-01
7.500000e-02 2.296563e+00 6.994537e-02
9.000000e-02 2.296563e+00 3.624207e-02
1.050000e-01 2.296563e+00 2.220547e-02
1.200000e-01 2.296563e+00 1.639415e-02
1.350000e-01 2.296563e+00 1.382719e-02
1.500000e-01 2.296563e+00 1.258096e-02
1.650000e-01 2.296563e+00 1.190967e-02
1.800000e-01 2.296563e+00 1.150992e-02
1.950000e-01 2.296563e+00 1.125007e-02
2.100000e-01 2.296563e+00 1.106882e-02
2.250000e-01 2.296563e+00 1.093546e-02
2.400000e-01 2.296563e+00 1.083346e-02
2.550000e-01 2.296563e+00 1.075328e-02
2.700000e-01 2.296563e+00 1.068909e-02
2.850000e-01 2.296563e+00 1.063712e-02
3.000000e-01 2.296563e+00 1.059477e-02
-3.000000e-01 2.310227e+00 1.048226e-02
-2.850000e-01 2.310227e+00 1.052377e-02
-2.700000e-01 2.310227e+00 1.057468e-02
-2.550000e-01 2.310227e+00 1.063745e-02
-2.400000e-01 2.310227e+00 1.071572e-02
-2.250000e-01 2.310227e+00 1.081508e-02
-2.100000e-01 2.310227e+00 1.094457e-02
-1.950000e-01 2.310227e+00 1.111989e-02
-1.800000e-01 2.310227e+00 1.136998e-02
-1.650000e-01 2.310227e+00 1.175244e-02
-1.500000e-01 2.310227e+00 1.239043e-02
-1.350000e-01 2.310227e+00 1.356678e-02
-1.200000e-01 2.310227e+00 1.597402e-02
-1.050000e-01 2.310227e+00 2.139104e-02
-9.000000e-02 2.310227e+00 3.440425e-02
-7.500000e-02 2.310227e+00 6.550659e-02
-6.000000e-02 2.310227e+00 1.292404e-01
-4.500000e-02 2.310227e+00 2.187744e-01
-3.000000e-02 2.310227e+00 2.926619e-01
-1.500000e-02 2.310227e+00 3.296877e-01
5.551115e-17 2.310227e+00 3.396329e-01
1.500000e-02 2.310227e+00 3.296877e-01
3.000000e-02 2.310227e+00 2.926619e-01
4.500000e-02 2.310227e+00 2.187744e-01
6.000000e-02 2.310227e+00 1.292404e-01
7.500000e-02 2.310227e+00 6.550659e-02
9.000000e-02 2.310227e+00 3.440425e-02
1.050000e-01 2.310227e+00 2.139104e-02
1.200000e-01 2.310227e+00 1.597402e-02
1.350000e-01 2.310227e+00 1.356678e-02
1.500000e-01 2.310227e+00 1.239043e-02
1.650000e-01 2.310227e+00 1.175244e-02
1.800000e-01 2.310227e+00 1.136998e-02
1.950000e-01 2.310227e+00 1.111989e-02
2.100000e-01 2.310227e+00 1.094457e-02
2.250000e-01 2.310227e+00 1.081508e-02
2.400000e-01 2.310227e+00 1.071572e-02
2.550000e-01 2.310227e+00 1.063745e-02
2.700000e-01 2.310227e+00 1.057468e-02
2.850000e-01 2.310227e+00 1.052377e-02
3.000000e-01 2.310227e+00 1.048226e-02
-3.000000e-01 2.323891e+00 1.037158e-02
-2.850000e-01 2.323891e+00 1.041229e-02
-2.700000e-01 2.323891e+00 1.046216e-02
-2.550000e-01 2.323891e+00 1.052358e-02
-2.400000e-01 2.323891e+00 1.060004e-02
-2.250000e-01 2.323891e+00 1.069687e-02
-2.100000e-01 2.323891e+00 1.082273e-02
-1.950000e-01 2.323891e+00 1.099248e-02
-1.800000e-01 2.323891e+00 1.123348e-02
-1.650000e-01 2.323891e+00 1.159993e-02
-1.500000e-01 2.323891e+00 1.220731e-02
-1.350000e-01 2.323891e+00 1.331981e-02
-1.200000e-01 2.323891e+00 1.558203e-02
-1.050000e-01 2.323891e+00 2.064328e-02
-9.000000e-02 2.323891e+00 3.273895e-02
-7.500000e-02 2.323891e+00 6.152288e-02
-6.000000e-02 2.323891e+00 1.203480e-01
-4.500000e-02 2.323891e+00 2.030165e-01
-3.000000e-02 2.323891e+00 2.715454e-01
-1.500000e-02 2.323891e+00 3.061712e-01
5.551115e-17 2.323891e+00 3.155461e-01
1.500000e-02 2.323891e+00 3.061712e-01
3.000000e-02 2.323891e+00 2.715454e-01
4.500000e-02 2.323891e+00 2.030165e-01
6.000000e-02 2.323891e+00 1.203480e-01
7.500000e-02 2.323891e+00 6.152288e-02
9.000000e-02 2.323891e+00 3.273895e-02
1.050000e-01 2.323891e+00 2.064328e-02
1.200000e-01 2.323891e+00 1.558203e-02
1.350000e-01 2.323891e+00 1.331981e-02
1.500000e-01 2.323891e+00 1.220731e-02
1.650000e-01 2.323891e+00 1.159993e-02
1.800000e-01 2.323891e+00 1.123348e-02
1.950000e-01 2.323891e+00 1.099248e-02
2.100000e-01 2.323891e+00 1.082273e-02
2.250000e-01 2.323891e+00 1.069687e-02
2.400000e-01 2.323891e+00 1.060004e-02
2.550000e-01 2.323891e+00 1.052358e-02
2.700000e-01 2.323891e+00 1.046216e-02
2.850000e-01 2.323891e+00 1.041229e-02
3.000000e-01 2.323891e+00 1.037158e-02
-3.000000e-01 2.337556e+00 1.026268e-02
-2.850000e-01 2.337556e+00 1.030263e-02
-2.700000e-01 2.337556e+00 1.035150e-02
-2.550000e-01 2.337556e+00 1.041162e-02
-2.400000e-01 2.337556e+00 1.048635e-02
-2.250000e-01 2.337556e+00 1.058079e-02
-2.100000e-01 2.337556e+00 1.070320e-02
-1.950000e-01 2.337556e+00 1.086771e-02
-1.800000e-01 2.337556e+00 1.110023e-02
-1.650000e-01 2.337556e+00 1.145183e-02
-1.500000e-01 2.337556e+00 1.203098e-02
-1.350000e-01 2.337556e+00 1.308498e-02
-1.200000e-01 2.337556e+00 1.521512e-02
-1.050000e-01 2.337556e+00 1.995434e-02
-9.000000e-02 2.337556e+00 3.122439e-02
-7.500000e-02 2.337556e+00 5.793358e-02
-6.000000e-02 2.337556e+00 1.123815e-01
-4.500000e-02 2.337556e+00 1.889248e-01
-3.000000e-02 2.337556e+00 2.526418e-01
-1.500000e-02 2.337556e+00 2.850830e-01
5.551115e-17 2.337556e+00 2.939305e-01
1.500000e-02 2.337556e+00 2.850830e-01
3.000000e-02 2.337556e+00 2.526418e-01
4.500000e-02 2.337556e+00 1.889248e-01
6.000000e-02 2.337556e+00 1.123815e-01
7.500000e-02 2.337556e+00 5.793358e-02
9.000000e-02 2.337556e+00 3.122439e-02
1.050000e-01 2.337556e+00 1.995434e-02
1.200000e-01 2.337556e+00 1.521512e-02
1.350000e-01 2.337556e+00 1.308498e-02
1.500000e-01 2.337556e+00 1.203098e-02
1.650000e-01 2.337556e+00 1.145183e-02
1.800000e-01 2.337556e+00 1.110023e-02
1.950000e-01 2.337556e+00 1.086771e-02
2.100000e-01 2.337556e+00 1.070320e-02
2.250000e-01 2.337556e+00 1.058079e-02
2.400000e-01 2.337556e+00 1.048635e-02
2.550000e-01 2.337556e+00 1.041162e-02
2.700000e-01 2.337556e+00 1.035150e-02
2.850000e-01 2.337556e+00 1.030263e-02
3.000000e-01 2.337556e+00 1.026268e-02
-3.000000e-01 2.351220e+00 1.015553e-02
-2.850000e-01 2.351220e+00 1.019473e-02
-2.700000e-01 2.351220e+00 1.024265e-02
-2.550000e-01 2.351220e+00 1.030152e-02
-2.400000e-01 2.351220e+00 1.037458e-02
-2.250000e-01 2.351220e+00 1.046675e-02
-2.100000e-01 2.351220e+00 1.058590e-02
-1.950000e-01 2.351220e+00 1.074548e-02
-1.800000e-01 2.351220e+00 1.097005e-02
-1.650000e-01 2.351220e+00 1.130784e-02
-1.500000e-01 2.351220e+00 1.186090e-02
-1.350000e-01 2.351220e+00 1.286117e-02
-1.200000e-01 2.351220e+00 1.487069e-02
-1.050000e-01 2.351220e+00 1.931748e-02
-9.000000e-02 2.351220e+00 2.984213e-02
-7.500000e-02 2.351220e+00 5.468776e-02
-6.000000e-02 2.351220e+00 1.052171e-01
-4.500000e-02 2.351220e+00 1.762742e-01
-3.000000e-02 2.351220e+00 2.356552e-01
-1.500000e-02 2.351220e+00 2.661030e-01
5.551115e-17 2.351220e+00 2.744624e-01
1.500000e-02 2.351220e+00 2.661030e-01
3.000000e-02 2.351220e+00 2.356552e-01
4.500000e-02 2.351220e+00 1.762742e-01
6.000000e-02 2.351220e+00 1.052171e-01
7.500000e-02 2.351220e+00 5.468776e-02
9.000000e-02 2.351220e+00 2.984213e-02
1.050000e-01 2.351220e+00 1.931748e-02
1.200000e-01 2.351220e+00 1.487069e-02
1.350000e-01 2.351220e+00 1.286117e-02
1.500000e-01 2.351220e+00 1.186090e-02
1.650000e-01 2.351220e+00 1.130784e-02
1.800000e-01 2.351220e+00 1.097005e-02
1.950000e-01 2.351220e+00 1.074548e-02
2.100000e-01 2.351220e+00 1.058590e-02
2.250000e-01 2.351220e+00 1.046675e-02
2.400000e-01 2.351220e+00 1.037458e-02
2.550000e-01 2.351220e+00 1.030152e-02
2.700000e-01 2.351220e+00 1.024265e-02
2.850000e-01 2.351220e+00 1.019473e-02
3.000000e-01 2.351220e+00 1.015553e-02
-3.000000e-01 2.364884e+00 1.005009e-02
-2.850000e-01 2.364884e+00 1.008856e-02
-2.700000e-01 2.364884e+00 1.013555e-02
-2.550000e-01 2.364884e+00 1.019323e-02
-2.400000e-01 2.364884e+00 1.026470e-02
-2.250000e-01 2.364884e+00 1.035469e-02
-2.100000e-01 2.364884e+00 1.047075e-02
-1.950000e-01 2.364884e+00 1.062568e-02
-1.800000e-01 2.364884e+00 1.084279e-02
-1.650000e-01 2.364884e+00 1.116771e-02
-1.500000e-01 2.364884e+00 1.169661e-02
-1.350000e-01 2.364884e+00 1.264739e-02
-1.200000e-01 2.364884e+00 1.454645e-02
-1.050000e-01 2.364884e+00 1.872694e-02
-9.000000e-02 2.364884e+00 2.857645e-02
-7.500000e-02 2.364884e+00 5.174236e-02
-6.000000e-02 2.364884e+00 9.875059e-02
-4.500000e-02 2.364884e+00 1.648760e-01
-3.000000e-02 2.364884e+00 2.203369e-01
-1.500000e-02 2.364884e+00 2.489617e-01
5.551115e-17 2.364884e+00 2.568689e-01
1.500000e-02 2.364884e+00 2.489617e-01
3.000000e-02 2.364884e+00 2.203369e-01
4.500000e-02 2.364884e+00 1.648760e-01
6.000000e-02 2.364884e+00 9.875059e-02
7.500000e-02 2.364884e+00 5.174236e-02
9.000000e-02 2.364884e+00 2.857645e-02
1.050000e-01 2.364884e+00 1.872694e-02
1.200000e-01 2.364884e+00 1.454645e-02
1.350000e-01 2.364884e+00 1.264739e-02
1.500000e-01 2.364884e+00 1.169661e-02
1.650000e-01 2.364884e+00 1.116771e-02
1.800000e-01 2.364884e+00 1.084279e-02
1.950000e-01 2.364884e+00 1.062568e-02
2.100000e-01 2.364884e+00 1.047075e-02
2.250000e-01 2.364884e+00 1.035469e-02
2.400000e-01 2.364884e+00 1.026470e-02
2.550000e-01 2.364884e+00 1.019323e-02
2.700000e-01 2.364884e+00 1.013555e-02
2.850000e-01 2.364884e+00 1.008856e-02
3.000000e-01 2.364884e+00 1.005009e-02
