# MAPbI3 n=3 superfluid scan | Eg=2.178282 eV  Ex=1.991594 eV  binding=186.7 meV | density n = G_DEG * INT d2k/(2pi)^2 f_c (Kramers degeneracy G_DEG=2)
# target_n=2.000e+12 cm^-2  n=2.075821e+12 cm^-2  dmu=2.009100 eV  BEC
# kx_invA  omega_eV  A_kw
-3.000000e-01 -6.275930e-01 5.462394e-01
-2.850000e-01 -6.275930e-01 5.328702e-01
-2.700000e-01 -6.275930e-01 5.177471e-01
-2.550000e-01 -6.275930e-01 5.007890e-01
-2.400000e-01 -6.275930e-01 4.819358e-01
-2.250000e-01 -6.275930e-01 4.611619e-01
-2.100000e-01 -6.275930e-01 4.384984e-01
-1.950000e-01 -6.275930e-01 4.140619e-01
-1.800000e-01 -6.275930e-01 3.880837e-01
-1.650000e-01 -6.275930e-01 3.609320e-01
-1.500000e-01 -6.275930e-01 3.331161e-01
-1.350000e-01 -6.275930e-01 3.052596e-01
-1.200000e-01 -6.275930e-01 2.780254e-01
-1.050000e-01 -6.275930e-01 2.519770e-01
-9.000000e-02 -6.275930e-01 2.273477e-01
-7.500000e-02 -6.275930e-01 2.036982e-01
-6.000000e-02 -6.275930e-01 1.797375e-01
-4.500000e-02 -6.275930e-01 1.547223e-01
-3.000000e-02 -6.275930e-01 1.317916e-01
-1.500000e-02 -6.275930e-01 1.164325e-01
5.551115e-17 -6.275930e-01 1.112203e-01
1.500000e-02 -6.275930e-01 1.164325e-01
3.000000e-02 -6.275930e-01 1.317916e-01
4.500000e-02 -6.275930e-01 1.547223e-01
6.000000e-02 -6.275930e-01 1.797375e-01
7.500000e-02 -6.275930e-01 2.036982e-01
9.000000e-02 -6.275930e-01 2.273477e-01
1.050000e-01 -6.275930e-01 2.519770e-01
1.200000e-01 -6.275930e-01 2.780254e-01
1.350000e-01 -6.275930e-01 3.052596e-01
1.500000e-01 -6.275930e-01 3.331161e-01
1.650000e-01 -6.275930e-01 3.609320e-01
1.800000e-01 -6.275930e-01 3.880837e-01
1.950000e-01 -6.275930e-01 4.140619e-01
2.100000e-01 -6.275930e-01 4.384984e-01
2.250000e-01 -6.275930e-01 4.611619e-01
2.400000e-01 -6.275930e-01 4.819358e-01
2.550000e-01 -6.275930e-01 5.007890e-01
2.700000e-01 -6.275930e-01 5.177471e-01
2.850000e-01 -6.275930e-01 5.328702e-01
3.000000e-01 -6.275930e-01 5.462394e-01
-3.000000e-01 -6.139287e-01 5.895176e-01
-2.850000e-01 -6.139287e-01 5.745622e-01
-2.700000e-01 -6.139287e-01 5.576687e-01
-2.550000e-01 -6.139287e-01 5.387562e-01
-2.400000e-01 -6.139287e-01 5.177691e-01
-2.250000e-01 -6.139287e-01 4.946924e-01
-2.100000e-01 -6.139287e-01 4.695758e-01
-1.950000e-01 -6.139287e-01 4.425657e-01
-1.800000e-01 -6.139287e-01 4.139355e-01
-1.650000e-01 -6.139287e-01 3.841080e-01
-1.500000e-01 -6.139287e-01 3.536573e-01
-1.350000e-01 -6.139287e-01 3.232764e-01
-1.200000e-01 -6.139287e-01 2.936934e-01
-1.050000e-01 -6.139287e-01 2.655217e-01
-9.000000e-02 -6.139287e-01 2.390172e-01
-7.500000e-02 -6.139287e-01 2.137226e-01
-6.000000e-02 -6.139287e-01 1.882835e-01
-4.500000e-02 -6.139287e-01 1.619082e-01
-3.000000e-02 -6.139287e-01 1.378360e-01
-1.500000e-02 -6.139287e-01 1.217449e-01
5.551115e-17 -6.139287e-01 1.162882e-01
1.500000e-02 -6.139287e-01 1.217449e-01
3.000000e-02 -6.139287e-01 1.378360e-01
4.500000e-02 -6.139287e-01 1.619082e-01
6.000000e-02 -6.139287e-01 1.882835e-01
7.500000e-02 -6.139287e-01 2.137226e-01
9.000000e-02 -6.139287e-01 2.390172e-01
1.050000e-01 -6.139287e-01 2.655217e-01
1.200000e-01 -6.139287e-01 2.936934e-01
1.350000e-01 -6.139287e-01 3.232764e-01
1.500000e-01 -6.139287e-01 3.536573e-01
1.650000e-01 -6.139287e-01 3.841080e-01
1.800000e-01 -6.139287e-01 4.139355e-01
1.950000e-01 -6.139287e-01 4.425657e-01
2.100000e-01 -6.139287e-01 4.695758e-01
2.250000e-01 -6.139287e-01 4.946924e-01
2.400000e-01 -6.139287e-01 5.177691e-01
2.550000e-01 -6.139287e-01 5.387562e-01
2.700000e-01 -6.139287e-01 5.576687e-01
2.850000e-01 -6.139287e-01 5.745622e-01
3.000000e-01 -6.139287e-01 5.895176e-01
-3.000000e-01 -6.002645e-01 6.380642e-01
-2.850000e-01 -6.002645e-01 6.212659e-01
-2.700000e-01 -6.002645e-01 6.023194e-01
-2.550000e-01 -6.002645e-01 5.811451e-01
-2.400000e-01 -6.002645e-01 5.576946e-01
-2.250000e-01 -6.002645e-01 5.319667e-01
-2.100000e-01 -6.002645e-01 5.040349e-01
-1.950000e-01 -6.002645e-01 4.740815e-01
-1.800000e-01 -6.002645e-01 4.424299e-01
-1.650000e-01 -6.002645e-01 4.095668e-01
-1.500000e-01 -6.002645e-01 3.761407e-01
-1.350000e-01 -6.002645e-01 3.429229e-01
-1.200000e-01 -6.002645e-01 3.107139e-01
-1.050000e-01 -6.002645e-01 2.801812e-01
-9.000000e-02 -6.002645e-01 2.516039e-01
-7.500000e-02 -6.002645e-01 2.245026e-01
-6.000000e-02 -6.002645e-01 1.974531e-01
-4.500000e-02 -6.002645e-01 1.696085e-01
-3.000000e-02 -6.002645e-01 1.443108e-01
-1.500000e-02 -6.002645e-01 1.274362e-01
5.551115e-17 -6.002645e-01 1.217182e-01
1.500000e-02 -6.002645e-01 1.274362e-01
3.000000e-02 -6.002645e-01 1.443108e-01
4.500000e-02 -6.002645e-01 1.696085e-01
6.000000e-02 -6.002645e-01 1.974531e-01
7.500000e-02 -6.002645e-01 2.245026e-01
9.000000e-02 -6.002645e-01 2.516039e-01
1.050000e-01 -6.002645e-01 2.801812e-01
1.200000e-01 -6.002645e-01 3.107139e-01
1.350000e-01 -6.002645e-01 3.429229e-01
1.500000e-01 -6.002645e-01 3.761407e-01
1.650000e-01 -6.002645e-01 4.095668e-01
1.800000e-01 -6.002645e-01 4.424299e-01
1.950000e-01 -6.002645e-01 4.740815e-01
2.100000e-01 -6.002645e-01 5.040349e-01
2.250000e-01 -6.002645e-01 5.319667e-01
2.400000e-01 -6.002645e-01 5.576946e-01
2.550000e-01 -6.002645e-01 5.811451e-01
2.700000e-01 -6.002645e-01 6.023194e-01
2.850000e-01 -6.002645e-01 6.212659e-01
3.000000e-01 -6.002645e-01 6.380642e-01
-3.000000e-01 -5.866002e-01 6.927541e-01
-2.850000e-01 -5.866002e-01 6.738031e-01
-2.700000e-01 -5.866002e-01 6.524632e-01
-2.550000e-01 -5.866002e-01 6.286583e-01
-2.400000e-01 -5.866002e-01 6.023499e-01
-2.250000e-01 -5.866002e-01 5.735553e-01
-2.100000e-01 -5.866002e-01 5.423777e-01
-1.950000e-01 -5.866002e-01 5.090433e-01
-1.800000e-01 -5.866002e-01 4.739352e-01
-1.650000e-01 -5.866002e-01 4.376148e-01
-1.500000e-01 -5.866002e-01 4.008165e-01
-1.350000e-01 -5.866002e-01 3.644000e-01
-1.200000e-01 -5.866002e-01 3.292460e-01
-1.050000e-01 -5.866002e-01 2.960805e-01
-9.000000e-02 -5.866002e-01 2.652055e-01
-7.500000e-02 -5.866002e-01 2.361156e-01
-6.000000e-02 -5.866002e-01 2.073083e-01
-4.500000e-02 -5.866002e-01 1.778735e-01
-3.000000e-02 -5.866002e-01 1.512579e-01
-1.500000e-02 -5.866002e-01 1.335435e-01
5.551115e-17 -5.866002e-01 1.275457e-01
1.500000e-02 -5.866002e-01 1.335435e-01
3.000000e-02 -5.866002e-01 1.512579e-01
4.500000e-02 -5.866002e-01 1.778735e-01
6.000000e-02 -5.866002e-01 2.073083e-01
7.500000e-02 -5.866002e-01 2.361156e-01
9.000000e-02 -5.866002e-01 2.652055e-01
1.050000e-01 -5.866002e-01 2.960805e-01
1.200000e-01 -5.866002e-01 3.292460e-01
1.350000e-01 -5.866002e-01 3.644000e-01
1.500000e-01 -5.866002e-01 4.008165e-01
1.650000e-01 -5.866002e-01 4.376148e-01
1.800000e-01 -5.866002e-01 4.739352e-01
1.950000e-01 -5.866002e-01 5.090433e-01
2.100000e-01 -5.866002e-01 5.423777e-01
2.250000e-01 -5.866002e-01 5.735553e-01
2.400000e-01 -5.866002e-01 6.023499e-01
2.550000e-01 -5.866002e-01 6.286583e-01
2.700000e-01 -5.866002e-01 6.524632e-01
2.850000e-01 -5.866002e-01 6.738031e-01
3.000000e-01 -5.866002e-01 6.927541e-01
-3.000000e-01 -5.729359e-01 7.546477e-01
-2.850000e-01 -5.729359e-01 7.331677e-01
-2.700000e-01 -5.729359e-01 7.090220e-01
-2.550000e-01 -5.729359e-01 6.821407e-01
-2.400000e-01 -5.729359e-01 6.524993e-01
-2.250000e-01 -5.729359e-01 6.201392e-01
-2.100000e-01 -5.729359e-01 5.852011e-01
-1.950000e-01 -5.729359e-01 5.479650e-01
-1.800000e-01 -5.729359e-01 5.088853e-01
-1.650000e-01 -5.729359e-01 4.686112e-01
-1.500000e-01 -5.729359e-01 4.279759e-01
-1.350000e-01 -5.729359e-01 3.879398e-01
-1.200000e-01 -5.729359e-01 3.494723e-01
-1.050000e-01 -5.729359e-01 3.133622e-01
-9.000000e-02 -5.729359e-01 2.799337e-01
-7.500000e-02 -5.729359e-01 2.486494e-01
-6.000000e-02 -5.729359e-01 2.179186e-01
-4.500000e-02 -5.729359e-01 1.867596e-01
-3.000000e-02 -5.729359e-01 1.587241e-01
-1.500000e-02 -5.729359e-01 1.401082e-01
5.551115e-17 -5.729359e-01 1.338105e-01
1.500000e-02 -5.729359e-01 1.401082e-01
3.000000e-02 -5.729359e-01 1.587241e-01
4.500000e-02 -5.729359e-01 1.867596e-01
6.000000e-02 -5.729359e-01 2.179186e-01
7.500000e-02 -5.729359e-01 2.486494e-01
9.000000e-02 -5.729359e-01 2.799337e-01
1.050000e-01 -5.729359e-01 3.133622e-01
1.200000e-01 -5.729359e-01 3.494723e-01
1.350000e-01 -5.729359e-01 3.879398e-01
1.500000e-01 -5.729359e-01 4.279759e-01
1.650000e-01 -5.729359e-01 4.686112e-01
1.800000e-01 -5.729359e-01 5.088853e-01
1.950000e-01 -5.729359e-01 5.479650e-01
2.100000e-01 -5.729359e-01 5.852011e-01
2.250000e-01 -5.729359e-01 6.201392e-01
2.400000e-01 -5.729359e-01 6.524993e-01
2.550000e-01 -5.729359e-01 6.821407e-01
2.700000e-01 -5.729359e-01 7.090220e-01
2.850000e-01 -5.729359e-01 7.331677e-01
3.000000e-01 -5.729359e-01 7.546477e-01
-3.000000e-01 -5.592716e-01 8.250384e-01
-2.850000e-01 -5.592716e-01 8.005695e-01
-2.700000e-01 -5.592716e-01 7.731151e-01
-2.550000e-01 -5.592716e-01 7.426152e-01
-2.400000e-01 -5.592716e-01 7.090648e-01
-2.250000e-01 -5.592716e-01 6.725369e-01
-2.100000e-01 -5.592716e-01 6.332196e-01
-1.950000e-01 -5.592716e-01 5.914585e-01
-1.800000e-01 -5.592716e-01 5.477939e-01
-1.650000e-01 -5.592716e-01 5.029785e-01
-1.500000e-01 -5.592716e-01 4.579600e-01
-1.350000e-01 -5.592716e-01 4.138125e-01
-1.200000e-01 -5.592716e-01 3.716040e-01
-1.050000e-01 -5.592716e-01 3.321900e-01
-9.000000e-02 -5.592716e-01 2.959153e-01
-7.500000e-02 -5.592716e-01 2.622031e-01
-6.000000e-02 -5.592716e-01 2.293630e-01
-4.500000e-02 -5.592716e-01 1.963302e-01
-3.000000e-02 -5.592716e-01 1.667625e-01
-1.500000e-02 -5.592716e-01 1.471771e-01
5.551115e-17 -5.592716e-01 1.405574e-01
1.500000e-02 -5.592716e-01 1.471771e-01
3.000000e-02 -5.592716e-01 1.667625e-01
4.500000e-02 -5.592716e-01 1.963302e-01
6.000000e-02 -5.592716e-01 2.293630e-01
7.500000e-02 -5.592716e-01 2.622031e-01
9.000000e-02 -5.592716e-01 2.959153e-01
1.050000e-01 -5.592716e-01 3.321900e-01
1.200000e-01 -5.592716e-01 3.716040e-01
1.350000e-01 -5.592716e-01 4.138125e-01
1.500000e-01 -5.592716e-01 4.579600e-01
1.650000e-01 -5.592716e-01 5.029785e-01
1.800000e-01 -5.592716e-01 5.477939e-01
1.950000e-01 -5.592716e-01 5.914585e-01
2.100000e-01 -5.592716e-01 6.332196e-01
2.250000e-01 -5.592716e-01 6.725369e-01
2.400000e-01 -5.592716e-01 7.090648e-01
2.550000e-01 -5.592716e-01 7.426152e-01
2.700000e-01 -5.592716e-01 7.731151e-01
2.850000e-01 -5.592716e-01 8.005695e-01
3.000000e-01 -5.592716e-01 8.250384e-01
-3.000000e-01 -5.456073e-01 9.055158e-01
-2.850000e-01 -5.456073e-01 8.774914e-01
-2.700000e-01 -5.456073e-01 8.461106e-01
-2.550000e-01 -5.456073e-01 8.113281e-01
-2.400000e-01 -5.456073e-01 7.731659e-01
-2.250000e-01 -5.456073e-01 7.317383e-01
-2.100000e-01 -5.456073e-01 6.872928e-01
-1.950000e-01 -5.456073e-01 6.402563e-01
-1.800000e-01 -5.456073e-01 5.912726e-01
-1.650000e-01 -5.456073e-01 5.412168e-01
-1.500000e-01 -5.456073e-01 4.911692e-01
-1.350000e-01 -5.456073e-01 4.423333e-01
-1.200000e-01 -5.456073e-01 3.958856e-01
-1.050000e-01 -5.456073e-01 3.527523e-01
-9.000000e-02 -5.456073e-01 3.132955e-01
-7.500000e-02 -5.456073e-01 2.768897e-01
-6.000000e-02 -5.456073e-01 2.417305e-01
-4.500000e-02 -5.456073e-01 2.066572e-01
-3.000000e-02 -5.456073e-01 1.754327e-01
-1.500000e-02 -5.456073e-01 1.548031e-01
5.551115e-17 -5.456073e-01 1.478372e-01
1.500000e-02 -5.456073e-01 1.548031e-01
3.000000e-02 -5.456073e-01 1.754327e-01
4.500000e-02 -5.456073e-01 2.066572e-01
6.000000e-02 -5.456073e-01 2.417305e-01
7.500000e-02 -5.456073e-01 2.768897e-01
9.000000e-02 -5.456073e-01 3.132955e-01
1.050000e-01 -5.456073e-01 3.527523e-01
1.200000e-01 -5.456073e-01 3.958856e-01
1.350000e-01 -5.456073e-01 4.423333e-01
1.500000e-01 -5.456073e-01 4.911692e-01
1.650000e-01 -5.456073e-01 5.412168e-01
1.800000e-01 -5.456073e-01 5.912726e-01
1.950000e-01 -5.456073e-01 6.402563e-01
2.100000e-01 -5.456073e-01 6.872928e-01
2.250000e-01 -5.456073e-01 7.317383e-01
2.400000e-01 -5.456073e-01 7.731659e-01
2.550000e-01 -5.456073e-01 8.113281e-01
2.700000e-01 -5.456073e-01 8.461106e-01
2.850000e-01 -5.456073e-01 8.774914e-01
3.000000e-01 -5.456073e-01 9.055158e-01
-3.000000e-01 -5.319431e-01 9.980477e-01
-2.850000e-01 -5.319431e-01 9.657648e-01
-2.700000e-01 -5.319431e-01 9.296930e-01
-2.550000e-01 -5.319431e-01 8.898089e-01
-2.400000e-01 -5.319431e-01 8.461710e-01
-2.250000e-01 -5.319431e-01 7.989477e-01
-2.100000e-01 -5.319431e-01 7.484618e-01
-1.950000e-01 -5.319431e-01 6.952408e-01
-1.800000e-01 -5.319431e-01 6.400538e-01
-1.650000e-01 -5.319431e-01 5.839208e-01
-1.500000e-01 -5.319431e-01 5.280767e-01
-1.350000e-01 -5.319431e-01 4.738717e-01
-1.200000e-01 -5.319431e-01 4.226017e-01
-1.050000e-01 -5.319431e-01 3.752667e-01
-9.000000e-02 -5.319431e-01 3.322410e-01
-7.500000e-02 -5.319431e-01 2.928382e-01
-6.000000e-02 -5.319431e-01 2.551226e-01
-4.500000e-02 -5.319431e-01 2.178221e-01
-3.000000e-02 -5.319431e-01 1.848026e-01
-1.500000e-02 -5.319431e-01 1.630463e-01
5.551115e-17 -5.319431e-01 1.557073e-01
1.500000e-02 -5.319431e-01 1.630463e-01
3.000000e-02 -5.319431e-01 1.848026e-01
4.500000e-02 -5.319431e-01 2.178221e-01
6.000000e-02 -5.319431e-01 2.551226e-01
7.500000e-02 -5.319431e-01 2.928382e-01
9.000000e-02 -5.319431e-01 3.322410e-01
1.050000e-01 -5.319431e-01 3.752667e-01
1.200000e-01 -5.319431e-01 4.226017e-01
1.350000e-01 -5.319431e-01 4.738717e-01
1.500000e-01 -5.319431e-01 5.280767e-01
1.650000e-01 -5.319431e-01 5.839208e-01
1.800000e-01 -5.319431e-01 6.400538e-01
1.950000e-01 -5.319431e-01 6.952408e-01
2.100000e-01 -5.319431e-01 7.484618e-01
2.250000e-01 -5.319431e-01 7.989477e-01
2.400000e-01 -5.319431e-01 8.461710e-01
2.550000e-01 -5.319431e-01 8.898089e-01
2.700000e-01 -5.319431e-01 9.296930e-01
2.850000e-01 -5.319431e-01 9.657648e-01
3.000000e-01 -5.319431e-01 9.980477e-01
-3.000000e-01 -5.182788e-01 1.105089e+00
-2.850000e-01 -5.182788e-01 1.067668e+00
-2.700000e-01 -5.182788e-01 1.025952e+00
-2.550000e-01 -5.182788e-01 9.799484e-01
-2.400000e-01 -5.182788e-01 9.297653e-01
-2.250000e-01 -5.182788e-01 8.756416e-01
-2.100000e-01 -5.182788e-01 8.179964e-01
-1.950000e-01 -5.182788e-01 7.574819e-01
-1.800000e-01 -5.182788e-01 6.950194e-01
-1.650000e-01 -5.182788e-01 6.318021e-01
-1.500000e-01 -5.182788e-01 5.692443e-01
-1.350000e-01 -5.182788e-01 5.088630e-01
-1.200000e-01 -5.182788e-01 4.520852e-01
-1.050000e-01 -5.182788e-01 3.999859e-01
-9.000000e-02 -5.182788e-01 3.529438e-01
-7.500000e-02 -5.182788e-01 3.101962e-01
-6.000000e-02 -5.182788e-01 2.696549e-01
-4.500000e-02 -5.182788e-01 2.299174e-01
-3.000000e-02 -5.182788e-01 1.949493e-01
-1.500000e-02 -5.182788e-01 1.719749e-01
5.551115e-17 -5.182788e-01 1.642332e-01
1.500000e-02 -5.182788e-01 1.719749e-01
3.000000e-02 -5.182788e-01 1.949493e-01
4.500000e-02 -5.182788e-01 2.299174e-01
6.000000e-02 -5.182788e-01 2.696549e-01
7.500000e-02 -5.182788e-01 3.101962e-01
9.000000e-02 -5.182788e-01 3.529438e-01
1.050000e-01 -5.182788e-01 3.999859e-01
1.200000e-01 -5.182788e-01 4.520852e-01
1.350000e-01 -5.182788e-01 5.088630e-01
1.500000e-01 -5.182788e-01 5.692443e-01
1.650000e-01 -5.182788e-01 6.318021e-01
1.800000e-01 -5.182788e-01 6.950194e-01
1.950000e-01 -5.182788e-01 7.574819e-01
2.100000e-01 -5.182788e-01 8.179964e-01
2.250000e-01 -5.182788e-01 8.756416e-01
2.400000e-01 -5.182788e-01 9.297653e-01
2.550000e-01 -5.182788e-01 9.799484e-01
2.700000e-01 -5.182788e-01 1.025952e+00
2.850000e-01 -5.182788e-01 1.067668e+00
3.000000e-01 -5.182788e-01 1.105089e+00
-3.000000e-01 -5.046145e-01 1.229729e+00
-2.850000e-01 -5.046145e-01 1.186061e+00
-2.700000e-01 -5.046145e-01 1.137501e+00
-2.550000e-01 -5.046145e-01 1.084102e+00
-2.400000e-01 -5.046145e-01 1.026039e+00
-2.250000e-01 -5.046145e-01 9.636427e-01
-2.100000e-01 -5.046145e-01 8.974556e-01
-1.950000e-01 -5.046145e-01 8.282851e-01
-1.800000e-01 -5.046145e-01 7.572389e-01
-1.650000e-01 -5.046145e-01 6.857167e-01
-1.500000e-01 -5.046145e-01 6.153428e-01
-1.350000e-01 -5.046145e-01 5.478230e-01
-1.200000e-01 -5.046145e-01 4.847269e-01
-1.050000e-01 -5.046145e-01 4.272041e-01
-9.000000e-02 -5.046145e-01 3.756261e-01
-7.500000e-02 -5.046145e-01 3.291333e-01
-6.000000e-02 -5.046145e-01 2.854595e-01
-4.500000e-02 -5.046145e-01 2.430489e-01
-3.000000e-02 -5.046145e-01 2.059604e-01
-1.500000e-02 -5.046145e-01 1.816666e-01
5.551115e-17 -5.046145e-01 1.734896e-01
1.500000e-02 -5.046145e-01 1.816666e-01
3.000000e-02 -5.046145e-01 2.059604e-01
4.500000e-02 -5.046145e-01 2.430489e-01
6.000000e-02 -5.046145e-01 2.854595e-01
7.500000e-02 -5.046145e-01 3.291333e-01
9.000000e-02 -5.046145e-01 3.756261e-01
1.050000e-01 -5.046145e-01 4.272041e-01
1.200000e-01 -5.046145e-01 4.847269e-01
1.350000e-01 -5.046145e-01 5.478230e-01
1.500000e-01 -5.046145e-01 6.153428e-01
1.650000e-01 -5.046145e-01 6.857167e-01
1.800000e-01 -5.046145e-01 7.572389e-01
1.950000e-01 -5.046145e-01 8.282851e-01
2.100000e-01 -5.046145e-01 8.974556e-01
2.250000e-01 -5.046145e-01 9.636427e-01
2.400000e-01 -5.046145e-01 1.026039e+00
2.550000e-01 -5.046145e-01 1.084102e+00
2.700000e-01 -5.046145e-01 1.137501e+00
2.850000e-01 -5.046145e-01 1.186061e+00
3.000000e-01 -5.046145e-01 1.229729e+00
-3.000000e-01 -4.909502e-01 1.375884e+00
-2.850000e-01 -4.909502e-01 1.324558e+00
-2.700000e-01 -4.909502e-01 1.267635e+00
-2.550000e-01 -4.909502e-01 1.205229e+00
-2.400000e-01 -4.909502e-01 1.137606e+00
-2.250000e-01 -4.909502e-01 1.065219e+00
-2.100000e-01 -4.909502e-01 9.887678e-01
-1.950000e-01 -4.909502e-01 9.092553e-01
-1.800000e-01 -4.909502e-01 8.280173e-01
-1.650000e-01 -4.909502e-01 7.467017e-01
-1.500000e-01 -4.909502e-01 6.671779e-01
-1.350000e-01 -4.909502e-01 5.913657e-01
-1.200000e-01 -4.909502e-01 5.209881e-01
-1.050000e-01 -4.909502e-01 4.572657e-01
-9.000000e-02 -4.909502e-01 4.005458e-01
-7.500000e-02 -4.909502e-01 3.498453e-01
-6.000000e-02 -4.909502e-01 3.026883e-01
-4.500000e-02 -4.909502e-01 2.573376e-01
-3.000000e-02 -4.909502e-01 2.179367e-01
-1.500000e-02 -4.909502e-01 1.922107e-01
5.551115e-17 -4.909502e-01 1.835621e-01
1.500000e-02 -4.909502e-01 1.922107e-01
3.000000e-02 -4.909502e-01 2.179367e-01
4.500000e-02 -4.909502e-01 2.573376e-01
6.000000e-02 -4.909502e-01 3.026883e-01
7.500000e-02 -4.909502e-01 3.498453e-01
9.000000e-02 -4.909502e-01 4.005458e-01
1.050000e-01 -4.909502e-01 4.572657e-01
1.200000e-01 -4.909502e-01 5.209881e-01
1.350000e-01 -4.909502e-01 5.913657e-01
1.500000e-01 -4.909502e-01 6.671779e-01
1.650000e-01 -4.909502e-01 7.467017e-01
1.800000e-01 -4.909502e-01 8.280173e-01
1.950000e-01 -4.909502e-01 9.092553e-01
2.100000e-01 -4.909502e-01 9.887678e-01
2.250000e-01 -4.909502e-01 1.065219e+00
2.400000e-01 -4.909502e-01 1.137606e+00
2.550000e-01 -4.909502e-01 1.205229e+00
2.700000e-01 -4.909502e-01 1.267635e+00
2.850000e-01 -4.909502e-01 1.324558e+00
3.000000e-01 -4.909502e-01 1.375884e+00
-3.000000e-01 -4.772859e-01 1.548566e+00
-2.850000e-01 -4.772859e-01 1.487773e+00
-2.700000e-01 -4.772859e-01 1.420542e+00
-2.550000e-01 -4.772859e-01 1.347075e+00
-2.400000e-01 -4.772859e-01 1.267762e+00
-2.250000e-01 -4.772859e-01 1.183215e+00
-2.100000e-01 -4.772859e-01 1.094338e+00
-1.950000e-01 -4.772859e-01 1.002380e+00
-1.800000e-01 -4.772859e-01 9.089589e-01
-1.650000e-01 -4.772859e-01 8.160211e-01
-1.500000e-01 -4.772859e-01 7.257232e-01
-1.350000e-01 -4.772859e-01 6.402264e-01
-1.200000e-01 -4.772859e-01 5.614165e-01
-1.050000e-01 -4.772859e-01 4.905759e-01
-9.000000e-02 -4.772859e-01 4.280037e-01
-7.500000e-02 -4.772859e-01 3.725589e-01
-6.000000e-02 -4.772859e-01 3.215162e-01
-4.500000e-02 -4.772859e-01 2.729224e-01
-3.000000e-02 -4.772859e-01 2.309936e-01
-1.500000e-02 -4.772859e-01 2.037096e-01
5.551115e-17 -4.772859e-01 1.945490e-01
1.500000e-02 -4.772859e-01 2.037096e-01
3.000000e-02 -4.772859e-01 2.309936e-01
4.500000e-02 -4.772859e-01 2.729224e-01
6.000000e-02 -4.772859e-01 3.215162e-01
7.500000e-02 -4.772859e-01 3.725589e-01
9.000000e-02 -4.772859e-01 4.280037e-01
1.050000e-01 -4.772859e-01 4.905759e-01
1.200000e-01 -4.772859e-01 5.614165e-01
1.350000e-01 -4.772859e-01 6.402264e-01
1.500000e-01 -4.772859e-01 7.257232e-01
1.650000e-01 -4.772859e-01 8.160211e-01
1.800000e-01 -4.772859e-01 9.089589e-01
1.950000e-01 -4.772859e-01 1.002380e+00
2.100000e-01 -4.772859e-01 1.094338e+00
2.250000e-01 -4.772859e-01 1.183215e+00
2.400000e-01 -4.772859e-01 1.267762e+00
2.550000e-01 -4.772859e-01 1.347075e+00
2.700000e-01 -4.772859e-01 1.420542e+00
2.850000e-01 -4.772859e-01 1.487773e+00
3.000000e-01 -4.772859e-01 1.548566e+00
-3.000000e-01 -4.636217e-01 1.754242e+00
-2.850000e-01 -4.636217e-01 1.681641e+00
-2.700000e-01 -4.636217e-01 1.601594e+00
-2.550000e-01 -4.636217e-01 1.514428e+00
-2.400000e-01 -4.636217e-01 1.420697e+00
-2.250000e-01 -4.636217e-01 1.321228e+00
-2.100000e-01 -4.636217e-01 1.217188e+00
-1.950000e-01 -4.636217e-01 1.110140e+00
-1.800000e-01 -4.636217e-01 1.002050e+00
-1.650000e-01 -4.636217e-01 8.952272e-01
-1.500000e-01 -4.636217e-01 7.921634e-01
-1.350000e-01 -4.636217e-01 6.952911e-01
-1.200000e-01 -4.636217e-01 6.066653e-01
-1.050000e-01 -4.636217e-01 5.276135e-01
-9.000000e-02 -4.636217e-01 4.583524e-01
-7.500000e-02 -4.636217e-01 3.975378e-01
-6.000000e-02 -4.636217e-01 3.421454e-01
-4.500000e-02 -4.636217e-01 2.899639e-01
-3.000000e-02 -4.636217e-01 2.452641e-01
-1.500000e-02 -4.636217e-01 2.162815e-01
5.551115e-17 -4.636217e-01 2.065640e-01
1.500000e-02 -4.636217e-01 2.162815e-01
3.000000e-02 -4.636217e-01 2.452641e-01
4.500000e-02 -4.636217e-01 2.899639e-01
6.000000e-02 -4.636217e-01 3.421454e-01
7.500000e-02 -4.636217e-01 3.975378e-01
9.000000e-02 -4.636217e-01 4.583524e-01
1.050000e-01 -4.636217e-01 5.276135e-01
1.200000e-01 -4.636217e-01 6.066653e-01
1.350000e-01 -4.636217e-01 6.952911e-01
1.500000e-01 -4.636217e-01 7.921634e-01
1.650000e-01 -4.636217e-01 8.952272e-01
1.800000e-01 -4.636217e-01 1.002050e+00
1.950000e-01 -4.636217e-01 1.110140e+00
2.100000e-01 -4.636217e-01 1.217188e+00
2.250000e-01 -4.636217e-01 1.321228e+00
2.400000e-01 -4.636217e-01 1.420697e+00
2.550000e-01 -4.636217e-01 1.514428e+00
2.700000e-01 -4.636217e-01 1.601594e+00
2.850000e-01 -4.636217e-01 1.681641e+00
3.000000e-01 -4.636217e-01 1.754242e+00
-3.000000e-01 -4.499574e-01 2.001320e+00
-2.850000e-01 -4.499574e-01 1.913860e+00
-2.700000e-01 -4.499574e-01 1.817738e+00
-2.550000e-01 -4.499574e-01 1.713452e+00
-2.400000e-01 -4.499574e-01 1.601784e+00
-2.250000e-01 -4.499574e-01 1.483846e+00
-2.100000e-01 -4.499574e-01 1.361149e+00
-1.950000e-01 -4.499574e-01 1.235657e+00
-1.800000e-01 -4.499574e-01 1.109771e+00
-1.650000e-01 -4.499574e-01 9.862398e-01
-1.500000e-01 -4.499574e-01 8.679494e-01
-1.350000e-01 -4.499574e-01 7.576342e-01
-1.200000e-01 -4.499574e-01 6.575185e-01
-1.050000e-01 -4.499574e-01 5.689475e-01
-9.000000e-02 -4.499574e-01 4.920070e-01
-7.500000e-02 -4.499574e-01 4.250901e-01
-6.000000e-02 -4.499574e-01 3.648111e-01
-4.500000e-02 -4.499574e-01 3.086477e-01
-3.000000e-02 -4.499574e-01 2.609023e-01
-1.500000e-02 -4.499574e-01 2.300632e-01
5.551115e-17 -4.499574e-01 2.197384e-01
1.500000e-02 -4.499574e-01 2.300632e-01
3.000000e-02 -4.499574e-01 2.609023e-01
4.500000e-02 -4.499574e-01 3.086477e-01
6.000000e-02 -4.499574e-01 3.648111e-01
7.500000e-02 -4.499574e-01 4.250901e-01
9.000000e-02 -4.499574e-01 4.920070e-01
1.050000e-01 -4.499574e-01 5.689475e-01
1.200000e-01 -4.499574e-01 6.575185e-01
1.350000e-01 -4.499574e-01 7.576342e-01
1.500000e-01 -4.499574e-01 8.679494e-01
1.650000e-01 -4.499574e-01 9.862398e-01
1.800000e-01 -4.499574e-01 1.109771e+00
1.950000e-01 -4.499574e-01 1.235657e+00
2.100000e-01 -4.499574e-01 1.361149e+00
2.250000e-01 -4.499574e-01 1.483846e+00
2.400000e-01 -4.499574e-01 1.601784e+00
2.550000e-01 -4.499574e-01 1.713452e+00
2.700000e-01 -4.499574e-01 1.817738e+00
2.850000e-01 -4.499574e-01 1.913860e+00
3.000000e-01 -4.499574e-01 2.001320e+00
-3.000000e-01 -4.362931e-01 2.300816e+00
-2.850000e-01 -4.362931e-01 2.194492e+00
-2.700000e-01 -4.362931e-01 2.078026e+00
-2.550000e-01 -4.362931e-01 1.952156e+00
-2.400000e-01 -4.362931e-01 1.817973e+00
-2.250000e-01 -4.362931e-01 1.676972e+00
-2.100000e-01 -4.362931e-01 1.531118e+00
-1.950000e-01 -4.362931e-01 1.382891e+00
-1.800000e-01 -4.362931e-01 1.235242e+00
-1.650000e-01 -4.362931e-01 1.091452e+00
-1.500000e-01 -4.362931e-01 9.548717e-01
-1.350000e-01 -4.362931e-01 8.285672e-01
-1.200000e-01 -4.362931e-01 7.149231e-01
-1.050000e-01 -4.362931e-01 6.152577e-01
-9.000000e-02 -4.362931e-01 5.294587e-01
-7.500000e-02 -4.362931e-01 4.555772e-01
-6.000000e-02 -4.362931e-01 3.897872e-01
-4.500000e-02 -4.362931e-01 3.291897e-01
-3.000000e-02 -4.362931e-01 2.780873e-01
-1.500000e-02 -4.362931e-01 2.452138e-01
5.551115e-17 -4.362931e-01 2.342254e-01
1.500000e-02 -4.362931e-01 2.452138e-01
3.000000e-02 -4.362931e-01 2.780873e-01
4.500000e-02 -4.362931e-01 3.291897e-01
6.000000e-02 -4.362931e-01 3.897872e-01
7.500000e-02 -4.362931e-01 4.555772e-01
9.000000e-02 -4.362931e-01 5.294587e-01
1.050000e-01 -4.362931e-01 6.152577e-01
1.200000e-01 -4.362931e-01 7.149231e-01
1.350000e-01 -4.362931e-01 8.285672e-01
1.500000e-01 -4.362931e-01 9.548717e-01
1.650000e-01 -4.362931e-01 1.091452e+00
1.800000e-01 -4.362931e-01 1.235242e+00
1.950000e-01 -4.362931e-01 1.382891e+00
2.100000e-01 -4.362931e-01 1.531118e+00
2.250000e-01 -4.362931e-01 1.676972e+00
2.400000e-01 -4.362931e-01 1.817973e+00
2.550000e-01 -4.362931e-01 1.952156e+00
2.700000e-01 -4.362931e-01 2.078026e+00
2.850000e-01 -4.362931e-01 2.194492e+00
3.000000e-01 -4.362931e-01 2.300816e+00
-3.000000e-01 -4.226288e-01 2.667224e+00
-2.850000e-01 -4.226288e-01 2.536761e+00
-2.700000e-01 -4.226288e-01 2.394335e+00
-2.550000e-01 -4.226288e-01 2.241015e+00
-2.400000e-01 -4.226288e-01 2.078319e+00
-2.250000e-01 -4.226288e-01 1.908261e+00
-2.100000e-01 -4.226288e-01 1.733410e+00
-1.950000e-01 -4.226288e-01 1.556915e+00
-1.800000e-01 -4.226288e-01 1.382423e+00
-1.650000e-01 -4.226288e-01 1.213873e+00
-1.500000e-01 -4.226288e-01 1.055157e+00
-1.350000e-01 -4.226288e-01 9.097027e-01
-1.200000e-01 -4.226288e-01 7.800298e-01
-1.050000e-01 -4.226288e-01 6.673616e-01
-9.000000e-02 -4.226288e-01 5.712918e-01
-7.500000e-02 -4.226288e-01 4.894258e-01
-6.000000e-02 -4.226288e-01 4.173952e-01
-4.500000e-02 -4.226288e-01 3.518421e-01
-3.000000e-02 -4.226288e-01 2.970280e-01
-1.500000e-02 -4.226288e-01 2.619194e-01
5.551115e-17 -4.226288e-01 2.502038e-01
1.500000e-02 -4.226288e-01 2.619194e-01
3.000000e-02 -4.226288e-01 2.970280e-01
4.500000e-02 -4.226288e-01 3.518421e-01
6.000000e-02 -4.226288e-01 4.173952e-01
7.500000e-02 -4.226288e-01 4.894258e-01
9.000000e-02 -4.226288e-01 5.712918e-01
1.050000e-01 -4.226288e-01 6.673616e-01
1.200000e-01 -4.226288e-01 7.800298e-01
1.350000e-01 -4.226288e-01 9.097027e-01
1.500000e-01 -4.226288e-01 1.055157e+00
1.650000e-01 -4.226288e-01 1.213873e+00
1.800000e-01 -4.226288e-01 1.382423e+00
1.950000e-01 -4.226288e-01 1.556915e+00
2.100000e-01 -4.226288e-01 1.733410e+00
2.250000e-01 -4.226288e-01 1.908261e+00
2.400000e-01 -4.226288e-01 2.078319e+00
2.550000e-01 -4.226288e-01 2.241015e+00
2.700000e-01 -4.226288e-01 2.394335e+00
2.850000e-01 -4.226288e-01 2.536761e+00
3.000000e-01 -4.226288e-01 2.667224e+00
-3.000000e-01 -4.089645e-01 3.119639e+00
-2.850000e-01 -4.089645e-01 2.958093e+00
-2.700000e-01 -4.089645e-01 2.782303e+00
-2.550000e-01 -4.089645e-01 2.593804e+00
-2.400000e-01 -4.089645e-01 2.394702e+00
-2.250000e-01 -4.089645e-01 2.187716e+00
-2.100000e-01 -4.089645e-01 1.976228e+00
-1.950000e-01 -4.089645e-01 1.764270e+00
-1.800000e-01 -4.089645e-01 1.556381e+00
-1.650000e-01 -4.089645e-01 1.357313e+00
-1.500000e-01 -4.089645e-01 1.171595e+00
-1.350000e-01 -4.089645e-01 1.003039e+00
-1.200000e-01 -4.089645e-01 8.542475e-01
-1.050000e-01 -4.089645e-01 7.262476e-01
-9.000000e-02 -4.089645e-01 6.182059e-01
-7.500000e-02 -4.089645e-01 5.271414e-01
-6.000000e-02 -4.089645e-01 4.480134e-01
-4.500000e-02 -4.089645e-01 3.769010e-01
-3.000000e-02 -4.089645e-01 3.179694e-01
-1.500000e-02 -4.089645e-01 2.803980e-01
5.551115e-17 -4.089645e-01 2.678836e-01
1.500000e-02 -4.089645e-01 2.803980e-01
3.000000e-02 -4.089645e-01 3.179694e-01
4.500000e-02 -4.089645e-01 3.769010e-01
6.000000e-02 -4.089645e-01 4.480134e-01
7.500000e-02 -4.089645e-01 5.271414e-01
9.000000e-02 -4.089645e-01 6.182059e-01
1.050000e-01 -4.089645e-01 7.262476e-01
1.200000e-01 -4.089645e-01 8.542475e-01
1.350000e-01 -4.089645e-01 1.003039e+00
1.500000e-01 -4.089645e-01 1.171595e+00
1.650000e-01 -4.089645e-01 1.357313e+00
1.800000e-01 -4.089645e-01 1.556381e+00
1.950000e-01 -4.089645e-01 1.764270e+00
2.100000e-01 -4.089645e-01 1.976228e+00
2.250000e-01 -4.089645e-01 2.187716e+00
2.400000e-01 -4.089645e-01 2.394702e+00
2.550000e-01 -4.089645e-01 2.593804e+00
2.700000e-01 -4.089645e-01 2.782303e+00
2.850000e-01 -4.089645e-01 2.958093e+00
3.000000e-01 -4.089645e-01 3.119639e+00
-3.000000e-01 -3.953003e-01 3.683063e+00
-2.850000e-01 -3.953003e-01 3.481374e+00
-2.700000e-01 -3.953003e-01 3.262520e+00
-2.550000e-01 -3.953003e-01 3.028678e+00
-2.400000e-01 -3.953003e-01 2.782768e+00
-2.250000e-01 -3.953003e-01 2.528484e+00
-2.100000e-01 -3.953003e-01 2.270314e+00
-1.950000e-01 -3.953003e-01 2.013471e+00
-1.800000e-01 -3.953003e-01 1.763658e+00
-1.650000e-01 -3.953003e-01 1.526645e+00
-1.500000e-01 -3.953003e-01 1.307715e+00
-1.350000e-01 -3.953003e-01 1.111069e+00
-1.200000e-01 -3.953003e-01 9.393127e-01
-1.050000e-01 -3.953003e-01 7.931195e-01
-9.000000e-02 -3.953003e-01 6.710427e-01
-7.500000e-02 -3.953003e-01 5.693267e-01
-6.000000e-02 -3.953003e-01 4.820896e-01
-4.500000e-02 -3.953003e-01 4.047152e-01
-3.000000e-02 -3.953003e-01 3.412002e-01
-1.500000e-02 -3.953003e-01 3.009069e-01
5.551115e-17 -3.953003e-01 2.875124e-01
1.500000e-02 -3.953003e-01 3.009069e-01
3.000000e-02 -3.953003e-01 3.412002e-01
4.500000e-02 -3.953003e-01 4.047152e-01
6.000000e-02 -3.953003e-01 4.820896e-01
7.500000e-02 -3.953003e-01 5.693267e-01
9.000000e-02 -3.953003e-01 6.710427e-01
1.050000e-01 -3.953003e-01 7.931195e-01
1.200000e-01 -3.953003e-01 9.393127e-01
1.350000e-01 -3.953003e-01 1.111069e+00
1.500000e-01 -3.953003e-01 1.307715e+00
1.650000e-01 -3.953003e-01 1.526645e+00
1.800000e-01 -3.953003e-01 1.763658e+00
1.950000e-01 -3.953003e-01 2.013471e+00
2.100000e-01 -3.953003e-01 2.270314e+00
2.250000e-01 -3.953003e-01 2.528484e+00
2.400000e-01 -3.953003e-01 2.782768e+00
2.550000e-01 -3.953003e-01 3.028678e+00
2.700000e-01 -3.953003e-01 3.262520e+00
2.850000e-01 -3.953003e-01 3.481374e+00
3.000000e-01 -3.953003e-01 3.683063e+00
-3.000000e-01 -3.816360e-01 4.389594e+00
-2.850000e-01 -3.816360e-01 4.136244e+00
-2.700000e-01 -3.816360e-01 3.861843e+00
-2.550000e-01 -3.816360e-01 3.569448e+00
-2.400000e-01 -3.816360e-01 3.263112e+00
-2.250000e-01 -3.816360e-01 2.947888e+00
-2.100000e-01 -3.816360e-01 2.629798e+00
-1.950000e-01 -3.816360e-01 2.315673e+00
-1.800000e-01 -3.816360e-01 2.012765e+00
-1.650000e-01 -3.816360e-01 1.728150e+00
-1.500000e-01 -3.816360e-01 1.468010e+00
-1.350000e-01 -3.816360e-01 1.236933e+00
-1.200000e-01 -3.816360e-01 1.037383e+00
-1.050000e-01 -3.816360e-01 8.694534e-01
-9.000000e-02 -3.816360e-01 7.308220e-01
-7.500000e-02 -3.816360e-01 6.167046e-01
-6.000000e-02 -3.816360e-01 5.201569e-01
-4.500000e-02 -3.816360e-01 4.356984e-01
-3.000000e-02 -3.816360e-01 3.670624e-01
-1.500000e-02 -3.816360e-01 3.237512e-01
5.551115e-17 -3.816360e-01 3.093843e-01
1.500000e-02 -3.816360e-01 3.237512e-01
3.000000e-02 -3.816360e-01 3.670624e-01
4.500000e-02 -3.816360e-01 4.356984e-01
6.000000e-02 -3.816360e-01 5.201569e-01
7.500000e-02 -3.816360e-01 6.167046e-01
9.000000e-02 -3.816360e-01 7.308220e-01
1.050000e-01 -3.816360e-01 8.694534e-01
1.200000e-01 -3.816360e-01 1.037383e+00
1.350000e-01 -3.816360e-01 1.236933e+00
1.500000e-01 -3.816360e-01 1.468010e+00
1.650000e-01 -3.816360e-01 1.728150e+00
1.800000e-01 -3.816360e-01 2.012765e+00
1.950000e-01 -3.816360e-01 2.315673e+00
2.100000e-01 -3.816360e-01 2.629798e+00
2.250000e-01 -3.816360e-01 2.947888e+00
2.400000e-01 -3.816360e-01 3.263112e+00
2.550000e-01 -3.816360e-01 3.569448e+00
2.700000e-01 -3.816360e-01 3.861843e+00
2.850000e-01 -3.816360e-01 4.136244e+00
3.000000e-01 -3.816360e-01 4.389594e+00
-3.000000e-01 -3.679717e-01 5.278582e+00
-2.850000e-01 -3.679717e-01 4.959759e+00
-2.700000e-01 -3.679717e-01 4.614437e+00
-2.550000e-01 -3.679717e-01 4.246843e+00
-2.400000e-01 -3.679717e-01 3.862600e+00
-2.250000e-01 -3.679717e-01 3.468682e+00
-2.100000e-01 -3.679717e-01 3.073297e+00
-1.950000e-01 -3.679717e-01 2.685555e+00
-1.800000e-01 -3.679717e-01 2.314849e+00
-1.650000e-01 -3.679717e-01 1.969989e+00
-1.500000e-01 -3.679717e-01 1.658263e+00
-1.350000e-01 -3.679717e-01 1.384617e+00
-1.200000e-01 -3.679717e-01 1.151160e+00
-1.050000e-01 -3.679717e-01 9.570725e-01
-9.000000e-02 -3.679717e-01 7.987876e-01
-7.500000e-02 -3.679717e-01 6.701469e-01
-6.000000e-02 -3.679717e-01 5.628532e-01
-4.500000e-02 -3.679717e-01 4.703436e-01
-3.000000e-02 -3.679717e-01 3.959633e-01
-1.500000e-02 -3.679717e-01 3.492943e-01
5.551115e-17 -3.679717e-01 3.338496e-01
1.500000e-02 -3.679717e-01 3.492943e-01
3.000000e-02 -3.679717e-01 3.959633e-01
4.500000e-02 -3.679717e-01 4.703436e-01
6.000000e-02 -3.679717e-01 5.628532e-01
7.500000e-02 -3.679717e-01 6.701469e-01
9.000000e-02 -3.679717e-01 7.987876e-01
1.050000e-01 -3.679717e-01 9.570725e-01
1.200000e-01 -3.679717e-01 1.151160e+00
1.350000e-01 -3.679717e-01 1.384617e+00
1.500000e-01 -3.679717e-01 1.658263e+00
1.650000e-01 -3.679717e-01 1.969989e+00
1.800000e-01 -3.679717e-01 2.314849e+00
1.950000e-01 -3.679717e-01 2.685555e+00
2.100000e-01 -3.679717e-01 3.073297e+00
2.250000e-01 -3.679717e-01 3.468682e+00
2.400000e-01 -3.679717e-01 3.862600e+00
2.550000e-01 -3.679717e-01 4.246843e+00
2.700000e-01 -3.679717e-01 4.614437e+00
2.850000e-01 -3.679717e-01 4.959759e+00
3.000000e-01 -3.679717e-01 5.278582e+00
-3.000000e-01 -3.543074e-01 6.393323e+00
-2.850000e-01 -3.543074e-01 5.994656e+00
-2.700000e-01 -3.543074e-01 5.561309e+00
-2.550000e-01 -3.543074e-01 5.098970e+00
-2.400000e-01 -3.543074e-01 4.615407e+00
-2.250000e-01 -3.543074e-01 4.120349e+00
-2.100000e-01 -3.543074e-01 3.625210e+00
-1.950000e-01 -3.543074e-01 3.142457e+00
-1.800000e-01 -3.543074e-01 2.684586e+00
-1.650000e-01 -3.543074e-01 2.262844e+00
-1.500000e-01 -3.543074e-01 1.885965e+00
-1.350000e-01 -3.543074e-01 1.559223e+00
-1.200000e-01 -3.543074e-01 1.284054e+00
-1.050000e-01 -3.543074e-01 1.058246e+00
-9.000000e-02 -3.543074e-01 8.764673e-01
-7.500000e-02 -3.543074e-01 7.307124e-01
-6.000000e-02 -3.543074e-01 6.109464e-01
-4.500000e-02 -3.543074e-01 5.092415e-01
-3.000000e-02 -3.543074e-01 4.283904e-01
-1.500000e-02 -3.543074e-01 3.779721e-01
5.551115e-17 -3.543074e-01 3.613289e-01
1.500000e-02 -3.543074e-01 3.779721e-01
3.000000e-02 -3.543074e-01 4.283904e-01
4.500000e-02 -3.543074e-01 5.092415e-01
6.000000e-02 -3.543074e-01 6.109464e-01
7.500000e-02 -3.543074e-01 7.307124e-01
9.000000e-02 -3.543074e-01 8.764673e-01
1.050000e-01 -3.543074e-01 1.058246e+00
1.200000e-01 -3.543074e-01 1.284054e+00
1.350000e-01 -3.543074e-01 1.559223e+00
1.500000e-01 -3.543074e-01 1.885965e+00
1.650000e-01 -3.543074e-01 2.262844e+00
1.800000e-01 -3.543074e-01 2.684586e+00
1.950000e-01 -3.543074e-01 3.142457e+00
2.100000e-01 -3.543074e-01 3.625210e+00
2.250000e-01 -3.543074e-01 4.120349e+00
2.400000e-01 -3.543074e-01 4.615407e+00
2.550000e-01 -3.543074e-01 5.098970e+00
2.700000e-01 -3.543074e-01 5.561309e+00
2.850000e-01 -3.543074e-01 5.994656e+00
3.000000e-01 -3.543074e-01 6.393323e+00
-3.000000e-01 -3.406431e-01 7.769006e+00
-2.850000e-01 -3.406431e-01 7.281047e+00
-2.700000e-01 -3.406431e-01 6.745290e+00
-2.550000e-01 -3.406431e-01 6.168942e+00
-2.400000e-01 -3.406431e-01 5.562544e+00
-2.250000e-01 -3.406431e-01 4.939791e+00
-2.100000e-01 -3.406431e-01 4.316949e+00
-1.950000e-01 -3.406431e-01 3.711683e+00
-1.800000e-01 -3.406431e-01 3.141306e+00
-1.650000e-01 -3.406431e-01 2.620768e+00
-1.500000e-01 -3.406431e-01 2.160900e+00
-1.350000e-01 -3.406431e-01 1.767339e+00
-1.200000e-01 -3.406431e-01 1.440410e+00
-1.050000e-01 -3.406431e-01 1.175823e+00
-9.000000e-02 -3.406431e-01 9.657514e-01
-7.500000e-02 -3.406431e-01 7.996954e-01
-6.000000e-02 -3.406431e-01 6.653674e-01
-4.500000e-02 -3.406431e-01 5.531049e-01
-3.000000e-02 -3.406431e-01 4.649315e-01
-1.500000e-02 -3.406431e-01 4.103103e-01
5.551115e-17 -3.406431e-01 3.923296e-01
1.500000e-02 -3.406431e-01 4.103103e-01
3.000000e-02 -3.406431e-01 4.649315e-01
4.500000e-02 -3.406431e-01 5.531049e-01
6.000000e-02 -3.406431e-01 6.653674e-01
7.500000e-02 -3.406431e-01 7.996954e-01
9.000000e-02 -3.406431e-01 9.657514e-01
1.050000e-01 -3.406431e-01 1.175823e+00
1.200000e-01 -3.406431e-01 1.440410e+00
1.350000e-01 -3.406431e-01 1.767339e+00
1.500000e-01 -3.406431e-01 2.160900e+00
1.650000e-01 -3.406431e-01 2.620768e+00
1.800000e-01 -3.406431e-01 3.141306e+00
1.950000e-01 -3.406431e-01 3.711683e+00
2.100000e-01 -3.406431e-01 4.316949e+00
2.250000e-01 -3.406431e-01 4.939791e+00
2.400000e-01 -3.406431e-01 5.562544e+00
2.550000e-01 -3.406431e-01 6.168942e+00
2.700000e-01 -3.406431e-01 6.745290e+00
2.850000e-01 -3.406431e-01 7.281047e+00
3.000000e-01 -3.406431e-01 7.769006e+00
-3.000000e-01 -3.269789e-01 9.402472e+00
-2.850000e-01 -3.269789e-01 8.833483e+00
-2.700000e-01 -3.269789e-01 8.195069e+00
-2.550000e-01 -3.269789e-01 7.495015e+00
-2.400000e-01 -3.269789e-01 6.746835e+00
-2.250000e-01 -3.269789e-01 5.969670e+00
-2.100000e-01 -3.269789e-01 5.187246e+00
-1.950000e-01 -3.269789e-01 4.425679e+00
-1.800000e-01 -3.269789e-01 3.710303e+00
-1.650000e-01 -3.269789e-01 3.062276e+00
-1.500000e-01 -3.269789e-01 2.495923e+00
-1.350000e-01 -3.269789e-01 2.017538e+00
-1.200000e-01 -3.269789e-01 1.625805e+00
-1.050000e-01 -3.269789e-01 1.313407e+00
-9.000000e-02 -3.269789e-01 1.068997e+00
-7.500000e-02 -3.269789e-01 8.786900e-01
-6.000000e-02 -3.269789e-01 7.272515e-01
-4.500000e-02 -3.269789e-01 6.027985e-01
-3.000000e-02 -3.269789e-01 5.062991e-01
-1.500000e-02 -3.269789e-01 4.469470e-01
5.551115e-17 -3.269789e-01 4.274682e-01
1.500000e-02 -3.269789e-01 4.469470e-01
3.000000e-02 -3.269789e-01 5.062991e-01
4.500000e-02 -3.269789e-01 6.027985e-01
6.000000e-02 -3.269789e-01 7.272515e-01
7.500000e-02 -3.269789e-01 8.786900e-01
9.000000e-02 -3.269789e-01 1.068997e+00
1.050000e-01 -3.269789e-01 1.313407e+00
1.200000e-01 -3.269789e-01 1.625805e+00
1.350000e-01 -3.269789e-01 2.017538e+00
1.500000e-01 -3.269789e-01 2.495923e+00
1.650000e-01 -3.269789e-01 3.062276e+00
1.800000e-01 -3.269789e-01 3.710303e+00
1.950000e-01 -3.269789e-01 4.425679e+00
2.100000e-01 -3.269789e-01 5.187246e+00
2.250000e-01 -3.269789e-01 5.969670e+00
2.400000e-01 -3.269789e-01 6.746835e+00
2.550000e-01 -3.269789e-01 7.495015e+00
2.700000e-01 -3.269789e-01 8.195069e+00
2.850000e-01 -3.269789e-01 8.833483e+00
3.000000e-01 -3.269789e-01 9.402472e+00
-3.000000e-01 -3.133146e-01 1.119464e+01
-2.850000e-01 -3.133146e-01 1.059283e+01
-2.700000e-01 -3.133146e-01 9.887990e+00
-2.550000e-01 -3.133146e-01 9.084547e+00
-2.400000e-01 -3.133146e-01 8.196923e+00
-2.250000e-01 -3.133146e-01 7.250312e+00
-2.100000e-01 -3.133146e-01 6.279338e+00
-1.950000e-01 -3.133146e-01 5.324080e+00
-1.800000e-01 -3.133146e-01 4.424009e+00
-1.650000e-01 -3.133146e-01 3.611637e+00
-1.500000e-01 -3.133146e-01 2.907974e+00
-1.350000e-01 -3.133146e-01 2.321056e+00
-1.200000e-01 -3.133146e-01 1.847463e+00
-1.050000e-01 -3.133146e-01 1.475595e+00
-9.000000e-02 -3.133146e-01 1.189169e+00
-7.500000e-02 -3.133146e-01 9.696738e-01
-6.000000e-02 -3.133146e-01 7.979937e-01
-4.500000e-02 -3.133146e-01 6.593795e-01
-3.000000e-02 -3.133146e-01 5.533633e-01
-1.500000e-02 -3.133146e-01 4.886624e-01
5.551115e-17 -3.133146e-01 4.674989e-01
1.500000e-02 -3.133146e-01 4.886624e-01
3.000000e-02 -3.133146e-01 5.533633e-01
4.500000e-02 -3.133146e-01 6.593795e-01
6.000000e-02 -3.133146e-01 7.979937e-01
7.500000e-02 -3.133146e-01 9.696738e-01
9.000000e-02 -3.133146e-01 1.189169e+00
1.050000e-01 -3.133146e-01 1.475595e+00
1.200000e-01 -3.133146e-01 1.847463e+00
1.350000e-01 -3.133146e-01 2.321056e+00
1.500000e-01 -3.133146e-01 2.907974e+00
1.650000e-01 -3.133146e-01 3.611637e+00
1.800000e-01 -3.133146e-01 4.424009e+00
1.950000e-01 -3.133146e-01 5.324080e+00
2.100000e-01 -3.133146e-01 6.279338e+00
2.250000e-01 -3.133146e-01 7.250312e+00
2.400000e-01 -3.133146e-01 8.196923e+00
2.550000e-01 -3.133146e-01 9.084547e+00
2.700000e-01 -3.133146e-01 9.887990e+00
2.850000e-01 -3.133146e-01 1.059283e+01
3.000000e-01 -3.133146e-01 1.119464e+01
-3.000000e-01 -2.996503e-01 1.288046e+01
-2.850000e-01 -2.996503e-01 1.235538e+01
-2.700000e-01 -2.996503e-01 1.168549e+01
-2.550000e-01 -2.996503e-01 1.086161e+01
-2.400000e-01 -2.996503e-01 9.890030e+00
-2.250000e-01 -2.996503e-01 8.797187e+00
-2.100000e-01 -2.996503e-01 7.630044e+00
-1.950000e-01 -2.996503e-01 6.450154e+00
-1.800000e-01 -2.996503e-01 5.322045e+00
-1.650000e-01 -2.996503e-01 4.300109e+00
-1.500000e-01 -2.996503e-01 3.419313e+00
-1.350000e-01 -2.996503e-01 2.692682e+00
-1.200000e-01 -2.996503e-01 2.114810e+00
-1.050000e-01 -2.996503e-01 1.668309e+00
-9.000000e-02 -2.996503e-01 1.330025e+00
-7.500000e-02 -2.996503e-01 1.075120e+00
-6.000000e-02 -2.996503e-01 8.793206e-01
-4.500000e-02 -2.996503e-01 7.241490e-01
-3.000000e-02 -2.996503e-01 6.071940e-01
-1.500000e-02 -2.996503e-01 5.364168e-01
5.551115e-17 -2.996503e-01 5.133508e-01
1.500000e-02 -2.996503e-01 5.364168e-01
3.000000e-02 -2.996503e-01 6.071940e-01
4.500000e-02 -2.996503e-01 7.241490e-01
6.000000e-02 -2.996503e-01 8.793206e-01
7.500000e-02 -2.996503e-01 1.075120e+00
9.000000e-02 -2.996503e-01 1.330025e+00
1.050000e-01 -2.996503e-01 1.668309e+00
1.200000e-01 -2.996503e-01 2.114810e+00
1.350000e-01 -2.996503e-01 2.692682e+00
1.500000e-01 -2.996503e-01 3.419313e+00
1.650000e-01 -2.996503e-01 4.300109e+00
1.800000e-01 -2.996503e-01 5.322045e+00
1.950000e-01 -2.996503e-01 6.450154e+00
2.100000e-01 -2.996503e-01 7.630044e+00
2.250000e-01 -2.996503e-01 8.797187e+00
2.400000e-01 -2.996503e-01 9.890030e+00
2.550000e-01 -2.996503e-01 1.086161e+01
2.700000e-01 -2.996503e-01 1.168549e+01
2.850000e-01 -2.996503e-01 1.235538e+01
3.000000e-01 -2.996503e-01 1.288046e+01
-3.000000e-01 -2.859860e-01 1.402909e+01
-2.850000e-01 -2.859860e-01 1.373544e+01
-2.700000e-01 -2.859860e-01 1.327056e+01
-2.550000e-01 -2.859860e-01 1.259555e+01
-2.400000e-01 -2.859860e-01 1.168737e+01
-2.250000e-01 -2.859860e-01 1.055340e+01
-2.100000e-01 -2.859860e-01 9.241655e+00
-1.950000e-01 -2.859860e-01 7.838121e+00
-1.800000e-01 -2.859860e-01 6.447668e+00
-1.650000e-01 -2.859860e-01 5.166276e+00
-1.500000e-01 -2.859860e-01 4.058829e+00
-1.350000e-01 -2.859860e-01 3.151894e+00
-1.200000e-01 -2.859860e-01 2.440223e+00
-1.050000e-01 -2.859860e-01 1.899229e+00
-9.000000e-02 -2.859860e-01 1.496370e+00
-7.500000e-02 -2.859860e-01 1.198148e+00
-6.000000e-02 -2.859860e-01 9.733862e-01
-4.500000e-02 -2.859860e-01 7.987207e-01
-3.000000e-02 -2.859860e-01 6.691166e-01
-1.500000e-02 -2.859860e-01 5.914017e-01
5.551115e-17 -2.859860e-01 5.661778e-01
1.500000e-02 -2.859860e-01 5.914017e-01
3.000000e-02 -2.859860e-01 6.691166e-01
4.500000e-02 -2.859860e-01 7.987207e-01
6.000000e-02 -2.859860e-01 9.733862e-01
7.500000e-02 -2.859860e-01 1.198148e+00
9.000000e-02 -2.859860e-01 1.496370e+00
1.050000e-01 -2.859860e-01 1.899229e+00
1.200000e-01 -2.859860e-01 2.440223e+00
1.350000e-01 -2.859860e-01 3.151894e+00
1.500000e-01 -2.859860e-01 4.058829e+00
1.650000e-01 -2.859860e-01 5.166276e+00
1.800000e-01 -2.859860e-01 6.447668e+00
1.950000e-01 -2.859860e-01 7.838121e+00
2.100000e-01 -2.859860e-01 9.241655e+00
2.250000e-01 -2.859860e-01 1.055340e+01
2.400000e-01 -2.859860e-01 1.168737e+01
2.550000e-01 -2.859860e-01 1.259555e+01
2.700000e-01 -2.859860e-01 1.327056e+01
2.850000e-01 -2.859860e-01 1.373544e+01
3.000000e-01 -2.859860e-01 1.402909e+01
-3.000000e-01 -2.723217e-01 1.423305e+01
-2.850000e-01 -2.723217e-01 1.428418e+01
-2.700000e-01 -2.723217e-01 1.419073e+01
-2.550000e-01 -2.723217e-01 1.387845e+01
-2.400000e-01 -2.723217e-01 1.327166e+01
-2.250000e-01 -2.723217e-01 1.231896e+01
-2.100000e-01 -2.723217e-01 1.102693e+01
-1.950000e-01 -2.723217e-01 9.481774e+00
-1.800000e-01 -2.723217e-01 7.835099e+00
-1.650000e-01 -2.723217e-01 6.253319e+00
-1.500000e-01 -2.723217e-01 4.862812e+00
-1.350000e-01 -2.723217e-01 3.724171e+00
-1.200000e-01 -2.723217e-01 2.840007e+00
-1.050000e-01 -2.723217e-01 2.178395e+00
-9.000000e-02 -2.723217e-01 1.694401e+00
-7.500000e-02 -2.723217e-01 1.342723e+00
-6.000000e-02 -2.723217e-01 1.082899e+00
-4.500000e-02 -2.723217e-01 8.851118e-01
-3.000000e-02 -2.723217e-01 7.407862e-01
-1.500000e-02 -2.723217e-01 6.551067e-01
5.551115e-17 -2.723217e-01 6.274233e-01
1.500000e-02 -2.723217e-01 6.551067e-01
3.000000e-02 -2.723217e-01 7.407862e-01
4.500000e-02 -2.723217e-01 8.851118e-01
6.000000e-02 -2.723217e-01 1.082899e+00
7.500000e-02 -2.723217e-01 1.342723e+00
9.000000e-02 -2.723217e-01 1.694401e+00
1.050000e-01 -2.723217e-01 2.178395e+00
1.200000e-01 -2.723217e-01 2.840007e+00
1.350000e-01 -2.723217e-01 3.724171e+00
1.500000e-01 -2.723217e-01 4.862812e+00
1.650000e-01 -2.723217e-01 6.253319e+00
1.800000e-01 -2.723217e-01 7.835099e+00
1.950000e-01 -2.723217e-01 9.481774e+00
2.100000e-01 -2.723217e-01 1.102693e+01
2.250000e-01 -2.723217e-01 1.231896e+01
2.400000e-01 -2.723217e-01 1.327166e+01
2.550000e-01 -2.723217e-01 1.387845e+01
2.700000e-01 -2.723217e-01 1.419073e+01
2.850000e-01 -2.723217e-01 1.428418e+01
3.000000e-01 -2.723217e-01 1.423305e+01
-3.000000e-01 -2.586575e-01 1.340975e+01
-2.850000e-01 -2.586575e-01 1.378441e+01
-2.700000e-01 -2.586575e-01 1.410088e+01
-2.550000e-01 -2.586575e-01 1.427540e+01
-2.400000e-01 -2.586575e-01 1.419039e+01
-2.250000e-01 -2.586575e-01 1.371158e+01
-2.100000e-01 -2.586575e-01 1.273805e+01
-1.950000e-01 -2.586575e-01 1.127564e+01
-1.800000e-01 -2.586575e-01 9.478171e+00
-1.650000e-01 -2.586575e-01 7.598295e+00
-1.500000e-01 -2.586575e-01 5.873580e+00
-1.350000e-01 -2.586575e-01 4.442137e+00
-1.200000e-01 -2.586575e-01 3.335608e+00
-1.050000e-01 -2.586575e-01 2.519006e+00
-9.000000e-02 -2.586575e-01 1.932174e+00
-7.500000e-02 -2.586575e-01 1.513931e+00
-6.000000e-02 -2.586575e-01 1.211296e+00
-4.500000e-02 -2.586575e-01 9.858649e-01
-3.000000e-02 -2.586575e-01 8.242862e-01
-1.500000e-02 -2.586575e-01 7.294097e-01
5.551115e-17 -2.586575e-01 6.989091e-01
1.500000e-02 -2.586575e-01 7.294097e-01
3.000000e-02 -2.586575e-01 8.242862e-01
4.500000e-02 -2.586575e-01 9.858649e-01
6.000000e-02 -2.586575e-01 1.211296e+00
7.500000e-02 -2.586575e-01 1.513931e+00
9.000000e-02 -2.586575e-01 1.932174e+00
1.050000e-01 -2.586575e-01 2.519006e+00
1.200000e-01 -2.586575e-01 3.335608e+00
1.350000e-01 -2.586575e-01 4.442137e+00
1.500000e-01 -2.586575e-01 5.873580e+00
1.650000e-01 -2.586575e-01 7.598295e+00
1.800000e-01 -2.586575e-01 9.478171e+00
1.950000e-01 -2.586575e-01 1.127564e+01
2.100000e-01 -2.586575e-01 1.273805e+01
2.250000e-01 -2.586575e-01 1.371158e+01
2.400000e-01 -2.586575e-01 1.419039e+01
2.550000e-01 -2.586575e-01 1.427540e+01
2.700000e-01 -2.586575e-01 1.410088e+01
2.850000e-01 -2.586575e-01 1.378441e+01
3.000000e-01 -2.586575e-01 1.340975e+01
-3.000000e-01 -2.449932e-01 1.187349e+01
-2.850000e-01 -2.449932e-01 1.243487e+01
-2.700000e-01 -2.449932e-01 1.303752e+01
-2.550000e-01 -2.449932e-01 1.362726e+01
-2.400000e-01 -2.449932e-01 1.409891e+01
-2.250000e-01 -2.449932e-01 1.428115e+01
-2.100000e-01 -2.449932e-01 1.395493e+01
-1.950000e-01 -2.449932e-01 1.294576e+01
-1.800000e-01 -2.449932e-01 1.127152e+01
-1.650000e-01 -2.449932e-01 9.204440e+00
-1.500000e-01 -2.449932e-01 7.132092e+00
-1.350000e-01 -2.449932e-01 5.345543e+00
-1.200000e-01 -2.449932e-01 3.954921e+00
-1.050000e-01 -2.449932e-01 2.938457e+00
-9.000000e-02 -2.449932e-01 2.220236e+00
-7.500000e-02 -2.449932e-01 1.718352e+00
-6.000000e-02 -2.449932e-01 1.362971e+00
-4.500000e-02 -2.449932e-01 1.104212e+00
-3.000000e-02 -2.449932e-01 9.222619e-01
-1.500000e-02 -2.449932e-01 8.166982e-01
5.551115e-17 -2.449932e-01 7.829531e-01
1.500000e-02 -2.449932e-01 8.166982e-01
3.000000e-02 -2.449932e-01 9.222619e-01
4.500000e-02 -2.449932e-01 1.104212e+00
6.000000e-02 -2.449932e-01 1.362971e+00
7.500000e-02 -2.449932e-01 1.718352e+00
9.000000e-02 -2.449932e-01 2.220236e+00
1.050000e-01 -2.449932e-01 2.938457e+00
1.200000e-01 -2.449932e-01 3.954921e+00
1.350000e-01 -2.449932e-01 5.345543e+00
1.500000e-01 -2.449932e-01 7.132092e+00
1.650000e-01 -2.449932e-01 9.204440e+00
1.800000e-01 -2.449932e-01 1.127152e+01
1.950000e-01 -2.449932e-01 1.294576e+01
2.100000e-01 -2.449932e-01 1.395493e+01
2.250000e-01 -2.449932e-01 1.428115e+01
2.400000e-01 -2.449932e-01 1.409891e+01
2.550000e-01 -2.449932e-01 1.362726e+01
2.700000e-01 -2.449932e-01 1.303752e+01
2.850000e-01 -2.449932e-01 1.243487e+01
3.000000e-01 -2.449932e-01 1.187349e+01
-3.000000e-01 -2.313289e-01 1.008015e+01
-2.850000e-01 -2.313289e-01 1.068063e+01
-2.700000e-01 -2.313289e-01 1.138679e+01
-2.550000e-01 -2.313289e-01 1.218777e+01
-2.400000e-01 -2.313289e-01 1.303436e+01
-2.250000e-01 -2.313289e-01 1.380270e+01
-2.100000e-01 -2.313289e-01 1.425515e+01
-1.950000e-01 -2.313289e-01 1.405651e+01
-1.800000e-01 -2.313289e-01 1.294135e+01
-1.650000e-01 -2.313289e-01 1.098668e+01
-1.500000e-01 -2.313289e-01 8.656918e+00
-1.350000e-01 -2.313289e-01 6.477488e+00
-1.200000e-01 -2.313289e-01 4.733180e+00
-1.050000e-01 -2.313289e-01 3.459582e+00
-9.000000e-02 -2.313289e-01 2.572463e+00
-7.500000e-02 -2.313289e-01 1.964560e+00
-6.000000e-02 -2.313289e-01 1.543593e+00
-4.500000e-02 -2.313289e-01 1.244295e+00
-3.000000e-02 -2.313289e-01 1.038100e+00
-1.500000e-02 -2.313289e-01 9.200337e-01
5.551115e-17 -2.313289e-01 8.825302e-01
1.500000e-02 -2.313289e-01 9.200337e-01
3.000000e-02 -2.313289e-01 1.038100e+00
4.500000e-02 -2.313289e-01 1.244295e+00
6.000000e-02 -2.313289e-01 1.543593e+00
7.500000e-02 -2.313289e-01 1.964560e+00
9.000000e-02 -2.313289e-01 2.572463e+00
1.050000e-01 -2.313289e-01 3.459582e+00
1.200000e-01 -2.313289e-01 4.733180e+00
1.350000e-01 -2.313289e-01 6.477488e+00
1.500000e-01 -2.313289e-01 8.656918e+00
1.650000e-01 -2.313289e-01 1.098668e+01
1.800000e-01 -2.313289e-01 1.294135e+01
1.950000e-01 -2.313289e-01 1.405651e+01
2.100000e-01 -2.313289e-01 1.425515e+01
2.250000e-01 -2.313289e-01 1.380270e+01
2.400000e-01 -2.313289e-01 1.303436e+01
2.550000e-01 -2.313289e-01 1.218777e+01
2.700000e-01 -2.313289e-01 1.138679e+01
2.850000e-01 -2.313289e-01 1.068063e+01
3.000000e-01 -2.313289e-01 1.008015e+01
-3.000000e-01 -2.176646e-01 8.366555e+00
-2.850000e-01 -2.176646e-01 8.914966e+00
-2.700000e-01 -2.176646e-01 9.589965e+00
-2.550000e-01 -2.176646e-01 1.041104e+01
-2.400000e-01 -2.176646e-01 1.138321e+01
-2.250000e-01 -2.176646e-01 1.246684e+01
-2.100000e-01 -2.176646e-01 1.351765e+01
-1.950000e-01 -2.176646e-01 1.420964e+01
-1.800000e-01 -2.176646e-01 1.405225e+01
-1.650000e-01 -2.176646e-01 1.270055e+01
-1.500000e-01 -2.176646e-01 1.039894e+01
-1.350000e-01 -2.176646e-01 7.871275e+00
-1.200000e-01 -2.176646e-01 5.711997e+00
-1.050000e-01 -2.176646e-01 4.111929e+00
-9.000000e-02 -2.176646e-01 3.007139e+00
-7.500000e-02 -2.176646e-01 2.263803e+00
-6.000000e-02 -2.176646e-01 1.760536e+00
-4.500000e-02 -2.176646e-01 1.411470e+00
-3.000000e-02 -2.176646e-01 1.176174e+00
-1.500000e-02 -2.176646e-01 1.043374e+00
5.551115e-17 -2.176646e-01 1.001490e+00
1.500000e-02 -2.176646e-01 1.043374e+00
3.000000e-02 -2.176646e-01 1.176174e+00
4.500000e-02 -2.176646e-01 1.411470e+00
6.000000e-02 -2.176646e-01 1.760536e+00
7.500000e-02 -2.176646e-01 2.263803e+00
9.000000e-02 -2.176646e-01 3.007139e+00
1.050000e-01 -2.176646e-01 4.111929e+00
1.200000e-01 -2.176646e-01 5.711997e+00
1.350000e-01 -2.176646e-01 7.871275e+00
1.500000e-01 -2.176646e-01 1.039894e+01
1.650000e-01 -2.176646e-01 1.270055e+01
1.800000e-01 -2.176646e-01 1.405225e+01
1.950000e-01 -2.176646e-01 1.420964e+01
2.100000e-01 -2.176646e-01 1.351765e+01
2.250000e-01 -2.176646e-01 1.246684e+01
2.400000e-01 -2.176646e-01 1.138321e+01
2.550000e-01 -2.176646e-01 1.041104e+01
2.700000e-01 -2.176646e-01 9.589965e+00
2.850000e-01 -2.176646e-01 8.914966e+00
3.000000e-01 -2.176646e-01 8.366555e+00
-3.000000e-01 -2.040003e-01 6.888134e+00
-2.850000e-01 -2.040003e-01 7.350265e+00
-2.700000e-01 -2.040003e-01 7.932389e+00
-2.550000e-01 -2.040003e-01 8.666284e+00
-2.400000e-01 -2.040003e-01 9.586562e+00
-2.250000e-01 -2.040003e-01 1.071675e+01
-2.100000e-01 -2.040003e-01 1.202774e+01
-1.950000e-01 -2.040003e-01 1.334303e+01
-1.800000e-01 -2.040003e-01 1.420594e+01
-1.650000e-01 -2.040003e-01 1.392844e+01
-1.500000e-01 -2.040003e-01 1.217157e+01
-1.350000e-01 -2.040003e-01 9.518198e+00
-1.200000e-01 -2.040003e-01 6.933047e+00
-1.050000e-01 -2.040003e-01 4.932358e+00
-9.000000e-02 -2.040003e-01 3.548216e+00
-7.500000e-02 -2.040003e-01 2.630898e+00
-6.000000e-02 -2.040003e-01 2.023452e+00
-4.500000e-02 -2.040003e-01 1.612715e+00
-3.000000e-02 -2.040003e-01 1.342176e+00
-1.500000e-02 -2.040003e-01 1.191879e+00
5.551115e-17 -2.040003e-01 1.144855e+00
1.500000e-02 -2.040003e-01 1.191879e+00
3.000000e-02 -2.040003e-01 1.342176e+00
4.500000e-02 -2.040003e-01 1.612715e+00
6.000000e-02 -2.040003e-01 2.023452e+00
7.500000e-02 -2.040003e-01 2.630898e+00
9.000000e-02 -2.040003e-01 3.548216e+00
1.050000e-01 -2.040003e-01 4.932358e+00
1.200000e-01 -2.040003e-01 6.933047e+00
1.350000e-01 -2.040003e-01 9.518198e+00
1.500000e-01 -2.040003e-01 1.217157e+01
1.650000e-01 -2.040003e-01 1.392844e+01
1.800000e-01 -2.040003e-01 1.420594e+01
1.950000e-01 -2.040003e-01 1.334303e+01
2.100000e-01 -2.040003e-01 1.202774e+01
2.250000e-01 -2.040003e-01 1.071675e+01
2.400000e-01 -2.040003e-01 9.586562e+00
2.550000e-01 -2.040003e-01 8.666284e+00
2.700000e-01 -2.040003e-01 7.932389e+00
2.850000e-01 -2.040003e-01 7.350265e+00
3.000000e-01 -2.040003e-01 6.888134e+00
-3.000000e-01 -1.903361e-01 5.676467e+00
-2.850000e-01 -1.903361e-01 6.050954e+00
-2.700000e-01 -1.903361e-01 6.527825e+00
-2.550000e-01 -1.903361e-01 7.139652e+00
-2.400000e-01 -1.903361e-01 7.929445e+00
-2.250000e-01 -1.903361e-01 8.948790e+00
-2.100000e-01 -1.903361e-01 1.024156e+01
-1.950000e-01 -1.903361e-01 1.178500e+01
-1.800000e-01 -1.903361e-01 1.334008e+01
-1.650000e-01 -1.903361e-01 1.424588e+01
-1.500000e-01 -1.903361e-01 1.360553e+01
-1.350000e-01 -1.903361e-01 1.130787e+01
-1.200000e-01 -1.903361e-01 8.419327e+00
-1.050000e-01 -1.903361e-01 5.963163e+00
-9.000000e-02 -1.903361e-01 4.226503e+00
-7.500000e-02 -1.903361e-01 3.085345e+00
-6.000000e-02 -1.903361e-01 2.345046e+00
-4.500000e-02 -1.903361e-01 1.857181e+00
-3.000000e-02 -1.903361e-01 1.543565e+00
-1.500000e-02 -1.903361e-01 1.372314e+00
5.551115e-17 -1.903361e-01 1.319213e+00
1.500000e-02 -1.903361e-01 1.372314e+00
3.000000e-02 -1.903361e-01 1.543565e+00
4.500000e-02 -1.903361e-01 1.857181e+00
6.000000e-02 -1.903361e-01 2.345046e+00
7.500000e-02 -1.903361e-01 3.085345e+00
9.000000e-02 -1.903361e-01 4.226503e+00
1.050000e-01 -1.903361e-01 5.963163e+00
1.200000e-01 -1.903361e-01 8.419327e+00
1.350000e-01 -1.903361e-01 1.130787e+01
1.500000e-01 -1.903361e-01 1.360553e+01
1.650000e-01 -1.903361e-01 1.424588e+01
1.800000e-01 -1.903361e-01 1.334008e+01
1.950000e-01 -1.903361e-01 1.178500e+01
2.100000e-01 -1.903361e-01 1.024156e+01
2.250000e-01 -1.903361e-01 8.948790e+00
2.400000e-01 -1.903361e-01 7.929445e+00
2.550000e-01 -1.903361e-01 7.139652e+00
2.700000e-01 -1.903361e-01 6.527825e+00
2.850000e-01 -1.903361e-01 6.050954e+00
3.000000e-01 -1.903361e-01 5.676467e+00
-3.000000e-01 -1.766718e-01 4.706111e+00
-2.850000e-01 -1.766718e-01 5.004705e+00
-2.700000e-01 -1.766718e-01 5.386464e+00
-2.550000e-01 -1.766718e-01 5.879885e+00
-2.400000e-01 -1.766718e-01 6.525397e+00
-2.250000e-01 -1.766718e-01 7.379098e+00
-2.100000e-01 -1.766718e-01 8.512221e+00
-1.950000e-01 -1.766718e-01 9.990097e+00
-1.800000e-01 -1.766718e-01 1.178274e+01
-1.650000e-01 -1.766718e-01 1.352498e+01
-1.500000e-01 -1.766718e-01 1.424780e+01
-1.350000e-01 -1.766718e-01 1.296001e+01
-1.200000e-01 -1.766718e-01 1.013345e+01
-1.050000e-01 -1.766718e-01 7.243468e+00
-9.000000e-02 -1.766718e-01 5.079906e+00
-7.500000e-02 -1.766718e-01 3.652578e+00
-6.000000e-02 -1.766718e-01 2.742055e+00
-4.500000e-02 -1.766718e-01 2.156921e+00
-3.000000e-02 -1.766718e-01 1.790160e+00
-1.500000e-02 -1.766718e-01 1.593591e+00
5.551115e-17 -1.766718e-01 1.533246e+00
1.500000e-02 -1.766718e-01 1.593591e+00
3.000000e-02 -1.766718e-01 1.790160e+00
4.500000e-02 -1.766718e-01 2.156921e+00
6.000000e-02 -1.766718e-01 2.742055e+00
7.500000e-02 -1.766718e-01 3.652578e+00
9.000000e-02 -1.766718e-01 5.079906e+00
1.050000e-01 -1.766718e-01 7.243468e+00
1.200000e-01 -1.766718e-01 1.013345e+01
1.350000e-01 -1.766718e-01 1.296001e+01
1.500000e-01 -1.766718e-01 1.424780e+01
1.650000e-01 -1.766718e-01 1.352498e+01
1.800000e-01 -1.766718e-01 1.178274e+01
1.950000e-01 -1.766718e-01 9.990097e+00
2.100000e-01 -1.766718e-01 8.512221e+00
2.250000e-01 -1.766718e-01 7.379098e+00
2.400000e-01 -1.766718e-01 6.525397e+00
2.550000e-01 -1.766718e-01 5.879885e+00
2.700000e-01 -1.766718e-01 5.386464e+00
2.850000e-01 -1.766718e-01 5.004705e+00
3.000000e-01 -1.766718e-01 4.706111e+00
-3.000000e-01 -1.630075e-01 3.934708e+00
-2.850000e-01 -1.630075e-01 4.171954e+00
-2.700000e-01 -1.630075e-01 4.475357e+00
-2.550000e-01 -1.630075e-01 4.868190e+00
-2.400000e-01 -1.630075e-01 5.384505e+00
-2.250000e-01 -1.630075e-01 6.074419e+00
-2.100000e-01 -1.630075e-01 7.010097e+00
-1.950000e-01 -1.630075e-01 8.286241e+00
-1.800000e-01 -1.630075e-01 9.988357e+00
-1.650000e-01 -1.630075e-01 1.204526e+01
-1.500000e-01 -1.630075e-01 1.384678e+01
-1.350000e-01 -1.630075e-01 1.403681e+01
-1.200000e-01 -1.630075e-01 1.191002e+01
-1.050000e-01 -1.630075e-01 8.785760e+00
-9.000000e-02 -1.630075e-01 6.150529e+00
-7.500000e-02 -1.630075e-01 4.364929e+00
-6.000000e-02 -1.630075e-01 3.236397e+00
-4.500000e-02 -1.630075e-01 2.527800e+00
-3.000000e-02 -1.630075e-01 2.094896e+00
-1.500000e-02 -1.630075e-01 1.867441e+00
5.551115e-17 -1.630075e-01 1.798376e+00
1.500000e-02 -1.630075e-01 1.867441e+00
3.000000e-02 -1.630075e-01 2.094896e+00
4.500000e-02 -1.630075e-01 2.527800e+00
6.000000e-02 -1.630075e-01 3.236397e+00
7.500000e-02 -1.630075e-01 4.364929e+00
9.000000e-02 -1.630075e-01 6.150529e+00
1.050000e-01 -1.630075e-01 8.785760e+00
1.200000e-01 -1.630075e-01 1.191002e+01
1.350000e-01 -1.630075e-01 1.403681e+01
1.500000e-01 -1.630075e-01 1.384678e+01
1.650000e-01 -1.630075e-01 1.204526e+01
1.800000e-01 -1.630075e-01 9.988357e+00
1.950000e-01 -1.630075e-01 8.286241e+00
2.100000e-01 -1.630075e-01 7.010097e+00
2.250000e-01 -1.630075e-01 6.074419e+00
2.400000e-01 -1.630075e-01 5.384505e+00
2.550000e-01 -1.630075e-01 4.868190e+00
2.700000e-01 -1.630075e-01 4.475357e+00
2.850000e-01 -1.630075e-01 4.171954e+00
3.000000e-01 -1.630075e-01 3.934708e+00
-3.000000e-01 -1.493432e-01 3.320690e+00
-2.850000e-01 -1.493432e-01 3.509821e+00
-2.700000e-01 -1.493432e-01 3.751270e+00
-2.550000e-01 -1.493432e-01 4.063482e+00
-2.400000e-01 -1.493432e-01 4.473786e+00
-2.250000e-01 -1.493432e-01 5.023419e+00
-2.100000e-01 -1.493432e-01 5.774970e+00
-1.950000e-01 -1.493432e-01 6.821181e+00
-1.800000e-01 -1.493432e-01 8.284863e+00
-1.650000e-01 -1.493432e-01 1.026225e+01
-1.500000e-01 -1.493432e-01 1.256320e+01
-1.350000e-01 -1.493432e-01 1.414897e+01
-1.200000e-01 -1.493432e-01 1.340231e+01
-1.050000e-01 -1.493432e-01 1.052723e+01
-9.000000e-02 -1.493432e-01 7.473651e+00
-7.500000e-02 -1.493432e-01 5.261146e+00
-6.000000e-02 -1.493432e-01 3.856230e+00
-4.500000e-02 -1.493432e-01 2.990527e+00
-3.000000e-02 -1.493432e-01 2.474684e+00
-1.500000e-02 -1.493432e-01 2.209168e+00
5.551115e-17 -1.493432e-01 2.129480e+00
1.500000e-02 -1.493432e-01 2.209168e+00
3.000000e-02 -1.493432e-01 2.474684e+00
4.500000e-02 -1.493432e-01 2.990527e+00
6.000000e-02 -1.493432e-01 3.856230e+00
7.500000e-02 -1.493432e-01 5.261146e+00
9.000000e-02 -1.493432e-01 7.473651e+00
1.050000e-01 -1.493432e-01 1.052723e+01
1.200000e-01 -1.493432e-01 1.340231e+01
1.350000e-01 -1.493432e-01 1.414897e+01
1.500000e-01 -1.493432e-01 1.256320e+01
1.650000e-01 -1.493432e-01 1.026225e+01
1.800000e-01 -1.493432e-01 8.284863e+00
1.950000e-01 -1.493432e-01 6.821181e+00
2.100000e-01 -1.493432e-01 5.774970e+00
2.250000e-01 -1.493432e-01 5.023419e+00
2.400000e-01 -1.493432e-01 4.473786e+00
2.550000e-01 -1.493432e-01 4.063482e+00
2.700000e-01 -1.493432e-01 3.751270e+00
2.850000e-01 -1.493432e-01 3.509821e+00
3.000000e-01 -1.493432e-01 3.320690e+00
-3.000000e-01 -1.356789e-01 2.829086e+00
-2.850000e-01 -1.356789e-01 2.980903e+00
-2.700000e-01 -1.356789e-01 3.174179e+00
-2.550000e-01 -1.356789e-01 3.423382e+00
-2.400000e-01 -1.356789e-01 3.750007e+00
-2.250000e-01 -1.356789e-01 4.186792e+00
-2.100000e-01 -1.356789e-01 4.784524e+00
-1.950000e-01 -1.356789e-01 5.622408e+00
-1.800000e-01 -1.356789e-01 6.820056e+00
-1.650000e-01 -1.356789e-01 8.531686e+00
-1.500000e-01 -1.356789e-01 1.083165e+01
-1.350000e-01 -1.356789e-01 1.325096e+01
-1.200000e-01 -1.356789e-01 1.415702e+01
-1.050000e-01 -1.356789e-01 1.225954e+01
-9.000000e-02 -1.356789e-01 9.049631e+00
-7.500000e-02 -1.356789e-01 6.381544e+00
-6.000000e-02 -1.356789e-01 4.636112e+00
-4.500000e-02 -1.356789e-01 3.571485e+00
-3.000000e-02 -1.356789e-01 2.951174e+00
-1.500000e-02 -1.356789e-01 2.638251e+00
5.551115e-17 -1.356789e-01 2.545411e+00
1.500000e-02 -1.356789e-01 2.638251e+00
3.000000e-02 -1.356789e-01 2.951174e+00
4.500000e-02 -1.356789e-01 3.571485e+00
6.000000e-02 -1.356789e-01 4.636112e+00
7.500000e-02 -1.356789e-01 6.381544e+00
9.000000e-02 -1.356789e-01 9.049631e+00
1.050000e-01 -1.356789e-01 1.225954e+01
1.200000e-01 -1.356789e-01 1.415702e+01
1.350000e-01 -1.356789e-01 1.325096e+01
1.500000e-01 -1.356789e-01 1.083165e+01
1.650000e-01 -1.356789e-01 8.531686e+00
1.800000e-01 -1.356789e-01 6.820056e+00
1.950000e-01 -1.356789e-01 5.622408e+00
2.100000e-01 -1.356789e-01 4.784524e+00
2.250000e-01 -1.356789e-01 4.186792e+00
2.400000e-01 -1.356789e-01 3.750007e+00
2.550000e-01 -1.356789e-01 3.423382e+00
2.700000e-01 -1.356789e-01 3.174179e+00
2.850000e-01 -1.356789e-01 2.980903e+00
3.000000e-01 -1.356789e-01 2.829086e+00
-3.000000e-01 -1.220147e-01 2.432292e+00
-2.850000e-01 -1.220147e-01 2.555206e+00
-2.700000e-01 -1.220147e-01 2.711181e+00
-2.550000e-01 -1.220147e-01 2.911559e+00
-2.400000e-01 -1.220147e-01 3.173157e+00
-2.250000e-01 -1.220147e-01 3.521611e+00
-2.100000e-01 -1.220147e-01 3.996965e+00
-1.950000e-01 -1.220147e-01 4.662991e+00
-1.800000e-01 -1.220147e-01 5.621468e+00
-1.650000e-01 -1.220147e-01 7.026563e+00
-1.500000e-01 -1.220147e-01 9.058596e+00
-1.350000e-01 -1.220147e-01 1.168083e+01
-1.200000e-01 -1.220147e-01 1.388313e+01
-1.050000e-01 -1.220147e-01 1.359568e+01
-9.000000e-02 -1.220147e-01 1.078947e+01
-7.500000e-02 -1.220147e-01 7.752697e+00
-6.000000e-02 -1.220147e-01 5.614191e+00
-4.500000e-02 -1.220147e-01 4.302435e+00
-3.000000e-02 -1.220147e-01 3.550719e+00
-1.500000e-02 -1.220147e-01 3.178085e+00
5.551115e-17 -1.220147e-01 3.068606e+00
1.500000e-02 -1.220147e-01 3.178085e+00
3.000000e-02 -1.220147e-01 3.550719e+00
4.500000e-02 -1.220147e-01 4.302435e+00
6.000000e-02 -1.220147e-01 5.614191e+00
7.500000e-02 -1.220147e-01 7.752697e+00
9.000000e-02 -1.220147e-01 1.078947e+01
1.050000e-01 -1.220147e-01 1.359568e+01
1.200000e-01 -1.220147e-01 1.388313e+01
1.350000e-01 -1.220147e-01 1.168083e+01
1.500000e-01 -1.220147e-01 9.058596e+00
1.650000e-01 -1.220147e-01 7.026563e+00
1.800000e-01 -1.220147e-01 5.621468e+00
1.950000e-01 -1.220147e-01 4.662991e+00
2.100000e-01 -1.220147e-01 3.996965e+00
2.250000e-01 -1.220147e-01 3.521611e+00
2.400000e-01 -1.220147e-01 3.173157e+00
2.550000e-01 -1.220147e-01 2.911559e+00
2.700000e-01 -1.220147e-01 2.711181e+00
2.850000e-01 -1.220147e-01 2.555206e+00
3.000000e-01 -1.220147e-01 2.432292e+00
-3.000000e-01 -1.083504e-01 2.109110e+00
-2.850000e-01 -1.083504e-01 2.209544e+00
-2.700000e-01 -1.083504e-01 2.336563e+00
-2.550000e-01 -1.083504e-01 2.499102e+00
-2.400000e-01 -1.083504e-01 2.710347e+00
-2.250000e-01 -1.083504e-01 2.990328e+00
-2.100000e-01 -1.083504e-01 3.370307e+00
-1.950000e-01 -1.083504e-01 3.900356e+00
-1.800000e-01 -1.083504e-01 4.662193e+00
-1.650000e-01 -1.083504e-01 5.788197e+00
-1.500000e-01 -1.083504e-01 7.473362e+00
-1.350000e-01 -1.083504e-01 9.890335e+00
-1.200000e-01 -1.083504e-01 1.269121e+01
-1.050000e-01 -1.083504e-01 1.409587e+01
-9.000000e-02 -1.083504e-01 1.244598e+01
-7.500000e-02 -1.083504e-01 9.351927e+00
-6.000000e-02 -1.083504e-01 6.821789e+00
-4.500000e-02 -1.083504e-01 5.216813e+00
-3.000000e-02 -1.083504e-01 4.301825e+00
-1.500000e-02 -1.083504e-01 3.853158e+00
5.551115e-17 -1.083504e-01 3.721986e+00
1.500000e-02 -1.083504e-01 3.853158e+00
3.000000e-02 -1.083504e-01 4.301825e+00
4.500000e-02 -1.083504e-01 5.216813e+00
6.000000e-02 -1.083504e-01 6.821789e+00
7.500000e-02 -1.083504e-01 9.351927e+00
9.000000e-02 -1.083504e-01 1.244598e+01
1.050000e-01 -1.083504e-01 1.409587e+01
1.200000e-01 -1.083504e-01 1.269121e+01
1.350000e-01 -1.083504e-01 9.890335e+00
1.500000e-01 -1.083504e-01 7.473362e+00
1.650000e-01 -1.083504e-01 5.788197e+00
1.800000e-01 -1.083504e-01 4.662193e+00
1.950000e-01 -1.083504e-01 3.900356e+00
2.100000e-01 -1.083504e-01 3.370307e+00
2.250000e-01 -1.083504e-01 2.990328e+00
2.400000e-01 -1.083504e-01 2.710347e+00
2.550000e-01 -1.083504e-01 2.499102e+00
2.700000e-01 -1.083504e-01 2.336563e+00
2.850000e-01 -1.083504e-01 2.209544e+00
3.000000e-01 -1.083504e-01 2.109110e+00
-3.000000e-01 -9.468610e-02 1.843428e+00
-2.850000e-01 -9.468610e-02 1.926258e+00
-2.700000e-01 -9.468610e-02 2.030662e+00
-2.550000e-01 -9.468610e-02 2.163733e+00
-2.400000e-01 -9.468610e-02 2.335876e+00
-2.250000e-01 -9.468610e-02 2.562802e+00
-2.100000e-01 -9.468610e-02 2.868911e+00
-1.950000e-01 -9.468610e-02 3.293196e+00
-1.800000e-01 -9.468610e-02 3.899669e+00
-1.650000e-01 -9.468610e-02 4.794900e+00
-1.500000e-01 -9.468610e-02 6.151174e+00
-1.350000e-01 -9.468610e-02 8.199300e+00
-1.200000e-01 -9.468610e-02 1.099738e+01
-1.050000e-01 -9.468610e-02 1.356133e+01
-9.000000e-02 -9.468610e-02 1.360642e+01
-7.500000e-02 -9.468610e-02 1.104607e+01
-6.000000e-02 -9.468610e-02 8.257156e+00
-4.500000e-02 -9.468610e-02 6.337746e+00
-3.000000e-02 -9.468610e-02 5.226344e+00
-1.500000e-02 -9.468610e-02 4.680012e+00
5.551115e-17 -9.468610e-02 4.519486e+00
1.500000e-02 -9.468610e-02 4.680012e+00
3.000000e-02 -9.468610e-02 5.226344e+00
4.500000e-02 -9.468610e-02 6.337746e+00
6.000000e-02 -9.468610e-02 8.257156e+00
7.500000e-02 -9.468610e-02 1.104607e+01
9.000000e-02 -9.468610e-02 1.360642e+01
1.050000e-01 -9.468610e-02 1.356133e+01
1.200000e-01 -9.468610e-02 1.099738e+01
1.350000e-01 -9.468610e-02 8.199300e+00
1.500000e-01 -9.468610e-02 6.151174e+00
1.650000e-01 -9.468610e-02 4.794900e+00
1.800000e-01 -9.468610e-02 3.899669e+00
1.950000e-01 -9.468610e-02 3.293196e+00
2.100000e-01 -9.468610e-02 2.868911e+00
2.250000e-01 -9.468610e-02 2.562802e+00
2.400000e-01 -9.468610e-02 2.335876e+00
2.550000e-01 -9.468610e-02 2.163733e+00
2.700000e-01 -9.468610e-02 2.030662e+00
2.850000e-01 -9.468610e-02 1.926258e+00
3.000000e-01 -9.468610e-02 1.843428e+00
-3.000000e-01 -8.102182e-02 1.623017e+00
-2.850000e-01 -8.102182e-02 1.691945e+00
-2.700000e-01 -8.102182e-02 1.778547e+00
-2.550000e-01 -8.102182e-02 1.888503e+00
-2.400000e-01 -8.102182e-02 2.030090e+00
-2.250000e-01 -8.102182e-02 2.215722e+00
-2.100000e-01 -8.102182e-02 2.464534e+00
-1.950000e-01 -8.102182e-02 2.806914e+00
-1.800000e-01 -8.102182e-02 3.292599e+00
-1.650000e-01 -8.102182e-02 4.005035e+00
-1.500000e-01 -8.102182e-02 5.084443e+00
-1.350000e-01 -8.102182e-02 6.749062e+00
-1.200000e-01 -8.102182e-02 9.221870e+00
-1.050000e-01 -8.102182e-02 1.220380e+01
-9.000000e-02 -8.102182e-02 1.386470e+01
-7.500000e-02 -8.102182e-02 1.253319e+01
-6.000000e-02 -8.102182e-02 9.835208e+00
-4.500000e-02 -8.102182e-02 7.649846e+00
-3.000000e-02 -8.102182e-02 6.317945e+00
-1.500000e-02 -8.102182e-02 5.646135e+00
5.551115e-17 -8.102182e-02 5.444546e+00
1.500000e-02 -8.102182e-02 5.646135e+00
3.000000e-02 -8.102182e-02 6.317945e+00
4.500000e-02 -8.102182e-02 7.649846e+00
6.000000e-02 -8.102182e-02 9.835208e+00
7.500000e-02 -8.102182e-02 1.253319e+01
9.000000e-02 -8.102182e-02 1.386470e+01
1.050000e-01 -8.102182e-02 1.220380e+01
1.200000e-01 -8.102182e-02 9.221870e+00
1.350000e-01 -8.102182e-02 6.749062e+00
1.500000e-01 -8.102182e-02 5.084443e+00
1.650000e-01 -8.102182e-02 4.005035e+00
1.800000e-01 -8.102182e-02 3.292599e+00
1.950000e-01 -8.102182e-02 2.806914e+00
2.100000e-01 -8.102182e-02 2.464534e+00
2.250000e-01 -8.102182e-02 2.215722e+00
2.400000e-01 -8.102182e-02 2.030090e+00
2.550000e-01 -8.102182e-02 1.888503e+00
2.700000e-01 -8.102182e-02 1.778547e+00
2.850000e-01 -8.102182e-02 1.691945e+00
3.000000e-01 -8.102182e-02 1.623017e+00
-3.000000e-01 -6.735754e-02 1.438559e+00
-2.850000e-01 -6.735754e-02 1.496412e+00
-2.700000e-01 -6.735754e-02 1.568878e+00
-2.550000e-01 -6.735754e-02 1.660547e+00
-2.400000e-01 -6.735754e-02 1.778067e+00
-2.250000e-01 -6.735754e-02 1.931328e+00
-2.100000e-01 -6.735754e-02 2.135454e+00
-1.950000e-01 -6.735754e-02 2.414250e+00
-1.800000e-01 -6.735754e-02 2.806391e+00
-1.650000e-01 -6.735754e-02 3.376579e+00
-1.500000e-01 -6.735754e-02 4.234922e+00
-1.350000e-01 -6.735754e-02 5.563899e+00
-1.200000e-01 -6.735754e-02 7.615211e+00
-1.050000e-01 -6.735754e-02 1.046566e+01
-9.000000e-02 -6.735754e-02 1.311650e+01
-7.500000e-02 -6.735754e-02 1.338603e+01
-6.000000e-02 -6.735754e-02 1.132558e+01
-4.500000e-02 -6.735754e-02 9.049627e+00
-3.000000e-02 -6.735754e-02 7.502424e+00
-1.500000e-02 -6.735754e-02 6.673207e+00
5.551115e-17 -6.735754e-02 6.414106e+00
1.500000e-02 -6.735754e-02 6.673207e+00
3.000000e-02 -6.735754e-02 7.502424e+00
4.500000e-02 -6.735754e-02 9.049627e+00
6.000000e-02 -6.735754e-02 1.132558e+01
7.500000e-02 -6.735754e-02 1.338603e+01
9.000000e-02 -6.735754e-02 1.311650e+01
1.050000e-01 -6.735754e-02 1.046566e+01
1.200000e-01 -6.735754e-02 7.615211e+00
1.350000e-01 -6.735754e-02 5.563899e+00
1.500000e-01 -6.735754e-02 4.234922e+00
1.650000e-01 -6.735754e-02 3.376579e+00
1.800000e-01 -6.735754e-02 2.806391e+00
1.950000e-01 -6.735754e-02 2.414250e+00
2.100000e-01 -6.735754e-02 2.135454e+00
2.250000e-01 -6.735754e-02 1.931328e+00
2.400000e-01 -6.735754e-02 1.778067e+00
2.550000e-01 -6.735754e-02 1.660547e+00
2.700000e-01 -6.735754e-02 1.568878e+00
2.850000e-01 -6.735754e-02 1.496412e+00
3.000000e-01 -6.735754e-02 1.438559e+00
-3.000000e-01 -5.369326e-02 1.282908e+00
-2.850000e-01 -5.369326e-02 1.331860e+00
-2.700000e-01 -5.369326e-02 1.393000e+00
-2.550000e-01 -5.369326e-02 1.470075e+00
-2.400000e-01 -5.369326e-02 1.568471e+00
-2.250000e-01 -5.369326e-02 1.696145e+00
-2.100000e-01 -5.369326e-02 1.865152e+00
-1.950000e-01 -5.369326e-02 2.094291e+00
-1.800000e-01 -5.369326e-02 2.413790e+00
-1.650000e-01 -5.369326e-02 2.873803e+00
-1.500000e-01 -5.369326e-02 3.559592e+00
-1.350000e-01 -5.369326e-02 4.615834e+00
-1.200000e-01 -5.369326e-02 6.267025e+00
-1.050000e-01 -5.369326e-02 8.728627e+00
-9.000000e-02 -5.369326e-02 1.164995e+01
-7.500000e-02 -5.369326e-02 1.328377e+01
-6.000000e-02 -5.369326e-02 1.235049e+01
-4.500000e-02 -5.369326e-02 1.029567e+01
-3.000000e-02 -5.369326e-02 8.592746e+00
-1.500000e-02 -5.369326e-02 7.581137e+00
5.551115e-17 -5.369326e-02 7.247204e+00
1.500000e-02 -5.369326e-02 7.581137e+00
3.000000e-02 -5.369326e-02 8.592746e+00
4.500000e-02 -5.369326e-02 1.029567e+01
6.000000e-02 -5.369326e-02 1.235049e+01
7.500000e-02 -5.369326e-02 1.328377e+01
9.000000e-02 -5.369326e-02 1.164995e+01
1.050000e-01 -5.369326e-02 8.728627e+00
1.200000e-01 -5.369326e-02 6.267025e+00
1.350000e-01 -5.369326e-02 4.615834e+00
1.500000e-01 -5.369326e-02 3.559592e+00
1.650000e-01 -5.369326e-02 2.873803e+00
1.800000e-01 -5.369326e-02 2.413790e+00
1.950000e-01 -5.369326e-02 2.094291e+00
2.100000e-01 -5.369326e-02 1.865152e+00
2.250000e-01 -5.369326e-02 1.696145e+00
2.400000e-01 -5.369326e-02 1.568471e+00
2.550000e-01 -5.369326e-02 1.470075e+00
2.700000e-01 -5.369326e-02 1.393000e+00
2.850000e-01 -5.369326e-02 1.331860e+00
3.000000e-01 -5.369326e-02 1.282908e+00
-3.000000e-01 -4.002898e-02 1.150545e+00
-2.850000e-01 -4.002898e-02 1.192280e+00
-2.700000e-01 -4.002898e-02 1.244266e+00
-2.550000e-01 -4.002898e-02 1.309588e+00
-2.400000e-01 -4.002898e-02 1.392653e+00
-2.250000e-01 -4.002898e-02 1.499920e+00
-2.100000e-01 -4.002898e-02 1.641092e+00
-1.950000e-01 -4.002898e-02 1.831143e+00
-1.800000e-01 -4.002898e-02 2.093882e+00
-1.650000e-01 -4.002898e-02 2.468372e+00
-1.500000e-01 -4.002898e-02 3.020456e+00
-1.350000e-01 -4.002898e-02 3.862270e+00
-1.200000e-01 -4.002898e-02 5.176375e+00
-1.050000e-01 -4.002898e-02 7.194944e+00
-9.000000e-02 -4.002898e-02 9.909049e+00
-7.500000e-02 -4.002898e-02 1.226791e+01
-6.000000e-02 -4.002898e-02 1.254796e+01
-4.500000e-02 -4.002898e-02 1.103723e+01
-3.000000e-02 -4.002898e-02 9.298486e+00
-1.500000e-02 -4.002898e-02 8.111705e+00
5.551115e-17 -4.002898e-02 7.697591e+00
1.500000e-02 -4.002898e-02 8.111705e+00
3.000000e-02 -4.002898e-02 9.298486e+00
4.500000e-02 -4.002898e-02 1.103723e+01
6.000000e-02 -4.002898e-02 1.254796e+01
7.500000e-02 -4.002898e-02 1.226791e+01
9.000000e-02 -4.002898e-02 9.909049e+00
1.050000e-01 -4.002898e-02 7.194944e+00
1.200000e-01 -4.002898e-02 5.176375e+00
1.350000e-01 -4.002898e-02 3.862270e+00
1.500000e-01 -4.002898e-02 3.020456e+00
1.650000e-01 -4.002898e-02 2.468372e+00
1.800000e-01 -4.002898e-02 2.093882e+00
1.950000e-01 -4.002898e-02 1.831143e+00
2.100000e-01 -4.002898e-02 1.641092e+00
2.250000e-01 -4.002898e-02 1.499920e+00
2.400000e-01 -4.002898e-02 1.392653e+00
2.550000e-01 -4.002898e-02 1.309588e+00
2.700000e-01 -4.002898e-02 1.244266e+00
2.850000e-01 -4.002898e-02 1.192280e+00
3.000000e-01 -4.002898e-02 1.150545e+00
-3.000000e-01 -2.636470e-02 1.037170e+00
-2.850000e-01 -2.636470e-02 1.073003e+00
-2.700000e-01 -2.636470e-02 1.117526e+00
-2.550000e-01 -2.636470e-02 1.173301e+00
-2.400000e-01 -2.636470e-02 1.243967e+00
-2.250000e-01 -2.636470e-02 1.334814e+00
-2.100000e-01 -2.636470e-02 1.453726e+00
-1.950000e-01 -2.636470e-02 1.612740e+00
-1.800000e-01 -2.636470e-02 1.830778e+00
-1.650000e-01 -2.636470e-02 2.138486e+00
-1.500000e-01 -2.636470e-02 2.586880e+00
-1.350000e-01 -2.636470e-02 3.262232e+00
-1.200000e-01 -2.636470e-02 4.307075e+00
-1.050000e-01 -2.636470e-02 5.923710e+00
-9.000000e-02 -2.636470e-02 8.231724e+00
-7.500000e-02 -2.636470e-02 1.070603e+01
-6.000000e-02 -2.636470e-02 1.183810e+01
-4.500000e-02 -2.636470e-02 1.099801e+01
-3.000000e-02 -2.636470e-02 9.363846e+00
-1.500000e-02 -2.636470e-02 8.066292e+00
5.551115e-17 -2.636470e-02 7.593658e+00
1.500000e-02 -2.636470e-02 8.066292e+00
3.000000e-02 -2.636470e-02 9.363846e+00
4.500000e-02 -2.636470e-02 1.099801e+01
6.000000e-02 -2.636470e-02 1.183810e+01
7.500000e-02 -2.636470e-02 1.070603e+01
9.000000e-02 -2.636470e-02 8.231724e+00
1.050000e-01 -2.636470e-02 5.923710e+00
1.200000e-01 -2.636470e-02 4.307075e+00
1.350000e-01 -2.636470e-02 3.262232e+00
1.500000e-01 -2.636470e-02 2.586880e+00
1.650000e-01 -2.636470e-02 2.138486e+00
1.800000e-01 -2.636470e-02 1.830778e+00
1.950000e-01 -2.636470e-02 1.612740e+00
2.100000e-01 -2.636470e-02 1.453726e+00
2.250000e-01 -2.636470e-02 1.334814e+00
2.400000e-01 -2.636470e-02 1.243967e+00
2.550000e-01 -2.636470e-02 1.173301e+00
2.700000e-01 -2.636470e-02 1.117526e+00
2.850000e-01 -2.636470e-02 1.073003e+00
3.000000e-01 -2.636470e-02 1.037170e+00
-3.000000e-01 -1.270041e-02 9.394033e-01
-2.850000e-01 -1.270041e-02 9.703715e-01
-2.700000e-01 -1.270041e-02 1.008760e+00
-2.550000e-01 -1.270041e-02 1.056716e+00
-2.400000e-01 -1.270041e-02 1.117266e+00
-2.250000e-01 -1.270041e-02 1.194787e+00
-2.100000e-01 -1.270041e-02 1.295737e+00
-1.950000e-01 -1.270041e-02 1.429888e+00
-1.800000e-01 -1.270041e-02 1.612413e+00
-1.650000e-01 -1.270041e-02 1.867564e+00
-1.500000e-01 -1.270041e-02 2.235128e+00
-1.350000e-01 -1.270041e-02 2.781519e+00
-1.200000e-01 -1.270041e-02 3.616149e+00
-1.050000e-01 -1.270041e-02 4.900874e+00
-9.000000e-02 -1.270041e-02 6.778419e+00
-7.500000e-02 -1.270041e-02 9.012671e+00
-6.000000e-02 -1.270041e-02 1.049270e+01
-4.500000e-02 -1.270041e-02 1.019398e+01
-3.000000e-02 -1.270041e-02 8.762319e+00
-1.500000e-02 -1.270041e-02 7.463382e+00
5.551115e-17 -1.270041e-02 6.977554e+00
1.500000e-02 -1.270041e-02 7.463382e+00
3.000000e-02 -1.270041e-02 8.762319e+00
4.500000e-02 -1.270041e-02 1.019398e+01
6.000000e-02 -1.270041e-02 1.049270e+01
7.500000e-02 -1.270041e-02 9.012671e+00
9.000000e-02 -1.270041e-02 6.778419e+00
1.050000e-01 -1.270041e-02 4.900874e+00
1.200000e-01 -1.270041e-02 3.616149e+00
1.350000e-01 -1.270041e-02 2.781519e+00
1.500000e-01 -1.270041e-02 2.235128e+00
1.650000e-01 -1.270041e-02 1.867564e+00
1.800000e-01 -1.270041e-02 1.612413e+00
1.950000e-01 -1.270041e-02 1.429888e+00
2.100000e-01 -1.270041e-02 1.295737e+00
2.250000e-01 -1.270041e-02 1.194787e+00
2.400000e-01 -1.270041e-02 1.117266e+00
2.550000e-01 -1.270041e-02 1.056716e+00
2.700000e-01 -1.270041e-02 1.008760e+00
2.850000e-01 -1.270041e-02 9.703715e-01
3.000000e-01 -1.270041e-02 9.394033e-01
-3.000000e-01 9.638653e-04 8.545662e-01
-2.850000e-01 9.638653e-04 8.814940e-01
-2.700000e-01 9.638653e-04 9.148018e-01
-2.550000e-01 9.638653e-04 9.563012e-01
-2.400000e-01 9.638653e-04 1.008534e+00
-2.250000e-01 9.638653e-04 1.075146e+00
-2.100000e-01 9.638653e-04 1.161479e+00
-1.950000e-01 9.638653e-04 1.275534e+00
-1.800000e-01 9.638653e-04 1.429594e+00
-1.650000e-01 9.638653e-04 1.643023e+00
-1.500000e-01 9.638653e-04 1.947106e+00
-1.350000e-01 9.638653e-04 2.393222e+00
-1.200000e-01 9.638653e-04 3.064958e+00
-1.050000e-01 9.638653e-04 4.086930e+00
-9.000000e-02 9.638653e-04 5.584883e+00
-7.500000e-02 9.638653e-04 7.453701e+00
-6.000000e-02 9.638653e-04 8.913663e+00
-4.500000e-02 9.638653e-04 8.919354e+00
-3.000000e-02 9.638653e-04 7.719880e+00
-1.500000e-02 9.638653e-04 6.522392e+00
5.551115e-17 9.638653e-04 6.068412e+00
1.500000e-02 9.638653e-04 6.522392e+00
3.000000e-02 9.638653e-04 7.719880e+00
4.500000e-02 9.638653e-04 8.919354e+00
6.000000e-02 9.638653e-04 8.913663e+00
7.500000e-02 9.638653e-04 7.453701e+00
9.000000e-02 9.638653e-04 5.584883e+00
1.050000e-01 9.638653e-04 4.086930e+00
1.200000e-01 9.638653e-04 3.064958e+00
1.350000e-01 9.638653e-04 2.393222e+00
1.500000e-01 9.638653e-04 1.947106e+00
1.650000e-01 9.638653e-04 1.643023e+00
1.800000e-01 9.638653e-04 1.429594e+00
1.950000e-01 9.638653e-04 1.275534e+00
2.100000e-01 9.638653e-04 1.161479e+00
2.250000e-01 9.638653e-04 1.075146e+00
2.400000e-01 9.638653e-04 1.008534e+00
2.550000e-01 9.638653e-04 9.563012e-01
2.700000e-01 9.638653e-04 9.148018e-01
2.850000e-01 9.638653e-04 8.814940e-01
3.000000e-01 9.638653e-04 8.545662e-01
-3.000000e-01 1.462815e-02 7.805195e-01
-2.850000e-01 1.462815e-02 8.040671e-01
-2.700000e-01 1.462815e-02 8.331353e-01
-2.550000e-01 1.462815e-02 8.692641e-01
-2.400000e-01 1.462815e-02 9.146027e-01
-2.250000e-01 1.462815e-02 9.722147e-01
-2.100000e-01 1.462815e-02 1.046553e+00
-1.950000e-01 1.462815e-02 1.144227e+00
-1.800000e-01 1.462815e-02 1.275268e+00
-1.650000e-01 1.462815e-02 1.455281e+00
-1.500000e-01 1.462815e-02 1.709084e+00
-1.350000e-01 1.462815e-02 2.076710e+00
-1.200000e-01 1.462815e-02 2.622124e+00
-1.050000e-01 1.462815e-02 3.439684e+00
-9.000000e-02 1.462815e-02 4.628262e+00
-7.500000e-02 1.462815e-02 6.134055e+00
-6.000000e-02 1.462815e-02 7.400805e+00
-4.500000e-02 1.462815e-02 7.519989e+00
-3.000000e-02 1.462815e-02 6.535071e+00
-1.500000e-02 1.462815e-02 5.495874e+00
5.551115e-17 1.462815e-02 5.099695e+00
1.500000e-02 1.462815e-02 5.495874e+00
3.000000e-02 1.462815e-02 6.535071e+00
4.500000e-02 1.462815e-02 7.519989e+00
6.000000e-02 1.462815e-02 7.400805e+00
7.500000e-02 1.462815e-02 6.134055e+00
9.000000e-02 1.462815e-02 4.628262e+00
1.050000e-01 1.462815e-02 3.439684e+00
1.200000e-01 1.462815e-02 2.622124e+00
1.350000e-01 1.462815e-02 2.076710e+00
1.500000e-01 1.462815e-02 1.709084e+00
1.650000e-01 1.462815e-02 1.455281e+00
1.800000e-01 1.462815e-02 1.275268e+00
1.950000e-01 1.462815e-02 1.144227e+00
2.100000e-01 1.462815e-02 1.046553e+00
2.250000e-01 1.462815e-02 9.722147e-01
2.400000e-01 1.462815e-02 9.146027e-01
2.550000e-01 1.462815e-02 8.692641e-01
2.700000e-01 1.462815e-02 8.331353e-01
2.850000e-01 1.462815e-02 8.040671e-01
3.000000e-01 1.462815e-02 7.805195e-01
-3.000000e-01 2.829243e-02 7.155396e-01
-2.850000e-01 2.829243e-02 7.362405e-01
-2.700000e-01 2.829243e-02 7.617465e-01
-2.550000e-01 2.829243e-02 7.933761e-01
-2.400000e-01 2.829243e-02 8.329594e-01
-2.250000e-01 2.829243e-02 8.830895e-01
-2.100000e-01 2.829243e-02 9.475082e-01
-1.950000e-01 2.829243e-02 1.031718e+00
-1.800000e-01 2.829243e-02 1.143986e+00
-1.650000e-01 2.829243e-02 1.296998e+00
-1.500000e-01 2.829243e-02 1.510620e+00
-1.350000e-01 2.829243e-02 1.816304e+00
-1.200000e-01 2.829243e-02 2.263256e+00
-1.050000e-01 2.829243e-02 2.922520e+00
-9.000000e-02 2.829243e-02 3.867672e+00
-7.500000e-02 2.829243e-02 5.062216e+00
-6.000000e-02 2.829243e-02 6.093785e+00
-4.500000e-02 2.829243e-02 6.223445e+00
-3.000000e-02 2.829243e-02 5.417951e+00
-1.500000e-02 2.829243e-02 4.547860e+00
5.551115e-17 2.829243e-02 4.215736e+00
1.500000e-02 2.829243e-02 4.547860e+00
3.000000e-02 2.829243e-02 5.417951e+00
4.500000e-02 2.829243e-02 6.223445e+00
6.000000e-02 2.829243e-02 6.093785e+00
7.500000e-02 2.829243e-02 5.062216e+00
9.000000e-02 2.829243e-02 3.867672e+00
1.050000e-01 2.829243e-02 2.922520e+00
1.200000e-01 2.829243e-02 2.263256e+00
1.350000e-01 2.829243e-02 1.816304e+00
1.500000e-01 2.829243e-02 1.510620e+00
1.650000e-01 2.829243e-02 1.296998e+00
1.800000e-01 2.829243e-02 1.143986e+00
1.950000e-01 2.829243e-02 1.031718e+00
2.100000e-01 2.829243e-02 9.475082e-01
2.250000e-01 2.829243e-02 8.830895e-01
2.400000e-01 2.829243e-02 8.329594e-01
2.550000e-01 2.829243e-02 7.933761e-01
2.700000e-01 2.829243e-02 7.617465e-01
2.850000e-01 2.829243e-02 7.362405e-01
3.000000e-01 2.829243e-02 7.155396e-01
-3.000000e-01 4.195671e-02 6.582281e-01
-2.850000e-01 4.195671e-02 6.765161e-01
-2.700000e-01 4.195671e-02 6.990098e-01
-2.550000e-01 4.195671e-02 7.268449e-01
-2.400000e-01 4.195671e-02 7.615903e-01
-2.250000e-01 4.195671e-02 8.054562e-01
-2.100000e-01 4.195671e-02 8.616096e-01
-1.950000e-01 4.195671e-02 9.346688e-01
-1.800000e-01 4.195671e-02 1.031499e+00
-1.650000e-01 4.195671e-02 1.162506e+00
-1.500000e-01 4.195671e-02 1.343732e+00
-1.350000e-01 4.195671e-02 1.600105e+00
-1.200000e-01 4.195671e-02 1.969738e+00
-1.050000e-01 4.195671e-02 2.506138e+00
-9.000000e-02 4.195671e-02 3.262400e+00
-7.500000e-02 4.195671e-02 4.206753e+00
-6.000000e-02 4.195671e-02 5.021890e+00
-4.500000e-02 4.195671e-02 5.122376e+00
-3.000000e-02 4.195671e-02 4.460738e+00
-1.500000e-02 4.195671e-02 3.744115e+00
5.551115e-17 4.195671e-02 3.470855e+00
1.500000e-02 4.195671e-02 3.744115e+00
3.000000e-02 4.195671e-02 4.460738e+00
4.500000e-02 4.195671e-02 5.122376e+00
6.000000e-02 4.195671e-02 5.021890e+00
7.500000e-02 4.195671e-02 4.206753e+00
9.000000e-02 4.195671e-02 3.262400e+00
1.050000e-01 4.195671e-02 2.506138e+00
1.200000e-01 4.195671e-02 1.969738e+00
1.350000e-01 4.195671e-02 1.600105e+00
1.500000e-01 4.195671e-02 1.343732e+00
1.650000e-01 4.195671e-02 1.162506e+00
1.800000e-01 4.195671e-02 1.031499e+00
1.950000e-01 4.195671e-02 9.346688e-01
2.100000e-01 4.195671e-02 8.616096e-01
2.250000e-01 4.195671e-02 8.054562e-01
2.400000e-01 4.195671e-02 7.615903e-01
2.550000e-01 4.195671e-02 7.268449e-01
2.700000e-01 4.195671e-02 6.990098e-01
2.850000e-01 4.195671e-02 6.765161e-01
3.000000e-01 4.195671e-02 6.582281e-01
-3.000000e-01 5.562099e-02 6.074416e-01
-2.850000e-01 5.562099e-02 6.236723e-01
-2.700000e-01 5.562099e-02 6.436031e-01
-2.550000e-01 5.562099e-02 6.682180e-01
-2.400000e-01 5.562099e-02 6.988704e-01
-2.250000e-01 5.562099e-02 7.374563e-01
-2.100000e-01 5.562099e-02 7.866749e-01
-1.950000e-01 5.562099e-02 8.504301e-01
-1.800000e-01 5.562099e-02 9.344683e-01
-1.650000e-01 5.562099e-02 1.047394e+00
-1.500000e-01 5.562099e-02 1.202274e+00
-1.350000e-01 5.562099e-02 1.419038e+00
-1.200000e-01 5.562099e-02 1.727441e+00
-1.050000e-01 5.562099e-02 2.167913e+00
-9.000000e-02 5.562099e-02 2.778003e+00
-7.500000e-02 5.562099e-02 3.526892e+00
-6.000000e-02 5.562099e-02 4.163251e+00
-4.500000e-02 5.562099e-02 4.226727e+00
-3.000000e-02 5.562099e-02 3.678822e+00
-1.500000e-02 5.562099e-02 3.090837e+00
5.551115e-17 5.562099e-02 2.867126e+00
1.500000e-02 5.562099e-02 3.090837e+00
3.000000e-02 5.562099e-02 3.678822e+00
4.500000e-02 5.562099e-02 4.226727e+00
6.000000e-02 5.562099e-02 4.163251e+00
7.500000e-02 5.562099e-02 3.526892e+00
9.000000e-02 5.562099e-02 2.778003e+00
1.050000e-01 5.562099e-02 2.167913e+00
1.200000e-01 5.562099e-02 1.727441e+00
1.350000e-01 5.562099e-02 1.419038e+00
1.500000e-01 5.562099e-02 1.202274e+00
1.650000e-01 5.562099e-02 1.047394e+00
1.800000e-01 5.562099e-02 9.344683e-01
1.950000e-01 5.562099e-02 8.504301e-01
2.100000e-01 5.562099e-02 7.866749e-01
2.250000e-01 5.562099e-02 7.374563e-01
2.400000e-01 5.562099e-02 6.988704e-01
2.550000e-01 5.562099e-02 6.682180e-01
2.700000e-01 5.562099e-02 6.436031e-01
2.850000e-01 5.562099e-02 6.236723e-01
3.000000e-01 5.562099e-02 6.074416e-01
-3.000000e-01 6.928527e-02 5.622393e-01
-2.850000e-01 6.928527e-02 5.767061e-01
-2.700000e-01 6.928527e-02 5.944437e-01
-2.550000e-01 6.928527e-02 6.163097e-01
-2.400000e-01 6.928527e-02 6.434781e-01
-2.250000e-01 6.928527e-02 6.775856e-01
-2.100000e-01 6.928527e-02 7.209472e-01
-1.950000e-01 6.928527e-02 7.768859e-01
-1.800000e-01 6.928527e-02 8.502463e-01
-1.650000e-01 6.928527e-02 9.481990e-01
-1.500000e-01 6.928527e-02 1.081476e+00
-1.350000e-01 6.928527e-02 1.266146e+00
-1.200000e-01 6.928527e-02 1.525626e+00
-1.050000e-01 6.928527e-02 1.890615e+00
-9.000000e-02 6.928527e-02 2.387226e+00
-7.500000e-02 6.928527e-02 2.985003e+00
-6.000000e-02 6.928527e-02 3.480637e+00
-4.500000e-02 6.928527e-02 3.511509e+00
-3.000000e-02 6.928527e-02 3.053450e+00
-1.500000e-02 6.928527e-02 2.569324e+00
5.551115e-17 6.928527e-02 2.385646e+00
1.500000e-02 6.928527e-02 2.569324e+00
3.000000e-02 6.928527e-02 3.053450e+00
4.500000e-02 6.928527e-02 3.511509e+00
6.000000e-02 6.928527e-02 3.480637e+00
7.500000e-02 6.928527e-02 2.985003e+00
9.000000e-02 6.928527e-02 2.387226e+00
1.050000e-01 6.928527e-02 1.890615e+00
1.200000e-01 6.928527e-02 1.525626e+00
1.350000e-01 6.928527e-02 1.266146e+00
1.500000e-01 6.928527e-02 1.081476e+00
1.650000e-01 6.928527e-02 9.481990e-01
1.800000e-01 6.928527e-02 8.502463e-01
1.950000e-01 6.928527e-02 7.768859e-01
2.100000e-01 6.928527e-02 7.209472e-01
2.250000e-01 6.928527e-02 6.775856e-01
2.400000e-01 6.928527e-02 6.434781e-01
2.550000e-01 6.928527e-02 6.163097e-01
2.700000e-01 6.928527e-02 5.944437e-01
2.850000e-01 6.928527e-02 5.767061e-01
3.000000e-01 6.928527e-02 5.622393e-01
-3.000000e-01 8.294955e-02 5.218415e-01
-2.850000e-01 8.294955e-02 5.347879e-01
-2.700000e-01 8.294955e-02 5.506387e-01
-2.550000e-01 8.294955e-02 5.701451e-01
-2.400000e-01 8.294955e-02 5.943312e-01
-2.250000e-01 8.294955e-02 6.246176e-01
-2.100000e-01 8.294955e-02 6.630021e-01
-1.950000e-01 8.294955e-02 7.123309e-01
-1.800000e-01 8.294955e-02 7.767169e-01
-1.650000e-01 8.294955e-02 8.621794e-01
-1.500000e-01 8.294955e-02 9.776013e-01
-1.350000e-01 8.294955e-02 1.136046e+00
-1.200000e-01 8.294955e-02 1.356089e+00
-1.050000e-01 8.294955e-02 1.661171e+00
-9.000000e-02 8.294955e-02 2.069118e+00
-7.500000e-02 8.294955e-02 2.550192e+00
-6.000000e-02 8.294955e-02 2.937341e+00
-4.500000e-02 8.294955e-02 2.943112e+00
-3.000000e-02 8.294955e-02 2.556407e+00
-1.500000e-02 8.294955e-02 2.154887e+00
5.551115e-17 8.294955e-02 2.003015e+00
1.500000e-02 8.294955e-02 2.154887e+00
3.000000e-02 8.294955e-02 2.556407e+00
4.500000e-02 8.294955e-02 2.943112e+00
6.000000e-02 8.294955e-02 2.937341e+00
7.500000e-02 8.294955e-02 2.550192e+00
9.000000e-02 8.294955e-02 2.069118e+00
1.050000e-01 8.294955e-02 1.661171e+00
1.200000e-01 8.294955e-02 1.356089e+00
1.350000e-01 8.294955e-02 1.136046e+00
1.500000e-01 8.294955e-02 9.776013e-01
1.650000e-01 8.294955e-02 8.621794e-01
1.800000e-01 8.294955e-02 7.767169e-01
1.950000e-01 8.294955e-02 7.123309e-01
2.100000e-01 8.294955e-02 6.630021e-01
2.250000e-01 8.294955e-02 6.246176e-01
2.400000e-01 8.294955e-02 5.943312e-01
2.550000e-01 8.294955e-02 5.701451e-01
2.700000e-01 8.294955e-02 5.506387e-01
2.850000e-01 8.294955e-02 5.347879e-01
3.000000e-01 8.294955e-02 5.218415e-01
-3.000000e-01 9.661383e-02 4.855987e-01
-2.850000e-01 9.661383e-02 4.972281e-01
-2.700000e-01 9.661383e-02 5.114474e-01
-2.550000e-01 9.661383e-02 5.289177e-01
-2.400000e-01 9.661383e-02 5.505371e-01
-2.250000e-01 9.661383e-02 5.775452e-01
-2.100000e-01 9.661383e-02 6.116755e-01
-1.950000e-01 9.661383e-02 6.553810e-01
-1.800000e-01 9.661383e-02 7.121752e-01
-1.650000e-01 9.661383e-02 7.871461e-01
-1.500000e-01 9.661383e-02 8.877009e-01
-1.350000e-01 9.661383e-02 1.024542e+00
-1.200000e-01 9.661383e-02 1.212521e+00
-1.050000e-01 9.661383e-02 1.469632e+00
-9.000000e-02 9.661383e-02 1.807750e+00
-7.500000e-02 9.661383e-02 2.198329e+00
-6.000000e-02 9.661383e-02 2.502428e+00
-4.500000e-02 9.661383e-02 2.490204e+00
-3.000000e-02 9.661383e-02 2.160627e+00
-1.500000e-02 9.661383e-02 1.824628e+00
5.551115e-17 9.661383e-02 1.697934e+00
1.500000e-02 9.661383e-02 1.824628e+00
3.000000e-02 9.661383e-02 2.160627e+00
4.500000e-02 9.661383e-02 2.490204e+00
6.000000e-02 9.661383e-02 2.502428e+00
7.500000e-02 9.661383e-02 2.198329e+00
9.000000e-02 9.661383e-02 1.807750e+00
1.050000e-01 9.661383e-02 1.469632e+00
1.200000e-01 9.661383e-02 1.212521e+00
1.350000e-01 9.661383e-02 1.024542e+00
1.500000e-01 9.661383e-02 8.877009e-01
1.650000e-01 9.661383e-02 7.871461e-01
1.800000e-01 9.661383e-02 7.121752e-01
1.950000e-01 9.661383e-02 6.553810e-01
2.100000e-01 9.661383e-02 6.116755e-01
2.250000e-01 9.661383e-02 5.775452e-01
2.400000e-01 9.661383e-02 5.505371e-01
2.550000e-01 9.661383e-02 5.289177e-01
2.700000e-01 9.661383e-02 5.114474e-01
2.850000e-01 9.661383e-02 4.972281e-01
3.000000e-01 9.661383e-02 4.855987e-01
-3.000000e-01 1.102781e-01 4.529659e-01
-2.850000e-01 1.102781e-01 4.634492e-01
-2.700000e-01 1.102781e-01 4.762510e-01
-2.550000e-01 1.102781e-01 4.919560e-01
-2.400000e-01 1.102781e-01 5.113552e-01
-2.250000e-01 1.102781e-01 5.355358e-01
-2.100000e-01 1.102781e-01 5.660102e-01
-1.950000e-01 1.102781e-01 6.049040e-01
-1.800000e-01 1.102781e-01 6.552371e-01
-1.650000e-01 1.102781e-01 7.213379e-01
-1.500000e-01 1.102781e-01 8.094261e-01
-1.350000e-01 1.102781e-01 9.283349e-01
-1.200000e-01 1.102781e-01 1.090028e+00
-1.050000e-01 1.102781e-01 1.308387e+00
-9.000000e-02 1.102781e-01 1.591032e+00
-7.500000e-02 1.102781e-01 1.910965e+00
-6.000000e-02 1.102781e-01 2.151457e+00
-4.500000e-02 1.102781e-01 2.126955e+00
-3.000000e-02 1.102781e-01 1.843543e+00
-1.500000e-02 1.102781e-01 1.559708e+00
5.551115e-17 1.102781e-01 1.453011e+00
1.500000e-02 1.102781e-01 1.559708e+00
3.000000e-02 1.102781e-01 1.843543e+00
4.500000e-02 1.102781e-01 2.126955e+00
6.000000e-02 1.102781e-01 2.151457e+00
7.500000e-02 1.102781e-01 1.910965e+00
9.000000e-02 1.102781e-01 1.591032e+00
1.050000e-01 1.102781e-01 1.308387e+00
1.200000e-01 1.102781e-01 1.090028e+00
1.350000e-01 1.102781e-01 9.283349e-01
1.500000e-01 1.102781e-01 8.094261e-01
1.650000e-01 1.102781e-01 7.213379e-01
1.800000e-01 1.102781e-01 6.552371e-01
1.950000e-01 1.102781e-01 6.049040e-01
2.100000e-01 1.102781e-01 5.660102e-01
2.250000e-01 1.102781e-01 5.355358e-01
2.400000e-01 1.102781e-01 5.113552e-01
2.550000e-01 1.102781e-01 4.919560e-01
2.700000e-01 1.102781e-01 4.762510e-01
2.850000e-01 1.102781e-01 4.634492e-01
3.000000e-01 1.102781e-01 4.529659e-01
-3.000000e-01 1.239424e-01 4.234839e-01
-2.850000e-01 1.239424e-01 4.329655e-01
-2.700000e-01 1.239424e-01 4.445303e-01
-2.550000e-01 1.239424e-01 4.586975e-01
-2.400000e-01 1.239424e-01 4.761671e-01
-2.250000e-01 1.239424e-01 4.978973e-01
-2.100000e-01 1.239424e-01 5.252136e-01
-1.950000e-01 1.239424e-01 5.599680e-01
-1.800000e-01 1.239424e-01 6.047708e-01
-1.650000e-01 1.239424e-01 6.633265e-01
-1.500000e-01 1.239424e-01 7.408920e-01
-1.350000e-01 1.239424e-01 8.448088e-01
-1.200000e-01 1.239424e-01 9.847811e-01
-1.050000e-01 1.239424e-01 1.171570e+00
-9.000000e-02 1.239424e-01 1.409756e+00
-7.500000e-02 1.239424e-01 1.674094e+00
-6.000000e-02 1.239424e-01 1.865654e+00
-4.500000e-02 1.239424e-01 1.833156e+00
-3.000000e-02 1.239424e-01 1.587411e+00
-1.500000e-02 1.239424e-01 1.345403e+00
5.551115e-17 1.239424e-01 1.254697e+00
1.500000e-02 1.239424e-01 1.345403e+00
3.000000e-02 1.239424e-01 1.587411e+00
4.500000e-02 1.239424e-01 1.833156e+00
6.000000e-02 1.239424e-01 1.865654e+00
7.500000e-02 1.239424e-01 1.674094e+00
9.000000e-02 1.239424e-01 1.409756e+00
1.050000e-01 1.239424e-01 1.171570e+00
1.200000e-01 1.239424e-01 9.847811e-01
1.350000e-01 1.239424e-01 8.448088e-01
1.500000e-01 1.239424e-01 7.408920e-01
1.650000e-01 1.239424e-01 6.633265e-01
1.800000e-01 1.239424e-01 6.047708e-01
1.950000e-01 1.239424e-01 5.599680e-01
2.100000e-01 1.239424e-01 5.252136e-01
2.250000e-01 1.239424e-01 4.978973e-01
2.400000e-01 1.239424e-01 4.761671e-01
2.550000e-01 1.239424e-01 4.586975e-01
2.700000e-01 1.239424e-01 4.445303e-01
2.850000e-01 1.239424e-01 4.329655e-01
3.000000e-01 1.239424e-01 4.234839e-01
-3.000000e-01 1.376067e-01 3.967636e-01
-2.850000e-01 1.376067e-01 4.053659e-01
-2.700000e-01 1.376067e-01 4.158466e-01
-2.550000e-01 1.376067e-01 4.286686e-01
-2.400000e-01 1.376067e-01 4.444537e-01
-2.250000e-01 1.376067e-01 4.640501e-01
-2.100000e-01 1.376067e-01 4.886254e-01
-1.950000e-01 1.376067e-01 5.198007e-01
-1.800000e-01 1.376067e-01 5.598444e-01
-1.650000e-01 1.376067e-01 6.119453e-01
-1.500000e-01 1.376067e-01 6.805736e-01
-1.350000e-01 1.376067e-01 7.718714e-01
-1.200000e-01 1.376067e-01 8.937622e-01
-1.050000e-01 1.376067e-01 1.054621e+00
-9.000000e-02 1.376067e-01 1.256863e+00
-7.500000e-02 1.376067e-01 1.477075e+00
-6.000000e-02 1.376067e-01 1.630750e+00
-4.500000e-02 1.376067e-01 1.593346e+00
-3.000000e-02 1.376067e-01 1.378626e+00
-1.500000e-02 1.376067e-01 1.170450e+00
5.551115e-17 1.376067e-01 1.092643e+00
1.500000e-02 1.376067e-01 1.170450e+00
3.000000e-02 1.376067e-01 1.378626e+00
4.500000e-02 1.376067e-01 1.593346e+00
6.000000e-02 1.376067e-01 1.630750e+00
7.500000e-02 1.376067e-01 1.477075e+00
9.000000e-02 1.376067e-01 1.256863e+00
1.050000e-01 1.376067e-01 1.054621e+00
1.200000e-01 1.376067e-01 8.937622e-01
1.350000e-01 1.376067e-01 7.718714e-01
1.500000e-01 1.376067e-01 6.805736e-01
1.650000e-01 1.376067e-01 6.119453e-01
1.800000e-01 1.376067e-01 5.598444e-01
1.950000e-01 1.376067e-01 5.198007e-01
2.100000e-01 1.376067e-01 4.886254e-01
2.250000e-01 1.376067e-01 4.640501e-01
2.400000e-01 1.376067e-01 4.444537e-01
2.550000e-01 1.376067e-01 4.286686e-01
2.700000e-01 1.376067e-01 4.158466e-01
2.850000e-01 1.376067e-01 4.053659e-01
3.000000e-01 1.376067e-01 3.967636e-01
-3.000000e-01 1.512709e-01 3.724734e-01
-2.850000e-01 1.512709e-01 3.803010e-01
-2.700000e-01 1.512709e-01 3.898278e-01
-2.550000e-01 1.512709e-01 4.014680e-01
-2.400000e-01 1.512709e-01 4.157765e-01
-2.250000e-01 1.512709e-01 4.335069e-01
-2.100000e-01 1.512709e-01 4.556922e-01
-1.950000e-01 1.512709e-01 4.837582e-01
-1.800000e-01 1.512709e-01 5.196858e-01
-1.650000e-01 1.512709e-01 5.662347e-01
-1.500000e-01 1.512709e-01 6.272281e-01
-1.350000e-01 1.512709e-01 7.078366e-01
-1.200000e-01 1.512709e-01 8.145697e-01
-1.050000e-01 1.512709e-01 9.539646e-01
-9.000000e-02 1.512709e-01 1.126905e+00
-7.500000e-02 1.512709e-01 1.311788e+00
-6.000000e-02 1.512709e-01 1.435912e+00
-4.500000e-02 1.512709e-01 1.395781e+00
-3.000000e-02 1.512709e-01 1.206852e+00
-1.500000e-02 1.512709e-01 1.026297e+00
5.551115e-17 1.512709e-01 9.589922e-01
1.500000e-02 1.512709e-01 1.026297e+00
3.000000e-02 1.512709e-01 1.206852e+00
4.500000e-02 1.512709e-01 1.395781e+00
6.000000e-02 1.512709e-01 1.435912e+00
7.500000e-02 1.512709e-01 1.311788e+00
9.000000e-02 1.512709e-01 1.126905e+00
1.050000e-01 1.512709e-01 9.539646e-01
1.200000e-01 1.512709e-01 8.145697e-01
1.350000e-01 1.512709e-01 7.078366e-01
1.500000e-01 1.512709e-01 6.272281e-01
1.650000e-01 1.512709e-01 5.662347e-01
1.800000e-01 1.512709e-01 5.196858e-01
1.950000e-01 1.512709e-01 4.837582e-01
2.100000e-01 1.512709e-01 4.556922e-01
2.250000e-01 1.512709e-01 4.335069e-01
2.400000e-01 1.512709e-01 4.157765e-01
2.550000e-01 1.512709e-01 4.014680e-01
2.700000e-01 1.512709e-01 3.898278e-01
2.850000e-01 1.512709e-01 3.803010e-01
3.000000e-01 1.512709e-01 3.724734e-01
-3.000000e-01 1.649352e-01 3.503299e-01
-2.850000e-01 1.649352e-01 3.574723e-01
-2.700000e-01 1.649352e-01 3.661565e-01
-2.550000e-01 1.649352e-01 3.767547e-01
-2.400000e-01 1.649352e-01 3.897635e-01
-2.250000e-01 1.649352e-01 4.058553e-01
-2.100000e-01 1.649352e-01 4.259478e-01
-1.950000e-01 1.649352e-01 4.513005e-01
-1.800000e-01 1.649352e-01 4.836512e-01
-1.650000e-01 1.649352e-01 5.254003e-01
-1.500000e-01 1.649352e-01 5.798358e-01
-1.350000e-01 1.649352e-01 6.513351e-01
-1.200000e-01 1.649352e-01 7.452775e-01
-1.050000e-01 1.649352e-01 8.667762e-01
-9.000000e-02 1.649352e-01 1.015635e+00
-7.500000e-02 1.649352e-01 1.171994e+00
-6.000000e-02 1.649352e-01 1.272889e+00
-4.500000e-02 1.649352e-01 1.231545e+00
-3.000000e-02 1.649352e-01 1.064242e+00
-1.500000e-02 1.649352e-01 9.064495e-01
5.551115e-17 1.649352e-01 8.477752e-01
1.500000e-02 1.649352e-01 9.064495e-01
3.000000e-02 1.649352e-01 1.064242e+00
4.500000e-02 1.649352e-01 1.231545e+00
6.000000e-02 1.649352e-01 1.272889e+00
7.500000e-02 1.649352e-01 1.171994e+00
9.000000e-02 1.649352e-01 1.015635e+00
1.050000e-01 1.649352e-01 8.667762e-01
1.200000e-01 1.649352e-01 7.452775e-01
1.350000e-01 1.649352e-01 6.513351e-01
1.500000e-01 1.649352e-01 5.798358e-01
1.650000e-01 1.649352e-01 5.254003e-01
1.800000e-01 1.649352e-01 4.836512e-01
1.950000e-01 1.649352e-01 4.513005e-01
2.100000e-01 1.649352e-01 4.259478e-01
2.250000e-01 1.649352e-01 4.058553e-01
2.400000e-01 1.649352e-01 3.897635e-01
2.550000e-01 1.649352e-01 3.767547e-01
2.700000e-01 1.649352e-01 3.661565e-01
2.850000e-01 1.649352e-01 3.574723e-01
3.000000e-01 1.649352e-01 3.503299e-01
-3.000000e-01 1.785995e-01 3.300891e-01
-2.850000e-01 1.785995e-01 3.366235e-01
-2.700000e-01 1.785995e-01 3.445609e-01
-2.550000e-01 1.785995e-01 3.542367e-01
-2.400000e-01 1.785995e-01 3.660973e-01
-2.250000e-01 1.785995e-01 3.807448e-01
-2.100000e-01 1.785995e-01 3.989973e-01
-1.950000e-01 1.785995e-01 4.219721e-01
-1.800000e-01 1.785995e-01 4.512007e-01
-1.650000e-01 1.785995e-01 4.887806e-01
-1.500000e-01 1.785995e-01 5.375539e-01
-1.350000e-01 1.785995e-01 6.012473e-01
-1.200000e-01 1.785995e-01 6.843292e-01
-1.050000e-01 1.785995e-01 7.908036e-01
-9.000000e-02 1.785995e-01 9.197222e-01
-7.500000e-02 1.785995e-01 1.052860e+00
-6.000000e-02 1.785995e-01 1.135354e+00
-4.500000e-02 1.785995e-01 1.093833e+00
-3.000000e-02 1.785995e-01 9.448137e-01
-1.500000e-02 1.785995e-01 8.059502e-01
5.551115e-17 1.785995e-01 7.544343e-01
1.500000e-02 1.785995e-01 8.059502e-01
3.000000e-02 1.785995e-01 9.448137e-01
4.500000e-02 1.785995e-01 1.093833e+00
6.000000e-02 1.785995e-01 1.135354e+00
7.500000e-02 1.785995e-01 1.052860e+00
9.000000e-02 1.785995e-01 9.197222e-01
1.050000e-01 1.785995e-01 7.908036e-01
1.200000e-01 1.785995e-01 6.843292e-01
1.350000e-01 1.785995e-01 6.012473e-01
1.500000e-01 1.785995e-01 5.375539e-01
1.650000e-01 1.785995e-01 4.887806e-01
1.800000e-01 1.785995e-01 4.512007e-01
1.950000e-01 1.785995e-01 4.219721e-01
2.100000e-01 1.785995e-01 3.989973e-01
2.250000e-01 1.785995e-01 3.807448e-01
2.400000e-01 1.785995e-01 3.660973e-01
2.550000e-01 1.785995e-01 3.542367e-01
2.700000e-01 1.785995e-01 3.445609e-01
2.850000e-01 1.785995e-01 3.366235e-01
3.000000e-01 1.785995e-01 3.300891e-01
-3.000000e-01 1.922638e-01 3.115409e-01
-2.850000e-01 1.922638e-01 3.175337e-01
-2.700000e-01 1.922638e-01 3.248070e-01
-2.550000e-01 1.922638e-01 3.336637e-01
-2.400000e-01 1.922638e-01 3.445063e-01
-2.250000e-01 1.922638e-01 3.578758e-01
-2.100000e-01 1.922638e-01 3.745044e-01
-1.950000e-01 1.922638e-01 3.953870e-01
-1.800000e-01 1.922638e-01 4.218788e-01
-1.650000e-01 1.922638e-01 4.558210e-01
-1.500000e-01 1.922638e-01 4.996821e-01
-1.350000e-01 1.922638e-01 5.566507e-01
-1.200000e-01 1.922638e-01 6.304575e-01
-1.050000e-01 1.922638e-01 7.242368e-01
-9.000000e-02 1.922638e-01 8.365246e-01
-7.500000e-02 1.922638e-01 9.506124e-01
-6.000000e-02 1.922638e-01 1.018420e+00
-4.500000e-02 1.922638e-01 9.774216e-01
-3.000000e-02 1.922638e-01 8.439777e-01
-1.500000e-02 1.922638e-01 7.209921e-01
5.551115e-17 1.922638e-01 6.754655e-01
1.500000e-02 1.922638e-01 7.209921e-01
3.000000e-02 1.922638e-01 8.439777e-01
4.500000e-02 1.922638e-01 9.774216e-01
6.000000e-02 1.922638e-01 1.018420e+00
7.500000e-02 1.922638e-01 9.506124e-01
9.000000e-02 1.922638e-01 8.365246e-01
1.050000e-01 1.922638e-01 7.242368e-01
1.200000e-01 1.922638e-01 6.304575e-01
1.350000e-01 1.922638e-01 5.566507e-01
1.500000e-01 1.922638e-01 4.996821e-01
1.650000e-01 1.922638e-01 4.558210e-01
1.800000e-01 1.922638e-01 4.218788e-01
1.950000e-01 1.922638e-01 3.953870e-01
2.100000e-01 1.922638e-01 3.745044e-01
2.250000e-01 1.922638e-01 3.578758e-01
2.400000e-01 1.922638e-01 3.445063e-01
2.550000e-01 1.922638e-01 3.336637e-01
2.700000e-01 1.922638e-01 3.248070e-01
2.850000e-01 1.922638e-01 3.175337e-01
3.000000e-01 1.922638e-01 3.115409e-01
-3.000000e-01 2.059281e-01 2.945028e-01
-2.850000e-01 2.059281e-01 3.000120e-01
-2.700000e-01 2.059281e-01 3.066927e-01
-2.550000e-01 2.059281e-01 3.148195e-01
-2.400000e-01 2.059281e-01 3.247565e-01
-2.250000e-01 2.059281e-01 3.369914e-01
-2.100000e-01 2.059281e-01 3.521816e-01
-1.950000e-01 2.059281e-01 3.712165e-01
-1.800000e-01 2.059281e-01 3.952998e-01
-1.650000e-01 2.059281e-01 4.260545e-01
-1.500000e-01 2.059281e-01 4.656343e-01
-1.350000e-01 2.059281e-01 5.167809e-01
-1.200000e-01 2.059281e-01 5.826233e-01
-1.050000e-01 2.059281e-01 6.656104e-01
-9.000000e-02 2.059281e-01 7.639340e-01
-7.500000e-02 2.059281e-01 8.622783e-01
-6.000000e-02 2.059281e-01 9.182805e-01
-4.500000e-02 2.059281e-01 8.782642e-01
-3.000000e-02 2.059281e-01 7.581848e-01
-1.500000e-02 2.059281e-01 6.486270e-01
5.551115e-17 2.059281e-01 6.081530e-01
1.500000e-02 2.059281e-01 6.486270e-01
3.000000e-02 2.059281e-01 7.581848e-01
4.500000e-02 2.059281e-01 8.782642e-01
6.000000e-02 2.059281e-01 9.182805e-01
7.500000e-02 2.059281e-01 8.622783e-01
9.000000e-02 2.059281e-01 7.639340e-01
1.050000e-01 2.059281e-01 6.656104e-01
1.200000e-01 2.059281e-01 5.826233e-01
1.350000e-01 2.059281e-01 5.167809e-01
1.500000e-01 2.059281e-01 4.656343e-01
1.650000e-01 2.059281e-01 4.260545e-01
1.800000e-01 2.059281e-01 3.952998e-01
1.950000e-01 2.059281e-01 3.712165e-01
2.100000e-01 2.059281e-01 3.521816e-01
2.250000e-01 2.059281e-01 3.369914e-01
2.400000e-01 2.059281e-01 3.247565e-01
2.550000e-01 2.059281e-01 3.148195e-01
2.700000e-01 2.059281e-01 3.066927e-01
2.850000e-01 2.059281e-01 3.000120e-01
3.000000e-01 2.059281e-01 2.945028e-01
-3.000000e-01 2.195923e-01 2.788164e-01
-2.850000e-01 2.195923e-01 2.838923e-01
-2.700000e-01 2.195923e-01 2.900426e-01
-2.550000e-01 2.195923e-01 2.975171e-01
-2.400000e-01 2.195923e-01 3.066459e-01
-2.250000e-01 2.195923e-01 3.178701e-01
-2.100000e-01 2.195923e-01 3.317820e-01
-1.950000e-01 2.195923e-01 3.491791e-01
-1.800000e-01 2.195923e-01 3.711348e-01
-1.650000e-01 2.195923e-01 3.990854e-01
-1.500000e-01 2.195923e-01 4.349180e-01
-1.350000e-01 2.195923e-01 4.810005e-01
-1.200000e-01 2.195923e-01 5.399686e-01
-1.050000e-01 2.195923e-01 6.137289e-01
-9.000000e-02 2.195923e-01 7.002529e-01
-7.500000e-02 2.195923e-01 7.854955e-01
-6.000000e-02 2.195923e-01 8.319440e-01
-4.500000e-02 2.195923e-01 7.932031e-01
-3.000000e-02 2.195923e-01 6.846677e-01
-1.500000e-02 2.195923e-01 5.865527e-01
5.551115e-17 2.195923e-01 5.503746e-01
1.500000e-02 2.195923e-01 5.865527e-01
3.000000e-02 2.195923e-01 6.846677e-01
4.500000e-02 2.195923e-01 7.932031e-01
6.000000e-02 2.195923e-01 8.319440e-01
7.500000e-02 2.195923e-01 7.854955e-01
9.000000e-02 2.195923e-01 7.002529e-01
1.050000e-01 2.195923e-01 6.137289e-01
1.200000e-01 2.195923e-01 5.399686e-01
1.350000e-01 2.195923e-01 4.810005e-01
1.500000e-01 2.195923e-01 4.349180e-01
1.650000e-01 2.195923e-01 3.990854e-01
1.800000e-01 2.195923e-01 3.711348e-01
1.950000e-01 2.195923e-01 3.491791e-01
2.100000e-01 2.195923e-01 3.317820e-01
2.250000e-01 2.195923e-01 3.178701e-01
2.400000e-01 2.195923e-01 3.066459e-01
2.550000e-01 2.195923e-01 2.975171e-01
2.700000e-01 2.195923e-01 2.900426e-01
2.850000e-01 2.195923e-01 2.838923e-01
3.000000e-01 2.195923e-01 2.788164e-01
-3.000000e-01 2.332566e-01 2.643432e-01
-2.850000e-01 2.332566e-01 2.690298e-01
-2.700000e-01 2.332566e-01 2.747041e-01
-2.550000e-01 2.332566e-01 2.815938e-01
-2.400000e-01 2.332566e-01 2.899992e-01
-2.250000e-01 2.332566e-01 3.003203e-01
-2.100000e-01 2.332566e-01 3.130924e-01
-1.950000e-01 2.332566e-01 3.290330e-01
-1.800000e-01 2.332566e-01 3.491025e-01
-1.650000e-01 2.332566e-01 3.745769e-01
-1.500000e-01 2.332566e-01 4.071163e-01
-1.350000e-01 2.332566e-01 4.487746e-01
-1.200000e-01 2.332566e-01 5.017808e-01
-1.050000e-01 2.332566e-01 5.676102e-01
-9.000000e-02 2.332566e-01 6.441042e-01
-7.500000e-02 2.332566e-01 7.183726e-01
-6.000000e-02 2.332566e-01 7.570411e-01
-4.500000e-02 2.332566e-01 7.197518e-01
-3.000000e-02 2.332566e-01 6.212501e-01
-1.500000e-02 2.332566e-01 5.329563e-01
5.551115e-17 2.332566e-01 5.004571e-01
1.500000e-02 2.332566e-01 5.329563e-01
3.000000e-02 2.332566e-01 6.212501e-01
4.500000e-02 2.332566e-01 7.197518e-01
6.000000e-02 2.332566e-01 7.570411e-01
7.500000e-02 2.332566e-01 7.183726e-01
9.000000e-02 2.332566e-01 6.441042e-01
1.050000e-01 2.332566e-01 5.676102e-01
1.200000e-01 2.332566e-01 5.017808e-01
1.350000e-01 2.332566e-01 4.487746e-01
1.500000e-01 2.332566e-01 4.071163e-01
1.650000e-01 2.332566e-01 3.745769e-01
1.800000e-01 2.332566e-01 3.491025e-01
1.950000e-01 2.332566e-01 3.290330e-01
2.100000e-01 2.332566e-01 3.130924e-01
2.250000e-01 2.332566e-01 3.003203e-01
2.400000e-01 2.332566e-01 2.899992e-01
2.550000e-01 2.332566e-01 2.815938e-01
2.700000e-01 2.332566e-01 2.747041e-01
2.850000e-01 2.332566e-01 2.690298e-01
3.000000e-01 2.332566e-01 2.643432e-01
-3.000000e-01 2.469209e-01 2.509621e-01
-2.850000e-01 2.469209e-01 2.552979e-01
-2.700000e-01 2.469209e-01 2.605438e-01
-2.550000e-01 2.469209e-01 2.669078e-01
-2.400000e-01 2.469209e-01 2.746638e-01
-2.250000e-01 2.469209e-01 2.841755e-01
-2.100000e-01 2.469209e-01 2.959281e-01
-1.950000e-01 2.469209e-01 3.105692e-01
-1.800000e-01 2.469209e-01 3.289610e-01
-1.650000e-01 2.469209e-01 3.522409e-01
-1.500000e-01 2.469209e-01 3.818751e-01
-1.350000e-01 2.469209e-01 4.196523e-01
-1.200000e-01 2.469209e-01 4.674642e-01
-1.050000e-01 2.469209e-01 5.264424e-01
-9.000000e-02 2.469209e-01 5.943629e-01
-7.500000e-02 2.469209e-01 6.593825e-01
-6.000000e-02 2.469209e-01 6.916784e-01
-4.500000e-02 2.469209e-01 6.559358e-01
-3.000000e-02 2.469209e-01 5.662058e-01
-1.500000e-02 2.469209e-01 4.863979e-01
5.551115e-17 2.469209e-01 4.570706e-01
1.500000e-02 2.469209e-01 4.863979e-01
3.000000e-02 2.469209e-01 5.662058e-01
4.500000e-02 2.469209e-01 6.559358e-01
6.000000e-02 2.469209e-01 6.916784e-01
7.500000e-02 2.469209e-01 6.593825e-01
9.000000e-02 2.469209e-01 5.943629e-01
1.050000e-01 2.469209e-01 5.264424e-01
1.200000e-01 2.469209e-01 4.674642e-01
1.350000e-01 2.469209e-01 4.196523e-01
1.500000e-01 2.469209e-01 3.818751e-01
1.650000e-01 2.469209e-01 3.522409e-01
1.800000e-01 2.469209e-01 3.289610e-01
1.950000e-01 2.469209e-01 3.105692e-01
2.100000e-01 2.469209e-01 2.959281e-01
2.250000e-01 2.469209e-01 2.841755e-01
2.400000e-01 2.469209e-01 2.746638e-01
2.550000e-01 2.469209e-01 2.669078e-01
2.700000e-01 2.469209e-01 2.605438e-01
2.850000e-01 2.469209e-01 2.552979e-01
3.000000e-01 2.469209e-01 2.509621e-01
-3.000000e-01 2.605852e-01 2.385663e-01
-2.850000e-01 2.605852e-01 2.425855e-01
-2.700000e-01 2.605852e-01 2.474447e-01
-2.550000e-01 2.605852e-01 2.533349e-01
-2.400000e-01 2.605852e-01 2.605063e-01
-2.250000e-01 2.605852e-01 2.692905e-01
-2.100000e-01 2.605852e-01 2.801287e-01
-1.950000e-01 2.605852e-01 2.936069e-01
-1.800000e-01 2.605852e-01 3.105016e-01
-1.650000e-01 2.605852e-01 3.318302e-01
-1.500000e-01 2.605852e-01 3.588921e-01
-1.350000e-01 2.605852e-01 3.932511e-01
-1.200000e-01 2.605852e-01 4.365181e-01
-1.050000e-01 2.605852e-01 4.895498e-01
-9.000000e-02 2.605852e-01 5.501032e-01
-7.500000e-02 2.605852e-01 6.072834e-01
-6.000000e-02 2.605852e-01 6.343314e-01
-4.500000e-02 2.605852e-01 6.001746e-01
-3.000000e-02 2.605852e-01 5.181546e-01
-1.500000e-02 2.605852e-01 4.457245e-01
5.551115e-17 2.605852e-01 4.191494e-01
1.500000e-02 2.605852e-01 4.457245e-01
3.000000e-02 2.605852e-01 5.181546e-01
4.500000e-02 2.605852e-01 6.001746e-01
6.000000e-02 2.605852e-01 6.343314e-01
7.500000e-02 2.605852e-01 6.072834e-01
9.000000e-02 2.605852e-01 5.501032e-01
1.050000e-01 2.605852e-01 4.895498e-01
1.200000e-01 2.605852e-01 4.365181e-01
1.350000e-01 2.605852e-01 3.932511e-01
1.500000e-01 2.605852e-01 3.588921e-01
1.650000e-01 2.605852e-01 3.318302e-01
1.800000e-01 2.605852e-01 3.105016e-01
1.950000e-01 2.605852e-01 2.936069e-01
2.100000e-01 2.605852e-01 2.801287e-01
2.250000e-01 2.605852e-01 2.692905e-01
2.400000e-01 2.605852e-01 2.605063e-01
2.550000e-01 2.605852e-01 2.533349e-01
2.700000e-01 2.605852e-01 2.474447e-01
2.850000e-01 2.605852e-01 2.425855e-01
3.000000e-01 2.605852e-01 2.385663e-01
-3.000000e-01 2.742495e-01 2.270621e-01
-2.850000e-01 2.742495e-01 2.307944e-01
-2.700000e-01 2.742495e-01 2.353040e-01
-2.550000e-01 2.742495e-01 2.407660e-01
-2.400000e-01 2.742495e-01 2.474097e-01
-2.250000e-01 2.742495e-01 2.555385e-01
-2.100000e-01 2.742495e-01 2.655541e-01
-1.950000e-01 2.742495e-01 2.779887e-01
-1.800000e-01 2.742495e-01 2.935434e-01
-1.650000e-01 2.742495e-01 3.131312e-01
-1.500000e-01 2.742495e-01 3.379078e-01
-1.350000e-01 2.742495e-01 3.692453e-01
-1.200000e-01 2.742495e-01 4.085195e-01
-1.050000e-01 2.742495e-01 4.563667e-01
-9.000000e-02 2.742495e-01 5.105586e-01
-7.500000e-02 2.742495e-01 5.610582e-01
-6.000000e-02 2.742495e-01 5.837631e-01
-4.500000e-02 2.742495e-01 5.511928e-01
-3.000000e-02 2.742495e-01 4.759841e-01
-1.500000e-02 2.742495e-01 4.100056e-01
5.551115e-17 2.742495e-01 3.858326e-01
1.500000e-02 2.742495e-01 4.100056e-01
3.000000e-02 2.742495e-01 4.759841e-01
4.500000e-02 2.742495e-01 5.511928e-01
6.000000e-02 2.742495e-01 5.837631e-01
7.500000e-02 2.742495e-01 5.610582e-01
9.000000e-02 2.742495e-01 5.105586e-01
1.050000e-01 2.742495e-01 4.563667e-01
1.200000e-01 2.742495e-01 4.085195e-01
1.350000e-01 2.742495e-01 3.692453e-01
1.500000e-01 2.742495e-01 3.379078e-01
1.650000e-01 2.742495e-01 3.131312e-01
1.800000e-01 2.742495e-01 2.935434e-01
1.950000e-01 2.742495e-01 2.779887e-01
2.100000e-01 2.742495e-01 2.655541e-01
2.250000e-01 2.742495e-01 2.555385e-01
2.400000e-01 2.742495e-01 2.474097e-01
2.550000e-01 2.742495e-01 2.407660e-01
2.700000e-01 2.742495e-01 2.353040e-01
2.850000e-01 2.742495e-01 2.307944e-01
3.000000e-01 2.742495e-01 2.270621e-01
-3.000000e-01 2.879137e-01 2.163664e-01
-2.850000e-01 2.879137e-01 2.198384e-01
-2.700000e-01 2.879137e-01 2.240308e-01
-2.550000e-01 2.879137e-01 2.291049e-01
-2.400000e-01 2.879137e-01 2.352713e-01
-2.250000e-01 2.879137e-01 2.428079e-01
-2.100000e-01 2.879137e-01 2.520817e-01
-1.950000e-01 2.879137e-01 2.635770e-01
-1.800000e-01 2.879137e-01 2.779289e-01
-1.650000e-01 2.879137e-01 2.959591e-01
-1.500000e-01 2.879137e-01 3.186988e-01
-1.350000e-01 2.879137e-01 3.473559e-01
-1.200000e-01 2.879137e-01 3.831091e-01
-1.050000e-01 2.879137e-01 4.264173e-01
-9.000000e-02 2.879137e-01 4.750902e-01
-7.500000e-02 2.879137e-01 5.198679e-01
-6.000000e-02 2.879137e-01 5.389625e-01
-4.500000e-02 2.879137e-01 5.079535e-01
-3.000000e-02 2.879137e-01 4.387908e-01
-1.500000e-02 2.879137e-01 3.784846e-01
5.551115e-17 2.879137e-01 3.564198e-01
1.500000e-02 2.879137e-01 3.784846e-01
3.000000e-02 2.879137e-01 4.387908e-01
4.500000e-02 2.879137e-01 5.079535e-01
6.000000e-02 2.879137e-01 5.389625e-01
7.500000e-02 2.879137e-01 5.198679e-01
9.000000e-02 2.879137e-01 4.750902e-01
1.050000e-01 2.879137e-01 4.264173e-01
1.200000e-01 2.879137e-01 3.831091e-01
1.350000e-01 2.879137e-01 3.473559e-01
1.500000e-01 2.879137e-01 3.186988e-01
1.650000e-01 2.879137e-01 2.959591e-01
1.800000e-01 2.879137e-01 2.779289e-01
1.950000e-01 2.879137e-01 2.635770e-01
2.100000e-01 2.879137e-01 2.520817e-01
2.250000e-01 2.879137e-01 2.428079e-01
2.400000e-01 2.879137e-01 2.352713e-01
2.550000e-01 2.879137e-01 2.291049e-01
2.700000e-01 2.879137e-01 2.240308e-01
2.850000e-01 2.879137e-01 2.198384e-01
3.000000e-01 2.879137e-01 2.163664e-01
-3.000000e-01 3.015780e-01 2.064054e-01
-2.850000e-01 3.015780e-01 2.096407e-01
-2.700000e-01 3.015780e-01 2.135450e-01
-2.550000e-01 3.015780e-01 2.182669e-01
-2.400000e-01 3.015780e-01 2.240003e-01
-2.250000e-01 3.015780e-01 2.310005e-01
-2.100000e-01 3.015780e-01 2.396036e-01
-1.950000e-01 3.015780e-01 2.502514e-01
-1.800000e-01 3.015780e-01 2.635206e-01
-1.650000e-01 3.015780e-01 2.801531e-01
-1.500000e-01 3.015780e-01 3.010717e-01
-1.350000e-01 3.015780e-01 3.273433e-01
-1.200000e-01 3.015780e-01 3.599801e-01
-1.050000e-01 3.015780e-01 3.992986e-01
-9.000000e-02 3.015780e-01 4.431627e-01
-7.500000e-02 3.015780e-01 4.830164e-01
-6.000000e-02 3.015780e-01 4.990974e-01
-4.500000e-02 3.015780e-01 4.696078e-01
-3.000000e-02 3.015780e-01 4.058358e-01
-1.500000e-02 3.015780e-01 3.505420e-01
5.551115e-17 3.015780e-01 3.303370e-01
1.500000e-02 3.015780e-01 3.505420e-01
3.000000e-02 3.015780e-01 4.058358e-01
4.500000e-02 3.015780e-01 4.696078e-01
6.000000e-02 3.015780e-01 4.990974e-01
7.500000e-02 3.015780e-01 4.830164e-01
9.000000e-02 3.015780e-01 4.431627e-01
1.050000e-01 3.015780e-01 3.992986e-01
1.200000e-01 3.015780e-01 3.599801e-01
1.350000e-01 3.015780e-01 3.273433e-01
1.500000e-01 3.015780e-01 3.010717e-01
1.650000e-01 3.015780e-01 2.801531e-01
1.800000e-01 3.015780e-01 2.635206e-01
1.950000e-01 3.015780e-01 2.502514e-01
2.100000e-01 3.015780e-01 2.396036e-01
2.250000e-01 3.015780e-01 2.310005e-01
2.400000e-01 3.015780e-01 2.240003e-01
2.550000e-01 3.015780e-01 2.182669e-01
2.700000e-01 3.015780e-01 2.135450e-01
2.850000e-01 3.015780e-01 2.096407e-01
3.000000e-01 3.015780e-01 2.064054e-01
-3.000000e-01 3.152423e-01 1.971138e-01
-2.850000e-01 3.152423e-01 2.001333e-01
-2.700000e-01 3.152423e-01 2.037750e-01
-2.550000e-01 3.152423e-01 2.081764e-01
-2.400000e-01 3.152423e-01 2.135164e-01
-2.250000e-01 3.152423e-01 2.200297e-01
-2.100000e-01 3.152423e-01 2.280249e-01
-1.950000e-01 3.152423e-01 2.379060e-01
-1.800000e-01 3.152423e-01 2.501983e-01
-1.650000e-01 3.152423e-01 2.655730e-01
-1.500000e-01 3.152423e-01 2.848586e-01
-1.350000e-01 3.152423e-01 3.090004e-01
-1.200000e-01 3.152423e-01 3.388696e-01
-1.050000e-01 3.152423e-01 3.746681e-01
-9.000000e-02 3.152423e-01 4.143249e-01
-7.500000e-02 3.152423e-01 4.499223e-01
-6.000000e-02 3.152423e-01 4.634787e-01
-4.500000e-02 3.152423e-01 4.354559e-01
-3.000000e-02 3.152423e-01 3.765102e-01
-1.500000e-02 3.152423e-01 3.256669e-01
5.551115e-17 3.152423e-01 3.071105e-01
1.500000e-02 3.152423e-01 3.256669e-01
3.000000e-02 3.152423e-01 3.765102e-01
4.500000e-02 3.152423e-01 4.354559e-01
6.000000e-02 3.152423e-01 4.634787e-01
7.500000e-02 3.152423e-01 4.499223e-01
9.000000e-02 3.152423e-01 4.143249e-01
1.050000e-01 3.152423e-01 3.746681e-01
1.200000e-01 3.152423e-01 3.388696e-01
1.350000e-01 3.152423e-01 3.090004e-01
1.500000e-01 3.152423e-01 2.848586e-01
1.650000e-01 3.152423e-01 2.655730e-01
1.800000e-01 3.152423e-01 2.501983e-01
1.950000e-01 3.152423e-01 2.379060e-01
2.100000e-01 3.152423e-01 2.280249e-01
2.250000e-01 3.152423e-01 2.200297e-01
2.400000e-01 3.152423e-01 2.135164e-01
2.550000e-01 3.152423e-01 2.081764e-01
2.700000e-01 3.152423e-01 2.037750e-01
2.850000e-01 3.152423e-01 2.001333e-01
3.000000e-01 3.152423e-01 1.971138e-01
-3.000000e-01 3.289066e-01 1.884331e-01
-2.850000e-01 3.289066e-01 1.912554e-01
-2.700000e-01 3.289066e-01 1.946576e-01
-2.550000e-01 3.289066e-01 1.987668e-01
-2.400000e-01 3.289066e-01 2.037483e-01
-2.250000e-01 3.289066e-01 2.098186e-01
-2.100000e-01 3.289066e-01 2.172616e-01
-1.950000e-01 3.289066e-01 2.264476e-01
-1.800000e-01 3.289066e-01 2.378560e-01
-1.650000e-01 3.289066e-01 2.520959e-01
-1.500000e-01 3.289066e-01 2.699133e-01
-1.350000e-01 3.289066e-01 2.921479e-01
-1.200000e-01 3.289066e-01 3.195512e-01
-1.050000e-01 3.289066e-01 3.522331e-01
-9.000000e-02 3.289066e-01 3.881946e-01
-7.500000e-02 3.289066e-01 4.200976e-01
-6.000000e-02 3.289066e-01 4.315320e-01
-4.500000e-02 3.289066e-01 4.049173e-01
-3.000000e-02 3.289066e-01 3.503098e-01
-1.500000e-02 3.289066e-01 3.034356e-01
5.551115e-17 3.289066e-01 2.863471e-01
1.500000e-02 3.289066e-01 3.034356e-01
3.000000e-02 3.289066e-01 3.503098e-01
4.500000e-02 3.289066e-01 4.049173e-01
6.000000e-02 3.289066e-01 4.315320e-01
7.500000e-02 3.289066e-01 4.200976e-01
9.000000e-02 3.289066e-01 3.881946e-01
1.050000e-01 3.289066e-01 3.522331e-01
1.200000e-01 3.289066e-01 3.195512e-01
1.350000e-01 3.289066e-01 2.921479e-01
1.500000e-01 3.289066e-01 2.699133e-01
1.650000e-01 3.289066e-01 2.520959e-01
1.800000e-01 3.289066e-01 2.378560e-01
1.950000e-01 3.289066e-01 2.264476e-01
2.100000e-01 3.289066e-01 2.172616e-01
2.250000e-01 3.289066e-01 2.098186e-01
2.400000e-01 3.289066e-01 2.037483e-01
2.550000e-01 3.289066e-01 1.987668e-01
2.700000e-01 3.289066e-01 1.946576e-01
2.850000e-01 3.289066e-01 1.912554e-01
3.000000e-01 3.289066e-01 1.884331e-01
-3.000000e-01 3.425709e-01 1.803111e-01
-2.850000e-01 3.425709e-01 1.829531e-01
-2.700000e-01 3.425709e-01 1.861361e-01
-2.550000e-01 3.425709e-01 1.899783e-01
-2.400000e-01 3.425709e-01 1.946325e-01
-2.250000e-01 3.425709e-01 2.002990e-01
-2.100000e-01 3.425709e-01 2.072392e-01
-1.950000e-01 3.425709e-01 2.157936e-01
-1.800000e-01 3.425709e-01 2.264004e-01
-1.650000e-01 3.425709e-01 2.396140e-01
-1.500000e-01 3.425709e-01 2.561076e-01
-1.350000e-01 3.425709e-01 2.766295e-01
-1.200000e-01 3.425709e-01 3.018291e-01
-1.050000e-01 3.425709e-01 3.317424e-01
-9.000000e-02 3.425709e-01 3.644464e-01
-7.500000e-02 3.425709e-01 3.931299e-01
-6.000000e-02 3.425709e-01 4.027757e-01
-4.500000e-02 3.425709e-01 3.775072e-01
-3.000000e-02 3.425709e-01 3.268138e-01
-1.500000e-02 3.425709e-01 2.834942e-01
5.551115e-17 3.425709e-01 2.677183e-01
1.500000e-02 3.425709e-01 2.834942e-01
3.000000e-02 3.425709e-01 3.268138e-01
4.500000e-02 3.425709e-01 3.775072e-01
6.000000e-02 3.425709e-01 4.027757e-01
7.500000e-02 3.425709e-01 3.931299e-01
9.000000e-02 3.425709e-01 3.644464e-01
1.050000e-01 3.425709e-01 3.317424e-01
1.200000e-01 3.425709e-01 3.018291e-01
1.350000e-01 3.425709e-01 2.766295e-01
1.500000e-01 3.425709e-01 2.561076e-01
1.650000e-01 3.425709e-01 2.396140e-01
1.800000e-01 3.425709e-01 2.264004e-01
1.950000e-01 3.425709e-01 2.157936e-01
2.100000e-01 3.425709e-01 2.072392e-01
2.250000e-01 3.425709e-01 2.002990e-01
2.400000e-01 3.425709e-01 1.946325e-01
2.550000e-01 3.425709e-01 1.899783e-01
2.700000e-01 3.425709e-01 1.861361e-01
2.850000e-01 3.425709e-01 1.829531e-01
3.000000e-01 3.425709e-01 1.803111e-01
-3.000000e-01 3.562351e-01 1.727011e-01
-2.850000e-01 3.562351e-01 1.751777e-01
-2.700000e-01 3.562351e-01 1.781600e-01
-2.550000e-01 3.562351e-01 1.817576e-01
-2.400000e-01 3.562351e-01 1.861126e-01
-2.250000e-01 3.562351e-01 1.914101e-01
-2.100000e-01 3.562351e-01 1.978917e-01
-1.950000e-01 3.562351e-01 2.058707e-01
-1.800000e-01 3.562351e-01 2.157490e-01
-1.650000e-01 3.562351e-01 2.280322e-01
-1.500000e-01 3.562351e-01 2.433293e-01
-1.350000e-01 3.562351e-01 2.623090e-01
-1.200000e-01 3.562351e-01 2.855334e-01
-1.050000e-01 3.562351e-01 3.129794e-01
-9.000000e-02 3.562351e-01 3.428017e-01
-7.500000e-02 3.562351e-01 3.686695e-01
-6.000000e-02 3.562351e-01 3.768040e-01
-4.500000e-02 3.562351e-01 3.528189e-01
-3.000000e-02 3.562351e-01 3.056691e-01
-1.500000e-02 3.562351e-01 2.655455e-01
5.551115e-17 3.562351e-01 2.509483e-01
1.500000e-02 3.562351e-01 2.655455e-01
3.000000e-02 3.562351e-01 3.056691e-01
4.500000e-02 3.562351e-01 3.528189e-01
6.000000e-02 3.562351e-01 3.768040e-01
7.500000e-02 3.562351e-01 3.686695e-01
9.000000e-02 3.562351e-01 3.428017e-01
1.050000e-01 3.562351e-01 3.129794e-01
1.200000e-01 3.562351e-01 2.855334e-01
1.350000e-01 3.562351e-01 2.623090e-01
1.500000e-01 3.562351e-01 2.433293e-01
1.650000e-01 3.562351e-01 2.280322e-01
1.800000e-01 3.562351e-01 2.157490e-01
1.950000e-01 3.562351e-01 2.058707e-01
2.100000e-01 3.562351e-01 1.978917e-01
2.250000e-01 3.562351e-01 1.914101e-01
2.400000e-01 3.562351e-01 1.861126e-01
2.550000e-01 3.562351e-01 1.817576e-01
2.700000e-01 3.562351e-01 1.781600e-01
2.850000e-01 3.562351e-01 1.751777e-01
3.000000e-01 3.562351e-01 1.727011e-01
-3.000000e-01 3.698994e-01 1.655611e-01
-2.850000e-01 3.698994e-01 1.678858e-01
-2.700000e-01 3.698994e-01 1.706838e-01
-2.550000e-01 3.698994e-01 1.740572e-01
-2.400000e-01 3.698994e-01 1.781379e-01
-2.250000e-01 3.698994e-01 1.830977e-01
-2.100000e-01 3.698994e-01 1.891600e-01
-1.950000e-01 3.698994e-01 1.966139e-01
-1.800000e-01 3.698994e-01 2.058287e-01
-1.650000e-01 3.698994e-01 2.172664e-01
-1.500000e-01 3.698994e-01 2.314795e-01
-1.350000e-01 3.698994e-01 2.490669e-01
-1.200000e-01 3.698994e-01 2.705161e-01
-1.050000e-01 3.698994e-01 2.957565e-01
-9.000000e-02 3.698994e-01 3.230215e-01
-7.500000e-02 3.698994e-01 3.464180e-01
-6.000000e-02 3.698994e-01 3.532730e-01
-4.500000e-02 3.698994e-01 3.305089e-01
-3.000000e-02 3.698994e-01 2.865783e-01
-1.500000e-02 3.698994e-01 2.493390e-01
5.551115e-17 3.698994e-01 2.358039e-01
1.500000e-02 3.698994e-01 2.493390e-01
3.000000e-02 3.698994e-01 2.865783e-01
4.500000e-02 3.698994e-01 3.305089e-01
6.000000e-02 3.698994e-01 3.532730e-01
7.500000e-02 3.698994e-01 3.464180e-01
9.000000e-02 3.698994e-01 3.230215e-01
1.050000e-01 3.698994e-01 2.957565e-01
1.200000e-01 3.698994e-01 2.705161e-01
1.350000e-01 3.698994e-01 2.490669e-01
1.500000e-01 3.698994e-01 2.314795e-01
1.650000e-01 3.698994e-01 2.172664e-01
1.800000e-01 3.698994e-01 2.058287e-01
1.950000e-01 3.698994e-01 1.966139e-01
2.100000e-01 3.698994e-01 1.891600e-01
2.250000e-01 3.698994e-01 1.830977e-01
2.400000e-01 3.698994e-01 1.781379e-01
2.550000e-01 3.698994e-01 1.740572e-01
2.700000e-01 3.698994e-01 1.706838e-01
2.850000e-01 3.698994e-01 1.678858e-01
3.000000e-01 3.698994e-01 1.655611e-01
-3.000000e-01 3.835637e-01 1.588533e-01
-2.850000e-01 3.835637e-01 1.610382e-01
-2.700000e-01 3.835637e-01 1.636667e-01
-2.550000e-01 3.835637e-01 1.668341e-01
-2.400000e-01 3.835637e-01 1.706630e-01
-2.250000e-01 3.835637e-01 1.753131e-01
-2.100000e-01 3.835637e-01 1.809914e-01
-1.950000e-01 3.835637e-01 1.879652e-01
-1.800000e-01 3.835637e-01 1.965743e-01
-1.650000e-01 3.835637e-01 2.072420e-01
-1.500000e-01 3.835637e-01 2.204707e-01
-1.350000e-01 3.835637e-01 2.367982e-01
-1.200000e-01 3.835637e-01 2.566476e-01
-1.050000e-01 3.835637e-01 2.799110e-01
-9.000000e-02 3.835637e-01 3.048994e-01
-7.500000e-02 3.835637e-01 3.261198e-01
-6.000000e-02 3.835637e-01 3.318896e-01
-4.500000e-02 3.835637e-01 3.102859e-01
-3.000000e-02 3.835637e-01 2.692888e-01
-1.500000e-02 3.835637e-01 2.346617e-01
5.551115e-17 3.835637e-01 2.220874e-01
1.500000e-02 3.835637e-01 2.346617e-01
3.000000e-02 3.835637e-01 2.692888e-01
4.500000e-02 3.835637e-01 3.102859e-01
6.000000e-02 3.835637e-01 3.318896e-01
7.500000e-02 3.835637e-01 3.261198e-01
9.000000e-02 3.835637e-01 3.048994e-01
1.050000e-01 3.835637e-01 2.799110e-01
1.200000e-01 3.835637e-01 2.566476e-01
1.350000e-01 3.835637e-01 2.367982e-01
1.500000e-01 3.835637e-01 2.204707e-01
1.650000e-01 3.835637e-01 2.072420e-01
1.800000e-01 3.835637e-01 1.965743e-01
1.950000e-01 3.835637e-01 1.879652e-01
2.100000e-01 3.835637e-01 1.809914e-01
2.250000e-01 3.835637e-01 1.753131e-01
2.400000e-01 3.835637e-01 1.706630e-01
2.550000e-01 3.835637e-01 1.668341e-01
2.700000e-01 3.835637e-01 1.636667e-01
2.850000e-01 3.835637e-01 1.610382e-01
3.000000e-01 3.835637e-01 1.588533e-01
-3.000000e-01 3.972280e-01 1.525437e-01
-2.850000e-01 3.972280e-01 1.545997e-01
-2.700000e-01 3.972280e-01 1.570722e-01
-2.550000e-01 3.972280e-01 1.600499e-01
-2.400000e-01 3.972280e-01 1.636472e-01
-2.250000e-01 3.972280e-01 1.680127e-01
-2.100000e-01 3.972280e-01 1.733388e-01
-1.950000e-01 3.972280e-01 1.798726e-01
-1.800000e-01 3.972280e-01 1.879278e-01
-1.650000e-01 3.972280e-01 1.978929e-01
-1.500000e-01 3.972280e-01 2.102257e-01
-1.350000e-01 3.972280e-01 2.254103e-01
-1.200000e-01 3.972280e-01 2.438144e-01
-1.050000e-01 3.972280e-01 2.653008e-01
-9.000000e-02 3.972280e-01 2.882565e-01
-7.500000e-02 3.972280e-01 3.075550e-01
-6.000000e-02 3.972280e-01 3.124035e-01
-4.500000e-02 3.972280e-01 2.919015e-01
-3.000000e-02 3.972280e-01 2.535858e-01
-1.500000e-02 3.972280e-01 2.213323e-01
5.551115e-17 3.972280e-01 2.096299e-01
1.500000e-02 3.972280e-01 2.213323e-01
3.000000e-02 3.972280e-01 2.535858e-01
4.500000e-02 3.972280e-01 2.919015e-01
6.000000e-02 3.972280e-01 3.124035e-01
7.500000e-02 3.972280e-01 3.075550e-01
9.000000e-02 3.972280e-01 2.882565e-01
1.050000e-01 3.972280e-01 2.653008e-01
1.200000e-01 3.972280e-01 2.438144e-01
1.350000e-01 3.972280e-01 2.254103e-01
1.500000e-01 3.972280e-01 2.102257e-01
1.650000e-01 3.972280e-01 1.978929e-01
1.800000e-01 3.972280e-01 1.879278e-01
1.950000e-01 3.972280e-01 1.798726e-01
2.100000e-01 3.972280e-01 1.733388e-01
2.250000e-01 3.972280e-01 1.680127e-01
2.400000e-01 3.972280e-01 1.636472e-01
2.550000e-01 3.972280e-01 1.600499e-01
2.700000e-01 3.972280e-01 1.570722e-01
2.850000e-01 3.972280e-01 1.545997e-01
3.000000e-01 3.972280e-01 1.525437e-01
-3.000000e-01 4.108923e-01 1.466014e-01
-2.850000e-01 4.108923e-01 1.485385e-01
-2.700000e-01 4.108923e-01 1.508670e-01
-2.550000e-01 4.108923e-01 1.536698e-01
-2.400000e-01 4.108923e-01 1.570538e-01
-2.250000e-01 4.108923e-01 1.611575e-01
-2.100000e-01 4.108923e-01 1.661596e-01
-1.950000e-01 4.108923e-01 1.722896e-01
-1.800000e-01 4.108923e-01 1.798373e-01
-1.650000e-01 4.108923e-01 1.891600e-01
-1.500000e-01 4.108923e-01 2.006758e-01
-1.350000e-01 4.108923e-01 2.148214e-01
-1.200000e-01 4.108923e-01 2.319167e-01
-1.050000e-01 4.108923e-01 2.518016e-01
-9.000000e-02 4.108923e-01 2.729375e-01
-7.500000e-02 4.108923e-01 2.905335e-01
-6.000000e-02 4.108923e-01 2.945993e-01
-4.500000e-02 4.108923e-01 2.751429e-01
-3.000000e-02 4.108923e-01 2.392853e-01
-1.500000e-02 4.108923e-01 2.091954e-01
5.551115e-17 4.108923e-01 1.982870e-01
1.500000e-02 4.108923e-01 2.091954e-01
3.000000e-02 4.108923e-01 2.392853e-01
4.500000e-02 4.108923e-01 2.751429e-01
6.000000e-02 4.108923e-01 2.945993e-01
7.500000e-02 4.108923e-01 2.905335e-01
9.000000e-02 4.108923e-01 2.729375e-01
1.050000e-01 4.108923e-01 2.518016e-01
1.200000e-01 4.108923e-01 2.319167e-01
1.350000e-01 4.108923e-01 2.148214e-01
1.500000e-01 4.108923e-01 2.006758e-01
1.650000e-01 4.108923e-01 1.891600e-01
1.800000e-01 4.108923e-01 1.798373e-01
1.950000e-01 4.108923e-01 1.722896e-01
2.100000e-01 4.108923e-01 1.661596e-01
2.250000e-01 4.108923e-01 1.611575e-01
2.400000e-01 4.108923e-01 1.570538e-01
2.550000e-01 4.108923e-01 1.536698e-01
2.700000e-01 4.108923e-01 1.508670e-01
2.850000e-01 4.108923e-01 1.485385e-01
3.000000e-01 4.108923e-01 1.466014e-01
-3.000000e-01 4.245566e-01 1.409986e-01
-2.850000e-01 4.245566e-01 1.428258e-01
-2.700000e-01 4.245566e-01 1.450212e-01
-2.550000e-01 4.245566e-01 1.476625e-01
-2.400000e-01 4.245566e-01 1.508497e-01
-2.250000e-01 4.245566e-01 1.547119e-01
-2.100000e-01 4.245566e-01 1.594159e-01
-1.950000e-01 4.245566e-01 1.651746e-01
-1.800000e-01 4.245566e-01 1.722564e-01
-1.650000e-01 4.245566e-01 1.809905e-01
-1.500000e-01 4.245566e-01 1.917598e-01
-1.350000e-01 4.245566e-01 2.049587e-01
-1.200000e-01 4.245566e-01 2.208661e-01
-1.050000e-01 4.245566e-01 2.393044e-01
-9.000000e-02 4.245566e-01 2.588065e-01
-7.500000e-02 4.245566e-01 2.748905e-01
-6.000000e-02 4.245566e-01 2.782911e-01
-4.500000e-02 4.245566e-01 2.598271e-01
-3.000000e-02 4.245566e-01 2.262289e-01
-1.500000e-02 4.245566e-01 1.981174e-01
5.551115e-17 4.245566e-01 1.879341e-01
1.500000e-02 4.245566e-01 1.981174e-01
3.000000e-02 4.245566e-01 2.262289e-01
4.500000e-02 4.245566e-01 2.598271e-01
6.000000e-02 4.245566e-01 2.782911e-01
7.500000e-02 4.245566e-01 2.748905e-01
9.000000e-02 4.245566e-01 2.588065e-01
1.050000e-01 4.245566e-01 2.393044e-01
1.200000e-01 4.245566e-01 2.208661e-01
1.350000e-01 4.245566e-01 2.049587e-01
1.500000e-01 4.245566e-01 1.917598e-01
1.650000e-01 4.245566e-01 1.809905e-01
1.800000e-01 4.245566e-01 1.722564e-01
1.950000e-01 4.245566e-01 1.651746e-01
2.100000e-01 4.245566e-01 1.594159e-01
2.250000e-01 4.245566e-01 1.547119e-01
2.400000e-01 4.245566e-01 1.508497e-01
2.550000e-01 4.245566e-01 1.476625e-01
2.700000e-01 4.245566e-01 1.450212e-01
2.850000e-01 4.245566e-01 1.428258e-01
3.000000e-01 4.245566e-01 1.409986e-01
-3.000000e-01 4.382208e-01 1.357100e-01
-2.850000e-01 4.382208e-01 1.374354e-01
-2.700000e-01 4.382208e-01 1.395076e-01
-2.550000e-01 4.382208e-01 1.419996e-01
-2.400000e-01 4.382208e-01 1.450048e-01
-2.250000e-01 4.382208e-01 1.486442e-01
-2.100000e-01 4.382208e-01 1.530732e-01
-1.950000e-01 4.382208e-01 1.584899e-01
-1.800000e-01 4.382208e-01 1.651433e-01
-1.650000e-01 4.382208e-01 1.733373e-01
-1.500000e-01 4.382208e-01 1.834229e-01
-1.350000e-01 4.382208e-01 1.957577e-01
-1.200000e-01 4.382208e-01 2.105845e-01
-1.050000e-01 4.382208e-01 2.277129e-01
-9.000000e-02 4.382208e-01 2.457448e-01
-7.500000e-02 4.382208e-01 2.604825e-01
-6.000000e-02 4.382208e-01 2.633180e-01
-4.500000e-02 4.382208e-01 2.457961e-01
-3.000000e-02 4.382208e-01 2.142802e-01
-1.500000e-02 4.382208e-01 1.879829e-01
5.551115e-17 4.382208e-01 1.784637e-01
1.500000e-02 4.382208e-01 1.879829e-01
3.000000e-02 4.382208e-01 2.142802e-01
4.500000e-02 4.382208e-01 2.457961e-01
6.000000e-02 4.382208e-01 2.633180e-01
7.500000e-02 4.382208e-01 2.604825e-01
9.000000e-02 4.382208e-01 2.457448e-01
1.050000e-01 4.382208e-01 2.277129e-01
1.200000e-01 4.382208e-01 2.105845e-01
1.350000e-01 4.382208e-01 1.957577e-01
1.500000e-01 4.382208e-01 1.834229e-01
1.650000e-01 4.382208e-01 1.733373e-01
1.800000e-01 4.382208e-01 1.651433e-01
1.950000e-01 4.382208e-01 1.584899e-01
2.100000e-01 4.382208e-01 1.530732e-01
2.250000e-01 4.382208e-01 1.486442e-01
2.400000e-01 4.382208e-01 1.450048e-01
2.550000e-01 4.382208e-01 1.419996e-01
2.700000e-01 4.382208e-01 1.395076e-01
2.850000e-01 4.382208e-01 1.374354e-01
3.000000e-01 4.382208e-01 1.357100e-01
-3.000000e-01 4.518851e-01 1.307126e-01
-2.850000e-01 4.518851e-01 1.323435e-01
-2.700000e-01 4.518851e-01 1.343016e-01
-2.550000e-01 4.518851e-01 1.366553e-01
-2.400000e-01 4.518851e-01 1.394922e-01
-2.250000e-01 4.518851e-01 1.429255e-01
-2.100000e-01 4.518851e-01 1.471004e-01
-1.950000e-01 4.518851e-01 1.522016e-01
-1.800000e-01 4.518851e-01 1.584604e-01
-1.650000e-01 4.518851e-01 1.661578e-01
-1.500000e-01 4.518851e-01 1.756164e-01
-1.350000e-01 4.518851e-01 1.871608e-01
-1.200000e-01 4.518851e-01 2.010027e-01
-1.050000e-01 4.518851e-01 2.169422e-01
-9.000000e-02 4.518851e-01 2.336480e-01
-7.500000e-02 4.518851e-01 2.471839e-01
-6.000000e-02 4.518851e-01 2.495401e-01
-4.500000e-02 4.518851e-01 2.329127e-01
-3.000000e-02 4.518851e-01 2.033209e-01
-1.500000e-02 4.518851e-01 1.786917e-01
5.551115e-17 4.518851e-01 1.697827e-01
1.500000e-02 4.518851e-01 1.786917e-01
3.000000e-02 4.518851e-01 2.033209e-01
4.500000e-02 4.518851e-01 2.329127e-01
6.000000e-02 4.518851e-01 2.495401e-01
7.500000e-02 4.518851e-01 2.471839e-01
9.000000e-02 4.518851e-01 2.336480e-01
1.050000e-01 4.518851e-01 2.169422e-01
1.200000e-01 4.518851e-01 2.010027e-01
1.350000e-01 4.518851e-01 1.871608e-01
1.500000e-01 4.518851e-01 1.756164e-01
1.650000e-01 4.518851e-01 1.661578e-01
1.800000e-01 4.518851e-01 1.584604e-01
1.950000e-01 4.518851e-01 1.522016e-01
2.100000e-01 4.518851e-01 1.471004e-01
2.250000e-01 4.518851e-01 1.429255e-01
2.400000e-01 4.518851e-01 1.394922e-01
2.550000e-01 4.518851e-01 1.366553e-01
2.700000e-01 4.518851e-01 1.343016e-01
2.850000e-01 4.518851e-01 1.323435e-01
3.000000e-01 4.518851e-01 1.307126e-01
-3.000000e-01 4.655494e-01 1.259855e-01
-2.850000e-01 4.655494e-01 1.275287e-01
-2.700000e-01 4.655494e-01 1.293809e-01
-2.550000e-01 4.655494e-01 1.316063e-01
-2.400000e-01 4.655494e-01 1.342872e-01
-2.250000e-01 4.655494e-01 1.375296e-01
-2.100000e-01 4.655494e-01 1.414695e-01
-1.950000e-01 4.655494e-01 1.462791e-01
-1.800000e-01 4.655494e-01 1.521738e-01
-1.650000e-01 4.655494e-01 1.594140e-01
-1.500000e-01 4.655494e-01 1.682964e-01
-1.350000e-01 4.655494e-01 1.791165e-01
-1.200000e-01 4.655494e-01 1.920588e-01
-1.050000e-01 4.655494e-01 2.069171e-01
-9.000000e-02 4.655494e-01 2.224239e-01
-7.500000e-02 4.655494e-01 2.348849e-01
-6.000000e-02 4.655494e-01 2.368350e-01
-4.500000e-02 4.655494e-01 2.210577e-01
-3.000000e-02 4.655494e-01 1.932480e-01
-1.500000e-02 4.655494e-01 1.701568e-01
5.551115e-17 4.655494e-01 1.618098e-01
1.500000e-02 4.655494e-01 1.701568e-01
3.000000e-02 4.655494e-01 1.932480e-01
4.500000e-02 4.655494e-01 2.210577e-01
6.000000e-02 4.655494e-01 2.368350e-01
7.500000e-02 4.655494e-01 2.348849e-01
9.000000e-02 4.655494e-01 2.224239e-01
1.050000e-01 4.655494e-01 2.069171e-01
1.200000e-01 4.655494e-01 1.920588e-01
1.350000e-01 4.655494e-01 1.791165e-01
1.500000e-01 4.655494e-01 1.682964e-01
1.650000e-01 4.655494e-01 1.594140e-01
1.800000e-01 4.655494e-01 1.521738e-01
1.950000e-01 4.655494e-01 1.462791e-01
2.100000e-01 4.655494e-01 1.414695e-01
2.250000e-01 4.655494e-01 1.375296e-01
2.400000e-01 4.655494e-01 1.342872e-01
2.550000e-01 4.655494e-01 1.316063e-01
2.700000e-01 4.655494e-01 1.293809e-01
2.850000e-01 4.655494e-01 1.275287e-01
3.000000e-01 4.655494e-01 1.259855e-01
-3.000000e-01 4.792137e-01 1.215095e-01
-2.850000e-01 4.792137e-01 1.229713e-01
-2.700000e-01 4.792137e-01 1.247250e-01
-2.550000e-01 4.792137e-01 1.268312e-01
-2.400000e-01 4.792137e-01 1.293673e-01
-2.250000e-01 4.792137e-01 1.324327e-01
-2.100000e-01 4.792137e-01 1.361548e-01
-1.950000e-01 4.792137e-01 1.406948e-01
-1.800000e-01 4.792137e-01 1.462531e-01
-1.650000e-01 4.792137e-01 1.530714e-01
-1.500000e-01 4.792137e-01 1.614235e-01
-1.350000e-01 4.792137e-01 1.715786e-01
-1.200000e-01 4.792137e-01 1.836977e-01
-1.050000e-01 4.792137e-01 1.975708e-01
-9.000000e-02 4.792137e-01 2.119913e-01
-7.500000e-02 4.792137e-01 2.234887e-01
-6.000000e-02 4.792137e-01 2.250958e-01
-4.500000e-02 4.792137e-01 2.101267e-01
-3.000000e-02 4.792137e-01 1.839716e-01
-1.500000e-02 4.792137e-01 1.623021e-01
5.551115e-17 4.792137e-01 1.544740e-01
1.500000e-02 4.792137e-01 1.623021e-01
3.000000e-02 4.792137e-01 1.839716e-01
4.500000e-02 4.792137e-01 2.101267e-01
6.000000e-02 4.792137e-01 2.250958e-01
7.500000e-02 4.792137e-01 2.234887e-01
9.000000e-02 4.792137e-01 2.119913e-01
1.050000e-01 4.792137e-01 1.975708e-01
1.200000e-01 4.792137e-01 1.836977e-01
1.350000e-01 4.792137e-01 1.715786e-01
1.500000e-01 4.792137e-01 1.614235e-01
1.650000e-01 4.792137e-01 1.530714e-01
1.800000e-01 4.792137e-01 1.462531e-01
1.950000e-01 4.792137e-01 1.406948e-01
2.100000e-01 4.792137e-01 1.361548e-01
2.250000e-01 4.792137e-01 1.324327e-01
2.400000e-01 4.792137e-01 1.293673e-01
2.550000e-01 4.792137e-01 1.268312e-01
2.700000e-01 4.792137e-01 1.247250e-01
2.850000e-01 4.792137e-01 1.229713e-01
3.000000e-01 4.792137e-01 1.215095e-01
-3.000000e-01 4.928780e-01 1.172673e-01
-2.850000e-01 4.928780e-01 1.186532e-01
-2.700000e-01 4.928780e-01 1.203153e-01
-2.550000e-01 4.928780e-01 1.223107e-01
-2.400000e-01 4.928780e-01 1.247122e-01
-2.250000e-01 4.928780e-01 1.276132e-01
-2.100000e-01 4.928780e-01 1.311333e-01
-1.950000e-01 4.928780e-01 1.354233e-01
-1.800000e-01 4.928780e-01 1.406703e-01
-1.650000e-01 4.928780e-01 1.470989e-01
-1.500000e-01 4.928780e-01 1.549621e-01
-1.350000e-01 4.928780e-01 1.645057e-01
-1.200000e-01 4.928780e-01 1.758701e-01
-1.050000e-01 4.928780e-01 1.888437e-01
-9.000000e-02 4.928780e-01 2.022780e-01
-7.500000e-02 4.928780e-01 2.129099e-01
-6.000000e-02 4.928780e-01 2.142284e-01
-4.500000e-02 4.928780e-01 2.000285e-01
-3.000000e-02 4.928780e-01 1.754131e-01
-1.500000e-02 4.928780e-01 1.550608e-01
5.551115e-17 4.928780e-01 1.477133e-01
1.500000e-02 4.928780e-01 1.550608e-01
3.000000e-02 4.928780e-01 1.754131e-01
4.500000e-02 4.928780e-01 2.000285e-01
6.000000e-02 4.928780e-01 2.142284e-01
7.500000e-02 4.928780e-01 2.129099e-01
9.000000e-02 4.928780e-01 2.022780e-01
1.050000e-01 4.928780e-01 1.888437e-01
1.200000e-01 4.928780e-01 1.758701e-01
1.350000e-01 4.928780e-01 1.645057e-01
1.500000e-01 4.928780e-01 1.549621e-01
1.650000e-01 4.928780e-01 1.470989e-01
1.800000e-01 4.928780e-01 1.406703e-01
1.950000e-01 4.928780e-01 1.354233e-01
2.100000e-01 4.928780e-01 1.311333e-01
2.250000e-01 4.928780e-01 1.276132e-01
2.400000e-01 4.928780e-01 1.247122e-01
2.550000e-01 4.928780e-01 1.223107e-01
2.700000e-01 4.928780e-01 1.203153e-01
2.850000e-01 4.928780e-01 1.186532e-01
3.000000e-01 4.928780e-01 1.172673e-01
-3.000000e-01 5.065422e-01 1.132428e-01
-2.850000e-01 5.065422e-01 1.145580e-01
-2.700000e-01 5.065422e-01 1.161348e-01
-2.550000e-01 5.065422e-01 1.180270e-01
-2.400000e-01 5.065422e-01 1.203032e-01
-2.250000e-01 5.065422e-01 1.230515e-01
-2.100000e-01 5.065422e-01 1.263839e-01
-1.950000e-01 5.065422e-01 1.304419e-01
-1.800000e-01 5.065422e-01 1.354003e-01
-1.650000e-01 5.065422e-01 1.414684e-01
-1.500000e-01 5.065422e-01 1.488801e-01
-1.350000e-01 5.065422e-01 1.578604e-01
-1.200000e-01 5.065422e-01 1.685319e-01
-1.050000e-01 5.065422e-01 1.806827e-01
-9.000000e-02 5.065422e-01 1.932199e-01
-7.500000e-02 5.065422e-01 2.030730e-01
-6.000000e-02 5.065422e-01 2.041500e-01
-4.500000e-02 5.065422e-01 1.906826e-01
-3.000000e-02 5.065422e-01 1.675032e-01
-1.500000e-02 5.065422e-01 1.483746e-01
5.551115e-17 5.065422e-01 1.414729e-01
1.500000e-02 5.065422e-01 1.483746e-01
3.000000e-02 5.065422e-01 1.675032e-01
4.500000e-02 5.065422e-01 1.906826e-01
6.000000e-02 5.065422e-01 2.041500e-01
7.500000e-02 5.065422e-01 2.030730e-01
9.000000e-02 5.065422e-01 1.932199e-01
1.050000e-01 5.065422e-01 1.806827e-01
1.200000e-01 5.065422e-01 1.685319e-01
1.350000e-01 5.065422e-01 1.578604e-01
1.500000e-01 5.065422e-01 1.488801e-01
1.650000e-01 5.065422e-01 1.414684e-01
1.800000e-01 5.065422e-01 1.354003e-01
1.950000e-01 5.065422e-01 1.304419e-01
2.100000e-01 5.065422e-01 1.263839e-01
2.250000e-01 5.065422e-01 1.230515e-01
2.400000e-01 5.065422e-01 1.203032e-01
2.550000e-01 5.065422e-01 1.180270e-01
2.700000e-01 5.065422e-01 1.161348e-01
2.850000e-01 5.065422e-01 1.145580e-01
3.000000e-01 5.065422e-01 1.132428e-01
-3.000000e-01 5.202065e-01 1.094216e-01
-2.850000e-01 5.202065e-01 1.106707e-01
-2.700000e-01 5.202065e-01 1.121679e-01
-2.550000e-01 5.202065e-01 1.139639e-01
-2.400000e-01 5.202065e-01 1.161234e-01
-2.250000e-01 5.202065e-01 1.187294e-01
-2.100000e-01 5.202065e-01 1.218872e-01
-1.950000e-01 5.202065e-01 1.257296e-01
-1.800000e-01 5.202065e-01 1.304203e-01
-1.650000e-01 5.202065e-01 1.361543e-01
-1.500000e-01 5.202065e-01 1.431486e-01
-1.350000e-01 5.202065e-01 1.516092e-01
-1.200000e-01 5.202065e-01 1.616432e-01
-1.050000e-01 5.202065e-01 1.730400e-01
-9.000000e-02 5.202065e-01 1.847597e-01
-7.500000e-02 5.202065e-01 1.939110e-01
-6.000000e-02 5.202065e-01 1.947873e-01
-4.500000e-02 5.202065e-01 1.820182e-01
-3.000000e-02 5.202065e-01 1.601809e-01
-1.500000e-02 5.202065e-01 1.421915e-01
5.551115e-17 5.202065e-01 1.357046e-01
1.500000e-02 5.202065e-01 1.421915e-01
3.000000e-02 5.202065e-01 1.601809e-01
4.500000e-02 5.202065e-01 1.820182e-01
6.000000e-02 5.202065e-01 1.947873e-01
7.500000e-02 5.202065e-01 1.939110e-01
9.000000e-02 5.202065e-01 1.847597e-01
1.050000e-01 5.202065e-01 1.730400e-01
1.200000e-01 5.202065e-01 1.616432e-01
1.350000e-01 5.202065e-01 1.516092e-01
1.500000e-01 5.202065e-01 1.431486e-01
1.650000e-01 5.202065e-01 1.361543e-01
1.800000e-01 5.202065e-01 1.304203e-01
1.950000e-01 5.202065e-01 1.257296e-01
2.100000e-01 5.202065e-01 1.218872e-01
2.250000e-01 5.202065e-01 1.187294e-01
2.400000e-01 5.202065e-01 1.161234e-01
2.550000e-01 5.202065e-01 1.139639e-01
2.700000e-01 5.202065e-01 1.121679e-01
2.850000e-01 5.202065e-01 1.106707e-01
3.000000e-01 5.202065e-01 1.094216e-01
-3.000000e-01 5.338708e-01 1.057901e-01
-2.850000e-01 5.338708e-01 1.069775e-01
-2.700000e-01 5.338708e-01 1.084004e-01
-2.550000e-01 5.338708e-01 1.101066e-01
-2.400000e-01 5.338708e-01 1.121572e-01
-2.250000e-01 5.338708e-01 1.146305e-01
-2.100000e-01 5.338708e-01 1.176257e-01
-1.950000e-01 5.338708e-01 1.212676e-01
-1.800000e-01 5.338708e-01 1.257095e-01
-1.650000e-01 5.338708e-01 1.311335e-01
-1.500000e-01 5.338708e-01 1.377411e-01
-1.350000e-01 5.338708e-01 1.457216e-01
-1.200000e-01 5.338708e-01 1.551683e-01
-1.050000e-01 5.338708e-01 1.658731e-01
-9.000000e-02 5.338708e-01 1.768465e-01
-7.500000e-02 5.338708e-01 1.853642e-01
-6.000000e-02 5.338708e-01 1.860753e-01
-4.500000e-02 5.338708e-01 1.739728e-01
-3.000000e-02 5.338708e-01 1.533925e-01
-1.500000e-02 5.338708e-01 1.364661e-01
5.551115e-17 5.338708e-01 1.303660e-01
1.500000e-02 5.338708e-01 1.364661e-01
3.000000e-02 5.338708e-01 1.533925e-01
4.500000e-02 5.338708e-01 1.739728e-01
6.000000e-02 5.338708e-01 1.860753e-01
7.500000e-02 5.338708e-01 1.853642e-01
9.000000e-02 5.338708e-01 1.768465e-01
1.050000e-01 5.338708e-01 1.658731e-01
1.200000e-01 5.338708e-01 1.551683e-01
1.350000e-01 5.338708e-01 1.457216e-01
1.500000e-01 5.338708e-01 1.377411e-01
1.650000e-01 5.338708e-01 1.311335e-01
1.800000e-01 5.338708e-01 1.257095e-01
1.950000e-01 5.338708e-01 1.212676e-01
2.100000e-01 5.338708e-01 1.176257e-01
2.250000e-01 5.338708e-01 1.146305e-01
2.400000e-01 5.338708e-01 1.121572e-01
2.550000e-01 5.338708e-01 1.101066e-01
2.700000e-01 5.338708e-01 1.084004e-01
2.850000e-01 5.338708e-01 1.069775e-01
3.000000e-01 5.338708e-01 1.057901e-01
-3.000000e-01 5.475351e-01 1.023360e-01
-2.850000e-01 5.475351e-01 1.034658e-01
-2.700000e-01 5.475351e-01 1.048191e-01
-2.550000e-01 5.475351e-01 1.064414e-01
-2.400000e-01 5.475351e-01 1.083903e-01
-2.250000e-01 5.475351e-01 1.107398e-01
-2.100000e-01 5.475351e-01 1.135834e-01
-1.950000e-01 5.475351e-01 1.170384e-01
-1.800000e-01 5.475351e-01 1.212489e-01
-1.650000e-01 5.475351e-01 1.263849e-01
-1.500000e-01 5.475351e-01 1.326339e-01
-1.350000e-01 5.475351e-01 1.401701e-01
-1.200000e-01 5.475351e-01 1.490749e-01
-1.050000e-01 5.475351e-01 1.591434e-01
-9.000000e-02 5.475351e-01 1.694345e-01
-7.500000e-02 5.475351e-01 1.773795e-01
-6.000000e-02 5.475351e-01 1.779562e-01
-4.500000e-02 5.475351e-01 1.664905e-01
-3.000000e-02 5.475351e-01 1.470901e-01
-1.500000e-02 5.475351e-01 1.311578e-01
5.551115e-17 5.475351e-01 1.254190e-01
1.500000e-02 5.475351e-01 1.311578e-01
3.000000e-02 5.475351e-01 1.470901e-01
4.500000e-02 5.475351e-01 1.664905e-01
6.000000e-02 5.475351e-01 1.779562e-01
7.500000e-02 5.475351e-01 1.773795e-01
9.000000e-02 5.475351e-01 1.694345e-01
1.050000e-01 5.475351e-01 1.591434e-01
1.200000e-01 5.475351e-01 1.490749e-01
1.350000e-01 5.475351e-01 1.401701e-01
1.500000e-01 5.475351e-01 1.326339e-01
1.650000e-01 5.475351e-01 1.263849e-01
1.800000e-01 5.475351e-01 1.212489e-01
1.950000e-01 5.475351e-01 1.170384e-01
2.100000e-01 5.475351e-01 1.135834e-01
2.250000e-01 5.475351e-01 1.107398e-01
2.400000e-01 5.475351e-01 1.083903e-01
2.550000e-01 5.475351e-01 1.064414e-01
2.700000e-01 5.475351e-01 1.048191e-01
2.850000e-01 5.475351e-01 1.034658e-01
3.000000e-01 5.475351e-01 1.023360e-01
-3.000000e-01 5.611994e-01 9.904796e-02
-2.850000e-01 5.611994e-01 1.001238e-01
-2.700000e-01 5.611994e-01 1.014120e-01
-2.550000e-01 5.611994e-01 1.029558e-01
-2.400000e-01 5.611994e-01 1.048097e-01
-2.250000e-01 5.611994e-01 1.070435e-01
-2.100000e-01 5.611994e-01 1.097455e-01
-1.950000e-01 5.611994e-01 1.130263e-01
-1.800000e-01 5.611994e-01 1.170210e-01
-1.650000e-01 5.611994e-01 1.218891e-01
-1.500000e-01 5.611994e-01 1.278052e-01
-1.350000e-01 5.611994e-01 1.349296e-01
-1.200000e-01 5.611994e-01 1.433336e-01
-1.050000e-01 5.611994e-01 1.528163e-01
-9.000000e-02 5.611994e-01 1.624826e-01
-7.500000e-02 5.611994e-01 1.699092e-01
-6.000000e-02 5.611994e-01 1.703786e-01
-4.500000e-02 5.611994e-01 1.595222e-01
-3.000000e-02 5.611994e-01 1.412313e-01
-1.500000e-02 5.611994e-01 1.262306e-01
5.551115e-17 5.611994e-01 1.208303e-01
1.500000e-02 5.611994e-01 1.262306e-01
3.000000e-02 5.611994e-01 1.412313e-01
4.500000e-02 5.611994e-01 1.595222e-01
6.000000e-02 5.611994e-01 1.703786e-01
7.500000e-02 5.611994e-01 1.699092e-01
9.000000e-02 5.611994e-01 1.624826e-01
1.050000e-01 5.611994e-01 1.528163e-01
1.200000e-01 5.611994e-01 1.433336e-01
1.350000e-01 5.611994e-01 1.349296e-01
1.500000e-01 5.611994e-01 1.278052e-01
1.650000e-01 5.611994e-01 1.218891e-01
1.800000e-01 5.611994e-01 1.170210e-01
1.950000e-01 5.611994e-01 1.130263e-01
2.100000e-01 5.611994e-01 1.097455e-01
2.250000e-01 5.611994e-01 1.070435e-01
2.400000e-01 5.611994e-01 1.048097e-01
2.550000e-01 5.611994e-01 1.029558e-01
2.700000e-01 5.611994e-01 1.014120e-01
2.850000e-01 5.611994e-01 1.001238e-01
3.000000e-01 5.611994e-01 9.904796e-02
-3.000000e-01 5.748636e-01 9.591558e-02
-2.850000e-01 5.748636e-01 9.694075e-02
-2.700000e-01 5.748636e-01 9.816805e-02
-2.550000e-01 5.748636e-01 9.963827e-02
-2.400000e-01 5.748636e-01 1.014032e-01
-2.250000e-01 5.748636e-01 1.035288e-01
-2.100000e-01 5.748636e-01 1.060985e-01
-1.950000e-01 5.748636e-01 1.092165e-01
-1.800000e-01 5.748636e-01 1.130101e-01
-1.650000e-01 5.748636e-01 1.176287e-01
-1.500000e-01 5.748636e-01 1.232351e-01
-1.350000e-01 5.748636e-01 1.299775e-01
-1.200000e-01 5.748636e-01 1.379181e-01
-1.050000e-01 5.748636e-01 1.468606e-01
-9.000000e-02 5.748636e-01 1.559538e-01
-7.500000e-02 5.748636e-01 1.629107e-01
-6.000000e-02 5.748636e-01 1.632965e-01
-4.500000e-02 5.748636e-01 1.530235e-01
-3.000000e-02 5.748636e-01 1.357783e-01
-1.500000e-02 5.748636e-01 1.216525e-01
5.551115e-17 5.748636e-01 1.165699e-01
1.500000e-02 5.748636e-01 1.216525e-01
3.000000e-02 5.748636e-01 1.357783e-01
4.500000e-02 5.748636e-01 1.530235e-01
6.000000e-02 5.748636e-01 1.632965e-01
7.500000e-02 5.748636e-01 1.629107e-01
9.000000e-02 5.748636e-01 1.559538e-01
1.050000e-01 5.748636e-01 1.468606e-01
1.200000e-01 5.748636e-01 1.379181e-01
1.350000e-01 5.748636e-01 1.299775e-01
1.500000e-01 5.748636e-01 1.232351e-01
1.650000e-01 5.748636e-01 1.176287e-01
1.800000e-01 5.748636e-01 1.130101e-01
1.950000e-01 5.748636e-01 1.092165e-01
2.100000e-01 5.748636e-01 1.060985e-01
2.250000e-01 5.748636e-01 1.035288e-01
2.400000e-01 5.748636e-01 1.014032e-01
2.550000e-01 5.748636e-01 9.963827e-02
2.700000e-01 5.748636e-01 9.816805e-02
2.850000e-01 5.748636e-01 9.694075e-02
3.000000e-01 5.748636e-01 9.591558e-02
-3.000000e-01 5.885279e-01 9.292917e-02
-2.850000e-01 5.885279e-01 9.390685e-02
-2.700000e-01 5.885279e-01 9.507696e-02
-2.550000e-01 5.885279e-01 9.647825e-02
-2.400000e-01 5.885279e-01 9.815978e-02
-2.250000e-01 5.885279e-01 1.001840e-01
-2.100000e-01 5.885279e-01 1.026299e-01
-1.950000e-01 5.885279e-01 1.055958e-01
-1.800000e-01 5.885279e-01 1.092016e-01
-1.650000e-01 5.885279e-01 1.135875e-01
-1.500000e-01 5.885279e-01 1.189056e-01
-1.350000e-01 5.885279e-01 1.252931e-01
-1.200000e-01 5.885279e-01 1.328043e-01
-1.050000e-01 5.885279e-01 1.412480e-01
-9.000000e-02 5.885279e-01 1.498149e-01
-7.500000e-02 5.885279e-01 1.563457e-01
-6.000000e-02 5.885279e-01 1.566687e-01
-4.500000e-02 5.885279e-01 1.469553e-01
-3.000000e-02 5.885279e-01 1.306973e-01
-1.500000e-02 5.885279e-01 1.173949e-01
5.551115e-17 5.885279e-01 1.126110e-01
1.500000e-02 5.885279e-01 1.173949e-01
3.000000e-02 5.885279e-01 1.306973e-01
4.500000e-02 5.885279e-01 1.469553e-01
6.000000e-02 5.885279e-01 1.566687e-01
7.500000e-02 5.885279e-01 1.563457e-01
9.000000e-02 5.885279e-01 1.498149e-01
1.050000e-01 5.885279e-01 1.412480e-01
1.200000e-01 5.885279e-01 1.328043e-01
1.350000e-01 5.885279e-01 1.252931e-01
1.500000e-01 5.885279e-01 1.189056e-01
1.650000e-01 5.885279e-01 1.135875e-01
1.800000e-01 5.885279e-01 1.092016e-01
1.950000e-01 5.885279e-01 1.055958e-01
2.100000e-01 5.885279e-01 1.026299e-01
2.250000e-01 5.885279e-01 1.001840e-01
2.400000e-01 5.885279e-01 9.815978e-02
2.550000e-01 5.885279e-01 9.647825e-02
2.700000e-01 5.885279e-01 9.507696e-02
2.850000e-01 5.885279e-01 9.390685e-02
3.000000e-01 5.885279e-01 9.292917e-02
-3.000000e-01 6.021922e-01 9.007983e-02
-2.850000e-01 6.021922e-01 9.101289e-02
-2.700000e-01 6.021922e-01 9.212933e-02
-2.550000e-01 6.021922e-01 9.346592e-02
-2.400000e-01 6.021922e-01 9.506923e-02
-2.250000e-01 6.021922e-01 9.699849e-02
-2.100000e-01 6.021922e-01 9.932840e-02
-1.950000e-01 6.021922e-01 1.021519e-01
-1.800000e-01 6.021922e-01 1.055821e-01
-1.650000e-01 6.021922e-01 1.097507e-01
-1.500000e-01 6.021922e-01 1.148002e-01
-1.350000e-01 6.021922e-01 1.208576e-01
-1.200000e-01 6.021922e-01 1.279703e-01
-1.050000e-01 6.021922e-01 1.359527e-01
-9.000000e-02 6.021922e-01 1.440357e-01
-7.500000e-02 6.021922e-01 1.501797e-01
-6.000000e-02 6.021922e-01 1.504583e-01
-4.500000e-02 6.021922e-01 1.412821e-01
-3.000000e-02 6.021922e-01 1.259580e-01
-1.500000e-02 6.021922e-01 1.134322e-01
5.551115e-17 6.021922e-01 1.089297e-01
1.500000e-02 6.021922e-01 1.134322e-01
3.000000e-02 6.021922e-01 1.259580e-01
4.500000e-02 6.021922e-01 1.412821e-01
6.000000e-02 6.021922e-01 1.504583e-01
7.500000e-02 6.021922e-01 1.501797e-01
9.000000e-02 6.021922e-01 1.440357e-01
1.050000e-01 6.021922e-01 1.359527e-01
1.200000e-01 6.021922e-01 1.279703e-01
1.350000e-01 6.021922e-01 1.208576e-01
1.500000e-01 6.021922e-01 1.148002e-01
1.650000e-01 6.021922e-01 1.097507e-01
1.800000e-01 6.021922e-01 1.055821e-01
1.950000e-01 6.021922e-01 1.021519e-01
2.100000e-01 6.021922e-01 9.932840e-02
2.250000e-01 6.021922e-01 9.699849e-02
2.400000e-01 6.021922e-01 9.506923e-02
2.550000e-01 6.021922e-01 9.346592e-02
2.700000e-01 6.021922e-01 9.212933e-02
2.850000e-01 6.021922e-01 9.101289e-02
3.000000e-01 6.021922e-01 9.007983e-02
-3.000000e-01 6.158565e-01 8.735932e-02
-2.850000e-01 6.158565e-01 8.825043e-02
-2.700000e-01 6.158565e-01 8.931642e-02
-2.550000e-01 6.158565e-01 9.059223e-02
-2.400000e-01 6.158565e-01 9.212212e-02
-2.250000e-01 6.158565e-01 9.396223e-02
-2.100000e-01 6.158565e-01 9.618340e-02
-1.950000e-01 6.158565e-01 9.887356e-02
-1.800000e-01 6.158565e-01 1.021394e-01
-1.650000e-01 6.158565e-01 1.061050e-01
-1.500000e-01 6.158565e-01 1.109037e-01
-1.350000e-01 6.158565e-01 1.166536e-01
-1.200000e-01 6.158565e-01 1.233961e-01
-1.050000e-01 6.158565e-01 1.309516e-01
-9.000000e-02 6.158565e-01 1.385890e-01
-7.500000e-02 6.158565e-01 1.443816e-01
-6.000000e-02 6.158565e-01 1.446320e-01
-4.500000e-02 6.158565e-01 1.359724e-01
-3.000000e-02 6.158565e-01 1.215335e-01
-1.500000e-02 6.158565e-01 1.097413e-01
5.551115e-17 6.158565e-01 1.055048e-01
1.500000e-02 6.158565e-01 1.097413e-01
3.000000e-02 6.158565e-01 1.215335e-01
4.500000e-02 6.158565e-01 1.359724e-01
6.000000e-02 6.158565e-01 1.446320e-01
7.500000e-02 6.158565e-01 1.443816e-01
9.000000e-02 6.158565e-01 1.385890e-01
1.050000e-01 6.158565e-01 1.309516e-01
1.200000e-01 6.158565e-01 1.233961e-01
1.350000e-01 6.158565e-01 1.166536e-01
1.500000e-01 6.158565e-01 1.109037e-01
1.650000e-01 6.158565e-01 1.061050e-01
1.800000e-01 6.158565e-01 1.021394e-01
1.950000e-01 6.158565e-01 9.887356e-02
2.100000e-01 6.158565e-01 9.618340e-02
2.250000e-01 6.158565e-01 9.396223e-02
2.400000e-01 6.158565e-01 9.212212e-02
2.550000e-01 6.158565e-01 9.059223e-02
2.700000e-01 6.158565e-01 8.931642e-02
2.850000e-01 6.158565e-01 8.825043e-02
3.000000e-01 6.158565e-01 8.735932e-02
-3.000000e-01 6.295208e-01 8.475999e-02
-2.850000e-01 6.295208e-01 8.561164e-02
-2.700000e-01 6.295208e-01 8.663017e-02
-2.550000e-01 6.295208e-01 8.784884e-02
-2.400000e-01 6.295208e-01 8.930970e-02
-2.250000e-01 6.295208e-01 9.106611e-02
-2.100000e-01 6.295208e-01 9.318520e-02
-1.950000e-01 6.295208e-01 9.575028e-02
-1.800000e-01 6.295208e-01 9.886213e-02
-1.650000e-01 6.295208e-01 1.026377e-01
-1.500000e-01 6.295208e-01 1.072022e-01
-1.350000e-01 6.295208e-01 1.126654e-01
-1.200000e-01 6.295208e-01 1.190637e-01
-1.050000e-01 6.295208e-01 1.262233e-01
-9.000000e-02 6.295208e-01 1.334500e-01
-7.500000e-02 6.295208e-01 1.389232e-01
-6.000000e-02 6.295208e-01 1.391598e-01
-4.500000e-02 6.295208e-01 1.309975e-01
-3.000000e-02 6.295208e-01 1.173992e-01
-1.500000e-02 6.295208e-01 1.063018e-01
5.551115e-17 6.295208e-01 1.023168e-01
1.500000e-02 6.295208e-01 1.063018e-01
3.000000e-02 6.295208e-01 1.173992e-01
4.500000e-02 6.295208e-01 1.309975e-01
6.000000e-02 6.295208e-01 1.391598e-01
7.500000e-02 6.295208e-01 1.389232e-01
9.000000e-02 6.295208e-01 1.334500e-01
1.050000e-01 6.295208e-01 1.262233e-01
1.200000e-01 6.295208e-01 1.190637e-01
1.350000e-01 6.295208e-01 1.126654e-01
1.500000e-01 6.295208e-01 1.072022e-01
1.650000e-01 6.295208e-01 1.026377e-01
1.800000e-01 6.295208e-01 9.886213e-02
1.950000e-01 6.295208e-01 9.575028e-02
2.100000e-01 6.295208e-01 9.318520e-02
2.250000e-01 6.295208e-01 9.106611e-02
2.400000e-01 6.295208e-01 8.930970e-02
2.550000e-01 6.295208e-01 8.784884e-02
2.700000e-01 6.295208e-01 8.663017e-02
2.850000e-01 6.295208e-01 8.561164e-02
3.000000e-01 6.295208e-01 8.475999e-02
-3.000000e-01 6.431850e-01 8.227477e-02
-2.850000e-01 6.431850e-01 8.308925e-02
-2.700000e-01 6.431850e-01 8.406310e-02
-2.550000e-01 6.431850e-01 8.522799e-02
-2.400000e-01 6.431850e-01 8.662393e-02
-2.250000e-01 6.431850e-01 8.830163e-02
-2.100000e-01 6.431850e-01 9.032483e-02
-1.950000e-01 6.431850e-01 9.277249e-02
-1.800000e-01 6.431850e-01 9.573995e-02
-1.650000e-01 6.431850e-01 9.933762e-02
-1.500000e-01 6.431850e-01 1.036831e-01
-1.350000e-01 6.431850e-01 1.088786e-01
-1.200000e-01 6.431850e-01 1.149563e-01
-1.050000e-01 6.431850e-01 1.217486e-01
-9.000000e-02 6.431850e-01 1.285963e-01
-7.500000e-02 6.431850e-01 1.337791e-01
-6.000000e-02 6.431850e-01 1.340147e-01
-4.500000e-02 6.431850e-01 1.263319e-01
-3.000000e-02 6.431850e-01 1.135334e-01
-1.500000e-02 6.431850e-01 1.030950e-01
5.551115e-17 6.431850e-01 9.934861e-02
1.500000e-02 6.431850e-01 1.030950e-01
3.000000e-02 6.431850e-01 1.135334e-01
4.500000e-02 6.431850e-01 1.263319e-01
6.000000e-02 6.431850e-01 1.340147e-01
7.500000e-02 6.431850e-01 1.337791e-01
9.000000e-02 6.431850e-01 1.285963e-01
1.050000e-01 6.431850e-01 1.217486e-01
1.200000e-01 6.431850e-01 1.149563e-01
1.350000e-01 6.431850e-01 1.088786e-01
1.500000e-01 6.431850e-01 1.036831e-01
1.650000e-01 6.431850e-01 9.933762e-02
1.800000e-01 6.431850e-01 9.573995e-02
1.950000e-01 6.431850e-01 9.277249e-02
2.100000e-01 6.431850e-01 9.032483e-02
2.250000e-01 6.431850e-01 8.830163e-02
2.400000e-01 6.431850e-01 8.662393e-02
2.550000e-01 6.431850e-01 8.522799e-02
2.700000e-01 6.431850e-01 8.406310e-02
2.850000e-01 6.431850e-01 8.308925e-02
3.000000e-01 6.431850e-01 8.227477e-02
-3.000000e-01 6.568493e-01 7.989710e-02
-2.850000e-01 6.568493e-01 8.067653e-02
-2.700000e-01 6.568493e-01 8.160828e-02
-2.550000e-01 6.568493e-01 8.272251e-02
-2.400000e-01 6.568493e-01 8.405733e-02
-2.250000e-01 6.568493e-01 8.566096e-02
-2.100000e-01 6.568493e-01 8.759399e-02
-1.950000e-01 6.568493e-01 8.993131e-02
-1.800000e-01 6.568493e-01 9.276325e-02
-1.650000e-01 6.568493e-01 9.619407e-02
-1.500000e-01 6.568493e-01 1.003344e-01
-1.350000e-01 6.568493e-01 1.052799e-01
-1.200000e-01 6.568493e-01 1.110587e-01
-1.050000e-01 6.568493e-01 1.175098e-01
-9.000000e-02 6.568493e-01 1.240074e-01
-7.500000e-02 6.568493e-01 1.289262e-01
-6.000000e-02 6.568493e-01 1.291722e-01
-4.500000e-02 6.568493e-01 1.219524e-01
-3.000000e-02 6.568493e-01 1.099162e-01
-1.500000e-02 6.568493e-01 1.001043e-01
5.551115e-17 6.568493e-01 9.658453e-02
1.500000e-02 6.568493e-01 1.001043e-01
3.000000e-02 6.568493e-01 1.099162e-01
4.500000e-02 6.568493e-01 1.219524e-01
6.000000e-02 6.568493e-01 1.291722e-01
7.500000e-02 6.568493e-01 1.289262e-01
9.000000e-02 6.568493e-01 1.240074e-01
1.050000e-01 6.568493e-01 1.175098e-01
1.200000e-01 6.568493e-01 1.110587e-01
1.350000e-01 6.568493e-01 1.052799e-01
1.500000e-01 6.568493e-01 1.003344e-01
1.650000e-01 6.568493e-01 9.619407e-02
1.800000e-01 6.568493e-01 9.276325e-02
1.950000e-01 6.568493e-01 8.993131e-02
2.100000e-01 6.568493e-01 8.759399e-02
2.250000e-01 6.568493e-01 8.566096e-02
2.400000e-01 6.568493e-01 8.405733e-02
2.550000e-01 6.568493e-01 8.272251e-02
2.700000e-01 6.568493e-01 8.160828e-02
2.850000e-01 6.568493e-01 8.067653e-02
3.000000e-01 6.568493e-01 7.989710e-02
-3.000000e-01 6.705136e-01 7.762085e-02
-2.850000e-01 6.705136e-01 7.836723e-02
-2.700000e-01 6.705136e-01 7.925927e-02
-2.550000e-01 6.705136e-01 8.032574e-02
-2.400000e-01 6.705136e-01 8.160296e-02
-2.250000e-01 6.705136e-01 8.313683e-02
-2.100000e-01 6.705136e-01 8.498498e-02
-1.950000e-01 6.705136e-01 8.721855e-02
-1.800000e-01 6.705136e-01 8.992314e-02
-1.650000e-01 6.705136e-01 9.319738e-02
-1.500000e-01 6.705136e-01 9.714555e-02
-1.350000e-01 6.705136e-01 1.018571e-01
-1.200000e-01 6.705136e-01 1.073571e-01
-1.050000e-01 6.705136e-01 1.134908e-01
-9.000000e-02 6.705136e-01 1.196648e-01
-7.500000e-02 6.705136e-01 1.243434e-01
-6.000000e-02 6.705136e-01 1.246101e-01
-4.500000e-02 6.705136e-01 1.178379e-01
-3.000000e-02 6.705136e-01 1.065299e-01
-1.500000e-02 6.705136e-01 9.731460e-02
5.551115e-17 6.705136e-01 9.401056e-02
1.500000e-02 6.705136e-01 9.731460e-02
3.000000e-02 6.705136e-01 1.065299e-01
4.500000e-02 6.705136e-01 1.178379e-01
6.000000e-02 6.705136e-01 1.246101e-01
7.500000e-02 6.705136e-01 1.243434e-01
9.000000e-02 6.705136e-01 1.196648e-01
1.050000e-01 6.705136e-01 1.134908e-01
1.200000e-01 6.705136e-01 1.073571e-01
1.350000e-01 6.705136e-01 1.018571e-01
1.500000e-01 6.705136e-01 9.714555e-02
1.650000e-01 6.705136e-01 9.319738e-02
1.800000e-01 6.705136e-01 8.992314e-02
1.950000e-01 6.705136e-01 8.721855e-02
2.100000e-01 6.705136e-01 8.498498e-02
2.250000e-01 6.705136e-01 8.313683e-02
2.400000e-01 6.705136e-01 8.160296e-02
2.550000e-01 6.705136e-01 8.032574e-02
2.700000e-01 6.705136e-01 7.925927e-02
2.850000e-01 6.705136e-01 7.836723e-02
3.000000e-01 6.705136e-01 7.762085e-02
-3.000000e-01 6.841779e-01 7.544037e-02
-2.850000e-01 6.841779e-01 7.615553e-02
-2.700000e-01 6.841779e-01 7.701009e-02
-2.550000e-01 6.841779e-01 7.803150e-02
-2.400000e-01 6.841779e-01 7.925438e-02
-2.250000e-01 6.841779e-01 8.072250e-02
-2.100000e-01 6.841779e-01 8.249069e-02
-1.950000e-01 6.841779e-01 8.462659e-02
-1.800000e-01 6.841779e-01 8.721142e-02
-1.650000e-01 6.841779e-01 9.033858e-02
-1.500000e-01 6.841779e-01 9.410647e-02
-1.350000e-01 6.841779e-01 9.859897e-02
-1.200000e-01 6.841779e-01 1.038385e-01
-1.050000e-01 6.841779e-01 1.096768e-01
-9.000000e-02 6.841779e-01 1.155514e-01
-7.500000e-02 6.841779e-01 1.200116e-01
-6.000000e-02 6.841779e-01 1.203081e-01
-4.500000e-02 6.841779e-01 1.139695e-01
-3.000000e-02 6.841779e-01 1.033581e-01
-1.500000e-02 6.841779e-01 9.471224e-02
5.551115e-17 6.841779e-01 9.161400e-02
1.500000e-02 6.841779e-01 9.471224e-02
3.000000e-02 6.841779e-01 1.033581e-01
4.500000e-02 6.841779e-01 1.139695e-01
6.000000e-02 6.841779e-01 1.203081e-01
7.500000e-02 6.841779e-01 1.200116e-01
9.000000e-02 6.841779e-01 1.155514e-01
1.050000e-01 6.841779e-01 1.096768e-01
1.200000e-01 6.841779e-01 1.038385e-01
1.350000e-01 6.841779e-01 9.859897e-02
1.500000e-01 6.841779e-01 9.410647e-02
1.650000e-01 6.841779e-01 9.033858e-02
1.800000e-01 6.841779e-01 8.721142e-02
1.950000e-01 6.841779e-01 8.462659e-02
2.100000e-01 6.841779e-01 8.249069e-02
2.250000e-01 6.841779e-01 8.072250e-02
2.400000e-01 6.841779e-01 7.925438e-02
2.550000e-01 6.841779e-01 7.803150e-02
2.700000e-01 6.841779e-01 7.701009e-02
2.850000e-01 6.841779e-01 7.615553e-02
3.000000e-01 6.841779e-01 7.544037e-02
-3.000000e-01 6.978422e-01 7.335036e-02
-2.850000e-01 6.978422e-01 7.403603e-02
-2.700000e-01 6.978422e-01 7.485517e-02
-2.550000e-01 6.978422e-01 7.583403e-02
-2.400000e-01 6.978422e-01 7.700563e-02
-2.250000e-01 6.978422e-01 7.841171e-02
-2.100000e-01 6.978422e-01 8.010451e-02
-1.950000e-01 6.978422e-01 8.214838e-02
-1.800000e-01 6.978422e-01 8.462050e-02
-1.650000e-01 6.978422e-01 8.760937e-02
-1.500000e-01 6.978422e-01 9.120799e-02
-1.350000e-01 6.978422e-01 9.549522e-02
-1.200000e-01 6.978422e-01 1.004911e-01
-1.050000e-01 6.978422e-01 1.060543e-01
-9.000000e-02 6.978422e-01 1.116516e-01
-7.500000e-02 6.978422e-01 1.159134e-01
-6.000000e-02 6.978422e-01 1.162481e-01
-4.500000e-02 6.978422e-01 1.103300e-01
-3.000000e-02 6.978422e-01 1.003864e-01
-1.500000e-02 6.978422e-01 9.228494e-02
5.551115e-17 6.978422e-01 8.938340e-02
1.500000e-02 6.978422e-01 9.228494e-02
3.000000e-02 6.978422e-01 1.003864e-01
4.500000e-02 6.978422e-01 1.103300e-01
6.000000e-02 6.978422e-01 1.162481e-01
7.500000e-02 6.978422e-01 1.159134e-01
9.000000e-02 6.978422e-01 1.116516e-01
1.050000e-01 6.978422e-01 1.060543e-01
1.200000e-01 6.978422e-01 1.004911e-01
1.350000e-01 6.978422e-01 9.549522e-02
1.500000e-01 6.978422e-01 9.120799e-02
1.650000e-01 6.978422e-01 8.760937e-02
1.800000e-01 6.978422e-01 8.462050e-02
1.950000e-01 6.978422e-01 8.214838e-02
2.100000e-01 6.978422e-01 8.010451e-02
2.250000e-01 6.978422e-01 7.841171e-02
2.400000e-01 6.978422e-01 7.700563e-02
2.550000e-01 6.978422e-01 7.583403e-02
2.700000e-01 6.978422e-01 7.485517e-02
2.850000e-01 6.978422e-01 7.403603e-02
3.000000e-01 6.978422e-01 7.335036e-02
-3.000000e-01 7.115064e-01 7.134589e-02
-2.850000e-01 7.115064e-01 7.200366e-02
-2.700000e-01 7.115064e-01 7.278933e-02
-2.550000e-01 7.115064e-01 7.372797e-02
-2.400000e-01 7.115064e-01 7.485112e-02
-2.250000e-01 7.115064e-01 7.619863e-02
-2.100000e-01 7.115064e-01 7.782030e-02
-1.950000e-01 7.115064e-01 7.977740e-02
-1.800000e-01 7.115064e-01 8.214331e-02
-1.650000e-01 7.115064e-01 8.500205e-02
-1.500000e-01 7.115064e-01 8.844162e-02
-1.350000e-01 7.115064e-01 9.253627e-02
-1.200000e-01 7.115064e-01 9.730427e-02
-1.050000e-01 7.115064e-01 1.026108e-01
-9.000000e-02 7.115064e-01 1.079512e-01
-7.500000e-02 7.115064e-01 1.120328e-01
-6.000000e-02 7.115064e-01 1.124133e-01
-4.500000e-02 7.115064e-01 1.069036e-01
-3.000000e-02 7.115064e-01 9.760144e-02
-1.500000e-02 7.115064e-01 9.002155e-02
5.551115e-17 7.115064e-01 8.730837e-02
1.500000e-02 7.115064e-01 9.002155e-02
3.000000e-02 7.115064e-01 9.760144e-02
4.500000e-02 7.115064e-01 1.069036e-01
6.000000e-02 7.115064e-01 1.124133e-01
7.500000e-02 7.115064e-01 1.120328e-01
9.000000e-02 7.115064e-01 1.079512e-01
1.050000e-01 7.115064e-01 1.026108e-01
1.200000e-01 7.115064e-01 9.730427e-02
1.350000e-01 7.115064e-01 9.253627e-02
1.500000e-01 7.115064e-01 8.844162e-02
1.650000e-01 7.115064e-01 8.500205e-02
1.800000e-01 7.115064e-01 8.214331e-02
1.950000e-01 7.115064e-01 7.977740e-02
2.100000e-01 7.115064e-01 7.782030e-02
2.250000e-01 7.115064e-01 7.619863e-02
2.400000e-01 7.115064e-01 7.485112e-02
2.550000e-01 7.115064e-01 7.372797e-02
2.700000e-01 7.115064e-01 7.278933e-02
2.850000e-01 7.115064e-01 7.200366e-02
3.000000e-01 7.115064e-01 7.134589e-02
-3.000000e-01 7.251707e-01 6.942237e-02
-2.850000e-01 7.251707e-01 7.005374e-02
-2.700000e-01 7.251707e-01 7.080773e-02
-2.550000e-01 7.251707e-01 7.170833e-02
-2.400000e-01 7.251707e-01 7.278569e-02
-2.250000e-01 7.251707e-01 7.407784e-02
-2.100000e-01 7.251707e-01 7.563233e-02
-1.950000e-01 7.251707e-01 7.750754e-02
-1.800000e-01 7.251707e-01 7.977334e-02
-1.650000e-01 7.251707e-01 8.250951e-02
-1.500000e-01 7.251707e-01 8.579947e-02
-1.350000e-01 7.251707e-01 8.971333e-02
-1.200000e-01 7.251707e-01 9.426784e-02
-1.050000e-01 7.251707e-01 9.933481e-02
-9.000000e-02 7.251707e-01 1.044371e-01
-7.500000e-02 7.251707e-01 1.083552e-01
-6.000000e-02 7.251707e-01 1.087884e-01
-4.500000e-02 7.251707e-01 1.036762e-01
-3.000000e-02 7.251707e-01 9.499119e-02
-1.500000e-02 7.251707e-01 8.791198e-02
5.551115e-17 7.251707e-01 8.537955e-02
1.500000e-02 7.251707e-01 8.791198e-02
3.000000e-02 7.251707e-01 9.499119e-02
4.500000e-02 7.251707e-01 1.036762e-01
6.000000e-02 7.251707e-01 1.087884e-01
7.500000e-02 7.251707e-01 1.083552e-01
9.000000e-02 7.251707e-01 1.044371e-01
1.050000e-01 7.251707e-01 9.933481e-02
1.200000e-01 7.251707e-01 9.426784e-02
1.350000e-01 7.251707e-01 8.971333e-02
1.500000e-01 7.251707e-01 8.579947e-02
1.650000e-01 7.251707e-01 8.250951e-02
1.800000e-01 7.251707e-01 7.977334e-02
1.950000e-01 7.251707e-01 7.750754e-02
2.100000e-01 7.251707e-01 7.563233e-02
2.250000e-01 7.251707e-01 7.407784e-02
2.400000e-01 7.251707e-01 7.278569e-02
2.550000e-01 7.251707e-01 7.170833e-02
2.700000e-01 7.251707e-01 7.080773e-02
2.850000e-01 7.251707e-01 7.005374e-02
3.000000e-01 7.251707e-01 6.942237e-02
-3.000000e-01 7.388350e-01 6.757550e-02
-2.850000e-01 7.388350e-01 6.818187e-02
-2.700000e-01 7.388350e-01 6.890587e-02
-2.550000e-01 7.388350e-01 6.977046e-02
-2.400000e-01 7.388350e-01 7.080449e-02
-2.250000e-01 7.388350e-01 7.204430e-02
-2.100000e-01 7.388350e-01 7.353529e-02
-1.950000e-01 7.388350e-01 7.533317e-02
-1.800000e-01 7.388350e-01 7.750448e-02
-1.650000e-01 7.388350e-01 8.012513e-02
-1.500000e-01 7.388350e-01 8.327427e-02
-1.350000e-01 7.388350e-01 8.701824e-02
-1.200000e-01 7.388350e-01 9.137262e-02
-1.050000e-01 7.388350e-01 9.621587e-02
-9.000000e-02 7.388350e-01 1.010973e-01
-7.500000e-02 7.388350e-01 1.048673e-01
-6.000000e-02 7.388350e-01 1.053596e-01
-4.500000e-02 7.388350e-01 1.006346e-01
-3.000000e-02 7.388350e-01 9.254472e-02
-1.500000e-02 7.388350e-01 8.594707e-02
5.551115e-17 7.388350e-01 8.358844e-02
1.500000e-02 7.388350e-01 8.594707e-02
3.000000e-02 7.388350e-01 9.254472e-02
4.500000e-02 7.388350e-01 1.006346e-01
6.000000e-02 7.388350e-01 1.053596e-01
7.500000e-02 7.388350e-01 1.048673e-01
9.000000e-02 7.388350e-01 1.010973e-01
1.050000e-01 7.388350e-01 9.621587e-02
1.200000e-01 7.388350e-01 9.137262e-02
1.350000e-01 7.388350e-01 8.701824e-02
1.500000e-01 7.388350e-01 8.327427e-02
1.650000e-01 7.388350e-01 8.012513e-02
1.800000e-01 7.388350e-01 7.750448e-02
1.950000e-01 7.388350e-01 7.533317e-02
2.100000e-01 7.388350e-01 7.353529e-02
2.250000e-01 7.388350e-01 7.204430e-02
2.400000e-01 7.388350e-01 7.080449e-02
2.550000e-01 7.388350e-01 6.977046e-02
2.700000e-01 7.388350e-01 6.890587e-02
2.850000e-01 7.388350e-01 6.818187e-02
3.000000e-01 7.388350e-01 6.757550e-02
-3.000000e-01 7.524993e-01 6.580127e-02
-2.850000e-01 7.524993e-01 6.638394e-02
-2.700000e-01 7.524993e-01 6.707953e-02
-2.550000e-01 7.524993e-01 6.791002e-02
-2.400000e-01 7.524993e-01 6.890301e-02
-2.250000e-01 7.524993e-01 7.009329e-02
-2.100000e-01 7.524993e-01 7.152423e-02
-1.950000e-01 7.524993e-01 7.324902e-02
-1.800000e-01 7.524993e-01 7.533111e-02
-1.650000e-01 7.524993e-01 7.784277e-02
-1.500000e-01 7.524993e-01 8.085925e-02
-1.350000e-01 7.524993e-01 8.444345e-02
-1.200000e-01 7.524993e-01 8.861008e-02
-1.050000e-01 7.524993e-01 9.324423e-02
-9.000000e-02 7.524993e-01 9.792075e-02
-7.500000e-02 7.524993e-01 1.015569e-01
-6.000000e-02 7.524993e-01 1.021141e-01
-4.500000e-02 7.524993e-01 9.776720e-02
-3.000000e-02 7.524993e-01 9.025208e-02
-1.500000e-02 7.524993e-01 8.411853e-02
5.551115e-17 7.524993e-01 8.192736e-02
1.500000e-02 7.524993e-01 8.411853e-02
3.000000e-02 7.524993e-01 9.025208e-02
4.500000e-02 7.524993e-01 9.776720e-02
6.000000e-02 7.524993e-01 1.021141e-01
7.500000e-02 7.524993e-01 1.015569e-01
9.000000e-02 7.524993e-01 9.792075e-02
1.050000e-01 7.524993e-01 9.324423e-02
1.200000e-01 7.524993e-01 8.861008e-02
1.350000e-01 7.524993e-01 8.444345e-02
1.500000e-01 7.524993e-01 8.085925e-02
1.650000e-01 7.524993e-01 7.784277e-02
1.800000e-01 7.524993e-01 7.533111e-02
1.950000e-01 7.524993e-01 7.324902e-02
2.100000e-01 7.524993e-01 7.152423e-02
2.250000e-01 7.524993e-01 7.009329e-02
2.400000e-01 7.524993e-01 6.890301e-02
2.550000e-01 7.524993e-01 6.791002e-02
2.700000e-01 7.524993e-01 6.707953e-02
2.850000e-01 7.524993e-01 6.638394e-02
3.000000e-01 7.524993e-01 6.580127e-02
-3.000000e-01 7.661636e-01 6.409594e-02
-2.850000e-01 7.661636e-01 6.465613e-02
-2.700000e-01 7.661636e-01 6.532477e-02
-2.550000e-01 7.661636e-01 6.612293e-02
-2.400000e-01 7.661636e-01 6.707706e-02
-2.250000e-01 7.661636e-01 6.822042e-02
-2.100000e-01 7.661636e-01 6.959452e-02
-1.950000e-01 7.661636e-01 7.125017e-02
-1.800000e-01 7.661636e-01 7.324794e-02
-1.650000e-01 7.661636e-01 7.565672e-02
-1.500000e-01 7.661636e-01 7.854812e-02
-1.350000e-01 7.661636e-01 8.198196e-02
-1.200000e-01 7.661636e-01 8.597233e-02
-1.050000e-01 7.661636e-01 9.041093e-02
-9.000000e-02 7.661636e-01 9.489730e-02
-7.500000e-02 7.661636e-01 9.841273e-02
-6.000000e-02 7.661636e-01 9.904023e-02
-4.500000e-02 7.661636e-01 9.506303e-02
-3.000000e-02 7.661636e-01 8.810423e-02
-1.500000e-02 7.661636e-01 8.241885e-02
5.551115e-17 7.661636e-01 8.038935e-02
1.500000e-02 7.661636e-01 8.241885e-02
3.000000e-02 7.661636e-01 8.810423e-02
4.500000e-02 7.661636e-01 9.506303e-02
6.000000e-02 7.661636e-01 9.904023e-02
7.500000e-02 7.661636e-01 9.841273e-02
9.000000e-02 7.661636e-01 9.489730e-02
1.050000e-01 7.661636e-01 9.041093e-02
1.200000e-01 7.661636e-01 8.597233e-02
1.350000e-01 7.661636e-01 8.198196e-02
1.500000e-01 7.661636e-01 7.854812e-02
1.650000e-01 7.661636e-01 7.565672e-02
1.800000e-01 7.661636e-01 7.324794e-02
1.950000e-01 7.661636e-01 7.125017e-02
2.100000e-01 7.661636e-01 6.959452e-02
2.250000e-01 7.661636e-01 6.822042e-02
2.400000e-01 7.661636e-01 6.707706e-02
2.550000e-01 7.661636e-01 6.612293e-02
2.700000e-01 7.661636e-01 6.532477e-02
2.850000e-01 7.661636e-01 6.465613e-02
3.000000e-01 7.661636e-01 6.409594e-02
-3.000000e-01 7.798278e-01 6.245597e-02
-2.850000e-01 7.798278e-01 6.299483e-02
-2.700000e-01 7.798278e-01 6.363791e-02
-2.550000e-01 7.798278e-01 6.440541e-02
-2.400000e-01 7.798278e-01 6.532267e-02
-2.250000e-01 7.798278e-01 6.642158e-02
-2.100000e-01 7.798278e-01 6.774184e-02
-1.950000e-01 7.798278e-01 6.933206e-02
-1.800000e-01 7.798278e-01 7.125009e-02
-1.650000e-01 7.798278e-01 7.356166e-02
-1.500000e-01 7.798278e-01 7.633506e-02
-1.350000e-01 7.798278e-01 7.962729e-02
-1.200000e-01 7.798278e-01 8.345206e-02
-1.050000e-01 7.798278e-01 8.770767e-02
-9.000000e-02 7.798278e-01 9.201757e-02
-7.500000e-02 7.798278e-01 9.542440e-02
-6.000000e-02 7.798278e-01 9.612739e-02
-4.500000e-02 7.798278e-01 9.251224e-02
-3.000000e-02 7.798278e-01 8.609293e-02
-1.500000e-02 7.798278e-01 8.084121e-02
5.551115e-17 7.798278e-01 7.896811e-02
1.500000e-02 7.798278e-01 8.084121e-02
3.000000e-02 7.798278e-01 8.609293e-02
4.500000e-02 7.798278e-01 9.251224e-02
6.000000e-02 7.798278e-01 9.612739e-02
7.500000e-02 7.798278e-01 9.542440e-02
9.000000e-02 7.798278e-01 9.201757e-02
1.050000e-01 7.798278e-01 8.770767e-02
1.200000e-01 7.798278e-01 8.345206e-02
1.350000e-01 7.798278e-01 7.962729e-02
1.500000e-01 7.798278e-01 7.633506e-02
1.650000e-01 7.798278e-01 7.356166e-02
1.800000e-01 7.798278e-01 7.125009e-02
1.950000e-01 7.798278e-01 6.933206e-02
2.100000e-01 7.798278e-01 6.774184e-02
2.250000e-01 7.798278e-01 6.642158e-02
2.400000e-01 7.798278e-01 6.532267e-02
2.550000e-01 7.798278e-01 6.440541e-02
2.700000e-01 7.798278e-01 6.363791e-02
2.850000e-01 7.798278e-01 6.299483e-02
3.000000e-01 7.798278e-01 6.245597e-02
-3.000000e-01 7.934921e-01 6.087809e-02
-2.850000e-01 7.934921e-01 6.139669e-02
-2.700000e-01 7.934921e-01 6.201549e-02
-2.550000e-01 7.934921e-01 6.275389e-02
-2.400000e-01 7.934921e-01 6.363619e-02
-2.250000e-01 7.934921e-01 6.469293e-02
-2.100000e-01 7.934921e-01 6.596216e-02
-1.950000e-01 7.934921e-01 6.749040e-02
-1.800000e-01 7.934921e-01 6.933296e-02
-1.650000e-01 7.934921e-01 7.155264e-02
-1.500000e-01 7.934921e-01 7.421463e-02
-1.350000e-01 7.934921e-01 7.737339e-02
-1.200000e-01 7.934921e-01 8.104249e-02
-1.050000e-01 7.934921e-01 8.512678e-02
-9.000000e-02 7.934921e-01 8.927289e-02
-7.500000e-02 7.934921e-01 9.258244e-02
-6.000000e-02 7.934921e-01 9.336573e-02
-4.500000e-02 7.934921e-01 9.010581e-02
-3.000000e-02 7.934921e-01 8.421068e-02
-1.500000e-02 7.934921e-01 7.937945e-02
5.551115e-17 7.934921e-01 7.765798e-02
1.500000e-02 7.934921e-01 7.937945e-02
3.000000e-02 7.934921e-01 8.421068e-02
4.500000e-02 7.934921e-01 9.010581e-02
6.000000e-02 7.934921e-01 9.336573e-02
7.500000e-02 7.934921e-01 9.258244e-02
9.000000e-02 7.934921e-01 8.927289e-02
1.050000e-01 7.934921e-01 8.512678e-02
1.200000e-01 7.934921e-01 8.104249e-02
1.350000e-01 7.934921e-01 7.737339e-02
1.500000e-01 7.934921e-01 7.421463e-02
1.650000e-01 7.934921e-01 7.155264e-02
1.800000e-01 7.934921e-01 6.933296e-02
1.950000e-01 7.934921e-01 6.749040e-02
2.100000e-01 7.934921e-01 6.596216e-02
2.250000e-01 7.934921e-01 6.469293e-02
2.400000e-01 7.934921e-01 6.363619e-02
2.550000e-01 7.934921e-01 6.275389e-02
2.700000e-01 7.934921e-01 6.201549e-02
2.850000e-01 7.934921e-01 6.139669e-02
3.000000e-01 7.934921e-01 6.087809e-02
-3.000000e-01 8.071564e-01 5.935920e-02
-2.850000e-01 8.071564e-01 5.985854e-02
-2.700000e-01 8.071564e-01 6.045429e-02
-2.550000e-01 8.071564e-01 6.116505e-02
-2.400000e-01 8.071564e-01 6.201414e-02
-2.250000e-01 8.071564e-01 6.303087e-02
-2.100000e-01 8.071564e-01 6.425171e-02
-1.950000e-01 8.071564e-01 6.572120e-02
-1.800000e-01 8.071564e-01 6.749229e-02
-1.650000e-01 8.071564e-01 6.962504e-02
-1.500000e-01 8.071564e-01 7.218176e-02
-1.350000e-01 8.071564e-01 7.521465e-02
-1.200000e-01 8.071564e-01 7.873732e-02
-1.050000e-01 8.071564e-01 8.266115e-02
-9.000000e-02 8.071564e-01 8.665527e-02
-7.500000e-02 8.071564e-01 8.987806e-02
-6.000000e-02 8.071564e-01 9.074624e-02
-4.500000e-02 8.071564e-01 8.783547e-02
-3.000000e-02 8.071564e-01 8.245067e-02
-1.500000e-02 8.071564e-01 7.802800e-02
5.551115e-17 8.071564e-01 7.645382e-02
1.500000e-02 8.071564e-01 7.802800e-02
3.000000e-02 8.071564e-01 8.245067e-02
4.500000e-02 8.071564e-01 8.783547e-02
6.000000e-02 8.071564e-01 9.074624e-02
7.500000e-02 8.071564e-01 8.987806e-02
9.000000e-02 8.071564e-01 8.665527e-02
1.050000e-01 8.071564e-01 8.266115e-02
1.200000e-01 8.071564e-01 7.873732e-02
1.350000e-01 8.071564e-01 7.521465e-02
1.500000e-01 8.071564e-01 7.218176e-02
1.650000e-01 8.071564e-01 6.962504e-02
1.800000e-01 8.071564e-01 6.749229e-02
1.950000e-01 8.071564e-01 6.572120e-02
2.100000e-01 8.071564e-01 6.425171e-02
2.250000e-01 8.071564e-01 6.303087e-02
2.400000e-01 8.071564e-01 6.201414e-02
2.550000e-01 8.071564e-01 6.116505e-02
2.700000e-01 8.071564e-01 6.045429e-02
2.850000e-01 8.071564e-01 5.985854e-02
3.000000e-01 8.071564e-01 5.935920e-02
-3.000000e-01 8.208207e-01 5.789640e-02
-2.850000e-01 8.208207e-01 5.837744e-02
-2.700000e-01 8.208207e-01 5.895126e-02
-2.550000e-01 8.208207e-01 5.963575e-02
-2.400000e-01 8.208207e-01 6.045330e-02
-2.250000e-01 8.208207e-01 6.143204e-02
-2.100000e-01 8.208207e-01 6.260695e-02
-1.950000e-01 8.208207e-01 6.402072e-02
-1.800000e-01 8.208207e-01 6.572408e-02
-1.650000e-01 8.208207e-01 6.777453e-02
-1.500000e-01 8.208207e-01 7.023175e-02
-1.350000e-01 8.208207e-01 7.314586e-02
-1.200000e-01 8.208207e-01 7.653071e-02
-1.050000e-01 8.208207e-01 8.030420e-02
-9.000000e-02 8.208207e-01 8.415732e-02
-7.500000e-02 8.208207e-01 8.730318e-02
-6.000000e-02 8.208207e-01 8.826066e-02
-4.500000e-02 8.208207e-01 8.569364e-02
-3.000000e-02 8.208207e-01 8.080670e-02
-1.500000e-02 8.208207e-01 7.678181e-02
5.551115e-17 8.208207e-01 7.535103e-02
1.500000e-02 8.208207e-01 7.678181e-02
3.000000e-02 8.208207e-01 8.080670e-02
4.500000e-02 8.208207e-01 8.569364e-02
6.000000e-02 8.208207e-01 8.826066e-02
7.500000e-02 8.208207e-01 8.730318e-02
9.000000e-02 8.208207e-01 8.415732e-02
1.050000e-01 8.208207e-01 8.030420e-02
1.200000e-01 8.208207e-01 7.653071e-02
1.350000e-01 8.208207e-01 7.314586e-02
1.500000e-01 8.208207e-01 7.023175e-02
1.650000e-01 8.208207e-01 6.777453e-02
1.800000e-01 8.208207e-01 6.572408e-02
1.950000e-01 8.208207e-01 6.402072e-02
2.100000e-01 8.208207e-01 6.260695e-02
2.250000e-01 8.208207e-01 6.143204e-02
2.400000e-01 8.208207e-01 6.045330e-02
2.550000e-01 8.208207e-01 5.963575e-02
2.700000e-01 8.208207e-01 5.895126e-02
2.850000e-01 8.208207e-01 5.837744e-02
3.000000e-01 8.208207e-01 5.789640e-02
-3.000000e-01 8.344850e-01 5.648697e-02
-2.850000e-01 8.344850e-01 5.695059e-02
-2.700000e-01 8.344850e-01 5.750356e-02
-2.550000e-01 8.344850e-01 5.816307e-02
-2.400000e-01 8.344850e-01 5.895064e-02
-2.250000e-01 8.344850e-01 5.989328e-02
-2.100000e-01 8.344850e-01 6.102457e-02
-1.950000e-01 8.344850e-01 6.238546e-02
-1.800000e-01 8.344850e-01 6.402460e-02
-1.650000e-01 8.344850e-01 6.599710e-02
-1.500000e-01 8.344850e-01 6.836018e-02
-1.350000e-01 8.344850e-01 7.116213e-02
-1.200000e-01 8.344850e-01 7.441721e-02
-1.050000e-01 8.344850e-01 7.804981e-02
-9.000000e-02 8.344850e-01 8.177219e-02
-7.500000e-02 8.344850e-01 8.485032e-02
-6.000000e-02 8.344850e-01 8.590136e-02
-4.500000e-02 8.344850e-01 8.367341e-02
-3.000000e-02 8.344850e-01 7.927313e-02
-1.500000e-02 8.344850e-01 7.563634e-02
5.551115e-17 8.344850e-01 7.434546e-02
1.500000e-02 8.344850e-01 7.563634e-02
3.000000e-02 8.344850e-01 7.927313e-02
4.500000e-02 8.344850e-01 8.367341e-02
6.000000e-02 8.344850e-01 8.590136e-02
7.500000e-02 8.344850e-01 8.485032e-02
9.000000e-02 8.344850e-01 8.177219e-02
1.050000e-01 8.344850e-01 7.804981e-02
1.200000e-01 8.344850e-01 7.441721e-02
1.350000e-01 8.344850e-01 7.116213e-02
1.500000e-01 8.344850e-01 6.836018e-02
1.650000e-01 8.344850e-01 6.599710e-02
1.800000e-01 8.344850e-01 6.402460e-02
1.950000e-01 8.344850e-01 6.238546e-02
2.100000e-01 8.344850e-01 6.102457e-02
2.250000e-01 8.344850e-01 5.989328e-02
2.400000e-01 8.344850e-01 5.895064e-02
2.550000e-01 8.344850e-01 5.816307e-02
2.700000e-01 8.344850e-01 5.750356e-02
2.850000e-01 8.344850e-01 5.695059e-02
3.000000e-01 8.344850e-01 5.648697e-02
-3.000000e-01 8.481492e-01 5.512835e-02
-2.850000e-01 8.481492e-01 5.557538e-02
-2.700000e-01 8.481492e-01 5.610851e-02
-2.550000e-01 8.481492e-01 5.674425e-02
-2.400000e-01 8.481492e-01 5.750330e-02
-2.250000e-01 8.481492e-01 5.841162e-02
-2.100000e-01 8.481492e-01 5.950146e-02
-1.950000e-01 8.481492e-01 6.081215e-02
-1.800000e-01 8.481492e-01 6.239035e-02
-1.650000e-01 8.481492e-01 6.428896e-02
-1.500000e-01 8.481492e-01 6.656294e-02
-1.350000e-01 8.481492e-01 6.925894e-02
-1.200000e-01 8.481492e-01 7.239177e-02
-1.050000e-01 8.481492e-01 7.589228e-02
-9.000000e-02 8.481492e-01 7.949353e-02
-7.500000e-02 8.481492e-01 8.251260e-02
-6.000000e-02 8.481492e-01 8.366133e-02
-4.500000e-02 8.481492e-01 8.176843e-02
-3.000000e-02 8.481492e-01 7.784485e-02
-1.500000e-02 8.481492e-01 7.458752e-02
5.551115e-17 8.481492e-01 7.343342e-02
1.500000e-02 8.481492e-01 7.458752e-02
3.000000e-02 8.481492e-01 7.784485e-02
4.500000e-02 8.481492e-01 8.176843e-02
6.000000e-02 8.481492e-01 8.366133e-02
7.500000e-02 8.481492e-01 8.251260e-02
9.000000e-02 8.481492e-01 7.949353e-02
1.050000e-01 8.481492e-01 7.589228e-02
1.200000e-01 8.481492e-01 7.239177e-02
1.350000e-01 8.481492e-01 6.925894e-02
1.500000e-01 8.481492e-01 6.656294e-02
1.650000e-01 8.481492e-01 6.428896e-02
1.800000e-01 8.481492e-01 6.239035e-02
1.950000e-01 8.481492e-01 6.081215e-02
2.100000e-01 8.481492e-01 5.950146e-02
2.250000e-01 8.481492e-01 5.841162e-02
2.400000e-01 8.481492e-01 5.750330e-02
2.550000e-01 8.481492e-01 5.674425e-02
2.700000e-01 8.481492e-01 5.610851e-02
2.850000e-01 8.481492e-01 5.557538e-02
3.000000e-01 8.481492e-01 5.512835e-02
-3.000000e-01 8.618135e-01 5.381813e-02
-2.850000e-01 8.618135e-01 5.424937e-02
-2.700000e-01 8.618135e-01 5.476359e-02
-2.550000e-01 8.618135e-01 5.537670e-02
-2.400000e-01 8.618135e-01 5.610861e-02
-2.250000e-01 8.618135e-01 5.698429e-02
-2.100000e-01 8.618135e-01 5.803472e-02
-1.950000e-01 8.618135e-01 5.929770e-02
-1.800000e-01 8.618135e-01 6.081806e-02
-1.650000e-01 8.618135e-01 6.264659e-02
-1.500000e-01 8.618135e-01 6.483619e-02
-1.350000e-01 8.618135e-01 6.743204e-02
-1.200000e-01 8.618135e-01 7.044966e-02
-1.050000e-01 8.618135e-01 7.382635e-02
-9.000000e-02 8.618135e-01 7.731544e-02
-7.500000e-02 8.618135e-01 8.028363e-02
-6.000000e-02 8.618135e-01 8.153412e-02
-4.500000e-02 8.618135e-01 7.997291e-02
-3.000000e-02 8.618135e-01 7.651722e-02
-1.500000e-02 8.618135e-01 7.363169e-02
5.551115e-17 8.618135e-01 7.261162e-02
1.500000e-02 8.618135e-01 7.363169e-02
3.000000e-02 8.618135e-01 7.651722e-02
4.500000e-02 8.618135e-01 7.997291e-02
6.000000e-02 8.618135e-01 8.153412e-02
7.500000e-02 8.618135e-01 8.028363e-02
9.000000e-02 8.618135e-01 7.731544e-02
1.050000e-01 8.618135e-01 7.382635e-02
1.200000e-01 8.618135e-01 7.044966e-02
1.350000e-01 8.618135e-01 6.743204e-02
1.500000e-01 8.618135e-01 6.483619e-02
1.650000e-01 8.618135e-01 6.264659e-02
1.800000e-01 8.618135e-01 6.081806e-02
1.950000e-01 8.618135e-01 5.929770e-02
2.100000e-01 8.618135e-01 5.803472e-02
2.250000e-01 8.618135e-01 5.698429e-02
2.400000e-01 8.618135e-01 5.610861e-02
2.550000e-01 8.618135e-01 5.537670e-02
2.700000e-01 8.618135e-01 5.476359e-02
2.850000e-01 8.618135e-01 5.424937e-02
3.000000e-01 8.618135e-01 5.381813e-02
-3.000000e-01 8.754778e-01 5.255405e-02
-2.850000e-01 8.754778e-01 5.297022e-02
-2.700000e-01 8.754778e-01 5.346643e-02
-2.550000e-01 8.754778e-01 5.405799e-02
-2.400000e-01 8.754778e-01 5.476406e-02
-2.250000e-01 8.754778e-01 5.560866e-02
-2.100000e-01 8.754778e-01 5.662161e-02
-1.950000e-01 8.754778e-01 5.783923e-02
-1.800000e-01 8.754778e-01 5.930464e-02
-1.650000e-01 8.754778e-01 6.106669e-02
-1.500000e-01 8.754778e-01 6.317633e-02
-1.350000e-01 8.754778e-01 6.567748e-02
-1.200000e-01 8.754778e-01 6.858649e-02
-1.050000e-01 8.754778e-01 7.184709e-02
-9.000000e-02 8.754778e-01 7.523247e-02
-7.500000e-02 8.754778e-01 7.815749e-02
-6.000000e-02 8.754778e-01 7.951377e-02
-4.500000e-02 8.754778e-01 7.828152e-02
-3.000000e-02 8.754778e-01 7.528606e-02
-1.500000e-02 8.754778e-01 7.276562e-02
5.551115e-17 8.754778e-01 7.187715e-02
1.500000e-02 8.754778e-01 7.276562e-02
3.000000e-02 8.754778e-01 7.528606e-02
4.500000e-02 8.754778e-01 7.828152e-02
6.000000e-02 8.754778e-01 7.951377e-02
7.500000e-02 8.754778e-01 7.815749e-02
9.000000e-02 8.754778e-01 7.523247e-02
1.050000e-01 8.754778e-01 7.184709e-02
1.200000e-01 8.754778e-01 6.858649e-02
1.350000e-01 8.754778e-01 6.567748e-02
1.500000e-01 8.754778e-01 6.317633e-02
1.650000e-01 8.754778e-01 6.106669e-02
1.800000e-01 8.754778e-01 5.930464e-02
1.950000e-01 8.754778e-01 5.783923e-02
2.100000e-01 8.754778e-01 5.662161e-02
2.250000e-01 8.754778e-01 5.560866e-02
2.400000e-01 8.754778e-01 5.476406e-02
2.550000e-01 8.754778e-01 5.405799e-02
2.700000e-01 8.754778e-01 5.346643e-02
2.850000e-01 8.754778e-01 5.297022e-02
3.000000e-01 8.754778e-01 5.255405e-02
-3.000000e-01 8.891421e-01 5.133396e-02
-2.850000e-01 8.891421e-01 5.173577e-02
-2.700000e-01 8.891421e-01 5.221481e-02
-2.550000e-01 8.891421e-01 5.278583e-02
-2.400000e-01 8.891421e-01 5.346728e-02
-2.250000e-01 8.891421e-01 5.428228e-02
-2.100000e-01 8.891421e-01 5.525955e-02
-1.950000e-01 8.891421e-01 5.643404e-02
-1.800000e-01 8.891421e-01 5.784722e-02
-1.650000e-01 8.891421e-01 5.954615e-02
-1.500000e-01 8.891421e-01 6.158000e-02
-1.350000e-01 8.891421e-01 6.399156e-02
-1.200000e-01 8.891421e-01 6.679814e-02
-1.050000e-01 8.891421e-01 6.994993e-02
-9.000000e-02 8.891421e-01 7.323954e-02
-7.500000e-02 8.891421e-01 7.612873e-02
-6.000000e-02 8.891421e-01 7.759481e-02
-4.500000e-02 8.891421e-01 7.668943e-02
-3.000000e-02 8.891421e-01 7.414758e-02
-1.500000e-02 8.891421e-01 7.198641e-02
5.551115e-17 8.891421e-01 7.122747e-02
1.500000e-02 8.891421e-01 7.198641e-02
3.000000e-02 8.891421e-01 7.414758e-02
4.500000e-02 8.891421e-01 7.668943e-02
6.000000e-02 8.891421e-01 7.759481e-02
7.500000e-02 8.891421e-01 7.612873e-02
9.000000e-02 8.891421e-01 7.323954e-02
1.050000e-01 8.891421e-01 6.994993e-02
1.200000e-01 8.891421e-01 6.679814e-02
1.350000e-01 8.891421e-01 6.399156e-02
1.500000e-01 8.891421e-01 6.158000e-02
1.650000e-01 8.891421e-01 5.954615e-02
1.800000e-01 8.891421e-01 5.784722e-02
1.950000e-01 8.891421e-01 5.643404e-02
2.100000e-01 8.891421e-01 5.525955e-02
2.250000e-01 8.891421e-01 5.428228e-02
2.400000e-01 8.891421e-01 5.346728e-02
2.550000e-01 8.891421e-01 5.278583e-02
2.700000e-01 8.891421e-01 5.221481e-02
2.850000e-01 8.891421e-01 5.173577e-02
3.000000e-01 8.891421e-01 5.133396e-02
-3.000000e-01 9.028064e-01 5.015585e-02
-2.850000e-01 9.028064e-01 5.054397e-02
-2.700000e-01 9.028064e-01 5.100663e-02
-2.550000e-01 9.028064e-01 5.155805e-02
-2.400000e-01 9.028064e-01 5.221603e-02
-2.250000e-01 9.028064e-01 5.300284e-02
-2.100000e-01 9.028064e-01 5.394612e-02
-1.950000e-01 9.028064e-01 5.507956e-02
-1.800000e-01 9.028064e-01 5.644309e-02
-1.650000e-01 9.028064e-01 5.808206e-02
-1.500000e-01 9.028064e-01 6.004403e-02
-1.350000e-01 9.028064e-01 6.237080e-02
-1.200000e-01 9.028064e-01 6.508077e-02
-1.050000e-01 9.028064e-01 6.813058e-02
-9.000000e-02 9.028064e-01 7.133193e-02
-7.500000e-02 9.028064e-01 7.419228e-02
-6.000000e-02 9.028064e-01 7.577218e-02
-4.500000e-02 9.028064e-01 7.519220e-02
-3.000000e-02 9.028064e-01 7.309839e-02
-1.500000e-02 9.028064e-01 7.129156e-02
5.551115e-17 9.028064e-01 7.066037e-02
1.500000e-02 9.028064e-01 7.129156e-02
3.000000e-02 9.028064e-01 7.309839e-02
4.500000e-02 9.028064e-01 7.519220e-02
6.000000e-02 9.028064e-01 7.577218e-02
7.500000e-02 9.028064e-01 7.419228e-02
9.000000e-02 9.028064e-01 7.133193e-02
1.050000e-01 9.028064e-01 6.813058e-02
1.200000e-01 9.028064e-01 6.508077e-02
1.350000e-01 9.028064e-01 6.237080e-02
1.500000e-01 9.028064e-01 6.004403e-02
1.650000e-01 9.028064e-01 5.808206e-02
1.800000e-01 9.028064e-01 5.644309e-02
1.950000e-01 9.028064e-01 5.507956e-02
2.100000e-01 9.028064e-01 5.394612e-02
2.250000e-01 9.028064e-01 5.300284e-02
2.400000e-01 9.028064e-01 5.221603e-02
2.550000e-01 9.028064e-01 5.155805e-02
2.700000e-01 9.028064e-01 5.100663e-02
2.850000e-01 9.028064e-01 5.054397e-02
3.000000e-01 9.028064e-01 5.015585e-02
-3.000000e-01 9.164706e-01 4.901783e-02
-2.850000e-01 9.164706e-01 4.939287e-02
-2.700000e-01 9.164706e-01 4.983989e-02
-2.550000e-01 9.164706e-01 5.037263e-02
-2.400000e-01 9.164706e-01 5.100822e-02
-2.250000e-01 9.164706e-01 5.176815e-02
-2.100000e-01 9.164706e-01 5.267906e-02
-1.950000e-01 9.164706e-01 5.377340e-02
-1.800000e-01 9.164706e-01 5.508969e-02
-1.650000e-01 9.164706e-01 5.667170e-02
-1.500000e-01 9.164706e-01 5.856546e-02
-1.350000e-01 9.164706e-01 6.081196e-02
-1.200000e-01 9.164706e-01 6.343081e-02
-1.050000e-01 9.164706e-01 6.638507e-02
-9.000000e-02 9.164706e-01 6.950524e-02
-7.500000e-02 9.164706e-01 7.234344e-02
-6.000000e-02 9.164706e-01 7.404123e-02
-4.500000e-02 9.164706e-01 7.378580e-02
-3.000000e-02 9.164706e-01 7.213548e-02
-1.500000e-02 9.164706e-01 7.067886e-02
5.551115e-17 9.164706e-01 7.017397e-02
1.500000e-02 9.164706e-01 7.067886e-02
3.000000e-02 9.164706e-01 7.213548e-02
4.500000e-02 9.164706e-01 7.378580e-02
6.000000e-02 9.164706e-01 7.404123e-02
7.500000e-02 9.164706e-01 7.234344e-02
9.000000e-02 9.164706e-01 6.950524e-02
1.050000e-01 9.164706e-01 6.638507e-02
1.200000e-01 9.164706e-01 6.343081e-02
1.350000e-01 9.164706e-01 6.081196e-02
1.500000e-01 9.164706e-01 5.856546e-02
1.650000e-01 9.164706e-01 5.667170e-02
1.800000e-01 9.164706e-01 5.508969e-02
1.950000e-01 9.164706e-01 5.377340e-02
2.100000e-01 9.164706e-01 5.267906e-02
2.250000e-01 9.164706e-01 5.176815e-02
2.400000e-01 9.164706e-01 5.100822e-02
2.550000e-01 9.164706e-01 5.037263e-02
2.700000e-01 9.164706e-01 4.983989e-02
2.850000e-01 9.164706e-01 4.939287e-02
3.000000e-01 9.164706e-01 4.901783e-02
-3.000000e-01 9.301349e-01 4.791810e-02
-2.850000e-01 9.301349e-01 4.828064e-02
-2.700000e-01 9.301349e-01 4.871274e-02
-2.550000e-01 9.301349e-01 4.922763e-02
-2.400000e-01 9.301349e-01 4.984187e-02
-2.250000e-01 9.301349e-01 5.057616e-02
-2.100000e-01 9.301349e-01 5.145621e-02
-1.950000e-01 9.301349e-01 5.251332e-02
-1.800000e-01 9.301349e-01 5.378465e-02
-1.650000e-01 9.301349e-01 5.531249e-02
-1.500000e-01 9.301349e-01 5.714152e-02
-1.350000e-01 9.301349e-01 5.931201e-02
-1.200000e-01 9.301349e-01 6.184489e-02
-1.050000e-01 9.301349e-01 6.470968e-02
-9.000000e-02 9.301349e-01 6.775538e-02
-7.500000e-02 9.301349e-01 7.057786e-02
-6.000000e-02 9.301349e-01 7.239768e-02
-4.500000e-02 9.301349e-01 7.246657e-02
-3.000000e-02 9.301349e-01 7.125615e-02
-1.500000e-02 9.301349e-01 7.014645e-02
5.551115e-17 9.301349e-01 6.976670e-02
1.500000e-02 9.301349e-01 7.014645e-02
3.000000e-02 9.301349e-01 7.125615e-02
4.500000e-02 9.301349e-01 7.246657e-02
6.000000e-02 9.301349e-01 7.239768e-02
7.500000e-02 9.301349e-01 7.057786e-02
9.000000e-02 9.301349e-01 6.775538e-02
1.050000e-01 9.301349e-01 6.470968e-02
1.200000e-01 9.301349e-01 6.184489e-02
1.350000e-01 9.301349e-01 5.931201e-02
1.500000e-01 9.301349e-01 5.714152e-02
1.650000e-01 9.301349e-01 5.531249e-02
1.800000e-01 9.301349e-01 5.378465e-02
1.950000e-01 9.301349e-01 5.251332e-02
2.100000e-01 9.301349e-01 5.145621e-02
2.250000e-01 9.301349e-01 5.057616e-02
2.400000e-01 9.301349e-01 4.984187e-02
2.550000e-01 9.301349e-01 4.922763e-02
2.700000e-01 9.301349e-01 4.871274e-02
2.850000e-01 9.301349e-01 4.828064e-02
3.000000e-01 9.301349e-01 4.791810e-02
-3.000000e-01 9.437992e-01 4.685496e-02
-2.850000e-01 9.437992e-01 4.720557e-02
-2.700000e-01 9.437992e-01 4.762340e-02
-2.550000e-01 9.437992e-01 4.812126e-02
-2.400000e-01 9.437992e-01 4.871510e-02
-2.250000e-01 9.437992e-01 4.942493e-02
-2.100000e-01 9.437992e-01 5.027555e-02
-1.950000e-01 9.437992e-01 5.129717e-02
-1.800000e-01 9.437992e-01 5.252569e-02
-1.650000e-01 9.437992e-01 5.400203e-02
-1.500000e-01 9.437992e-01 5.576959e-02
-1.350000e-01 9.437992e-01 5.786809e-02
-1.200000e-01 9.437992e-01 6.031987e-02
-1.050000e-01 9.437992e-01 6.310093e-02
-9.000000e-02 9.437992e-01 6.607856e-02
-7.500000e-02 9.437992e-01 6.889151e-02
-6.000000e-02 9.437992e-01 7.083759e-02
-4.500000e-02 9.437992e-01 7.123117e-02
-3.000000e-02 9.437992e-01 7.045804e-02
-1.500000e-02 9.437992e-01 6.969277e-02
5.551115e-17 9.437992e-01 6.943729e-02
1.500000e-02 9.437992e-01 6.969277e-02
3.000000e-02 9.437992e-01 7.045804e-02
4.500000e-02 9.437992e-01 7.123117e-02
6.000000e-02 9.437992e-01 7.083759e-02
7.500000e-02 9.437992e-01 6.889151e-02
9.000000e-02 9.437992e-01 6.607856e-02
1.050000e-01 9.437992e-01 6.310093e-02
1.200000e-01 9.437992e-01 6.031987e-02
1.350000e-01 9.437992e-01 5.786809e-02
1.500000e-01 9.437992e-01 5.576959e-02
1.650000e-01 9.437992e-01 5.400203e-02
1.800000e-01 9.437992e-01 5.252569e-02
1.950000e-01 9.437992e-01 5.129717e-02
2.100000e-01 9.437992e-01 5.027555e-02
2.250000e-01 9.437992e-01 4.942493e-02
2.400000e-01 9.437992e-01 4.871510e-02
2.550000e-01 9.437992e-01 4.812126e-02
2.700000e-01 9.437992e-01 4.762340e-02
2.850000e-01 9.437992e-01 4.720557e-02
3.000000e-01 9.437992e-01 4.685496e-02
-3.000000e-01 9.574635e-01 4.582681e-02
-2.850000e-01 9.574635e-01 4.616601e-02
-2.700000e-01 9.574635e-01 4.657022e-02
-2.550000e-01 9.574635e-01 4.705179e-02
-2.400000e-01 9.574635e-01 4.762616e-02
-2.250000e-01 9.574635e-01 4.831264e-02
-2.100000e-01 9.574635e-01 4.913517e-02
-1.950000e-01 9.574635e-01 5.012296e-02
-1.800000e-01 9.574635e-01 5.131071e-02
-1.650000e-01 9.574635e-01 5.273804e-02
-1.500000e-01 9.574635e-01 5.444723e-02
-1.350000e-01 9.574635e-01 5.647752e-02
-1.200000e-01 9.574635e-01 5.885282e-02
-1.050000e-01 9.574635e-01 6.155559e-02
-9.000000e-02 9.574635e-01 6.447122e-02
-7.500000e-02 9.574635e-01 6.728065e-02
-6.000000e-02 9.574635e-01 6.935734e-02
-4.500000e-02 9.574635e-01 7.007660e-02
-3.000000e-02 9.574635e-01 6.973911e-02
-1.500000e-02 9.574635e-01 6.931654e-02
5.551115e-17 9.574635e-01 6.918474e-02
1.500000e-02 9.574635e-01 6.931654e-02
3.000000e-02 9.574635e-01 6.973911e-02
4.500000e-02 9.574635e-01 7.007660e-02
6.000000e-02 9.574635e-01 6.935734e-02
7.500000e-02 9.574635e-01 6.728065e-02
9.000000e-02 9.574635e-01 6.447122e-02
1.050000e-01 9.574635e-01 6.155559e-02
1.200000e-01 9.574635e-01 5.885282e-02
1.350000e-01 9.574635e-01 5.647752e-02
1.500000e-01 9.574635e-01 5.444723e-02
1.650000e-01 9.574635e-01 5.273804e-02
1.800000e-01 9.574635e-01 5.131071e-02
1.950000e-01 9.574635e-01 5.012296e-02
2.100000e-01 9.574635e-01 4.913517e-02
2.250000e-01 9.574635e-01 4.831264e-02
2.400000e-01 9.574635e-01 4.762616e-02
2.550000e-01 9.574635e-01 4.705179e-02
2.700000e-01 9.574635e-01 4.657022e-02
2.850000e-01 9.574635e-01 4.616601e-02
3.000000e-01 9.574635e-01 4.582681e-02
-3.000000e-01 9.711278e-01 4.483215e-02
-2.850000e-01 9.711278e-01 4.516043e-02
-2.700000e-01 9.711278e-01 4.555160e-02
-2.550000e-01 9.711278e-01 4.601762e-02
-2.400000e-01 9.711278e-01 4.657338e-02
-2.250000e-01 9.711278e-01 4.723755e-02
-2.100000e-01 9.711278e-01 4.803328e-02
-1.950000e-01 9.711278e-01 4.898881e-02
-1.800000e-01 9.711278e-01 5.013769e-02
-1.650000e-01 9.711278e-01 5.151839e-02
-1.500000e-01 9.711278e-01 5.317213e-02
-1.350000e-01 9.711278e-01 5.513780e-02
-1.200000e-01 9.711278e-01 5.744096e-02
-1.050000e-01 9.711278e-01 6.007061e-02
-9.000000e-02 9.711278e-01 6.293007e-02
-7.500000e-02 9.711278e-01 6.574181e-02
-6.000000e-02 9.711278e-01 6.795359e-02
-4.500000e-02 9.711278e-01 6.900018e-02
-3.000000e-02 9.711278e-01 6.909759e-02
-1.500000e-02 9.711278e-01 6.901678e-02
5.551115e-17 9.711278e-01 6.900837e-02
1.500000e-02 9.711278e-01 6.901678e-02
3.000000e-02 9.711278e-01 6.909759e-02
4.500000e-02 9.711278e-01 6.900018e-02
6.000000e-02 9.711278e-01 6.795359e-02
7.500000e-02 9.711278e-01 6.574181e-02
9.000000e-02 9.711278e-01 6.293007e-02
1.050000e-01 9.711278e-01 6.007061e-02
1.200000e-01 9.711278e-01 5.744096e-02
1.350000e-01 9.711278e-01 5.513780e-02
1.500000e-01 9.711278e-01 5.317213e-02
1.650000e-01 9.711278e-01 5.151839e-02
1.800000e-01 9.711278e-01 5.013769e-02
1.950000e-01 9.711278e-01 4.898881e-02
2.100000e-01 9.711278e-01 4.803328e-02
2.250000e-01 9.711278e-01 4.723755e-02
2.400000e-01 9.711278e-01 4.657338e-02
2.550000e-01 9.711278e-01 4.601762e-02
2.700000e-01 9.711278e-01 4.555160e-02
2.850000e-01 9.711278e-01 4.516043e-02
3.000000e-01 9.711278e-01 4.483215e-02
-3.000000e-01 9.847920e-01 4.386953e-02
-2.850000e-01 9.847920e-01 4.418736e-02
-2.700000e-01 9.847920e-01 4.456607e-02
-2.550000e-01 9.847920e-01 4.501721e-02
-2.400000e-01 9.847920e-01 4.555518e-02
-2.250000e-01 9.847920e-01 4.619804e-02
-2.100000e-01 9.847920e-01 4.696818e-02
-1.950000e-01 9.847920e-01 4.789291e-02
-1.800000e-01 9.847920e-01 4.900476e-02
-1.650000e-01 9.847920e-01 5.034106e-02
-1.500000e-01 9.847920e-01 5.194211e-02
-1.350000e-01 9.847920e-01 5.384657e-02
-1.200000e-01 9.847920e-01 5.608172e-02
-1.050000e-01 9.847920e-01 5.864316e-02
-9.000000e-02 9.847920e-01 6.145202e-02
-7.500000e-02 9.847920e-01 6.427180e-02
-6.000000e-02 9.847920e-01 6.662332e-02
-4.500000e-02 9.847920e-01 6.799947e-02
-3.000000e-02 9.847920e-01 6.853201e-02
-1.500000e-02 9.847920e-01 6.879278e-02
5.551115e-17 9.847920e-01 6.890774e-02
1.500000e-02 9.847920e-01 6.879278e-02
3.000000e-02 9.847920e-01 6.853201e-02
4.500000e-02 9.847920e-01 6.799947e-02
6.000000e-02 9.847920e-01 6.662332e-02
7.500000e-02 9.847920e-01 6.427180e-02
9.000000e-02 9.847920e-01 6.145202e-02
1.050000e-01 9.847920e-01 5.864316e-02
1.200000e-01 9.847920e-01 5.608172e-02
1.350000e-01 9.847920e-01 5.384657e-02
1.500000e-01 9.847920e-01 5.194211e-02
1.650000e-01 9.847920e-01 5.034106e-02
1.800000e-01 9.847920e-01 4.900476e-02
1.950000e-01 9.847920e-01 4.789291e-02
2.100000e-01 9.847920e-01 4.696818e-02
2.250000e-01 9.847920e-01 4.619804e-02
2.400000e-01 9.847920e-01 4.555518e-02
2.550000e-01 9.847920e-01 4.501721e-02
2.700000e-01 9.847920e-01 4.456607e-02
2.850000e-01 9.847920e-01 4.418736e-02
3.000000e-01 9.847920e-01 4.386953e-02
-3.000000e-01 9.984563e-01 4.293759e-02
-2.850000e-01 9.984563e-01 4.324543e-02
-2.700000e-01 9.984563e-01 4.361221e-02
-2.550000e-01 9.984563e-01 4.404911e-02
-2.400000e-01 9.984563e-01 4.457007e-02
-2.250000e-01 9.984563e-01 4.519256e-02
-2.100000e-01 9.984563e-01 4.593826e-02
-1.950000e-01 9.984563e-01 4.683360e-02
-1.800000e-01 9.984563e-01 4.791014e-02
-1.650000e-01 9.984563e-01 4.920416e-02
-1.500000e-01 9.984563e-01 5.075514e-02
-1.350000e-01 9.984563e-01 5.260160e-02
-1.200000e-01 9.984563e-01 5.477267e-02
-1.050000e-01 9.984563e-01 5.727059e-02
-9.000000e-02 9.984563e-01 6.003421e-02
-7.500000e-02 9.984563e-01 6.286762e-02
-6.000000e-02 9.984563e-01 6.536373e-02
-4.500000e-02 9.984563e-01 6.707237e-02
-3.000000e-02 9.984563e-01 6.804117e-02
-1.500000e-02 9.984563e-01 6.864412e-02
5.551115e-17 9.984563e-01 6.888271e-02
1.500000e-02 9.984563e-01 6.864412e-02
3.000000e-02 9.984563e-01 6.804117e-02
4.500000e-02 9.984563e-01 6.707237e-02
6.000000e-02 9.984563e-01 6.536373e-02
7.500000e-02 9.984563e-01 6.286762e-02
9.000000e-02 9.984563e-01 6.003421e-02
1.050000e-01 9.984563e-01 5.727059e-02
1.200000e-01 9.984563e-01 5.477267e-02
1.350000e-01 9.984563e-01 5.260160e-02
1.500000e-01 9.984563e-01 5.075514e-02
1.650000e-01 9.984563e-01 4.920416e-02
1.800000e-01 9.984563e-01 4.791014e-02
1.950000e-01 9.984563e-01 4.683360e-02
2.100000e-01 9.984563e-01 4.593826e-02
2.250000e-01 9.984563e-01 4.519256e-02
2.400000e-01 9.984563e-01 4.457007e-02
2.550000e-01 9.984563e-01 4.404911e-02
2.700000e-01 9.984563e-01 4.361221e-02
2.850000e-01 9.984563e-01 4.324543e-02
3.000000e-01 9.984563e-01 4.293759e-02
-3.000000e-01 1.012121e+00 4.203506e-02
-2.850000e-01 1.012121e+00 4.233332e-02
-2.700000e-01 1.012121e+00 4.268868e-02
-2.550000e-01 1.012121e+00 4.311195e-02
-2.400000e-01 1.012121e+00 4.361664e-02
-2.250000e-01 1.012121e+00 4.421966e-02
-2.100000e-01 1.012121e+00 4.494199e-02
-1.950000e-01 1.012121e+00 4.580928e-02
-1.800000e-01 1.012121e+00 4.685213e-02
-1.650000e-01 1.012121e+00 4.810590e-02
-1.500000e-01 1.012121e+00 4.960928e-02
-1.350000e-01 1.012121e+00 5.140081e-02
-1.200000e-01 1.012121e+00 5.351153e-02
-1.050000e-01 1.012121e+00 5.595041e-02
-9.000000e-02 1.012121e+00 5.867397e-02
-7.500000e-02 1.012121e+00 6.152655e-02
-6.000000e-02 1.012121e+00 6.417230e-02
-4.500000e-02 1.012121e+00 6.621699e-02
-3.000000e-02 1.012121e+00 6.762416e-02
-1.500000e-02 1.012121e+00 6.857063e-02
5.551115e-17 1.012121e+00 6.893341e-02
1.500000e-02 1.012121e+00 6.857063e-02
3.000000e-02 1.012121e+00 6.762416e-02
4.500000e-02 1.012121e+00 6.621699e-02
6.000000e-02 1.012121e+00 6.417230e-02
7.500000e-02 1.012121e+00 6.152655e-02
9.000000e-02 1.012121e+00 5.867397e-02
1.050000e-01 1.012121e+00 5.595041e-02
1.200000e-01 1.012121e+00 5.351153e-02
1.350000e-01 1.012121e+00 5.140081e-02
1.500000e-01 1.012121e+00 4.960928e-02
1.650000e-01 1.012121e+00 4.810590e-02
1.800000e-01 1.012121e+00 4.685213e-02
1.950000e-01 1.012121e+00 4.580928e-02
2.100000e-01 1.012121e+00 4.494199e-02
2.250000e-01 1.012121e+00 4.421966e-02
2.400000e-01 1.012121e+00 4.361664e-02
2.550000e-01 1.012121e+00 4.311195e-02
2.700000e-01 1.012121e+00 4.268868e-02
2.850000e-01 1.012121e+00 4.233332e-02
3.000000e-01 1.012121e+00 4.203506e-02
-3.000000e-01 1.025785e+00 4.116071e-02
-2.850000e-01 1.025785e+00 4.144979e-02
-2.700000e-01 1.025785e+00 4.179421e-02
-2.550000e-01 1.025785e+00 4.220444e-02
-2.400000e-01 1.025785e+00 4.269356e-02
-2.250000e-01 1.025785e+00 4.327795e-02
-2.100000e-01 1.025785e+00 4.397796e-02
-1.950000e-01 1.025785e+00 4.481844e-02
-1.800000e-01 1.025785e+00 4.582916e-02
-1.650000e-01 1.025785e+00 4.704459e-02
-1.500000e-01 1.025785e+00 4.850274e-02
-1.350000e-01 1.025785e+00 5.024223e-02
-1.200000e-01 1.025785e+00 5.229617e-02
-1.050000e-01 1.025785e+00 5.468031e-02
-9.000000e-02 1.025785e+00 5.736881e-02
-7.500000e-02 1.025785e+00 6.024604e-02
-6.000000e-02 1.025785e+00 6.304673e-02
-4.500000e-02 1.025785e+00 6.543171e-02
-3.000000e-02 1.025785e+00 6.728030e-02
-1.500000e-02 1.025785e+00 6.857245e-02
5.551115e-17 1.025785e+00 6.906024e-02
1.500000e-02 1.025785e+00 6.857245e-02
3.000000e-02 1.025785e+00 6.728030e-02
4.500000e-02 1.025785e+00 6.543171e-02
6.000000e-02 1.025785e+00 6.304673e-02
7.500000e-02 1.025785e+00 6.024604e-02
9.000000e-02 1.025785e+00 5.736881e-02
1.050000e-01 1.025785e+00 5.468031e-02
1.200000e-01 1.025785e+00 5.229617e-02
1.350000e-01 1.025785e+00 5.024223e-02
1.500000e-01 1.025785e+00 4.850274e-02
1.650000e-01 1.025785e+00 4.704459e-02
1.800000e-01 1.025785e+00 4.582916e-02
1.950000e-01 1.025785e+00 4.481844e-02
2.100000e-01 1.025785e+00 4.397796e-02
2.250000e-01 1.025785e+00 4.327795e-02
2.400000e-01 1.025785e+00 4.269356e-02
2.550000e-01 1.025785e+00 4.220444e-02
2.700000e-01 1.025785e+00 4.179421e-02
2.850000e-01 1.025785e+00 4.144979e-02
3.000000e-01 1.025785e+00 4.116071e-02
-3.000000e-01 1.039449e+00 4.031338e-02
-2.850000e-01 1.039449e+00 4.059367e-02
-2.700000e-01 1.039449e+00 4.092761e-02
-2.550000e-01 1.039449e+00 4.132535e-02
-2.400000e-01 1.039449e+00 4.179956e-02
-2.250000e-01 1.039449e+00 4.236613e-02
-2.100000e-01 1.039449e+00 4.304479e-02
-1.950000e-01 1.039449e+00 4.385967e-02
-1.800000e-01 1.039449e+00 4.483973e-02
-1.650000e-01 1.039449e+00 4.601862e-02
-1.500000e-01 1.039449e+00 4.743379e-02
-1.350000e-01 1.039449e+00 4.912403e-02
-1.200000e-01 1.039449e+00 5.112459e-02
-1.050000e-01 1.039449e+00 5.345810e-02
-9.000000e-02 1.039449e+00 5.611641e-02
-7.500000e-02 1.039449e+00 5.902376e-02
-6.000000e-02 1.039449e+00 6.198495e-02
-4.500000e-02 1.039449e+00 6.471518e-02
-3.000000e-02 1.039449e+00 6.700922e-02
-1.500000e-02 1.039449e+00 6.864995e-02
5.551115e-17 1.039449e+00 6.926389e-02
1.500000e-02 1.039449e+00 6.864995e-02
3.000000e-02 1.039449e+00 6.700922e-02
4.500000e-02 1.039449e+00 6.471518e-02
6.000000e-02 1.039449e+00 6.198495e-02
7.500000e-02 1.039449e+00 5.902376e-02
9.000000e-02 1.039449e+00 5.611641e-02
1.050000e-01 1.039449e+00 5.345810e-02
1.200000e-01 1.039449e+00 5.112459e-02
1.350000e-01 1.039449e+00 4.912403e-02
1.500000e-01 1.039449e+00 4.743379e-02
1.650000e-01 1.039449e+00 4.601862e-02
1.800000e-01 1.039449e+00 4.483973e-02
1.950000e-01 1.039449e+00 4.385967e-02
2.100000e-01 1.039449e+00 4.304479e-02
2.250000e-01 1.039449e+00 4.236613e-02
2.400000e-01 1.039449e+00 4.179956e-02
2.550000e-01 1.039449e+00 4.132535e-02
2.700000e-01 1.039449e+00 4.092761e-02
2.850000e-01 1.039449e+00 4.059367e-02
3.000000e-01 1.039449e+00 4.031338e-02
-3.000000e-01 1.053113e+00 3.949198e-02
-2.850000e-01 1.053113e+00 3.976385e-02
-2.700000e-01 1.053113e+00 4.008774e-02
-2.550000e-01 1.053113e+00 4.047351e-02
-2.400000e-01 1.053113e+00 4.093344e-02
-2.250000e-01 1.053113e+00 4.148296e-02
-2.100000e-01 1.053113e+00 4.214119e-02
-1.950000e-01 1.053113e+00 4.293162e-02
-1.800000e-01 1.053113e+00 4.388242e-02
-1.650000e-01 1.053113e+00 4.502651e-02
-1.500000e-01 1.053113e+00 4.640083e-02
-1.350000e-01 1.053113e+00 4.804445e-02
-1.200000e-01 1.053113e+00 4.999489e-02
-1.050000e-01 1.053113e+00 5.228175e-02
-9.000000e-02 1.053113e+00 5.491463e-02
-7.500000e-02 1.053113e+00 5.785756e-02
-6.000000e-02 1.053113e+00 6.098510e-02
-4.500000e-02 1.053113e+00 6.406626e-02
-3.000000e-02 1.053113e+00 6.681076e-02
-1.500000e-02 1.053113e+00 6.880382e-02
5.551115e-17 1.053113e+00 6.954532e-02
1.500000e-02 1.053113e+00 6.880382e-02
3.000000e-02 1.053113e+00 6.681076e-02
4.500000e-02 1.053113e+00 6.406626e-02
6.000000e-02 1.053113e+00 6.098510e-02
7.500000e-02 1.053113e+00 5.785756e-02
9.000000e-02 1.053113e+00 5.491463e-02
1.050000e-01 1.053113e+00 5.228175e-02
1.200000e-01 1.053113e+00 4.999489e-02
1.350000e-01 1.053113e+00 4.804445e-02
1.500000e-01 1.053113e+00 4.640083e-02
1.650000e-01 1.053113e+00 4.502651e-02
1.800000e-01 1.053113e+00 4.388242e-02
1.950000e-01 1.053113e+00 4.293162e-02
2.100000e-01 1.053113e+00 4.214119e-02
2.250000e-01 1.053113e+00 4.148296e-02
2.400000e-01 1.053113e+00 4.093344e-02
2.550000e-01 1.053113e+00 4.047351e-02
2.700000e-01 1.053113e+00 4.008774e-02
2.850000e-01 1.053113e+00 3.976385e-02
3.000000e-01 1.053113e+00 3.949198e-02
-3.000000e-01 1.066778e+00 3.869547e-02
-2.850000e-01 1.066778e+00 3.895925e-02
-2.700000e-01 1.066778e+00 3.927351e-02
-2.550000e-01 1.066778e+00 3.964781e-02
-2.400000e-01 1.066778e+00 4.009407e-02
-2.250000e-01 1.066778e+00 4.062725e-02
-2.100000e-01 1.066778e+00 4.126596e-02
-1.950000e-01 1.066778e+00 4.203301e-02
-1.800000e-01 1.066778e+00 4.295589e-02
-1.650000e-01 1.066778e+00 4.406682e-02
-1.500000e-01 1.066778e+00 4.540234e-02
-1.350000e-01 1.066778e+00 4.700187e-02
-1.200000e-01 1.066778e+00 4.890531e-02
-1.050000e-01 1.066778e+00 5.114936e-02
-9.000000e-02 1.066778e+00 5.376146e-02
-7.500000e-02 1.066778e+00 5.674548e-02
-6.000000e-02 1.066778e+00 6.004555e-02
-4.500000e-02 1.066778e+00 6.348407e-02
-3.000000e-02 1.066778e+00 6.668507e-02
-1.500000e-02 1.066778e+00 6.903501e-02
5.551115e-17 1.066778e+00 6.990580e-02
1.500000e-02 1.066778e+00 6.903501e-02
3.000000e-02 1.066778e+00 6.668507e-02
4.500000e-02 1.066778e+00 6.348407e-02
6.000000e-02 1.066778e+00 6.004555e-02
7.500000e-02 1.066778e+00 5.674548e-02
9.000000e-02 1.066778e+00 5.376146e-02
1.050000e-01 1.066778e+00 5.114936e-02
1.200000e-01 1.066778e+00 4.890531e-02
1.350000e-01 1.066778e+00 4.700187e-02
1.500000e-01 1.066778e+00 4.540234e-02
1.650000e-01 1.066778e+00 4.406682e-02
1.800000e-01 1.066778e+00 4.295589e-02
1.950000e-01 1.066778e+00 4.203301e-02
2.100000e-01 1.066778e+00 4.126596e-02
2.250000e-01 1.066778e+00 4.062725e-02
2.400000e-01 1.066778e+00 4.009407e-02
2.550000e-01 1.066778e+00 3.964781e-02
2.700000e-01 1.066778e+00 3.927351e-02
2.850000e-01 1.066778e+00 3.895925e-02
3.000000e-01 1.066778e+00 3.869547e-02
-3.000000e-01 1.080442e+00 3.792286e-02
-2.850000e-01 1.080442e+00 3.817888e-02
-2.700000e-01 1.080442e+00 3.848390e-02
-2.550000e-01 1.080442e+00 3.884721e-02
-2.400000e-01 1.080442e+00 3.928037e-02
-2.250000e-01 1.080442e+00 3.979791e-02
-2.100000e-01 1.080442e+00 4.041793e-02
-1.950000e-01 1.080442e+00 4.116264e-02
-1.800000e-01 1.080442e+00 4.205886e-02
-1.650000e-01 1.080442e+00 4.313821e-02
-1.500000e-01 1.080442e+00 4.443688e-02
-1.350000e-01 1.080442e+00 4.599475e-02
-1.200000e-01 1.080442e+00 4.785420e-02
-1.050000e-01 1.080442e+00 5.005916e-02
-9.000000e-02 1.080442e+00 5.265506e-02
-7.500000e-02 1.080442e+00 5.568570e-02
-6.000000e-02 1.080442e+00 5.916484e-02
-4.500000e-02 1.080442e+00 6.296796e-02
-3.000000e-02 1.080442e+00 6.663255e-02
-1.500000e-02 1.080442e+00 6.934478e-02
5.551115e-17 1.080442e+00 7.034692e-02
1.500000e-02 1.080442e+00 6.934478e-02
3.000000e-02 1.080442e+00 6.663255e-02
4.500000e-02 1.080442e+00 6.296796e-02
6.000000e-02 1.080442e+00 5.916484e-02
7.500000e-02 1.080442e+00 5.568570e-02
9.000000e-02 1.080442e+00 5.265506e-02
1.050000e-01 1.080442e+00 5.005916e-02
1.200000e-01 1.080442e+00 4.785420e-02
1.350000e-01 1.080442e+00 4.599475e-02
1.500000e-01 1.080442e+00 4.443688e-02
1.650000e-01 1.080442e+00 4.313821e-02
1.800000e-01 1.080442e+00 4.205886e-02
1.950000e-01 1.080442e+00 4.116264e-02
2.100000e-01 1.080442e+00 4.041793e-02
2.250000e-01 1.080442e+00 3.979791e-02
2.400000e-01 1.080442e+00 3.928037e-02
2.550000e-01 1.080442e+00 3.884721e-02
2.700000e-01 1.080442e+00 3.848390e-02
2.850000e-01 1.080442e+00 3.817888e-02
3.000000e-01 1.080442e+00 3.792286e-02
-3.000000e-01 1.094106e+00 3.717320e-02
-2.850000e-01 1.094106e+00 3.742177e-02
-2.700000e-01 1.094106e+00 3.771794e-02
-2.550000e-01 1.094106e+00 3.807070e-02
-2.400000e-01 1.094106e+00 3.849130e-02
-2.250000e-01 1.094106e+00 3.899387e-02
-2.100000e-01 1.094106e+00 3.959601e-02
-1.950000e-01 1.094106e+00 4.031937e-02
-1.800000e-01 1.094106e+00 4.119015e-02
-1.650000e-01 1.094106e+00 4.223942e-02
-1.500000e-01 1.094106e+00 4.350309e-02
-1.350000e-01 1.094106e+00 4.502163e-02
-1.200000e-01 1.094106e+00 4.683999e-02
-1.050000e-01 1.094106e+00 4.900948e-02
-9.000000e-02 1.094106e+00 5.159371e-02
-7.500000e-02 1.094106e+00 5.467661e-02
-6.000000e-02 1.094106e+00 5.834173e-02
-4.500000e-02 1.094106e+00 6.251751e-02
-3.000000e-02 1.094106e+00 6.665388e-02
-1.500000e-02 1.094106e+00 6.973469e-02
5.551115e-17 1.094106e+00 7.087055e-02
1.500000e-02 1.094106e+00 6.973469e-02
3.000000e-02 1.094106e+00 6.665388e-02
4.500000e-02 1.094106e+00 6.251751e-02
6.000000e-02 1.094106e+00 5.834173e-02
7.500000e-02 1.094106e+00 5.467661e-02
9.000000e-02 1.094106e+00 5.159371e-02
1.050000e-01 1.094106e+00 4.900948e-02
1.200000e-01 1.094106e+00 4.683999e-02
1.350000e-01 1.094106e+00 4.502163e-02
1.500000e-01 1.094106e+00 4.350309e-02
1.650000e-01 1.094106e+00 4.223942e-02
1.800000e-01 1.094106e+00 4.119015e-02
1.950000e-01 1.094106e+00 4.031937e-02
2.100000e-01 1.094106e+00 3.959601e-02
2.250000e-01 1.094106e+00 3.899387e-02
2.400000e-01 1.094106e+00 3.849130e-02
2.550000e-01 1.094106e+00 3.807070e-02
2.700000e-01 1.094106e+00 3.771794e-02
2.850000e-01 1.094106e+00 3.742177e-02
3.000000e-01 1.094106e+00 3.717320e-02
-3.000000e-01 1.107771e+00 3.644560e-02
-2.850000e-01 1.107771e+00 3.668703e-02
-2.700000e-01 1.107771e+00 3.697469e-02
-2.550000e-01 1.107771e+00 3.731734e-02
-2.400000e-01 1.107771e+00 3.772591e-02
-2.250000e-01 1.107771e+00 3.821413e-02
-2.100000e-01 1.107771e+00 3.879916e-02
-1.950000e-01 1.107771e+00 3.950210e-02
-1.800000e-01 1.107771e+00 4.034860e-02
-1.650000e-01 1.107771e+00 4.136923e-02
-1.500000e-01 1.107771e+00 4.259971e-02
-1.350000e-01 1.107771e+00 4.408115e-02
-1.200000e-01 1.107771e+00 4.586123e-02
-1.050000e-01 1.107771e+00 4.799879e-02
-9.000000e-02 1.107771e+00 5.057582e-02
-7.500000e-02 1.107771e+00 5.371673e-02
-6.000000e-02 1.107771e+00 5.757518e-02
-4.500000e-02 1.107771e+00 6.213254e-02
-3.000000e-02 1.107771e+00 6.675002e-02
-1.500000e-02 1.107771e+00 7.020663e-02
5.551115e-17 1.107771e+00 7.147891e-02
1.500000e-02 1.107771e+00 7.020663e-02
3.000000e-02 1.107771e+00 6.675002e-02
4.500000e-02 1.107771e+00 6.213254e-02
6.000000e-02 1.107771e+00 5.757518e-02
7.500000e-02 1.107771e+00 5.371673e-02
9.000000e-02 1.107771e+00 5.057582e-02
1.050000e-01 1.107771e+00 4.799879e-02
1.200000e-01 1.107771e+00 4.586123e-02
1.350000e-01 1.107771e+00 4.408115e-02
1.500000e-01 1.107771e+00 4.259971e-02
1.650000e-01 1.107771e+00 4.136923e-02
1.800000e-01 1.107771e+00 4.034860e-02
1.950000e-01 1.107771e+00 3.950210e-02
2.100000e-01 1.107771e+00 3.879916e-02
2.250000e-01 1.107771e+00 3.821413e-02
2.400000e-01 1.107771e+00 3.772591e-02
2.550000e-01 1.107771e+00 3.731734e-02
2.700000e-01 1.107771e+00 3.697469e-02
2.850000e-01 1.107771e+00 3.668703e-02
3.000000e-01 1.107771e+00 3.644560e-02
-3.000000e-01 1.121435e+00 3.573922e-02
-2.850000e-01 1.121435e+00 3.597378e-02
-2.700000e-01 1.121435e+00 3.625328e-02
-2.550000e-01 1.121435e+00 3.658623e-02
-2.400000e-01 1.121435e+00 3.698326e-02
-2.250000e-01 1.121435e+00 3.745774e-02
-2.100000e-01 1.121435e+00 3.802639e-02
-1.950000e-01 1.121435e+00 3.870982e-02
-1.800000e-01 1.121435e+00 3.953315e-02
-1.650000e-01 1.121435e+00 4.052652e-02
-1.500000e-01 1.121435e+00 4.172552e-02
-1.350000e-01 1.121435e+00 4.317202e-02
-1.200000e-01 1.121435e+00 4.491654e-02
-1.050000e-01 1.121435e+00 4.702563e-02
-9.000000e-02 1.121435e+00 4.959995e-02
-7.500000e-02 1.121435e+00 5.280474e-02
-6.000000e-02 1.121435e+00 5.686431e-02
-4.500000e-02 1.121435e+00 6.181311e-02
-3.000000e-02 1.121435e+00 6.692222e-02
-1.500000e-02 1.121435e+00 7.076281e-02
5.551115e-17 1.121435e+00 7.217460e-02
1.500000e-02 1.121435e+00 7.076281e-02
3.000000e-02 1.121435e+00 6.692222e-02
4.500000e-02 1.121435e+00 6.181311e-02
6.000000e-02 1.121435e+00 5.686431e-02
7.500000e-02 1.121435e+00 5.280474e-02
9.000000e-02 1.121435e+00 4.959995e-02
1.050000e-01 1.121435e+00 4.702563e-02
1.200000e-01 1.121435e+00 4.491654e-02
1.350000e-01 1.121435e+00 4.317202e-02
1.500000e-01 1.121435e+00 4.172552e-02
1.650000e-01 1.121435e+00 4.052652e-02
1.800000e-01 1.121435e+00 3.953315e-02
1.950000e-01 1.121435e+00 3.870982e-02
2.100000e-01 1.121435e+00 3.802639e-02
2.250000e-01 1.121435e+00 3.745774e-02
2.400000e-01 1.121435e+00 3.698326e-02
2.550000e-01 1.121435e+00 3.658623e-02
2.700000e-01 1.121435e+00 3.625328e-02
2.850000e-01 1.121435e+00 3.597378e-02
3.000000e-01 1.121435e+00 3.573922e-02
-3.000000e-01 1.135099e+00 3.505323e-02
-2.850000e-01 1.135099e+00 3.528121e-02
-2.700000e-01 1.135099e+00 3.555287e-02
-2.550000e-01 1.135099e+00 3.587651e-02
-2.400000e-01 1.135099e+00 3.626247e-02
-2.250000e-01 1.135099e+00 3.672380e-02
-2.100000e-01 1.135099e+00 3.727677e-02
-1.950000e-01 1.135099e+00 3.794155e-02
-1.800000e-01 1.135099e+00 3.874278e-02
-1.650000e-01 1.135099e+00 3.971021e-02
-1.500000e-01 1.135099e+00 4.087939e-02
-1.350000e-01 1.135099e+00 4.229303e-02
-1.200000e-01 1.135099e+00 4.400465e-02
-1.050000e-01 1.135099e+00 4.608868e-02
-9.000000e-02 1.135099e+00 4.866475e-02
-7.500000e-02 1.135099e+00 5.193948e-02
-6.000000e-02 1.135099e+00 5.620846e-02
-4.500000e-02 1.135099e+00 6.155953e-02
-3.000000e-02 1.135099e+00 6.717205e-02
-1.500000e-02 1.135099e+00 7.140582e-02
5.551115e-17 1.135099e+00 7.296056e-02
1.500000e-02 1.135099e+00 7.140582e-02
3.000000e-02 1.135099e+00 6.717205e-02
4.500000e-02 1.135099e+00 6.155953e-02
6.000000e-02 1.135099e+00 5.620846e-02
7.500000e-02 1.135099e+00 5.193948e-02
9.000000e-02 1.135099e+00 4.866475e-02
1.050000e-01 1.135099e+00 4.608868e-02
1.200000e-01 1.135099e+00 4.400465e-02
1.350000e-01 1.135099e+00 4.229303e-02
1.500000e-01 1.135099e+00 4.087939e-02
1.650000e-01 1.135099e+00 3.971021e-02
1.800000e-01 1.135099e+00 3.874278e-02
1.950000e-01 1.135099e+00 3.794155e-02
2.100000e-01 1.135099e+00 3.727677e-02
2.250000e-01 1.135099e+00 3.672380e-02
2.400000e-01 1.135099e+00 3.626247e-02
2.550000e-01 1.135099e+00 3.587651e-02
2.700000e-01 1.135099e+00 3.555287e-02
2.850000e-01 1.135099e+00 3.528121e-02
3.000000e-01 1.135099e+00 3.505323e-02
-3.000000e-01 1.148763e+00 3.438688e-02
-2.850000e-01 1.148763e+00 3.460852e-02
-2.700000e-01 1.148763e+00 3.487266e-02
-2.550000e-01 1.148763e+00 3.518737e-02
-2.400000e-01 1.148763e+00 3.556272e-02
-2.250000e-01 1.148763e+00 3.601143e-02
-2.100000e-01 1.148763e+00 3.654941e-02
-1.950000e-01 1.148763e+00 3.719636e-02
-1.800000e-01 1.148763e+00 3.797652e-02
-1.650000e-01 1.148763e+00 3.891928e-02
-1.500000e-01 1.148763e+00 4.006024e-02
-1.350000e-01 1.148763e+00 4.144306e-02
-1.200000e-01 1.148763e+00 4.312435e-02
-1.050000e-01 1.148763e+00 4.518670e-02
-9.000000e-02 1.148763e+00 4.776902e-02
-7.500000e-02 1.148763e+00 5.111991e-02
-6.000000e-02 1.148763e+00 5.560716e-02
-4.500000e-02 1.148763e+00 6.137237e-02
-3.000000e-02 1.148763e+00 6.750139e-02
-1.500000e-02 1.148763e+00 7.213859e-02
5.551115e-17 1.148763e+00 7.384015e-02
1.500000e-02 1.148763e+00 7.213859e-02
3.000000e-02 1.148763e+00 6.750139e-02
4.500000e-02 1.148763e+00 6.137237e-02
6.000000e-02 1.148763e+00 5.560716e-02
7.500000e-02 1.148763e+00 5.111991e-02
9.000000e-02 1.148763e+00 4.776902e-02
1.050000e-01 1.148763e+00 4.518670e-02
1.200000e-01 1.148763e+00 4.312435e-02
1.350000e-01 1.148763e+00 4.144306e-02
1.500000e-01 1.148763e+00 4.006024e-02
1.650000e-01 1.148763e+00 3.891928e-02
1.800000e-01 1.148763e+00 3.797652e-02
1.950000e-01 1.148763e+00 3.719636e-02
2.100000e-01 1.148763e+00 3.654941e-02
2.250000e-01 1.148763e+00 3.601143e-02
2.400000e-01 1.148763e+00 3.556272e-02
2.550000e-01 1.148763e+00 3.518737e-02
2.700000e-01 1.148763e+00 3.487266e-02
2.850000e-01 1.148763e+00 3.460852e-02
3.000000e-01 1.148763e+00 3.438688e-02
-3.000000e-01 1.162428e+00 3.373943e-02
-2.850000e-01 1.162428e+00 3.395498e-02
-2.700000e-01 1.162428e+00 3.421190e-02
-2.550000e-01 1.162428e+00 3.451803e-02
-2.400000e-01 1.162428e+00 3.488321e-02
-2.250000e-01 1.162428e+00 3.531984e-02
-2.100000e-01 1.162428e+00 3.584346e-02
-1.950000e-01 1.162428e+00 3.647339e-02
-1.800000e-01 1.162428e+00 3.723345e-02
-1.650000e-01 1.162428e+00 3.815279e-02
-1.500000e-01 1.162428e+00 3.926708e-02
-1.350000e-01 1.162428e+00 4.062102e-02
-1.200000e-01 1.162428e+00 4.227454e-02
-1.050000e-01 1.162428e+00 4.431853e-02
-9.000000e-02 1.162428e+00 4.691166e-02
-7.500000e-02 1.162428e+00 5.034518e-02
-6.000000e-02 1.162428e+00 5.506012e-02
-4.500000e-02 1.162428e+00 6.125244e-02
-3.000000e-02 1.162428e+00 6.791247e-02
-1.500000e-02 1.162428e+00 7.296450e-02
5.551115e-17 1.162428e+00 7.481714e-02
1.500000e-02 1.162428e+00 7.296450e-02
3.000000e-02 1.162428e+00 6.791247e-02
4.500000e-02 1.162428e+00 6.125244e-02
6.000000e-02 1.162428e+00 5.506012e-02
7.500000e-02 1.162428e+00 5.034518e-02
9.000000e-02 1.162428e+00 4.691166e-02
1.050000e-01 1.162428e+00 4.431853e-02
1.200000e-01 1.162428e+00 4.227454e-02
1.350000e-01 1.162428e+00 4.062102e-02
1.500000e-01 1.162428e+00 3.926708e-02
1.650000e-01 1.162428e+00 3.815279e-02
1.800000e-01 1.162428e+00 3.723345e-02
1.950000e-01 1.162428e+00 3.647339e-02
2.100000e-01 1.162428e+00 3.584346e-02
2.250000e-01 1.162428e+00 3.531984e-02
2.400000e-01 1.162428e+00 3.488321e-02
2.550000e-01 1.162428e+00 3.451803e-02
2.700000e-01 1.162428e+00 3.421190e-02
2.850000e-01 1.162428e+00 3.395498e-02
3.000000e-01 1.162428e+00 3.373943e-02
-3.000000e-01 1.176092e+00 3.311017e-02
-2.850000e-01 1.176092e+00 3.331988e-02
-2.700000e-01 1.176092e+00 3.356986e-02
-2.550000e-01 1.176092e+00 3.386776e-02
-2.400000e-01 1.176092e+00 3.422319e-02
-2.250000e-01 1.176092e+00 3.464824e-02
-2.100000e-01 1.176092e+00 3.515813e-02
-1.950000e-01 1.176092e+00 3.577180e-02
-1.800000e-01 1.176092e+00 3.651272e-02
-1.650000e-01 1.176092e+00 3.740981e-02
-1.500000e-01 1.176092e+00 3.849893e-02
-1.350000e-01 1.176092e+00 3.982594e-02
-1.200000e-01 1.176092e+00 4.145416e-02
-1.050000e-01 1.176092e+00 4.348314e-02
-9.000000e-02 1.176092e+00 4.609168e-02
-7.500000e-02 1.176092e+00 4.961456e-02
-6.000000e-02 1.176092e+00 5.456727e-02
-4.500000e-02 1.176092e+00 6.120085e-02
-3.000000e-02 1.176092e+00 6.840788e-02
-1.500000e-02 1.176092e+00 7.388734e-02
5.551115e-17 1.176092e+00 7.589579e-02
1.500000e-02 1.176092e+00 7.388734e-02
3.000000e-02 1.176092e+00 6.840788e-02
4.500000e-02 1.176092e+00 6.120085e-02
6.000000e-02 1.176092e+00 5.456727e-02
7.500000e-02 1.176092e+00 4.961456e-02
9.000000e-02 1.176092e+00 4.609168e-02
1.050000e-01 1.176092e+00 4.348314e-02
1.200000e-01 1.176092e+00 4.145416e-02
1.350000e-01 1.176092e+00 3.982594e-02
1.500000e-01 1.176092e+00 3.849893e-02
1.650000e-01 1.176092e+00 3.740981e-02
1.800000e-01 1.176092e+00 3.651272e-02
1.950000e-01 1.176092e+00 3.577180e-02
2.100000e-01 1.176092e+00 3.515813e-02
2.250000e-01 1.176092e+00 3.464824e-02
2.400000e-01 1.176092e+00 3.422319e-02
2.550000e-01 1.176092e+00 3.386776e-02
2.700000e-01 1.176092e+00 3.356986e-02
2.850000e-01 1.176092e+00 3.331988e-02
3.000000e-01 1.176092e+00 3.311017e-02
-3.000000e-01 1.189756e+00 3.249845e-02
-2.850000e-01 1.189756e+00 3.270254e-02
-2.700000e-01 1.189756e+00 3.294585e-02
-2.550000e-01 1.189756e+00 3.323586e-02
-2.400000e-01 1.189756e+00 3.358193e-02
-2.250000e-01 1.189756e+00 3.399590e-02
-2.100000e-01 1.189756e+00 3.449265e-02
-1.950000e-01 1.189756e+00 3.509080e-02
-1.800000e-01 1.189756e+00 3.581350e-02
-1.650000e-01 1.189756e+00 3.668950e-02
-1.500000e-01 1.189756e+00 3.775491e-02
-1.350000e-01 1.189756e+00 3.905686e-02
-1.200000e-01 1.189756e+00 4.066226e-02
-1.050000e-01 1.189756e+00 4.267955e-02
-9.000000e-02 1.189756e+00 4.530822e-02
-7.500000e-02 1.189756e+00 4.892747e-02
-6.000000e-02 1.189756e+00 5.412872e-02
-4.500000e-02 1.189756e+00 6.121898e-02
-3.000000e-02 1.189756e+00 6.899060e-02
-1.500000e-02 1.189756e+00 7.491138e-02
5.551115e-17 1.189756e+00 7.708084e-02
1.500000e-02 1.189756e+00 7.491138e-02
3.000000e-02 1.189756e+00 6.899060e-02
4.500000e-02 1.189756e+00 6.121898e-02
6.000000e-02 1.189756e+00 5.412872e-02
7.500000e-02 1.189756e+00 4.892747e-02
9.000000e-02 1.189756e+00 4.530822e-02
1.050000e-01 1.189756e+00 4.267955e-02
1.200000e-01 1.189756e+00 4.066226e-02
1.350000e-01 1.189756e+00 3.905686e-02
1.500000e-01 1.189756e+00 3.775491e-02
1.650000e-01 1.189756e+00 3.668950e-02
1.800000e-01 1.189756e+00 3.581350e-02
1.950000e-01 1.189756e+00 3.509080e-02
2.100000e-01 1.189756e+00 3.449265e-02
2.250000e-01 1.189756e+00 3.399590e-02
2.400000e-01 1.189756e+00 3.358193e-02
2.550000e-01 1.189756e+00 3.323586e-02
2.700000e-01 1.189756e+00 3.294585e-02
2.850000e-01 1.189756e+00 3.270254e-02
3.000000e-01 1.189756e+00 3.249845e-02
-3.000000e-01 1.203421e+00 3.190363e-02
-2.850000e-01 1.203421e+00 3.210231e-02
-2.700000e-01 1.203421e+00 3.233922e-02
-2.550000e-01 1.203421e+00 3.262165e-02
-2.400000e-01 1.203421e+00 3.295876e-02
-2.250000e-01 1.203421e+00 3.336211e-02
-2.100000e-01 1.203421e+00 3.384630e-02
-1.950000e-01 1.203421e+00 3.442964e-02
-1.800000e-01 1.203421e+00 3.513501e-02
-1.650000e-01 1.203421e+00 3.599104e-02
-1.500000e-01 1.203421e+00 3.703418e-02
-1.350000e-01 1.203421e+00 3.831291e-02
-1.200000e-01 1.203421e+00 3.989794e-02
-1.050000e-01 1.203421e+00 4.190689e-02
-9.000000e-02 1.203421e+00 4.456051e-02
-7.500000e-02 1.203421e+00 4.828348e-02
-6.000000e-02 1.203421e+00 5.374483e-02
-4.500000e-02 1.203421e+00 6.130855e-02
-3.000000e-02 1.203421e+00 6.966403e-02
-1.500000e-02 1.203421e+00 7.604139e-02
5.551115e-17 1.203421e+00 7.837760e-02
1.500000e-02 1.203421e+00 7.604139e-02
3.000000e-02 1.203421e+00 6.966403e-02
4.500000e-02 1.203421e+00 6.130855e-02
6.000000e-02 1.203421e+00 5.374483e-02
7.500000e-02 1.203421e+00 4.828348e-02
9.000000e-02 1.203421e+00 4.456051e-02
1.050000e-01 1.203421e+00 4.190689e-02
1.200000e-01 1.203421e+00 3.989794e-02
1.350000e-01 1.203421e+00 3.831291e-02
1.500000e-01 1.203421e+00 3.703418e-02
1.650000e-01 1.203421e+00 3.599104e-02
1.800000e-01 1.203421e+00 3.513501e-02
1.950000e-01 1.203421e+00 3.442964e-02
2.100000e-01 1.203421e+00 3.384630e-02
2.250000e-01 1.203421e+00 3.336211e-02
2.400000e-01 1.203421e+00 3.295876e-02
2.550000e-01 1.203421e+00 3.262165e-02
2.700000e-01 1.203421e+00 3.233922e-02
2.850000e-01 1.203421e+00 3.210231e-02
3.000000e-01 1.203421e+00 3.190363e-02
-3.000000e-01 1.217085e+00 3.132511e-02
-2.850000e-01 1.217085e+00 3.151859e-02
-2.700000e-01 1.217085e+00 3.174935e-02
-2.550000e-01 1.217085e+00 3.202451e-02
-2.400000e-01 1.217085e+00 3.235302e-02
-2.250000e-01 1.217085e+00 3.274621e-02
-2.100000e-01 1.217085e+00 3.321841e-02
-1.950000e-01 1.217085e+00 3.378763e-02
-1.800000e-01 1.217085e+00 3.447653e-02
-1.650000e-01 1.217085e+00 3.531369e-02
-1.500000e-01 1.217085e+00 3.633594e-02
-1.350000e-01 1.217085e+00 3.759329e-02
-1.200000e-01 1.217085e+00 3.916038e-02
-1.050000e-01 1.217085e+00 4.116437e-02
-9.000000e-02 1.217085e+00 4.384790e-02
-7.500000e-02 1.217085e+00 4.768233e-02
-6.000000e-02 1.217085e+00 5.341614e-02
-4.500000e-02 1.217085e+00 6.147157e-02
-3.000000e-02 1.217085e+00 7.043202e-02
-1.500000e-02 1.217085e+00 7.728271e-02
5.551115e-17 1.217085e+00 7.979194e-02
1.500000e-02 1.217085e+00 7.728271e-02
3.000000e-02 1.217085e+00 7.043202e-02
4.500000e-02 1.217085e+00 6.147157e-02
6.000000e-02 1.217085e+00 5.341614e-02
7.500000e-02 1.217085e+00 4.768233e-02
9.000000e-02 1.217085e+00 4.384790e-02
1.050000e-01 1.217085e+00 4.116437e-02
1.200000e-01 1.217085e+00 3.916038e-02
1.350000e-01 1.217085e+00 3.759329e-02
1.500000e-01 1.217085e+00 3.633594e-02
1.650000e-01 1.217085e+00 3.531369e-02
1.800000e-01 1.217085e+00 3.447653e-02
1.950000e-01 1.217085e+00 3.378763e-02
2.100000e-01 1.217085e+00 3.321841e-02
2.250000e-01 1.217085e+00 3.274621e-02
2.400000e-01 1.217085e+00 3.235302e-02
2.550000e-01 1.217085e+00 3.202451e-02
2.700000e-01 1.217085e+00 3.174935e-02
2.850000e-01 1.217085e+00 3.151859e-02
3.000000e-01 1.217085e+00 3.132511e-02
-3.000000e-01 1.230749e+00 3.076230e-02
-2.850000e-01 1.230749e+00 3.095079e-02
-2.700000e-01 1.230749e+00 3.117565e-02
-2.550000e-01 1.230749e+00 3.144383e-02
-2.400000e-01 1.230749e+00 3.176410e-02
-2.250000e-01 1.230749e+00 3.214757e-02
-2.100000e-01 1.230749e+00 3.260831e-02
-1.950000e-01 1.230749e+00 3.316409e-02
-1.800000e-01 1.230749e+00 3.383736e-02
-1.650000e-01 1.230749e+00 3.465671e-02
-1.500000e-01 1.230749e+00 3.565947e-02
-1.350000e-01 1.230749e+00 3.689723e-02
-1.200000e-01 1.230749e+00 3.844882e-02
-1.050000e-01 1.230749e+00 4.045130e-02
-9.000000e-02 1.230749e+00 4.316987e-02
-7.500000e-02 1.230749e+00 4.712391e-02
-6.000000e-02 1.230749e+00 5.314346e-02
-4.500000e-02 1.230749e+00 6.171041e-02
-3.000000e-02 1.230749e+00 7.129893e-02
-1.500000e-02 1.230749e+00 7.864128e-02
5.551115e-17 1.230749e+00 8.133043e-02
1.500000e-02 1.230749e+00 7.864128e-02
3.000000e-02 1.230749e+00 7.129893e-02
4.500000e-02 1.230749e+00 6.171041e-02
6.000000e-02 1.230749e+00 5.314346e-02
7.500000e-02 1.230749e+00 4.712391e-02
9.000000e-02 1.230749e+00 4.316987e-02
1.050000e-01 1.230749e+00 4.045130e-02
1.200000e-01 1.230749e+00 3.844882e-02
1.350000e-01 1.230749e+00 3.689723e-02
1.500000e-01 1.230749e+00 3.565947e-02
1.650000e-01 1.230749e+00 3.465671e-02
1.800000e-01 1.230749e+00 3.383736e-02
1.950000e-01 1.230749e+00 3.316409e-02
2.100000e-01 1.230749e+00 3.260831e-02
2.250000e-01 1.230749e+00 3.214757e-02
2.400000e-01 1.230749e+00 3.176410e-02
2.550000e-01 1.230749e+00 3.144383e-02
2.700000e-01 1.230749e+00 3.117565e-02
2.850000e-01 1.230749e+00 3.095079e-02
3.000000e-01 1.230749e+00 3.076230e-02
-3.000000e-01 1.244413e+00 3.021466e-02
-2.850000e-01 1.244413e+00 3.039835e-02
-2.700000e-01 1.244413e+00 3.061754e-02
-2.550000e-01 1.244413e+00 3.087903e-02
-2.400000e-01 1.244413e+00 3.119141e-02
-2.250000e-01 1.244413e+00 3.156559e-02
-2.100000e-01 1.244413e+00 3.201539e-02
-1.950000e-01 1.244413e+00 3.255839e-02
-1.800000e-01 1.244413e+00 3.321686e-02
-1.650000e-01 1.244413e+00 3.401945e-02
-1.500000e-01 1.244413e+00 3.500407e-02
-1.350000e-01 1.244413e+00 3.622404e-02
-1.200000e-01 1.244413e+00 3.776259e-02
-1.050000e-01 1.244413e+00 3.976706e-02
-9.000000e-02 1.244413e+00 4.252599e-02
-7.500000e-02 1.244413e+00 4.660826e-02
-6.000000e-02 1.244413e+00 5.292784e-02
-4.500000e-02 1.244413e+00 6.202785e-02
-3.000000e-02 1.244413e+00 7.226964e-02
-1.500000e-02 1.244413e+00 8.012372e-02
5.551115e-17 1.244413e+00 8.300031e-02
1.500000e-02 1.244413e+00 8.012372e-02
3.000000e-02 1.244413e+00 7.226964e-02
4.500000e-02 1.244413e+00 6.202785e-02
6.000000e-02 1.244413e+00 5.292784e-02
7.500000e-02 1.244413e+00 4.660826e-02
9.000000e-02 1.244413e+00 4.252599e-02
1.050000e-01 1.244413e+00 3.976706e-02
1.200000e-01 1.244413e+00 3.776259e-02
1.350000e-01 1.244413e+00 3.622404e-02
1.500000e-01 1.244413e+00 3.500407e-02
1.650000e-01 1.244413e+00 3.401945e-02
1.800000e-01 1.244413e+00 3.321686e-02
1.950000e-01 1.244413e+00 3.255839e-02
2.100000e-01 1.244413e+00 3.201539e-02
2.250000e-01 1.244413e+00 3.156559e-02
2.400000e-01 1.244413e+00 3.119141e-02
2.550000e-01 1.244413e+00 3.087903e-02
2.700000e-01 1.244413e+00 3.061754e-02
2.850000e-01 1.244413e+00 3.039835e-02
3.000000e-01 1.244413e+00 3.021466e-02
-3.000000e-01 1.258078e+00 2.968167e-02
-2.850000e-01 1.258078e+00 2.986074e-02
-2.700000e-01 1.258078e+00 3.007449e-02
-2.550000e-01 1.258078e+00 3.032957e-02
-2.400000e-01 1.258078e+00 3.063440e-02
-2.250000e-01 1.258078e+00 3.099969e-02
-2.100000e-01 1.258078e+00 3.143908e-02
-1.950000e-01 1.258078e+00 3.196993e-02
-1.800000e-01 1.258078e+00 3.261441e-02
-1.650000e-01 1.258078e+00 3.340128e-02
-1.500000e-01 1.258078e+00 3.436910e-02
-1.350000e-01 1.258078e+00 3.557309e-02
-1.200000e-01 1.258078e+00 3.710108e-02
-1.050000e-01 1.258078e+00 3.911113e-02
-9.000000e-02 1.258078e+00 4.191598e-02
-7.500000e-02 1.258078e+00 4.613562e-02
-6.000000e-02 1.258078e+00 5.277058e-02
-4.500000e-02 1.258078e+00 6.242705e-02
-3.000000e-02 1.258078e+00 7.334962e-02
-1.500000e-02 1.258078e+00 8.173738e-02
5.551115e-17 1.258078e+00 8.480965e-02
1.500000e-02 1.258078e+00 8.173738e-02
3.000000e-02 1.258078e+00 7.334962e-02
4.500000e-02 1.258078e+00 6.242705e-02
6.000000e-02 1.258078e+00 5.277058e-02
7.500000e-02 1.258078e+00 4.613562e-02
9.000000e-02 1.258078e+00 4.191598e-02
1.050000e-01 1.258078e+00 3.911113e-02
1.200000e-01 1.258078e+00 3.710108e-02
1.350000e-01 1.258078e+00 3.557309e-02
1.500000e-01 1.258078e+00 3.436910e-02
1.650000e-01 1.258078e+00 3.340128e-02
1.800000e-01 1.258078e+00 3.261441e-02
1.950000e-01 1.258078e+00 3.196993e-02
2.100000e-01 1.258078e+00 3.143908e-02
2.250000e-01 1.258078e+00 3.099969e-02
2.400000e-01 1.258078e+00 3.063440e-02
2.550000e-01 1.258078e+00 3.032957e-02
2.700000e-01 1.258078e+00 3.007449e-02
2.850000e-01 1.258078e+00 2.986074e-02
3.000000e-01 1.258078e+00 2.968167e-02
-3.000000e-01 1.271742e+00 2.916282e-02
-2.850000e-01 1.271742e+00 2.933747e-02
-2.700000e-01 1.271742e+00 2.954598e-02
-2.550000e-01 1.271742e+00 2.979492e-02
-2.400000e-01 1.271742e+00 3.009252e-02
-2.250000e-01 1.271742e+00 3.044934e-02
-2.100000e-01 1.271742e+00 3.087882e-02
-1.950000e-01 1.271742e+00 3.139814e-02
-1.800000e-01 1.271742e+00 3.202943e-02
-1.650000e-01 1.271742e+00 3.280160e-02
-1.500000e-01 1.271742e+00 3.375397e-02
-1.350000e-01 1.271742e+00 3.494378e-02
-1.200000e-01 1.271742e+00 3.646373e-02
-1.050000e-01 1.271742e+00 3.848308e-02
-9.000000e-02 1.271742e+00 4.133967e-02
-7.500000e-02 1.271742e+00 4.570640e-02
-6.000000e-02 1.271742e+00 5.267330e-02
-4.500000e-02 1.271742e+00 6.291165e-02
-3.000000e-02 1.271742e+00 7.454501e-02
-1.500000e-02 1.271742e+00 8.349041e-02
5.551115e-17 1.271742e+00 8.676739e-02
1.500000e-02 1.271742e+00 8.349041e-02
3.000000e-02 1.271742e+00 7.454501e-02
4.500000e-02 1.271742e+00 6.291165e-02
6.000000e-02 1.271742e+00 5.267330e-02
7.500000e-02 1.271742e+00 4.570640e-02
9.000000e-02 1.271742e+00 4.133967e-02
1.050000e-01 1.271742e+00 3.848308e-02
1.200000e-01 1.271742e+00 3.646373e-02
1.350000e-01 1.271742e+00 3.494378e-02
1.500000e-01 1.271742e+00 3.375397e-02
1.650000e-01 1.271742e+00 3.280160e-02
1.800000e-01 1.271742e+00 3.202943e-02
1.950000e-01 1.271742e+00 3.139814e-02
2.100000e-01 1.271742e+00 3.087882e-02
2.250000e-01 1.271742e+00 3.044934e-02
2.400000e-01 1.271742e+00 3.009252e-02
2.550000e-01 1.271742e+00 2.979492e-02
2.700000e-01 1.271742e+00 2.954598e-02
2.850000e-01 1.271742e+00 2.933747e-02
3.000000e-01 1.271742e+00 2.916282e-02
-3.000000e-01 1.285406e+00 2.865765e-02
-2.850000e-01 1.285406e+00 2.882803e-02
-2.700000e-01 1.285406e+00 2.903154e-02
-2.550000e-01 1.285406e+00 2.927459e-02
-2.400000e-01 1.285406e+00 2.956529e-02
-2.250000e-01 1.285406e+00 2.991403e-02
-2.100000e-01 1.285406e+00 3.033408e-02
-1.950000e-01 1.285406e+00 3.084250e-02
-1.800000e-01 1.285406e+00 3.146138e-02
-1.650000e-01 1.285406e+00 3.221988e-02
-1.500000e-01 1.285406e+00 3.315814e-02
-1.350000e-01 1.285406e+00 3.433560e-02
-1.200000e-01 1.285406e+00 3.585009e-02
-1.050000e-01 1.285406e+00 3.788257e-02
-9.000000e-02 1.285406e+00 4.079701e-02
-7.500000e-02 1.285406e+00 4.532121e-02
-6.000000e-02 1.285406e+00 5.263791e-02
-4.500000e-02 1.285406e+00 6.348575e-02
-3.000000e-02 1.285406e+00 7.586263e-02
-1.500000e-02 1.285406e+00 8.539189e-02
5.551115e-17 1.285406e+00 8.888343e-02
1.500000e-02 1.285406e+00 8.539189e-02
3.000000e-02 1.285406e+00 7.586263e-02
4.500000e-02 1.285406e+00 6.348575e-02
6.000000e-02 1.285406e+00 5.263791e-02
7.500000e-02 1.285406e+00 4.532121e-02
9.000000e-02 1.285406e+00 4.079701e-02
1.050000e-01 1.285406e+00 3.788257e-02
1.200000e-01 1.285406e+00 3.585009e-02
1.350000e-01 1.285406e+00 3.433560e-02
1.500000e-01 1.285406e+00 3.315814e-02
1.650000e-01 1.285406e+00 3.221988e-02
1.800000e-01 1.285406e+00 3.146138e-02
1.950000e-01 1.285406e+00 3.084250e-02
2.100000e-01 1.285406e+00 3.033408e-02
2.250000e-01 1.285406e+00 2.991403e-02
2.400000e-01 1.285406e+00 2.956529e-02
2.550000e-01 1.285406e+00 2.927459e-02
2.700000e-01 1.285406e+00 2.903154e-02
2.850000e-01 1.285406e+00 2.882803e-02
3.000000e-01 1.285406e+00 2.865765e-02
-3.000000e-01 1.299070e+00 2.816570e-02
-2.850000e-01 1.299070e+00 2.833199e-02
-2.700000e-01 1.299070e+00 2.853069e-02
-2.550000e-01 1.299070e+00 2.876811e-02
-2.400000e-01 1.299070e+00 2.905223e-02
-2.250000e-01 1.299070e+00 2.939327e-02
-2.100000e-01 1.299070e+00 2.980438e-02
-1.950000e-01 1.299070e+00 3.030252e-02
-1.800000e-01 1.299070e+00 3.090977e-02
-1.650000e-01 1.299070e+00 3.165561e-02
-1.500000e-01 1.299070e+00 3.258111e-02
-1.350000e-01 1.299070e+00 3.374807e-02
-1.200000e-01 1.299070e+00 3.525976e-02
-1.050000e-01 1.299070e+00 3.730937e-02
-9.000000e-02 1.299070e+00 4.028810e-02
-7.500000e-02 1.299070e+00 4.498088e-02
-6.000000e-02 1.299070e+00 5.266667e-02
-4.500000e-02 1.299070e+00 6.415403e-02
-3.000000e-02 1.299070e+00 7.731015e-02
-1.500000e-02 1.299070e+00 8.745188e-02
5.551115e-17 1.299070e+00 9.116877e-02
1.500000e-02 1.299070e+00 8.745188e-02
3.000000e-02 1.299070e+00 7.731015e-02
4.500000e-02 1.299070e+00 6.415403e-02
6.000000e-02 1.299070e+00 5.266667e-02
7.500000e-02 1.299070e+00 4.498088e-02
9.000000e-02 1.299070e+00 4.028810e-02
1.050000e-01 1.299070e+00 3.730937e-02
1.200000e-01 1.299070e+00 3.525976e-02
1.350000e-01 1.299070e+00 3.374807e-02
1.500000e-01 1.299070e+00 3.258111e-02
1.650000e-01 1.299070e+00 3.165561e-02
1.800000e-01 1.299070e+00 3.090977e-02
1.950000e-01 1.299070e+00 3.030252e-02
2.100000e-01 1.299070e+00 2.980438e-02
2.250000e-01 1.299070e+00 2.939327e-02
2.400000e-01 1.299070e+00 2.905223e-02
2.550000e-01 1.299070e+00 2.876811e-02
2.700000e-01 1.299070e+00 2.853069e-02
2.850000e-01 1.299070e+00 2.833199e-02
3.000000e-01 1.299070e+00 2.816570e-02
-3.000000e-01 1.312735e+00 2.768654e-02
-2.850000e-01 1.312735e+00 2.784890e-02
-2.700000e-01 1.312735e+00 2.804300e-02
-2.550000e-01 1.312735e+00 2.827504e-02
-2.400000e-01 1.312735e+00 2.855288e-02
-2.250000e-01 1.312735e+00 2.888661e-02
-2.100000e-01 1.312735e+00 2.928926e-02
-1.950000e-01 1.312735e+00 2.977772e-02
-1.800000e-01 1.312735e+00 3.037413e-02
-1.650000e-01 1.312735e+00 3.110833e-02
-1.500000e-01 1.312735e+00 3.202245e-02
-1.350000e-01 1.312735e+00 3.318081e-02
-1.200000e-01 1.312735e+00 3.469242e-02
-1.050000e-01 1.312735e+00 3.676334e-02
-9.000000e-02 1.312735e+00 3.981322e-02
-7.500000e-02 1.312735e+00 4.468646e-02
-6.000000e-02 1.312735e+00 5.276222e-02
-4.500000e-02 1.312735e+00 6.492176e-02
-3.000000e-02 1.312735e+00 7.889608e-02
-1.500000e-02 1.312735e+00 8.968158e-02
5.551115e-17 1.312735e+00 9.363561e-02
1.500000e-02 1.312735e+00 8.968158e-02
3.000000e-02 1.312735e+00 7.889608e-02
4.500000e-02 1.312735e+00 6.492176e-02
6.000000e-02 1.312735e+00 5.276222e-02
7.500000e-02 1.312735e+00 4.468646e-02
9.000000e-02 1.312735e+00 3.981322e-02
1.050000e-01 1.312735e+00 3.676334e-02
1.200000e-01 1.312735e+00 3.469242e-02
1.350000e-01 1.312735e+00 3.318081e-02
1.500000e-01 1.312735e+00 3.202245e-02
1.650000e-01 1.312735e+00 3.110833e-02
1.800000e-01 1.312735e+00 3.037413e-02
1.950000e-01 1.312735e+00 2.977772e-02
2.100000e-01 1.312735e+00 2.928926e-02
2.250000e-01 1.312735e+00 2.888661e-02
2.400000e-01 1.312735e+00 2.855288e-02
2.550000e-01 1.312735e+00 2.827504e-02
2.700000e-01 1.312735e+00 2.804300e-02
2.850000e-01 1.312735e+00 2.784890e-02
3.000000e-01 1.312735e+00 2.768654e-02
-3.000000e-01 1.326399e+00 2.721975e-02
-2.850000e-01 1.326399e+00 2.737835e-02
-2.700000e-01 1.326399e+00 2.756805e-02
-2.550000e-01 1.326399e+00 2.779496e-02
-2.400000e-01 1.326399e+00 2.806682e-02
-2.250000e-01 1.326399e+00 2.839362e-02
-2.100000e-01 1.326399e+00 2.878829e-02
-1.950000e-01 1.326399e+00 2.926767e-02
-1.800000e-01 1.326399e+00 2.985402e-02
-1.650000e-01 1.326399e+00 3.057762e-02
-1.500000e-01 1.326399e+00 3.148176e-02
-1.350000e-01 1.326399e+00 3.263347e-02
-1.200000e-01 1.326399e+00 3.414784e-02
-1.050000e-01 1.326399e+00 3.624446e-02
-9.000000e-02 1.326399e+00 3.937275e-02
-7.500000e-02 1.326399e+00 4.443927e-02
-6.000000e-02 1.326399e+00 5.292759e-02
-4.500000e-02 1.326399e+00 6.579487e-02
-3.000000e-02 1.326399e+00 8.062994e-02
-1.500000e-02 1.326399e+00 9.209345e-02
5.551115e-17 1.326399e+00 9.629753e-02
1.500000e-02 1.326399e+00 9.209345e-02
3.000000e-02 1.326399e+00 8.062994e-02
4.500000e-02 1.326399e+00 6.579487e-02
6.000000e-02 1.326399e+00 5.292759e-02
7.500000e-02 1.326399e+00 4.443927e-02
9.000000e-02 1.326399e+00 3.937275e-02
1.050000e-01 1.326399e+00 3.624446e-02
1.200000e-01 1.326399e+00 3.414784e-02
1.350000e-01 1.326399e+00 3.263347e-02
1.500000e-01 1.326399e+00 3.148176e-02
1.650000e-01 1.326399e+00 3.057762e-02
1.800000e-01 1.326399e+00 2.985402e-02
1.950000e-01 1.326399e+00 2.926767e-02
2.100000e-01 1.326399e+00 2.878829e-02
2.250000e-01 1.326399e+00 2.839362e-02
2.400000e-01 1.326399e+00 2.806682e-02
2.550000e-01 1.326399e+00 2.779496e-02
2.700000e-01 1.326399e+00 2.756805e-02
2.850000e-01 1.326399e+00 2.737835e-02
3.000000e-01 1.326399e+00 2.721975e-02
-3.000000e-01 1.340063e+00 2.676496e-02
-2.850000e-01 1.340063e+00 2.691996e-02
-2.700000e-01 1.340063e+00 2.710545e-02
-2.550000e-01 1.340063e+00 2.732746e-02
-2.400000e-01 1.340063e+00 2.759364e-02
-2.250000e-01 1.340063e+00 2.791389e-02
-2.100000e-01 1.340063e+00 2.830106e-02
-1.950000e-01 1.340063e+00 2.877198e-02
-1.800000e-01 1.340063e+00 2.934907e-02
-1.650000e-01 1.340063e+00 3.006312e-02
-1.500000e-01 1.340063e+00 3.095871e-02
-1.350000e-01 1.340063e+00 3.210577e-02
-1.200000e-01 1.340063e+00 3.362587e-02
-1.050000e-01 1.340063e+00 3.575283e-02
-9.000000e-02 1.340063e+00 3.896731e-02
-7.500000e-02 1.340063e+00 4.424087e-02
-6.000000e-02 1.340063e+00 5.316631e-02
-4.500000e-02 1.340063e+00 6.678007e-02
-3.000000e-02 1.340063e+00 8.252235e-02
-1.500000e-02 1.340063e+00 9.470132e-02
5.551115e-17 1.340063e+00 9.916960e-02
1.500000e-02 1.340063e+00 9.470132e-02
3.000000e-02 1.340063e+00 8.252235e-02
4.500000e-02 1.340063e+00 6.678007e-02
6.000000e-02 1.340063e+00 5.316631e-02
7.500000e-02 1.340063e+00 4.424087e-02
9.000000e-02 1.340063e+00 3.896731e-02
1.050000e-01 1.340063e+00 3.575283e-02
1.200000e-01 1.340063e+00 3.362587e-02
1.350000e-01 1.340063e+00 3.210577e-02
1.500000e-01 1.340063e+00 3.095871e-02
1.650000e-01 1.340063e+00 3.006312e-02
1.800000e-01 1.340063e+00 2.934907e-02
1.950000e-01 1.340063e+00 2.877198e-02
2.100000e-01 1.340063e+00 2.830106e-02
2.250000e-01 1.340063e+00 2.791389e-02
2.400000e-01 1.340063e+00 2.759364e-02
2.550000e-01 1.340063e+00 2.732746e-02
2.700000e-01 1.340063e+00 2.710545e-02
2.850000e-01 1.340063e+00 2.691996e-02
3.000000e-01 1.340063e+00 2.676496e-02
-3.000000e-01 1.353728e+00 2.632180e-02
-2.850000e-01 1.353728e+00 2.647334e-02
-2.700000e-01 1.353728e+00 2.665482e-02
-2.550000e-01 1.353728e+00 2.687218e-02
-2.400000e-01 1.353728e+00 2.713299e-02
-2.250000e-01 1.353728e+00 2.744707e-02
-2.100000e-01 1.353728e+00 2.782721e-02
-1.950000e-01 1.353728e+00 2.829029e-02
-1.800000e-01 1.353728e+00 2.885892e-02
-1.650000e-01 1.353728e+00 2.956450e-02
-1.500000e-01 1.353728e+00 3.045300e-02
-1.350000e-01 1.353728e+00 3.159751e-02
-1.200000e-01 1.353728e+00 3.312645e-02
-1.050000e-01 1.353728e+00 3.528868e-02
-9.000000e-02 1.353728e+00 3.859767e-02
-7.500000e-02 1.353728e+00 4.409317e-02
-6.000000e-02 1.353728e+00 5.348237e-02
-4.500000e-02 1.353728e+00 6.788487e-02
-3.000000e-02 1.353728e+00 8.458519e-02
-1.500000e-02 1.353728e+00 9.752066e-02
5.551115e-17 1.353728e+00 1.022687e-01
1.500000e-02 1.353728e+00 9.752066e-02
3.000000e-02 1.353728e+00 8.458519e-02
4.500000e-02 1.353728e+00 6.788487e-02
6.000000e-02 1.353728e+00 5.348237e-02
7.500000e-02 1.353728e+00 4.409317e-02
9.000000e-02 1.353728e+00 3.859767e-02
1.050000e-01 1.353728e+00 3.528868e-02
1.200000e-01 1.353728e+00 3.312645e-02
1.350000e-01 1.353728e+00 3.159751e-02
1.500000e-01 1.353728e+00 3.045300e-02
1.650000e-01 1.353728e+00 2.956450e-02
1.800000e-01 1.353728e+00 2.885892e-02
1.950000e-01 1.353728e+00 2.829029e-02
2.100000e-01 1.353728e+00 2.782721e-02
2.250000e-01 1.353728e+00 2.744707e-02
2.400000e-01 1.353728e+00 2.713299e-02
2.550000e-01 1.353728e+00 2.687218e-02
2.700000e-01 1.353728e+00 2.665482e-02
2.850000e-01 1.353728e+00 2.647334e-02
3.000000e-01 1.353728e+00 2.632180e-02
-3.000000e-01 1.367392e+00 2.588993e-02
-2.850000e-01 1.367392e+00 2.603817e-02
-2.700000e-01 1.367392e+00 2.621582e-02
-2.550000e-01 1.367392e+00 2.642877e-02
-2.400000e-01 1.367392e+00 2.668451e-02
-2.250000e-01 1.367392e+00 2.699279e-02
-2.100000e-01 1.367392e+00 2.736640e-02
-1.950000e-01 1.367392e+00 2.782226e-02
-1.800000e-01 1.367392e+00 2.838327e-02
-1.650000e-01 1.367392e+00 2.908148e-02
-1.500000e-01 1.367392e+00 2.996443e-02
-1.350000e-01 1.367392e+00 3.110858e-02
-1.200000e-01 1.367392e+00 3.264965e-02
-1.050000e-01 1.367392e+00 3.485239e-02
-9.000000e-02 1.367392e+00 3.826484e-02
-7.500000e-02 1.367392e+00 4.399840e-02
-6.000000e-02 1.367392e+00 5.388038e-02
-4.500000e-02 1.367392e+00 6.911777e-02
-3.000000e-02 1.367392e+00 8.683173e-02
-1.500000e-02 1.367392e+00 1.005687e-01
5.551115e-17 1.367392e+00 1.056134e-01
1.500000e-02 1.367392e+00 1.005687e-01
3.000000e-02 1.367392e+00 8.683173e-02
4.500000e-02 1.367392e+00 6.911777e-02
6.000000e-02 1.367392e+00 5.388038e-02
7.500000e-02 1.367392e+00 4.399840e-02
9.000000e-02 1.367392e+00 3.826484e-02
1.050000e-01 1.367392e+00 3.485239e-02
1.200000e-01 1.367392e+00 3.264965e-02
1.350000e-01 1.367392e+00 3.110858e-02
1.500000e-01 1.367392e+00 2.996443e-02
1.650000e-01 1.367392e+00 2.908148e-02
1.800000e-01 1.367392e+00 2.838327e-02
1.950000e-01 1.367392e+00 2.782226e-02
2.100000e-01 1.367392e+00 2.736640e-02
2.250000e-01 1.367392e+00 2.699279e-02
2.400000e-01 1.367392e+00 2.668451e-02
2.550000e-01 1.367392e+00 2.642877e-02
2.700000e-01 1.367392e+00 2.621582e-02
2.850000e-01 1.367392e+00 2.603817e-02
3.000000e-01 1.367392e+00 2.588993e-02
-3.000000e-01 1.381056e+00 2.546900e-02
-2.850000e-01 1.381056e+00 2.561409e-02
-2.700000e-01 1.381056e+00 2.578812e-02
-2.550000e-01 1.381056e+00 2.599689e-02
-2.400000e-01 1.381056e+00 2.624787e-02
-2.250000e-01 1.381056e+00 2.655075e-02
-2.100000e-01 1.381056e+00 2.691832e-02
-1.950000e-01 1.381056e+00 2.736761e-02
-1.800000e-01 1.381056e+00 2.792184e-02
-1.650000e-01 1.381056e+00 2.861384e-02
-1.500000e-01 1.381056e+00 2.949284e-02
-1.350000e-01 1.381056e+00 3.063893e-02
-1.200000e-01 1.381056e+00 3.219562e-02
-1.050000e-01 1.381056e+00 3.444448e-02
-9.000000e-02 1.381056e+00 3.797004e-02
-7.500000e-02 1.381056e+00 4.395919e-02
-6.000000e-02 1.381056e+00 5.436558e-02
-4.500000e-02 1.381056e+00 7.048828e-02
-3.000000e-02 1.381056e+00 8.927683e-02
-1.500000e-02 1.381056e+00 1.038647e-01
5.551115e-17 1.381056e+00 1.092249e-01
1.500000e-02 1.381056e+00 1.038647e-01
3.000000e-02 1.381056e+00 8.927683e-02
4.500000e-02 1.381056e+00 7.048828e-02
6.000000e-02 1.381056e+00 5.436558e-02
7.500000e-02 1.381056e+00 4.395919e-02
9.000000e-02 1.381056e+00 3.797004e-02
1.050000e-01 1.381056e+00 3.444448e-02
1.200000e-01 1.381056e+00 3.219562e-02
1.350000e-01 1.381056e+00 3.063893e-02
1.500000e-01 1.381056e+00 2.949284e-02
1.650000e-01 1.381056e+00 2.861384e-02
1.800000e-01 1.381056e+00 2.792184e-02
1.950000e-01 1.381056e+00 2.736761e-02
2.100000e-01 1.381056e+00 2.691832e-02
2.250000e-01 1.381056e+00 2.655075e-02
2.400000e-01 1.381056e+00 2.624787e-02
2.550000e-01 1.381056e+00 2.599689e-02
2.700000e-01 1.381056e+00 2.578812e-02
2.850000e-01 1.381056e+00 2.561409e-02
3.000000e-01 1.381056e+00 2.546900e-02
-3.000000e-01 1.394720e+00 2.505874e-02
-2.850000e-01 1.394720e+00 2.520083e-02
-2.700000e-01 1.394720e+00 2.537142e-02
-2.550000e-01 1.394720e+00 2.557627e-02
-2.400000e-01 1.394720e+00 2.582278e-02
-2.250000e-01 1.394720e+00 2.612066e-02
-2.100000e-01 1.394720e+00 2.648270e-02
-1.950000e-01 1.394720e+00 2.692610e-02
-1.800000e-01 1.394720e+00 2.747443e-02
-1.650000e-01 1.394720e+00 2.816142e-02
-1.500000e-01 1.394720e+00 2.903814e-02
-1.350000e-01 1.394720e+00 3.018862e-02
-1.200000e-01 1.394720e+00 3.176465e-02
-1.050000e-01 1.394720e+00 3.406567e-02
-9.000000e-02 1.394720e+00 3.771480e-02
-7.500000e-02 1.394720e+00 4.397857e-02
-6.000000e-02 1.394720e+00 5.494391e-02
-4.500000e-02 1.394720e+00 7.200717e-02
-3.000000e-02 1.394720e+00 9.193716e-02
-1.500000e-02 1.394720e+00 1.074302e-01
5.551115e-17 1.394720e+00 1.131265e-01
1.500000e-02 1.394720e+00 1.074302e-01
3.000000e-02 1.394720e+00 9.193716e-02
4.500000e-02 1.394720e+00 7.200717e-02
6.000000e-02 1.394720e+00 5.494391e-02
7.500000e-02 1.394720e+00 4.397857e-02
9.000000e-02 1.394720e+00 3.771480e-02
1.050000e-01 1.394720e+00 3.406567e-02
1.200000e-01 1.394720e+00 3.176465e-02
1.350000e-01 1.394720e+00 3.018862e-02
1.500000e-01 1.394720e+00 2.903814e-02
1.650000e-01 1.394720e+00 2.816142e-02
1.800000e-01 1.394720e+00 2.747443e-02
1.950000e-01 1.394720e+00 2.692610e-02
2.100000e-01 1.394720e+00 2.648270e-02
2.250000e-01 1.394720e+00 2.612066e-02
2.400000e-01 1.394720e+00 2.582278e-02
2.550000e-01 1.394720e+00 2.557627e-02
2.700000e-01 1.394720e+00 2.537142e-02
2.850000e-01 1.394720e+00 2.520083e-02
3.000000e-01 1.394720e+00 2.505874e-02
-3.000000e-01 1.408385e+00 2.465885e-02
-2.850000e-01 1.408385e+00 2.479809e-02
-2.700000e-01 1.408385e+00 2.496544e-02
-2.550000e-01 1.408385e+00 2.516661e-02
-2.400000e-01 1.408385e+00 2.540899e-02
-2.250000e-01 1.408385e+00 2.570227e-02
-2.100000e-01 1.408385e+00 2.605931e-02
-1.950000e-01 1.408385e+00 2.649750e-02
-1.800000e-01 1.408385e+00 2.704088e-02
-1.650000e-01 1.408385e+00 2.772412e-02
-1.500000e-01 1.408385e+00 2.860035e-02
-1.350000e-01 1.408385e+00 2.975780e-02
-1.200000e-01 1.408385e+00 3.135717e-02
-1.050000e-01 1.408385e+00 3.371687e-02
-9.000000e-02 1.408385e+00 3.750092e-02
-7.500000e-02 1.408385e+00 4.406010e-02
-6.000000e-02 1.408385e+00 5.562219e-02
-4.500000e-02 1.408385e+00 7.368655e-02
-3.000000e-02 1.408385e+00 9.483144e-02
-1.500000e-02 1.408385e+00 1.112895e-01
5.551115e-17 1.408385e+00 1.173446e-01
1.500000e-02 1.408385e+00 1.112895e-01
3.000000e-02 1.408385e+00 9.483144e-02
4.500000e-02 1.408385e+00 7.368655e-02
6.000000e-02 1.408385e+00 5.562219e-02
7.500000e-02 1.408385e+00 4.406010e-02
9.000000e-02 1.408385e+00 3.750092e-02
1.050000e-01 1.408385e+00 3.371687e-02
1.200000e-01 1.408385e+00 3.135717e-02
1.350000e-01 1.408385e+00 2.975780e-02
1.500000e-01 1.408385e+00 2.860035e-02
1.650000e-01 1.408385e+00 2.772412e-02
1.800000e-01 1.408385e+00 2.704088e-02
1.950000e-01 1.408385e+00 2.649750e-02
2.100000e-01 1.408385e+00 2.605931e-02
2.250000e-01 1.408385e+00 2.570227e-02
2.400000e-01 1.408385e+00 2.540899e-02
2.550000e-01 1.408385e+00 2.516661e-02
2.700000e-01 1.408385e+00 2.496544e-02
2.850000e-01 1.408385e+00 2.479809e-02
3.000000e-01 1.408385e+00 2.465885e-02
-3.000000e-01 1.422049e+00 2.426907e-02
-2.850000e-01 1.422049e+00 2.440563e-02
-2.700000e-01 1.422049e+00 2.456993e-02
-2.550000e-01 1.422049e+00 2.476768e-02
-2.400000e-01 1.422049e+00 2.500626e-02
-2.250000e-01 1.422049e+00 2.529536e-02
-2.100000e-01 1.422049e+00 2.564797e-02
-1.950000e-01 1.422049e+00 2.608168e-02
-1.800000e-01 1.422049e+00 2.662107e-02
-1.650000e-01 1.422049e+00 2.730191e-02
-1.500000e-01 1.422049e+00 2.817954e-02
-1.350000e-01 1.422049e+00 2.934677e-02
-1.200000e-01 1.422049e+00 3.097378e-02
-1.050000e-01 1.422049e+00 3.339922e-02
-9.000000e-02 1.422049e+00 3.733056e-02
-7.500000e-02 1.422049e+00 4.420787e-02
-6.000000e-02 1.422049e+00 5.640813e-02
-4.500000e-02 1.422049e+00 7.554009e-02
-3.000000e-02 1.422049e+00 9.798071e-02
-1.500000e-02 1.422049e+00 1.154697e-01
5.551115e-17 1.422049e+00 1.219087e-01
1.500000e-02 1.422049e+00 1.154697e-01
3.000000e-02 1.422049e+00 9.798071e-02
4.500000e-02 1.422049e+00 7.554009e-02
6.000000e-02 1.422049e+00 5.640813e-02
7.500000e-02 1.422049e+00 4.420787e-02
9.000000e-02 1.422049e+00 3.733056e-02
1.050000e-01 1.422049e+00 3.339922e-02
1.200000e-01 1.422049e+00 3.097378e-02
1.350000e-01 1.422049e+00 2.934677e-02
1.500000e-01 1.422049e+00 2.817954e-02
1.650000e-01 1.422049e+00 2.730191e-02
1.800000e-01 1.422049e+00 2.662107e-02
1.950000e-01 1.422049e+00 2.608168e-02
2.100000e-01 1.422049e+00 2.564797e-02
2.250000e-01 1.422049e+00 2.529536e-02
2.400000e-01 1.422049e+00 2.500626e-02
2.550000e-01 1.422049e+00 2.476768e-02
2.700000e-01 1.422049e+00 2.456993e-02
2.850000e-01 1.422049e+00 2.440563e-02
3.000000e-01 1.422049e+00 2.426907e-02
-3.000000e-01 1.435713e+00 2.388919e-02
-2.850000e-01 1.435713e+00 2.402320e-02
-2.700000e-01 1.435713e+00 2.418467e-02
-2.550000e-01 1.435713e+00 2.437927e-02
-2.400000e-01 1.435713e+00 2.461439e-02
-2.250000e-01 1.435713e+00 2.489977e-02
-2.100000e-01 1.435713e+00 2.524852e-02
-1.950000e-01 1.435713e+00 2.567853e-02
-1.800000e-01 1.435713e+00 2.621498e-02
-1.650000e-01 1.435713e+00 2.689485e-02
-1.500000e-01 1.435713e+00 2.777592e-02
-1.350000e-01 1.435713e+00 2.895593e-02
-1.200000e-01 1.435713e+00 3.061525e-02
-1.050000e-01 1.435713e+00 3.311413e-02
-9.000000e-02 1.435713e+00 3.720628e-02
-7.500000e-02 1.435713e+00 4.442662e-02
-6.000000e-02 1.435713e+00 5.731055e-02
-4.500000e-02 1.435713e+00 7.758327e-02
-3.000000e-02 1.435713e+00 1.014087e-01
-1.500000e-02 1.435713e+00 1.200015e-01
5.551115e-17 1.435713e+00 1.268522e-01
1.500000e-02 1.435713e+00 1.200015e-01
3.000000e-02 1.435713e+00 1.014087e-01
4.500000e-02 1.435713e+00 7.758327e-02
6.000000e-02 1.435713e+00 5.731055e-02
7.500000e-02 1.435713e+00 4.442662e-02
9.000000e-02 1.435713e+00 3.720628e-02
1.050000e-01 1.435713e+00 3.311413e-02
1.200000e-01 1.435713e+00 3.061525e-02
1.350000e-01 1.435713e+00 2.895593e-02
1.500000e-01 1.435713e+00 2.777592e-02
1.650000e-01 1.435713e+00 2.689485e-02
1.800000e-01 1.435713e+00 2.621498e-02
1.950000e-01 1.435713e+00 2.567853e-02
2.100000e-01 1.435713e+00 2.524852e-02
2.250000e-01 1.435713e+00 2.489977e-02
2.400000e-01 1.435713e+00 2.461439e-02
2.550000e-01 1.435713e+00 2.437927e-02
2.700000e-01 1.435713e+00 2.418467e-02
2.850000e-01 1.435713e+00 2.402320e-02
3.000000e-01 1.435713e+00 2.388919e-02
-3.000000e-01 1.449378e+00 2.351899e-02
-2.850000e-01 1.449378e+00 2.365063e-02
-2.700000e-01 1.449378e+00 2.380947e-02
-2.550000e-01 1.449378e+00 2.400120e-02
-2.400000e-01 1.449378e+00 2.423322e-02
-2.250000e-01 1.449378e+00 2.451536e-02
-2.100000e-01 1.449378e+00 2.486088e-02
-1.950000e-01 1.449378e+00 2.528802e-02
-1.800000e-01 1.449378e+00 2.582264e-02
-1.650000e-01 1.449378e+00 2.650309e-02
-1.500000e-01 1.449378e+00 2.738980e-02
-1.350000e-01 1.449378e+00 2.858585e-02
-1.200000e-01 1.449378e+00 3.028257e-02
-1.050000e-01 1.449378e+00 3.286331e-02
-9.000000e-02 1.449378e+00 3.713108e-02
-7.500000e-02 1.449378e+00 4.472184e-02
-6.000000e-02 1.449378e+00 5.833950e-02
-4.500000e-02 1.449378e+00 7.983361e-02
-3.000000e-02 1.449378e+00 1.051423e-01
-1.500000e-02 1.449378e+00 1.249195e-01
5.551115e-17 1.449378e+00 1.322127e-01
1.500000e-02 1.449378e+00 1.249195e-01
3.000000e-02 1.449378e+00 1.051423e-01
4.500000e-02 1.449378e+00 7.983361e-02
6.000000e-02 1.449378e+00 5.833950e-02
7.500000e-02 1.449378e+00 4.472184e-02
9.000000e-02 1.449378e+00 3.713108e-02
1.050000e-01 1.449378e+00 3.286331e-02
1.200000e-01 1.449378e+00 3.028257e-02
1.350000e-01 1.449378e+00 2.858585e-02
1.500000e-01 1.449378e+00 2.738980e-02
1.650000e-01 1.449378e+00 2.650309e-02
1.800000e-01 1.449378e+00 2.582264e-02
1.950000e-01 1.449378e+00 2.528802e-02
2.100000e-01 1.449378e+00 2.486088e-02
2.250000e-01 1.449378e+00 2.451536e-02
2.400000e-01 1.449378e+00 2.423322e-02
2.550000e-01 1.449378e+00 2.400120e-02
2.700000e-01 1.449378e+00 2.380947e-02
2.850000e-01 1.449378e+00 2.365063e-02
3.000000e-01 1.449378e+00 2.351899e-02
-3.000000e-01 1.463042e+00 2.315831e-02
-2.850000e-01 1.463042e+00 2.328774e-02
-2.700000e-01 1.463042e+00 2.344418e-02
-2.550000e-01 1.463042e+00 2.363334e-02
-2.400000e-01 1.463042e+00 2.386266e-02
-2.250000e-01 1.463042e+00 2.414207e-02
-2.100000e-01 1.463042e+00 2.448502e-02
-1.950000e-01 1.463042e+00 2.491018e-02
-1.800000e-01 1.463042e+00 2.544420e-02
-1.650000e-01 1.463042e+00 2.612690e-02
-1.500000e-01 1.463042e+00 2.702165e-02
-1.350000e-01 1.463042e+00 2.823730e-02
-1.200000e-01 1.463042e+00 2.997699e-02
-1.050000e-01 1.463042e+00 3.264882e-02
-9.000000e-02 1.463042e+00 3.710852e-02
-7.500000e-02 1.463042e+00 4.509984e-02
-6.000000e-02 1.463042e+00 5.950647e-02
-4.500000e-02 1.463042e+00 8.231101e-02
-3.000000e-02 1.463042e+00 1.092118e-01
-1.500000e-02 1.463042e+00 1.302629e-01
5.551115e-17 1.463042e+00 1.380328e-01
1.500000e-02 1.463042e+00 1.302629e-01
3.000000e-02 1.463042e+00 1.092118e-01
4.500000e-02 1.463042e+00 8.231101e-02
6.000000e-02 1.463042e+00 5.950647e-02
7.500000e-02 1.463042e+00 4.509984e-02
9.000000e-02 1.463042e+00 3.710852e-02
1.050000e-01 1.463042e+00 3.264882e-02
1.200000e-01 1.463042e+00 2.997699e-02
1.350000e-01 1.463042e+00 2.823730e-02
1.500000e-01 1.463042e+00 2.702165e-02
1.650000e-01 1.463042e+00 2.612690e-02
1.800000e-01 1.463042e+00 2.544420e-02
1.950000e-01 1.463042e+00 2.491018e-02
2.100000e-01 1.463042e+00 2.448502e-02
2.250000e-01 1.463042e+00 2.414207e-02
2.400000e-01 1.463042e+00 2.386266e-02
2.550000e-01 1.463042e+00 2.363334e-02
2.700000e-01 1.463042e+00 2.344418e-02
2.850000e-01 1.463042e+00 2.328774e-02
3.000000e-01 1.463042e+00 2.315831e-02
-3.000000e-01 1.476706e+00 2.280702e-02
-2.850000e-01 1.476706e+00 2.293442e-02
-2.700000e-01 1.476706e+00 2.308871e-02
-2.550000e-01 1.476706e+00 2.327561e-02
-2.400000e-01 1.476706e+00 2.350265e-02
-2.250000e-01 1.476706e+00 2.377987e-02
-2.100000e-01 1.476706e+00 2.412100e-02
-1.950000e-01 1.476706e+00 2.454516e-02
-1.800000e-01 1.476706e+00 2.507989e-02
-1.650000e-01 1.476706e+00 2.576668e-02
-1.500000e-01 1.476706e+00 2.667210e-02
-1.350000e-01 1.476706e+00 2.791125e-02
-1.200000e-01 1.476706e+00 2.970002e-02
-1.050000e-01 1.476706e+00 3.247312e-02
-9.000000e-02 1.476706e+00 3.714276e-02
-7.500000e-02 1.476706e+00 4.556796e-02
-6.000000e-02 1.476706e+00 6.082460e-02
-4.500000e-02 1.476706e+00 8.503810e-02
-3.000000e-02 1.476706e+00 1.136517e-01
-1.500000e-02 1.476706e+00 1.360762e-01
5.551115e-17 1.476706e+00 1.443609e-01
1.500000e-02 1.476706e+00 1.360762e-01
3.000000e-02 1.476706e+00 1.136517e-01
4.500000e-02 1.476706e+00 8.503810e-02
6.000000e-02 1.476706e+00 6.082460e-02
7.500000e-02 1.476706e+00 4.556796e-02
9.000000e-02 1.476706e+00 3.714276e-02
1.050000e-01 1.476706e+00 3.247312e-02
1.200000e-01 1.476706e+00 2.970002e-02
1.350000e-01 1.476706e+00 2.791125e-02
1.500000e-01 1.476706e+00 2.667210e-02
1.650000e-01 1.476706e+00 2.576668e-02
1.800000e-01 1.476706e+00 2.507989e-02
1.950000e-01 1.476706e+00 2.454516e-02
2.100000e-01 1.476706e+00 2.412100e-02
2.250000e-01 1.476706e+00 2.377987e-02
2.400000e-01 1.476706e+00 2.350265e-02
2.550000e-01 1.476706e+00 2.327561e-02
2.700000e-01 1.476706e+00 2.308871e-02
2.850000e-01 1.476706e+00 2.293442e-02
3.000000e-01 1.476706e+00 2.280702e-02
-3.000000e-01 1.490370e+00 2.246503e-02
-2.850000e-01 1.490370e+00 2.259059e-02
-2.700000e-01 1.490370e+00 2.274298e-02
-2.550000e-01 1.490370e+00 2.292799e-02
-2.400000e-01 1.490370e+00 2.315320e-02
-2.250000e-01 1.490370e+00 2.342885e-02
-2.100000e-01 1.490370e+00 2.376896e-02
-1.950000e-01 1.490370e+00 2.419319e-02
-1.800000e-01 1.490370e+00 2.473009e-02
-1.650000e-01 1.490370e+00 2.542300e-02
-1.500000e-01 1.490370e+00 2.634196e-02
-1.350000e-01 1.490370e+00 2.760894e-02
-1.200000e-01 1.490370e+00 2.945356e-02
-1.050000e-01 1.490370e+00 3.233918e-02
-9.000000e-02 1.490370e+00 3.723867e-02
-7.500000e-02 1.490370e+00 4.613465e-02
-6.000000e-02 1.490370e+00 6.230896e-02
-4.500000e-02 1.490370e+00 8.804073e-02
-3.000000e-02 1.490370e+00 1.185014e-01
-1.500000e-02 1.490370e+00 1.424100e-01
5.551115e-17 1.490370e+00 1.512521e-01
1.500000e-02 1.490370e+00 1.424100e-01
3.000000e-02 1.490370e+00 1.185014e-01
4.500000e-02 1.490370e+00 8.804073e-02
6.000000e-02 1.490370e+00 6.230896e-02
7.500000e-02 1.490370e+00 4.613465e-02
9.000000e-02 1.490370e+00 3.723867e-02
1.050000e-01 1.490370e+00 3.233918e-02
1.200000e-01 1.490370e+00 2.945356e-02
1.350000e-01 1.490370e+00 2.760894e-02
1.500000e-01 1.490370e+00 2.634196e-02
1.650000e-01 1.490370e+00 2.542300e-02
1.800000e-01 1.490370e+00 2.473009e-02
1.950000e-01 1.490370e+00 2.419319e-02
2.100000e-01 1.490370e+00 2.376896e-02
2.250000e-01 1.490370e+00 2.342885e-02
2.400000e-01 1.490370e+00 2.315320e-02
2.550000e-01 1.490370e+00 2.292799e-02
2.700000e-01 1.490370e+00 2.274298e-02
2.850000e-01 1.490370e+00 2.259059e-02
3.000000e-01 1.490370e+00 2.246503e-02
-3.000000e-01 1.504035e+00 2.213231e-02
-2.850000e-01 1.504035e+00 2.225624e-02
-2.700000e-01 1.504035e+00 2.240702e-02
-2.550000e-01 1.504035e+00 2.259050e-02
-2.400000e-01 1.504035e+00 2.281441e-02
-2.250000e-01 1.504035e+00 2.308917e-02
-2.100000e-01 1.504035e+00 2.342914e-02
-1.950000e-01 1.504035e+00 2.385464e-02
-1.800000e-01 1.504035e+00 2.439533e-02
-1.650000e-01 1.504035e+00 2.509659e-02
-1.500000e-01 1.504035e+00 2.603233e-02
-1.350000e-01 1.504035e+00 2.733191e-02
-1.200000e-01 1.504035e+00 2.923988e-02
-1.050000e-01 1.504035e+00 3.225053e-02
-9.000000e-02 1.504035e+00 3.740200e-02
-7.500000e-02 1.504035e+00 4.680974e-02
-6.000000e-02 1.504035e+00 6.397687e-02
-4.500000e-02 1.504035e+00 9.134843e-02
-3.000000e-02 1.504035e+00 1.238056e-01
-1.500000e-02 1.504035e+00 1.493223e-01
5.551115e-17 1.504035e+00 1.587695e-01
1.500000e-02 1.504035e+00 1.493223e-01
3.000000e-02 1.504035e+00 1.238056e-01
4.500000e-02 1.504035e+00 9.134843e-02
6.000000e-02 1.504035e+00 6.397687e-02
7.500000e-02 1.504035e+00 4.680974e-02
9.000000e-02 1.504035e+00 3.740200e-02
1.050000e-01 1.504035e+00 3.225053e-02
1.200000e-01 1.504035e+00 2.923988e-02
1.350000e-01 1.504035e+00 2.733191e-02
1.500000e-01 1.504035e+00 2.603233e-02
1.650000e-01 1.504035e+00 2.509659e-02
1.800000e-01 1.504035e+00 2.439533e-02
1.950000e-01 1.504035e+00 2.385464e-02
2.100000e-01 1.504035e+00 2.342914e-02
2.250000e-01 1.504035e+00 2.308917e-02
2.400000e-01 1.504035e+00 2.281441e-02
2.550000e-01 1.504035e+00 2.259050e-02
2.700000e-01 1.504035e+00 2.240702e-02
2.850000e-01 1.504035e+00 2.225624e-02
3.000000e-01 1.504035e+00 2.213231e-02
-3.000000e-01 1.517699e+00 2.180891e-02
-2.850000e-01 1.517699e+00 2.193143e-02
-2.700000e-01 1.517699e+00 2.208091e-02
-2.550000e-01 1.517699e+00 2.226330e-02
-2.400000e-01 1.517699e+00 2.248648e-02
-2.250000e-01 1.517699e+00 2.276109e-02
-2.100000e-01 1.517699e+00 2.310194e-02
-1.950000e-01 1.517699e+00 2.353005e-02
-1.800000e-01 1.517699e+00 2.407634e-02
-1.650000e-01 1.517699e+00 2.478847e-02
-1.500000e-01 1.517699e+00 2.574456e-02
-1.350000e-01 1.517699e+00 2.708209e-02
-1.200000e-01 1.517699e+00 2.906179e-02
-1.050000e-01 1.517699e+00 3.221140e-02
-9.000000e-02 1.517699e+00 3.763951e-02
-7.500000e-02 1.517699e+00 4.760466e-02
-6.000000e-02 1.517699e+00 6.584831e-02
-4.500000e-02 1.517699e+00 9.499510e-02
-3.000000e-02 1.517699e+00 1.296159e-01
-1.500000e-02 1.517699e+00 1.568794e-01
5.551115e-17 1.517699e+00 1.669851e-01
1.500000e-02 1.517699e+00 1.568794e-01
3.000000e-02 1.517699e+00 1.296159e-01
4.500000e-02 1.517699e+00 9.499510e-02
6.000000e-02 1.517699e+00 6.584831e-02
7.500000e-02 1.517699e+00 4.760466e-02
9.000000e-02 1.517699e+00 3.763951e-02
1.050000e-01 1.517699e+00 3.221140e-02
1.200000e-01 1.517699e+00 2.906179e-02
1.350000e-01 1.517699e+00 2.708209e-02
1.500000e-01 1.517699e+00 2.574456e-02
1.650000e-01 1.517699e+00 2.478847e-02
1.800000e-01 1.517699e+00 2.407634e-02
1.950000e-01 1.517699e+00 2.353005e-02
2.100000e-01 1.517699e+00 2.310194e-02
2.250000e-01 1.517699e+00 2.276109e-02
2.400000e-01 1.517699e+00 2.248648e-02
2.550000e-01 1.517699e+00 2.226330e-02
2.700000e-01 1.517699e+00 2.208091e-02
2.850000e-01 1.517699e+00 2.193143e-02
3.000000e-01 1.517699e+00 2.180891e-02
-3.000000e-01 1.531363e+00 2.149496e-02
-2.850000e-01 1.531363e+00 2.161631e-02
-2.700000e-01 1.531363e+00 2.176484e-02
-2.550000e-01 1.531363e+00 2.194663e-02
-2.400000e-01 1.531363e+00 2.216972e-02
-2.250000e-01 1.531363e+00 2.244506e-02
-2.100000e-01 1.531363e+00 2.278792e-02
-1.950000e-01 1.531363e+00 2.322016e-02
-1.800000e-01 1.531363e+00 2.377409e-02
-1.650000e-01 1.531363e+00 2.449992e-02
-1.500000e-01 1.531363e+00 2.548040e-02
-1.350000e-01 1.531363e+00 2.686187e-02
-1.200000e-01 1.531363e+00 2.892267e-02
-1.050000e-01 1.531363e+00 3.222683e-02
-9.000000e-02 1.531363e+00 3.795917e-02
-7.500000e-02 1.531363e+00 4.853274e-02
-6.000000e-02 1.531363e+00 6.794638e-02
-4.500000e-02 1.531363e+00 9.901979e-02
-3.000000e-02 1.531363e+00 1.359912e-01
-1.500000e-02 1.531363e+00 1.651574e-01
5.551115e-17 1.531363e+00 1.759820e-01
1.500000e-02 1.531363e+00 1.651574e-01
3.000000e-02 1.531363e+00 1.359912e-01
4.500000e-02 1.531363e+00 9.901979e-02
6.000000e-02 1.531363e+00 6.794638e-02
7.500000e-02 1.531363e+00 4.853274e-02
9.000000e-02 1.531363e+00 3.795917e-02
1.050000e-01 1.531363e+00 3.222683e-02
1.200000e-01 1.531363e+00 2.892267e-02
1.350000e-01 1.531363e+00 2.686187e-02
1.500000e-01 1.531363e+00 2.548040e-02
1.650000e-01 1.531363e+00 2.449992e-02
1.800000e-01 1.531363e+00 2.377409e-02
1.950000e-01 1.531363e+00 2.322016e-02
2.100000e-01 1.531363e+00 2.278792e-02
2.250000e-01 1.531363e+00 2.244506e-02
2.400000e-01 1.531363e+00 2.216972e-02
2.550000e-01 1.531363e+00 2.194663e-02
2.700000e-01 1.531363e+00 2.176484e-02
2.850000e-01 1.531363e+00 2.161631e-02
3.000000e-01 1.531363e+00 2.149496e-02
-3.000000e-01 1.545028e+00 2.119068e-02
-2.850000e-01 1.545028e+00 2.131115e-02
-2.700000e-01 1.545028e+00 2.145914e-02
-2.550000e-01 1.545028e+00 2.164089e-02
-2.400000e-01 1.545028e+00 2.186464e-02
-2.250000e-01 1.545028e+00 2.214169e-02
-2.100000e-01 1.545028e+00 2.248787e-02
-1.950000e-01 1.545028e+00 2.292596e-02
-1.800000e-01 1.545028e+00 2.348987e-02
-1.650000e-01 1.545028e+00 2.423261e-02
-1.500000e-01 1.545028e+00 2.524202e-02
-1.350000e-01 1.545028e+00 2.667419e-02
-1.200000e-01 1.545028e+00 2.882665e-02
-1.050000e-01 1.545028e+00 3.230289e-02
-9.000000e-02 1.545028e+00 3.837037e-02
-7.500000e-02 1.545028e+00 4.960953e-02
-6.000000e-02 1.545028e+00 7.029787e-02
-4.500000e-02 1.545028e+00 1.034676e-01
-3.000000e-02 1.545028e+00 1.429998e-01
-1.500000e-02 1.545028e+00 1.742444e-01
5.551115e-17 1.545028e+00 1.858560e-01
1.500000e-02 1.545028e+00 1.742444e-01
3.000000e-02 1.545028e+00 1.429998e-01
4.500000e-02 1.545028e+00 1.034676e-01
6.000000e-02 1.545028e+00 7.029787e-02
7.500000e-02 1.545028e+00 4.960953e-02
9.000000e-02 1.545028e+00 3.837037e-02
1.050000e-01 1.545028e+00 3.230289e-02
1.200000e-01 1.545028e+00 2.882665e-02
1.350000e-01 1.545028e+00 2.667419e-02
1.500000e-01 1.545028e+00 2.524202e-02
1.650000e-01 1.545028e+00 2.423261e-02
1.800000e-01 1.545028e+00 2.348987e-02
1.950000e-01 1.545028e+00 2.292596e-02
2.100000e-01 1.545028e+00 2.248787e-02
2.250000e-01 1.545028e+00 2.214169e-02
2.400000e-01 1.545028e+00 2.186464e-02
2.550000e-01 1.545028e+00 2.164089e-02
2.700000e-01 1.545028e+00 2.145914e-02
2.850000e-01 1.545028e+00 2.131115e-02
3.000000e-01 1.545028e+00 2.119068e-02
-3.000000e-01 1.558692e+00 2.089648e-02
-2.850000e-01 1.558692e+00 2.101638e-02
-2.700000e-01 1.558692e+00 2.116430e-02
-2.550000e-01 1.558692e+00 2.134665e-02
-2.400000e-01 1.558692e+00 2.157194e-02
-2.250000e-01 1.558692e+00 2.185185e-02
-2.100000e-01 1.558692e+00 2.220286e-02
-1.950000e-01 1.558692e+00 2.264880e-02
-1.800000e-01 1.558692e+00 2.322536e-02
-1.650000e-01 1.558692e+00 2.398867e-02
-1.500000e-01 1.558692e+00 2.503221e-02
-1.350000e-01 1.558692e+00 2.652273e-02
-1.200000e-01 1.558692e+00 2.877877e-02
-1.050000e-01 1.558692e+00 3.244684e-02
-9.000000e-02 1.558692e+00 3.888431e-02
-7.500000e-02 1.558692e+00 5.085331e-02
-6.000000e-02 1.558692e+00 7.293398e-02
-4.500000e-02 1.558692e+00 1.083907e-01
-3.000000e-02 1.558692e+00 1.507206e-01
-1.500000e-02 1.558692e+00 1.842425e-01
5.551115e-17 1.558692e+00 1.967182e-01
1.500000e-02 1.558692e+00 1.842425e-01
3.000000e-02 1.558692e+00 1.507206e-01
4.500000e-02 1.558692e+00 1.083907e-01
6.000000e-02 1.558692e+00 7.293398e-02
7.500000e-02 1.558692e+00 5.085331e-02
9.000000e-02 1.558692e+00 3.888431e-02
1.050000e-01 1.558692e+00 3.244684e-02
1.200000e-01 1.558692e+00 2.877877e-02
1.350000e-01 1.558692e+00 2.652273e-02
1.500000e-01 1.558692e+00 2.503221e-02
1.650000e-01 1.558692e+00 2.398867e-02
1.800000e-01 1.558692e+00 2.322536e-02
1.950000e-01 1.558692e+00 2.264880e-02
2.100000e-01 1.558692e+00 2.220286e-02
2.250000e-01 1.558692e+00 2.185185e-02
2.400000e-01 1.558692e+00 2.157194e-02
2.550000e-01 1.558692e+00 2.134665e-02
2.700000e-01 1.558692e+00 2.116430e-02
2.850000e-01 1.558692e+00 2.101638e-02
3.000000e-01 1.558692e+00 2.089648e-02
-3.000000e-01 1.572356e+00 2.061294e-02
-2.850000e-01 1.572356e+00 2.073263e-02
-2.700000e-01 1.572356e+00 2.088103e-02
-2.550000e-01 1.572356e+00 2.106475e-02
-2.400000e-01 1.572356e+00 2.129260e-02
-2.250000e-01 1.572356e+00 2.157672e-02
-2.100000e-01 1.572356e+00 2.193433e-02
-1.950000e-01 1.572356e+00 2.239044e-02
-1.800000e-01 1.572356e+00 2.298276e-02
-1.650000e-01 1.572356e+00 2.377084e-02
-1.500000e-01 1.572356e+00 2.485444e-02
-1.350000e-01 1.572356e+00 2.641202e-02
-1.200000e-01 1.572356e+00 2.878519e-02
-1.050000e-01 1.572356e+00 3.266747e-02
-9.000000e-02 1.572356e+00 3.951427e-02
-7.500000e-02 1.572356e+00 5.228562e-02
-6.000000e-02 1.572356e+00 7.589118e-02
-4.500000e-02 1.572356e+00 1.138500e-01
-3.000000e-02 1.572356e+00 1.592454e-01
-1.500000e-02 1.572356e+00 1.952701e-01
5.551115e-17 1.572356e+00 2.086978e-01
1.500000e-02 1.572356e+00 1.952701e-01
3.000000e-02 1.572356e+00 1.592454e-01
4.500000e-02 1.572356e+00 1.138500e-01
6.000000e-02 1.572356e+00 7.589118e-02
7.500000e-02 1.572356e+00 5.228562e-02
9.000000e-02 1.572356e+00 3.951427e-02
1.050000e-01 1.572356e+00 3.266747e-02
1.200000e-01 1.572356e+00 2.878519e-02
1.350000e-01 1.572356e+00 2.641202e-02
1.500000e-01 1.572356e+00 2.485444e-02
1.650000e-01 1.572356e+00 2.377084e-02
1.800000e-01 1.572356e+00 2.298276e-02
1.950000e-01 1.572356e+00 2.239044e-02
2.100000e-01 1.572356e+00 2.193433e-02
2.250000e-01 1.572356e+00 2.157672e-02
2.400000e-01 1.572356e+00 2.129260e-02
2.550000e-01 1.572356e+00 2.106475e-02
2.700000e-01 1.572356e+00 2.088103e-02
2.850000e-01 1.572356e+00 2.073263e-02
3.000000e-01 1.572356e+00 2.061294e-02
-3.000000e-01 1.586020e+00 2.034089e-02
-2.850000e-01 1.586020e+00 2.046083e-02
-2.700000e-01 1.586020e+00 2.061036e-02
-2.550000e-01 1.586020e+00 2.079636e-02
-2.400000e-01 1.586020e+00 2.102799e-02
-2.250000e-01 1.586020e+00 2.131793e-02
-2.100000e-01 1.586020e+00 2.168423e-02
-1.950000e-01 1.586020e+00 2.215324e-02
-1.800000e-01 1.586020e+00 2.276491e-02
-1.650000e-01 1.586020e+00 2.358265e-02
-1.500000e-01 1.586020e+00 2.471312e-02
-1.350000e-01 1.586020e+00 2.634775e-02
-1.200000e-01 1.586020e+00 2.885348e-02
-1.050000e-01 1.586020e+00 3.297539e-02
-9.000000e-02 1.586020e+00 4.027616e-02
-7.500000e-02 1.586020e+00 5.393191e-02
-6.000000e-02 1.586020e+00 7.921229e-02
-4.500000e-02 1.586020e+00 1.199167e-01
-3.000000e-02 1.586020e+00 1.686815e-01
-1.500000e-02 1.586020e+00 2.074658e-01
5.551115e-17 1.586020e+00 2.219460e-01
1.500000e-02 1.586020e+00 2.074658e-01
3.000000e-02 1.586020e+00 1.686815e-01
4.500000e-02 1.586020e+00 1.199167e-01
6.000000e-02 1.586020e+00 7.921229e-02
7.500000e-02 1.586020e+00 5.393191e-02
9.000000e-02 1.586020e+00 4.027616e-02
1.050000e-01 1.586020e+00 3.297539e-02
1.200000e-01 1.586020e+00 2.885348e-02
1.350000e-01 1.586020e+00 2.634775e-02
1.500000e-01 1.586020e+00 2.471312e-02
1.650000e-01 1.586020e+00 2.358265e-02
1.800000e-01 1.586020e+00 2.276491e-02
1.950000e-01 1.586020e+00 2.215324e-02
2.100000e-01 1.586020e+00 2.168423e-02
2.250000e-01 1.586020e+00 2.131793e-02
2.400000e-01 1.586020e+00 2.102799e-02
2.550000e-01 1.586020e+00 2.079636e-02
2.700000e-01 1.586020e+00 2.061036e-02
2.850000e-01 1.586020e+00 2.046083e-02
3.000000e-01 1.586020e+00 2.034089e-02
-3.000000e-01 1.599685e+00 2.008153e-02
-2.850000e-01 1.599685e+00 2.020223e-02
-2.700000e-01 1.599685e+00 2.035369e-02
-2.550000e-01 1.599685e+00 2.054308e-02
-2.400000e-01 1.599685e+00 2.077998e-02
-2.250000e-01 1.599685e+00 2.107767e-02
-2.100000e-01 1.599685e+00 2.145515e-02
-1.950000e-01 1.599685e+00 2.194030e-02
-1.800000e-01 1.599685e+00 2.257556e-02
-1.650000e-01 1.599685e+00 2.342863e-02
-1.500000e-01 1.599685e+00 2.461386e-02
-1.350000e-01 1.599685e+00 2.633700e-02
-1.200000e-01 1.599685e+00 2.899296e-02
-1.050000e-01 1.599685e+00 3.338353e-02
-9.000000e-02 1.599685e+00 4.118908e-02
-7.500000e-02 1.599685e+00 5.582246e-02
-6.000000e-02 1.599685e+00 8.294779e-02
-4.500000e-02 1.599685e+00 1.266742e-01
-3.000000e-02 1.599685e+00 1.791545e-01
-1.500000e-02 1.599685e+00 2.209924e-01
5.551115e-17 1.599685e+00 2.366402e-01
1.500000e-02 1.599685e+00 2.209924e-01
3.000000e-02 1.599685e+00 1.791545e-01
4.500000e-02 1.599685e+00 1.266742e-01
6.000000e-02 1.599685e+00 8.294779e-02
7.500000e-02 1.599685e+00 5.582246e-02
9.000000e-02 1.599685e+00 4.118908e-02
1.050000e-01 1.599685e+00 3.338353e-02
1.200000e-01 1.599685e+00 2.899296e-02
1.350000e-01 1.599685e+00 2.633700e-02
1.500000e-01 1.599685e+00 2.461386e-02
1.650000e-01 1.599685e+00 2.342863e-02
1.800000e-01 1.599685e+00 2.257556e-02
1.950000e-01 1.599685e+00 2.194030e-02
2.100000e-01 1.599685e+00 2.145515e-02
2.250000e-01 1.599685e+00 2.107767e-02
2.400000e-01 1.599685e+00 2.077998e-02
2.550000e-01 1.599685e+00 2.054308e-02
2.700000e-01 1.599685e+00 2.035369e-02
2.850000e-01 1.599685e+00 2.020223e-02
3.000000e-01 1.599685e+00 2.008153e-02
-3.000000e-01 1.613349e+00 1.983647e-02
-2.850000e-01 1.613349e+00 1.995858e-02
-2.700000e-01 1.613349e+00 2.011295e-02
-2.550000e-01 1.613349e+00 2.030710e-02
-2.400000e-01 1.613349e+00 2.055108e-02
-2.250000e-01 1.613349e+00 2.085889e-02
-2.100000e-01 1.613349e+00 2.125057e-02
-1.950000e-01 1.613349e+00 2.175573e-02
-1.800000e-01 1.613349e+00 2.241959e-02
-1.650000e-01 1.613349e+00 2.331467e-02
-1.500000e-01 1.613349e+00 2.456382e-02
-1.350000e-01 1.613349e+00 2.638873e-02
-1.200000e-01 1.613349e+00 2.921524e-02
-1.050000e-01 1.613349e+00 3.390772e-02
-9.000000e-02 1.613349e+00 4.227610e-02
-7.500000e-02 1.613349e+00 5.799342e-02
-6.000000e-02 1.613349e+00 8.715752e-02
-4.500000e-02 1.613349e+00 1.342211e-01
-3.000000e-02 1.613349e+00 1.908126e-01
-1.500000e-02 1.613349e+00 2.360416e-01
5.551115e-17 1.613349e+00 2.529896e-01
1.500000e-02 1.613349e+00 2.360416e-01
3.000000e-02 1.613349e+00 1.908126e-01
4.500000e-02 1.613349e+00 1.342211e-01
6.000000e-02 1.613349e+00 8.715752e-02
7.500000e-02 1.613349e+00 5.799342e-02
9.000000e-02 1.613349e+00 4.227610e-02
1.050000e-01 1.613349e+00 3.390772e-02
1.200000e-01 1.613349e+00 2.921524e-02
1.350000e-01 1.613349e+00 2.638873e-02
1.500000e-01 1.613349e+00 2.456382e-02
1.650000e-01 1.613349e+00 2.331467e-02
1.800000e-01 1.613349e+00 2.241959e-02
1.950000e-01 1.613349e+00 2.175573e-02
2.100000e-01 1.613349e+00 2.125057e-02
2.250000e-01 1.613349e+00 2.085889e-02
2.400000e-01 1.613349e+00 2.055108e-02
2.550000e-01 1.613349e+00 2.030710e-02
2.700000e-01 1.613349e+00 2.011295e-02
2.850000e-01 1.613349e+00 1.995858e-02
3.000000e-01 1.613349e+00 1.983647e-02
-3.000000e-01 1.627013e+00 1.960783e-02
-2.850000e-01 1.627013e+00 1.973219e-02
-2.700000e-01 1.627013e+00 1.989071e-02
-2.550000e-01 1.627013e+00 2.009136e-02
-2.400000e-01 1.627013e+00 2.034471e-02
-2.250000e-01 1.627013e+00 2.066554e-02
-2.100000e-01 1.627013e+00 2.107514e-02
-1.950000e-01 1.627013e+00 2.160498e-02
-1.800000e-01 1.627013e+00 2.230345e-02
-1.650000e-01 1.627013e+00 2.324840e-02
-1.500000e-01 1.627013e+00 2.457220e-02
-1.350000e-01 1.627013e+00 2.651426e-02
-1.200000e-01 1.627013e+00 2.953476e-02
-1.050000e-01 1.627013e+00 3.456742e-02
-9.000000e-02 1.627013e+00 4.356523e-02
-7.500000e-02 1.627013e+00 6.048821e-02
-6.000000e-02 1.627013e+00 9.191272e-02
-4.500000e-02 1.627013e+00 1.426742e-01
-3.000000e-02 1.627013e+00 2.038315e-01
-1.500000e-02 1.627013e+00 2.528409e-01
5.551115e-17 1.627013e+00 2.712427e-01
1.500000e-02 1.627013e+00 2.528409e-01
3.000000e-02 1.627013e+00 2.038315e-01
4.500000e-02 1.627013e+00 1.426742e-01
6.000000e-02 1.627013e+00 9.191272e-02
7.500000e-02 1.627013e+00 6.048821e-02
9.000000e-02 1.627013e+00 4.356523e-02
1.050000e-01 1.627013e+00 3.456742e-02
1.200000e-01 1.627013e+00 2.953476e-02
1.350000e-01 1.627013e+00 2.651426e-02
1.500000e-01 1.627013e+00 2.457220e-02
1.650000e-01 1.627013e+00 2.324840e-02
1.800000e-01 1.627013e+00 2.230345e-02
1.950000e-01 1.627013e+00 2.160498e-02
2.100000e-01 1.627013e+00 2.107514e-02
2.250000e-01 1.627013e+00 2.066554e-02
2.400000e-01 1.627013e+00 2.034471e-02
2.550000e-01 1.627013e+00 2.009136e-02
2.700000e-01 1.627013e+00 1.989071e-02
2.850000e-01 1.627013e+00 1.973219e-02
3.000000e-01 1.627013e+00 1.960783e-02
-3.000000e-01 1.640677e+00 1.939830e-02
-2.850000e-01 1.640677e+00 1.952602e-02
-2.700000e-01 1.640677e+00 1.969033e-02
-2.550000e-01 1.640677e+00 1.989971e-02
-2.400000e-01 1.640677e+00 2.016534e-02
-2.250000e-01 1.640677e+00 2.050291e-02
-2.100000e-01 1.640677e+00 2.093503e-02
-1.950000e-01 1.640677e+00 2.149533e-02
-1.800000e-01 1.640677e+00 2.223566e-02
-1.650000e-01 1.640677e+00 2.323983e-02
-1.500000e-01 1.640677e+00 2.465090e-02
-1.350000e-01 1.640677e+00 2.672803e-02
-1.200000e-01 1.640677e+00 2.996974e-02
-1.050000e-01 1.640677e+00 3.538675e-02
-9.000000e-02 1.640677e+00 4.509073e-02
-7.500000e-02 1.640677e+00 6.335927e-02
-6.000000e-02 1.640677e+00 9.729873e-02
-4.500000e-02 1.640677e+00 1.521727e-01
-3.000000e-02 1.640677e+00 2.184200e-01
-1.500000e-02 1.640677e+00 2.716613e-01
5.551115e-17 1.640677e+00 2.916956e-01
1.500000e-02 1.640677e+00 2.716613e-01
3.000000e-02 1.640677e+00 2.184200e-01
4.500000e-02 1.640677e+00 1.521727e-01
6.000000e-02 1.640677e+00 9.729873e-02
7.500000e-02 1.640677e+00 6.335927e-02
9.000000e-02 1.640677e+00 4.509073e-02
1.050000e-01 1.640677e+00 3.538675e-02
1.200000e-01 1.640677e+00 2.996974e-02
1.350000e-01 1.640677e+00 2.672803e-02
1.500000e-01 1.640677e+00 2.465090e-02
1.650000e-01 1.640677e+00 2.323983e-02
1.800000e-01 1.640677e+00 2.223566e-02
1.950000e-01 1.640677e+00 2.149533e-02
2.100000e-01 1.640677e+00 2.093503e-02
2.250000e-01 1.640677e+00 2.050291e-02
2.400000e-01 1.640677e+00 2.016534e-02
2.550000e-01 1.640677e+00 1.989971e-02
2.700000e-01 1.640677e+00 1.969033e-02
2.850000e-01 1.640677e+00 1.952602e-02
3.000000e-01 1.640677e+00 1.939830e-02
-3.000000e-01 1.654342e+00 1.921084e-02
-2.850000e-01 1.654342e+00 1.934350e-02
-2.700000e-01 1.654342e+00 1.951587e-02
-2.550000e-01 1.654342e+00 1.973699e-02
-2.400000e-01 1.654342e+00 2.001878e-02
-2.250000e-01 1.654342e+00 2.037790e-02
-2.100000e-01 1.654342e+00 2.083845e-02
-1.950000e-01 1.654342e+00 2.143640e-02
-1.800000e-01 1.654342e+00 2.222747e-02
-1.650000e-01 1.654342e+00 2.330215e-02
-1.500000e-01 1.654342e+00 2.481542e-02
-1.350000e-01 1.654342e+00 2.704864e-02
-1.200000e-01 1.654342e+00 3.054318e-02
-1.050000e-01 1.654342e+00 3.639580e-02
-9.000000e-02 1.654342e+00 4.689470e-02
-7.500000e-02 1.654342e+00 6.667036e-02
-6.000000e-02 1.654342e+00 1.034184e-01
-4.500000e-02 1.654342e+00 1.628836e-01
-3.000000e-02 1.654342e+00 2.348288e-01
-1.500000e-02 1.654342e+00 2.928279e-01
5.551115e-17 1.654342e+00 3.147035e-01
1.500000e-02 1.654342e+00 2.928279e-01
3.000000e-02 1.654342e+00 2.348288e-01
4.500000e-02 1.654342e+00 1.628836e-01
6.000000e-02 1.654342e+00 1.034184e-01
7.500000e-02 1.654342e+00 6.667036e-02
9.000000e-02 1.654342e+00 4.689470e-02
1.050000e-01 1.654342e+00 3.639580e-02
1.200000e-01 1.654342e+00 3.054318e-02
1.350000e-01 1.654342e+00 2.704864e-02
1.500000e-01 1.654342e+00 2.481542e-02
1.650000e-01 1.654342e+00 2.330215e-02
1.800000e-01 1.654342e+00 2.222747e-02
1.950000e-01 1.654342e+00 2.143640e-02
2.100000e-01 1.654342e+00 2.083845e-02
2.250000e-01 1.654342e+00 2.037790e-02
2.400000e-01 1.654342e+00 2.001878e-02
2.550000e-01 1.654342e+00 1.973699e-02
2.700000e-01 1.654342e+00 1.951587e-02
2.850000e-01 1.654342e+00 1.934350e-02
3.000000e-01 1.654342e+00 1.921084e-02
-3.000000e-01 1.668006e+00 1.904790e-02
-2.850000e-01 1.668006e+00 1.918793e-02
-2.700000e-01 1.668006e+00 1.937161e-02
-2.550000e-01 1.668006e+00 1.960873e-02
-2.400000e-01 1.668006e+00 1.991202e-02
-2.250000e-01 1.668006e+00 2.029921e-02
-2.100000e-01 1.668006e+00 2.079599e-02
-1.950000e-01 1.668006e+00 2.144087e-02
-1.800000e-01 1.668006e+00 2.229382e-02
-1.650000e-01 1.668006e+00 2.345276e-02
-1.500000e-01 1.668006e+00 2.508607e-02
-1.350000e-01 1.668006e+00 2.750011e-02
-1.200000e-01 1.668006e+00 3.128451e-02
-1.050000e-01 1.668006e+00 3.763240e-02
-9.000000e-02 1.668006e+00 4.902935e-02
-7.500000e-02 1.668006e+00 7.049946e-02
-6.000000e-02 1.668006e+00 1.103962e-01
-4.500000e-02 1.668006e+00 1.750083e-01
-3.000000e-02 1.668006e+00 2.533593e-01
-1.500000e-02 1.668006e+00 3.167324e-01
5.551115e-17 1.668006e+00 3.406952e-01
1.500000e-02 1.668006e+00 3.167324e-01
3.000000e-02 1.668006e+00 2.533593e-01
4.500000e-02 1.668006e+00 1.750083e-01
6.000000e-02 1.668006e+00 1.103962e-01
7.500000e-02 1.668006e+00 7.049946e-02
9.000000e-02 1.668006e+00 4.902935e-02
1.050000e-01 1.668006e+00 3.763240e-02
1.200000e-01 1.668006e+00 3.128451e-02
1.350000e-01 1.668006e+00 2.750011e-02
1.500000e-01 1.668006e+00 2.508607e-02
1.650000e-01 1.668006e+00 2.345276e-02
1.800000e-01 1.668006e+00 2.229382e-02
1.950000e-01 1.668006e+00 2.144087e-02
2.100000e-01 1.668006e+00 2.079599e-02
2.250000e-01 1.668006e+00 2.029921e-02
2.400000e-01 1.668006e+00 1.991202e-02
2.550000e-01 1.668006e+00 1.960873e-02
2.700000e-01 1.668006e+00 1.937161e-02
2.850000e-01 1.668006e+00 1.918793e-02
3.000000e-01 1.668006e+00 1.904790e-02
-3.000000e-01 1.681670e+00 1.890924e-02
-2.850000e-01 1.681670e+00 1.906049e-02
-2.700000e-01 1.681670e+00 1.926048e-02
-2.550000e-01 1.681670e+00 1.951991e-02
-2.400000e-01 1.681670e+00 1.985244e-02
-2.250000e-01 1.681670e+00 2.027697e-02
-2.100000e-01 1.681670e+00 2.082081e-02
-1.950000e-01 1.681670e+00 2.152508e-02
-1.800000e-01 1.681670e+00 2.245431e-02
-1.650000e-01 1.681670e+00 2.371465e-02
-1.500000e-01 1.681670e+00 2.548960e-02
-1.350000e-01 1.681670e+00 2.811384e-02
-1.200000e-01 1.681670e+00 3.223154e-02
-1.050000e-01 1.681670e+00 3.914448e-02
-9.000000e-02 1.681670e+00 5.155982e-02
-7.500000e-02 1.681670e+00 7.494267e-02
-6.000000e-02 1.681670e+00 1.183843e-01
-4.500000e-02 1.681670e+00 1.887912e-01
-3.000000e-02 1.681670e+00 2.743776e-01
-1.500000e-02 1.681670e+00 3.438508e-01
5.551115e-17 1.681670e+00 3.701915e-01
1.500000e-02 1.681670e+00 3.438508e-01
3.000000e-02 1.681670e+00 2.743776e-01
4.500000e-02 1.681670e+00 1.887912e-01
6.000000e-02 1.681670e+00 1.183843e-01
7.500000e-02 1.681670e+00 7.494267e-02
9.000000e-02 1.681670e+00 5.155982e-02
1.050000e-01 1.681670e+00 3.914448e-02
1.200000e-01 1.681670e+00 3.223154e-02
1.350000e-01 1.681670e+00 2.811384e-02
1.500000e-01 1.681670e+00 2.548960e-02
1.650000e-01 1.681670e+00 2.371465e-02
1.800000e-01 1.681670e+00 2.245431e-02
1.950000e-01 1.681670e+00 2.152508e-02
2.100000e-01 1.681670e+00 2.082081e-02
2.250000e-01 1.681670e+00 2.027697e-02
2.400000e-01 1.681670e+00 1.985244e-02
2.550000e-01 1.681670e+00 1.951991e-02
2.700000e-01 1.681670e+00 1.926048e-02
2.850000e-01 1.681670e+00 1.906049e-02
3.000000e-01 1.681670e+00 1.890924e-02
-3.000000e-01 1.695335e+00 1.878782e-02
-2.850000e-01 1.695335e+00 1.895631e-02
-2.700000e-01 1.695335e+00 1.918023e-02
-2.550000e-01 1.695335e+00 1.947155e-02
-2.400000e-01 1.695335e+00 1.984509e-02
-2.250000e-01 1.695335e+00 2.032088e-02
-2.100000e-01 1.695335e+00 2.092768e-02
-1.950000e-01 1.695335e+00 2.170906e-02
-1.800000e-01 1.695335e+00 2.273416e-02
-1.650000e-01 1.695335e+00 2.411806e-02
-1.500000e-01 1.695335e+00 2.606133e-02
-1.350000e-01 1.695335e+00 2.893097e-02
-1.200000e-01 1.695335e+00 3.343331e-02
-1.050000e-01 1.695335e+00 4.099327e-02
-9.000000e-02 1.695335e+00 5.456805e-02
-7.500000e-02 1.695335e+00 8.011926e-02
-6.000000e-02 1.695335e+00 1.275696e-01
-4.500000e-02 1.695335e+00 2.045311e-01
-3.000000e-02 1.695335e+00 2.983302e-01
-1.500000e-02 1.695335e+00 3.747645e-01
5.551115e-17 1.695335e+00 4.038294e-01
1.500000e-02 1.695335e+00 3.747645e-01
3.000000e-02 1.695335e+00 2.983302e-01
4.500000e-02 1.695335e+00 2.045311e-01
6.000000e-02 1.695335e+00 1.275696e-01
7.500000e-02 1.695335e+00 8.011926e-02
9.000000e-02 1.695335e+00 5.456805e-02
1.050000e-01 1.695335e+00 4.099327e-02
1.200000e-01 1.695335e+00 3.343331e-02
1.350000e-01 1.695335e+00 2.893097e-02
1.500000e-01 1.695335e+00 2.606133e-02
1.650000e-01 1.695335e+00 2.411806e-02
1.800000e-01 1.695335e+00 2.273416e-02
1.950000e-01 1.695335e+00 2.170906e-02
2.100000e-01 1.695335e+00 2.092768e-02
2.250000e-01 1.695335e+00 2.032088e-02
2.400000e-01 1.695335e+00 1.984509e-02
2.550000e-01 1.695335e+00 1.947155e-02
2.700000e-01 1.695335e+00 1.918023e-02
2.850000e-01 1.695335e+00 1.895631e-02
3.000000e-01 1.695335e+00 1.878782e-02
-3.000000e-01 1.708999e+00 1.866470e-02
-2.850000e-01 1.708999e+00 1.885843e-02
-2.700000e-01 1.708999e+00 1.911685e-02
-2.550000e-01 1.708999e+00 1.945397e-02
-2.400000e-01 1.708999e+00 1.988625e-02
-2.250000e-01 1.708999e+00 2.043485e-02
-2.100000e-01 1.708999e+00 2.112938e-02
-1.950000e-01 1.708999e+00 2.201485e-02
-1.800000e-01 1.708999e+00 2.316429e-02
-1.650000e-01 1.708999e+00 2.470202e-02
-1.500000e-01 1.708999e+00 2.684777e-02
-1.350000e-01 1.708999e+00 3.000578e-02
-1.200000e-01 1.708999e+00 3.495387e-02
-1.050000e-01 1.708999e+00 4.325762e-02
-9.000000e-02 1.708999e+00 5.815800e-02
-7.500000e-02 1.708999e+00 8.617841e-02
-6.000000e-02 1.708999e+00 1.381833e-01
-4.500000e-02 1.708999e+00 2.225956e-01
-3.000000e-02 1.708999e+00 3.257661e-01
-1.500000e-02 1.708999e+00 4.101892e-01
5.551115e-17 1.708999e+00 4.423935e-01
1.500000e-02 1.708999e+00 4.101892e-01
3.000000e-02 1.708999e+00 3.257661e-01
4.500000e-02 1.708999e+00 2.225956e-01
6.000000e-02 1.708999e+00 1.381833e-01
7.500000e-02 1.708999e+00 8.617841e-02
9.000000e-02 1.708999e+00 5.815800e-02
1.050000e-01 1.708999e+00 4.325762e-02
1.200000e-01 1.708999e+00 3.495387e-02
1.350000e-01 1.708999e+00 3.000578e-02
1.500000e-01 1.708999e+00 2.684777e-02
1.650000e-01 1.708999e+00 2.470202e-02
1.800000e-01 1.708999e+00 2.316429e-02
1.950000e-01 1.708999e+00 2.201485e-02
2.100000e-01 1.708999e+00 2.112938e-02
2.250000e-01 1.708999e+00 2.043485e-02
2.400000e-01 1.708999e+00 1.988625e-02
2.550000e-01 1.708999e+00 1.945397e-02
2.700000e-01 1.708999e+00 1.911685e-02
2.850000e-01 1.708999e+00 1.885843e-02
3.000000e-01 1.708999e+00 1.866470e-02
-3.000000e-01 1.722663e+00 1.850871e-02
-2.850000e-01 1.722663e+00 1.873442e-02
-2.700000e-01 1.722663e+00 1.903794e-02
-2.550000e-01 1.722663e+00 1.943728e-02
-2.400000e-01 1.722663e+00 1.995227e-02
-2.250000e-01 1.722663e+00 2.060580e-02
-2.100000e-01 1.722663e+00 2.142718e-02
-1.950000e-01 1.722663e+00 2.246016e-02
-1.800000e-01 1.722663e+00 2.377867e-02
-1.650000e-01 1.722663e+00 2.551483e-02
-1.500000e-01 1.722663e+00 2.790937e-02
-1.350000e-01 1.722663e+00 3.140981e-02
-1.200000e-01 1.722663e+00 3.687740e-02
-1.050000e-01 1.722663e+00 4.603990e-02
-9.000000e-02 1.722663e+00 6.246263e-02
-7.500000e-02 1.722663e+00 9.330828e-02
-6.000000e-02 1.722663e+00 1.505139e-01
-4.500000e-02 1.722663e+00 2.434406e-01
-3.000000e-02 1.722663e+00 3.573657e-01
-1.500000e-02 1.722663e+00 4.510126e-01
5.551115e-17 1.722663e+00 4.868580e-01
1.500000e-02 1.722663e+00 4.510126e-01
3.000000e-02 1.722663e+00 3.573657e-01
4.500000e-02 1.722663e+00 2.434406e-01
6.000000e-02 1.722663e+00 1.505139e-01
7.500000e-02 1.722663e+00 9.330828e-02
9.000000e-02 1.722663e+00 6.246263e-02
1.050000e-01 1.722663e+00 4.603990e-02
1.200000e-01 1.722663e+00 3.687740e-02
1.350000e-01 1.722663e+00 3.140981e-02
1.500000e-01 1.722663e+00 2.790937e-02
1.650000e-01 1.722663e+00 2.551483e-02
1.800000e-01 1.722663e+00 2.377867e-02
1.950000e-01 1.722663e+00 2.246016e-02
2.100000e-01 1.722663e+00 2.142718e-02
2.250000e-01 1.722663e+00 2.060580e-02
2.400000e-01 1.722663e+00 1.995227e-02
2.550000e-01 1.722663e+00 1.943728e-02
2.700000e-01 1.722663e+00 1.903794e-02
2.850000e-01 1.722663e+00 1.873442e-02
3.000000e-01 1.722663e+00 1.850871e-02
-3.000000e-01 1.736327e+00 1.828967e-02
-2.850000e-01 1.736327e+00 1.854583e-02
-2.700000e-01 1.736327e+00 1.889655e-02
-2.550000e-01 1.736327e+00 1.936795e-02
-2.400000e-01 1.736327e+00 1.998832e-02
-2.250000e-01 1.736327e+00 2.078655e-02
-2.100000e-01 1.736327e+00 2.179216e-02
-1.950000e-01 1.736327e+00 2.304276e-02
-1.800000e-01 1.736327e+00 2.460467e-02
-1.650000e-01 1.736327e+00 2.661088e-02
-1.500000e-01 1.736327e+00 2.932223e-02
-1.350000e-01 1.736327e+00 3.323674e-02
-1.200000e-01 1.736327e+00 3.931483e-02
-1.050000e-01 1.736327e+00 4.947398e-02
-9.000000e-02 1.736327e+00 6.765344e-02
-7.500000e-02 1.736327e+00 1.017481e-01
-6.000000e-02 1.736327e+00 1.649242e-01
-4.500000e-02 1.736327e+00 2.676362e-01
-3.000000e-02 1.736327e+00 3.939779e-01
-1.500000e-02 1.736327e+00 4.983444e-01
5.551115e-17 1.736327e+00 5.384413e-01
1.500000e-02 1.736327e+00 4.983444e-01
3.000000e-02 1.736327e+00 3.939779e-01
4.500000e-02 1.736327e+00 2.676362e-01
6.000000e-02 1.736327e+00 1.649242e-01
7.500000e-02 1.736327e+00 1.017481e-01
9.000000e-02 1.736327e+00 6.765344e-02
1.050000e-01 1.736327e+00 4.947398e-02
1.200000e-01 1.736327e+00 3.931483e-02
1.350000e-01 1.736327e+00 3.323674e-02
1.500000e-01 1.736327e+00 2.932223e-02
1.650000e-01 1.736327e+00 2.661088e-02
1.800000e-01 1.736327e+00 2.460467e-02
1.950000e-01 1.736327e+00 2.304276e-02
2.100000e-01 1.736327e+00 2.179216e-02
2.250000e-01 1.736327e+00 2.078655e-02
2.400000e-01 1.736327e+00 1.998832e-02
2.550000e-01 1.736327e+00 1.936795e-02
2.700000e-01 1.736327e+00 1.889655e-02
2.850000e-01 1.736327e+00 1.854583e-02
3.000000e-01 1.736327e+00 1.828967e-02
-3.000000e-01 1.749992e+00 1.800046e-02
-2.850000e-01 1.749992e+00 1.827305e-02
-2.700000e-01 1.749992e+00 1.865582e-02
-2.550000e-01 1.749992e+00 1.918776e-02
-2.400000e-01 1.749992e+00 1.991501e-02
-2.250000e-01 1.749992e+00 2.088565e-02
-2.100000e-01 1.749992e+00 2.214055e-02
-1.950000e-01 1.749992e+00 2.371068e-02
-1.800000e-01 1.749992e+00 2.563895e-02
-1.650000e-01 1.749992e+00 2.803751e-02
-1.500000e-01 1.749992e+00 3.117546e-02
-1.350000e-01 1.749992e+00 3.560673e-02
-1.200000e-01 1.749992e+00 4.241219e-02
-1.050000e-01 1.749992e+00 5.373588e-02
-9.000000e-02 1.749992e+00 7.395338e-02
-7.500000e-02 1.749992e+00 1.118048e-01
-6.000000e-02 1.749992e+00 1.818744e-01
-4.500000e-02 1.749992e+00 2.959003e-01
-3.000000e-02 1.749992e+00 4.366715e-01
-1.500000e-02 1.749992e+00 5.535832e-01
5.551115e-17 1.749992e+00 5.986807e-01
1.500000e-02 1.749992e+00 5.535832e-01
3.000000e-02 1.749992e+00 4.366715e-01
4.500000e-02 1.749992e+00 2.959003e-01
6.000000e-02 1.749992e+00 1.818744e-01
7.500000e-02 1.749992e+00 1.118048e-01
9.000000e-02 1.749992e+00 7.395338e-02
1.050000e-01 1.749992e+00 5.373588e-02
1.200000e-01 1.749992e+00 4.241219e-02
1.350000e-01 1.749992e+00 3.560673e-02
1.500000e-01 1.749992e+00 3.117546e-02
1.650000e-01 1.749992e+00 2.803751e-02
1.800000e-01 1.749992e+00 2.563895e-02
1.950000e-01 1.749992e+00 2.371068e-02
2.100000e-01 1.749992e+00 2.214055e-02
2.250000e-01 1.749992e+00 2.088565e-02
2.400000e-01 1.749992e+00 1.991501e-02
2.550000e-01 1.749992e+00 1.918776e-02
2.700000e-01 1.749992e+00 1.865582e-02
2.850000e-01 1.749992e+00 1.827305e-02
3.000000e-01 1.749992e+00 1.800046e-02
-3.000000e-01 1.763656e+00 1.766302e-02
-2.850000e-01 1.763656e+00 1.793173e-02
-2.700000e-01 1.763656e+00 1.831793e-02
-2.550000e-01 1.763656e+00 1.887375e-02
-2.400000e-01 1.763656e+00 1.967009e-02
-2.250000e-01 1.763656e+00 2.079350e-02
-2.100000e-01 1.763656e+00 2.232826e-02
-1.950000e-01 1.763656e+00 2.432650e-02
-1.800000e-01 1.763656e+00 2.680171e-02
-1.650000e-01 1.763656e+00 2.980095e-02
-1.500000e-01 1.763656e+00 3.355615e-02
-1.350000e-01 1.763656e+00 3.866655e-02
-1.200000e-01 1.763656e+00 4.635957e-02
-1.050000e-01 1.763656e+00 5.905763e-02
-9.000000e-02 1.763656e+00 8.165436e-02
-7.500000e-02 1.763656e+00 1.238751e-01
-6.000000e-02 1.763656e+00 2.019529e-01
-4.500000e-02 1.763656e+00 3.291456e-01
-3.000000e-02 1.763656e+00 4.868031e-01
-1.500000e-02 1.763656e+00 6.185066e-01
5.551115e-17 1.763656e+00 6.695318e-01
1.500000e-02 1.763656e+00 6.185066e-01
3.000000e-02 1.763656e+00 4.868031e-01
4.500000e-02 1.763656e+00 3.291456e-01
6.000000e-02 1.763656e+00 2.019529e-01
7.500000e-02 1.763656e+00 1.238751e-01
9.000000e-02 1.763656e+00 8.165436e-02
1.050000e-01 1.763656e+00 5.905763e-02
1.200000e-01 1.763656e+00 4.635957e-02
1.350000e-01 1.763656e+00 3.866655e-02
1.500000e-01 1.763656e+00 3.355615e-02
1.650000e-01 1.763656e+00 2.980095e-02
1.800000e-01 1.763656e+00 2.680171e-02
1.950000e-01 1.763656e+00 2.432650e-02
2.100000e-01 1.763656e+00 2.232826e-02
2.250000e-01 1.763656e+00 2.079350e-02
2.400000e-01 1.763656e+00 1.967009e-02
2.550000e-01 1.763656e+00 1.887375e-02
2.700000e-01 1.763656e+00 1.831793e-02
2.850000e-01 1.763656e+00 1.793173e-02
3.000000e-01 1.763656e+00 1.766302e-02
-3.000000e-01 1.777320e+00 1.731040e-02
-2.850000e-01 1.777320e+00 1.755930e-02
-2.700000e-01 1.777320e+00 1.792207e-02
-2.550000e-01 1.777320e+00 1.845784e-02
-2.400000e-01 1.777320e+00 1.925744e-02
-2.250000e-01 1.777320e+00 2.045253e-02
-2.100000e-01 1.777320e+00 2.220735e-02
-1.950000e-01 1.777320e+00 2.466842e-02
-1.800000e-01 1.777320e+00 2.788170e-02
-1.650000e-01 1.777320e+00 3.179864e-02
-1.500000e-01 1.777320e+00 3.650620e-02
-1.350000e-01 1.777320e+00 4.257629e-02
-1.200000e-01 1.777320e+00 5.139751e-02
-1.050000e-01 1.777320e+00 6.574401e-02
-9.000000e-02 1.777320e+00 9.114048e-02
-7.500000e-02 1.777320e+00 1.384762e-01
-6.000000e-02 1.777320e+00 2.259185e-01
-4.500000e-02 1.777320e+00 3.685417e-01
-3.000000e-02 1.777320e+00 5.461089e-01
-1.500000e-02 1.777320e+00 6.953935e-01
5.551115e-17 1.777320e+00 7.535038e-01
1.500000e-02 1.777320e+00 6.953935e-01
3.000000e-02 1.777320e+00 5.461089e-01
4.500000e-02 1.777320e+00 3.685417e-01
6.000000e-02 1.777320e+00 2.259185e-01
7.500000e-02 1.777320e+00 1.384762e-01
9.000000e-02 1.777320e+00 9.114048e-02
1.050000e-01 1.777320e+00 6.574401e-02
1.200000e-01 1.777320e+00 5.139751e-02
1.350000e-01 1.777320e+00 4.257629e-02
1.500000e-01 1.777320e+00 3.650620e-02
1.650000e-01 1.777320e+00 3.179864e-02
1.800000e-01 1.777320e+00 2.788170e-02
1.950000e-01 1.777320e+00 2.466842e-02
2.100000e-01 1.777320e+00 2.220735e-02
2.250000e-01 1.777320e+00 2.045253e-02
2.400000e-01 1.777320e+00 1.925744e-02
2.550000e-01 1.777320e+00 1.845784e-02
2.700000e-01 1.777320e+00 1.792207e-02
2.850000e-01 1.777320e+00 1.755930e-02
3.000000e-01 1.777320e+00 1.731040e-02
-3.000000e-01 1.790985e+00 1.696737e-02
-2.850000e-01 1.790985e+00 1.718945e-02
-2.700000e-01 1.790985e+00 1.751422e-02
-2.550000e-01 1.790985e+00 1.799985e-02
-2.400000e-01 1.790985e+00 1.874358e-02
-2.250000e-01 1.790985e+00 1.990565e-02
-2.100000e-01 1.790985e+00 2.173105e-02
-1.950000e-01 1.790985e+00 2.452884e-02
-1.800000e-01 1.790985e+00 2.853784e-02
-1.650000e-01 1.790985e+00 3.372912e-02
-1.500000e-01 1.790985e+00 3.992841e-02
-1.350000e-01 1.790985e+00 4.746218e-02
-1.200000e-01 1.790985e+00 5.781100e-02
-1.050000e-01 1.790985e+00 7.418971e-02
-9.000000e-02 1.790985e+00 1.029179e-01
-7.500000e-02 1.790985e+00 1.562865e-01
-6.000000e-02 1.790985e+00 2.547582e-01
-4.500000e-02 1.790985e+00 4.156004e-01
-3.000000e-02 1.790985e+00 6.168306e-01
-1.500000e-02 1.790985e+00 7.871897e-01
5.551115e-17 1.790985e+00 8.538433e-01
1.500000e-02 1.790985e+00 7.871897e-01
3.000000e-02 1.790985e+00 6.168306e-01
4.500000e-02 1.790985e+00 4.156004e-01
6.000000e-02 1.790985e+00 2.547582e-01
7.500000e-02 1.790985e+00 1.562865e-01
9.000000e-02 1.790985e+00 1.029179e-01
1.050000e-01 1.790985e+00 7.418971e-02
1.200000e-01 1.790985e+00 5.781100e-02
1.350000e-01 1.790985e+00 4.746218e-02
1.500000e-01 1.790985e+00 3.992841e-02
1.650000e-01 1.790985e+00 3.372912e-02
1.800000e-01 1.790985e+00 2.853784e-02
1.950000e-01 1.790985e+00 2.452884e-02
2.100000e-01 1.790985e+00 2.173105e-02
2.250000e-01 1.790985e+00 1.990565e-02
2.400000e-01 1.790985e+00 1.874358e-02
2.550000e-01 1.790985e+00 1.799985e-02
2.700000e-01 1.790985e+00 1.751422e-02
2.850000e-01 1.790985e+00 1.718945e-02
3.000000e-01 1.790985e+00 1.696737e-02
-3.000000e-01 1.804649e+00 1.664551e-02
-2.850000e-01 1.804649e+00 1.684063e-02
-2.700000e-01 1.804649e+00 1.712451e-02
-2.550000e-01 1.804649e+00 1.754928e-02
-2.400000e-01 1.804649e+00 1.820641e-02
-2.250000e-01 1.804649e+00 1.925930e-02
-2.100000e-01 1.804649e+00 2.099416e-02
-1.950000e-01 1.804649e+00 2.386856e-02
-1.800000e-01 1.804649e+00 2.845075e-02
-1.650000e-01 1.804649e+00 3.506972e-02
-1.500000e-01 1.804649e+00 4.343979e-02
-1.350000e-01 1.804649e+00 5.329981e-02
-1.200000e-01 1.804649e+00 6.588794e-02
-1.050000e-01 1.804649e+00 8.488806e-02
-9.000000e-02 1.804649e+00 1.176500e-01
-7.500000e-02 1.804649e+00 1.781996e-01
-6.000000e-02 1.804649e+00 2.897637e-01
-4.500000e-02 1.804649e+00 4.722907e-01
-3.000000e-02 1.804649e+00 7.018851e-01
-1.500000e-02 1.804649e+00 8.977333e-01
5.551115e-17 1.804649e+00 9.747830e-01
1.500000e-02 1.804649e+00 8.977333e-01
3.000000e-02 1.804649e+00 7.018851e-01
4.500000e-02 1.804649e+00 4.722907e-01
6.000000e-02 1.804649e+00 2.897637e-01
7.500000e-02 1.804649e+00 1.781996e-01
9.000000e-02 1.804649e+00 1.176500e-01
1.050000e-01 1.804649e+00 8.488806e-02
1.200000e-01 1.804649e+00 6.588794e-02
1.350000e-01 1.804649e+00 5.329981e-02
1.500000e-01 1.804649e+00 4.343979e-02
1.650000e-01 1.804649e+00 3.506972e-02
1.800000e-01 1.804649e+00 2.845075e-02
1.950000e-01 1.804649e+00 2.386856e-02
2.100000e-01 1.804649e+00 2.099416e-02
2.250000e-01 1.804649e+00 1.925930e-02
2.400000e-01 1.804649e+00 1.820641e-02
2.550000e-01 1.804649e+00 1.754928e-02
2.700000e-01 1.804649e+00 1.712451e-02
2.850000e-01 1.804649e+00 1.684063e-02
3.000000e-01 1.804649e+00 1.664551e-02
-3.000000e-01 1.818313e+00 1.634720e-02
-2.850000e-01 1.818313e+00 1.651850e-02
-2.700000e-01 1.818313e+00 1.676513e-02
-2.550000e-01 1.818313e+00 1.713142e-02
-2.400000e-01 1.818313e+00 1.769700e-02
-2.250000e-01 1.818313e+00 1.861055e-02
-2.100000e-01 1.818313e+00 2.015426e-02
-1.950000e-01 1.818313e+00 2.285082e-02
-1.800000e-01 1.818313e+00 2.755998e-02
-1.650000e-01 1.818313e+00 3.527793e-02
-1.500000e-01 1.818313e+00 4.627058e-02
-1.350000e-01 1.818313e+00 5.969570e-02
-1.200000e-01 1.818313e+00 7.579412e-02
-1.050000e-01 1.818313e+00 9.840742e-02
-9.000000e-02 1.818313e+00 1.361910e-01
-7.500000e-02 1.818313e+00 2.053919e-01
-6.000000e-02 1.818313e+00 3.326351e-01
-4.500000e-02 1.818313e+00 5.411947e-01
-3.000000e-02 1.818313e+00 8.050939e-01
-1.500000e-02 1.818313e+00 1.032058e+00
5.551115e-17 1.818313e+00 1.121878e+00
1.500000e-02 1.818313e+00 1.032058e+00
3.000000e-02 1.818313e+00 8.050939e-01
4.500000e-02 1.818313e+00 5.411947e-01
6.000000e-02 1.818313e+00 3.326351e-01
7.500000e-02 1.818313e+00 2.053919e-01
9.000000e-02 1.818313e+00 1.361910e-01
1.050000e-01 1.818313e+00 9.840742e-02
1.200000e-01 1.818313e+00 7.579412e-02
1.350000e-01 1.818313e+00 5.969570e-02
1.500000e-01 1.818313e+00 4.627058e-02
1.650000e-01 1.818313e+00 3.527793e-02
1.800000e-01 1.818313e+00 2.755998e-02
1.950000e-01 1.818313e+00 2.285082e-02
2.100000e-01 1.818313e+00 2.015426e-02
2.250000e-01 1.818313e+00 1.861055e-02
2.400000e-01 1.818313e+00 1.769700e-02
2.550000e-01 1.818313e+00 1.713142e-02
2.700000e-01 1.818313e+00 1.676513e-02
2.850000e-01 1.818313e+00 1.651850e-02
3.000000e-01 1.818313e+00 1.634720e-02
-3.000000e-01 1.831977e+00 1.607057e-02
-2.850000e-01 1.831977e+00 1.622205e-02
-2.700000e-01 1.831977e+00 1.643727e-02
-2.550000e-01 1.831977e+00 1.675305e-02
-2.400000e-01 1.831977e+00 1.723601e-02
-2.250000e-01 1.831977e+00 1.801307e-02
-2.100000e-01 1.831977e+00 1.933544e-02
-1.950000e-01 1.831977e+00 2.170903e-02
-1.800000e-01 1.831977e+00 2.611661e-02
-1.650000e-01 1.831977e+00 3.417475e-02
-1.500000e-01 1.831977e+00 4.745968e-02
-1.350000e-01 1.831977e+00 6.563122e-02
-1.200000e-01 1.831977e+00 8.729260e-02
-1.050000e-01 1.831977e+00 1.152797e-01
-9.000000e-02 1.831977e+00 1.595940e-01
-7.500000e-02 1.831977e+00 2.393982e-01
-6.000000e-02 1.831977e+00 3.856121e-01
-4.500000e-02 1.831977e+00 6.257128e-01
-3.000000e-02 1.831977e+00 9.314878e-01
-1.500000e-02 1.831977e+00 1.196791e+00
5.551115e-17 1.831977e+00 1.302444e+00
1.500000e-02 1.831977e+00 1.196791e+00
3.000000e-02 1.831977e+00 9.314878e-01
4.500000e-02 1.831977e+00 6.257128e-01
6.000000e-02 1.831977e+00 3.856121e-01
7.500000e-02 1.831977e+00 2.393982e-01
9.000000e-02 1.831977e+00 1.595940e-01
1.050000e-01 1.831977e+00 1.152797e-01
1.200000e-01 1.831977e+00 8.729260e-02
1.350000e-01 1.831977e+00 6.563122e-02
1.500000e-01 1.831977e+00 4.745968e-02
1.650000e-01 1.831977e+00 3.417475e-02
1.800000e-01 1.831977e+00 2.611661e-02
1.950000e-01 1.831977e+00 2.170903e-02
2.100000e-01 1.831977e+00 1.933544e-02
2.250000e-01 1.831977e+00 1.801307e-02
2.400000e-01 1.831977e+00 1.723601e-02
2.550000e-01 1.831977e+00 1.675305e-02
2.700000e-01 1.831977e+00 1.643727e-02
2.850000e-01 1.831977e+00 1.622205e-02
3.000000e-01 1.831977e+00 1.607057e-02
-3.000000e-01 1.845642e+00 1.581245e-02
-2.850000e-01 1.845642e+00 1.594783e-02
-2.700000e-01 1.845642e+00 1.613748e-02
-2.550000e-01 1.845642e+00 1.641175e-02
-2.400000e-01 1.845642e+00 1.682552e-02
-2.250000e-01 1.845642e+00 1.748385e-02
-2.100000e-01 1.845642e+00 1.859846e-02
-1.950000e-01 1.845642e+00 2.061432e-02
-1.800000e-01 1.845642e+00 2.447978e-02
-1.650000e-01 1.845642e+00 3.209937e-02
-1.500000e-01 1.845642e+00 4.645016e-02
-1.350000e-01 1.845642e+00 6.949071e-02
-1.200000e-01 1.845642e+00 9.928251e-02
-1.050000e-01 1.845642e+00 1.356931e-01
-9.000000e-02 1.845642e+00 1.890348e-01
-7.500000e-02 1.845642e+00 2.821724e-01
-6.000000e-02 1.845642e+00 4.516292e-01
-4.500000e-02 1.845642e+00 7.303220e-01
-3.000000e-02 1.845642e+00 1.087693e+00
-1.500000e-02 1.845642e+00 1.400661e+00
5.551115e-17 1.845642e+00 1.526111e+00
1.500000e-02 1.845642e+00 1.400661e+00
3.000000e-02 1.845642e+00 1.087693e+00
4.500000e-02 1.845642e+00 7.303220e-01
6.000000e-02 1.845642e+00 4.516292e-01
7.500000e-02 1.845642e+00 2.821724e-01
9.000000e-02 1.845642e+00 1.890348e-01
1.050000e-01 1.845642e+00 1.356931e-01
1.200000e-01 1.845642e+00 9.928251e-02
1.350000e-01 1.845642e+00 6.949071e-02
1.500000e-01 1.845642e+00 4.645016e-02
1.650000e-01 1.845642e+00 3.209937e-02
1.800000e-01 1.845642e+00 2.447978e-02
1.950000e-01 1.845642e+00 2.061432e-02
2.100000e-01 1.845642e+00 1.859846e-02
2.250000e-01 1.845642e+00 1.748385e-02
2.400000e-01 1.845642e+00 1.682552e-02
2.550000e-01 1.845642e+00 1.641175e-02
2.700000e-01 1.845642e+00 1.613748e-02
2.850000e-01 1.845642e+00 1.594783e-02
3.000000e-01 1.845642e+00 1.581245e-02
-3.000000e-01 1.859306e+00 1.556971e-02
-2.850000e-01 1.859306e+00 1.569211e-02
-2.700000e-01 1.859306e+00 1.586117e-02
-2.550000e-01 1.859306e+00 1.610203e-02
-2.400000e-01 1.859306e+00 1.645976e-02
-2.250000e-01 1.859306e+00 1.702040e-02
-2.100000e-01 1.859306e+00 1.795805e-02
-1.950000e-01 1.859306e+00 1.964503e-02
-1.800000e-01 1.859306e+00 2.291292e-02
-1.650000e-01 1.859306e+00 2.962676e-02
-1.500000e-01 1.859306e+00 4.355377e-02
-1.350000e-01 1.859306e+00 6.980245e-02
-1.200000e-01 1.859306e+00 1.094191e-01
-1.050000e-01 1.859306e+00 1.588492e-01
-9.000000e-02 1.859306e+00 2.255145e-01
-7.500000e-02 1.859306e+00 3.360628e-01
-6.000000e-02 1.859306e+00 5.344595e-01
-4.500000e-02 1.859306e+00 8.608688e-01
-3.000000e-02 1.859306e+00 1.282379e+00
-1.500000e-02 1.859306e+00 1.655059e+00
5.551115e-17 1.859306e+00 1.805426e+00
1.500000e-02 1.859306e+00 1.655059e+00
3.000000e-02 1.859306e+00 1.282379e+00
4.500000e-02 1.859306e+00 8.608688e-01
6.000000e-02 1.859306e+00 5.344595e-01
7.500000e-02 1.859306e+00 3.360628e-01
9.000000e-02 1.859306e+00 2.255145e-01
1.050000e-01 1.859306e+00 1.588492e-01
1.200000e-01 1.859306e+00 1.094191e-01
1.350000e-01 1.859306e+00 6.980245e-02
1.500000e-01 1.859306e+00 4.355377e-02
1.650000e-01 1.859306e+00 2.962676e-02
1.800000e-01 1.859306e+00 2.291292e-02
1.950000e-01 1.859306e+00 1.964503e-02
2.100000e-01 1.859306e+00 1.795805e-02
2.250000e-01 1.859306e+00 1.702040e-02
2.400000e-01 1.859306e+00 1.645976e-02
2.550000e-01 1.859306e+00 1.610203e-02
2.700000e-01 1.859306e+00 1.586117e-02
2.850000e-01 1.859306e+00 1.569211e-02
3.000000e-01 1.859306e+00 1.556971e-02
-3.000000e-01 1.872970e+00 1.533970e-02
-2.850000e-01 1.872970e+00 1.545158e-02
-2.700000e-01 1.872970e+00 1.560408e-02
-2.550000e-01 1.872970e+00 1.581815e-02
-2.400000e-01 1.872970e+00 1.613103e-02
-2.250000e-01 1.872970e+00 1.661322e-02
-2.100000e-01 1.872970e+00 1.740680e-02
-1.950000e-01 1.872970e+00 1.881657e-02
-1.800000e-01 1.872970e+00 2.153666e-02
-1.650000e-01 1.872970e+00 2.721377e-02
-1.500000e-01 1.872970e+00 3.968152e-02
-1.350000e-01 1.872970e+00 6.634450e-02
-1.200000e-01 1.872970e+00 1.145848e-01
-1.050000e-01 1.872970e+00 1.820195e-01
-9.000000e-02 1.872970e+00 2.690950e-01
-7.500000e-02 1.872970e+00 4.035302e-01
-6.000000e-02 1.872970e+00 6.387442e-01
-4.500000e-02 1.872970e+00 1.024810e+00
-3.000000e-02 1.872970e+00 1.526653e+00
-1.500000e-02 1.872970e+00 1.974500e+00
5.551115e-17 1.872970e+00 2.156313e+00
1.500000e-02 1.872970e+00 1.974500e+00
3.000000e-02 1.872970e+00 1.526653e+00
4.500000e-02 1.872970e+00 1.024810e+00
6.000000e-02 1.872970e+00 6.387442e-01
7.500000e-02 1.872970e+00 4.035302e-01
9.000000e-02 1.872970e+00 2.690950e-01
1.050000e-01 1.872970e+00 1.820195e-01
1.200000e-01 1.872970e+00 1.145848e-01
1.350000e-01 1.872970e+00 6.634450e-02
1.500000e-01 1.872970e+00 3.968152e-02
1.650000e-01 1.872970e+00 2.721377e-02
1.800000e-01 1.872970e+00 2.153666e-02
1.950000e-01 1.872970e+00 1.881657e-02
2.100000e-01 1.872970e+00 1.740680e-02
2.250000e-01 1.872970e+00 1.661322e-02
2.400000e-01 1.872970e+00 1.613103e-02
2.550000e-01 1.872970e+00 1.581815e-02
2.700000e-01 1.872970e+00 1.560408e-02
2.850000e-01 1.872970e+00 1.545158e-02
3.000000e-01 1.872970e+00 1.533970e-02
-3.000000e-01 1.886635e+00 1.512029e-02
-2.850000e-01 1.886635e+00 1.522358e-02
-2.700000e-01 1.886635e+00 1.536266e-02
-2.550000e-01 1.886635e+00 1.555517e-02
-2.400000e-01 1.886635e+00 1.583216e-02
-2.250000e-01 1.886635e+00 1.625177e-02
-2.100000e-01 1.886635e+00 1.693022e-02
-1.950000e-01 1.886635e+00 1.811556e-02
-1.800000e-01 1.886635e+00 2.037483e-02
-1.650000e-01 1.886635e+00 2.508604e-02
-1.500000e-01 1.886635e+00 3.570300e-02
-1.350000e-01 1.886635e+00 6.033847e-02
-1.200000e-01 1.886635e+00 1.127057e-01
-1.050000e-01 1.886635e+00 2.000579e-01
-9.000000e-02 1.886635e+00 3.174032e-01
-7.500000e-02 1.886635e+00 4.862458e-01
-6.000000e-02 1.886635e+00 7.696333e-01
-4.500000e-02 1.886635e+00 1.231147e+00
-3.000000e-02 1.886635e+00 1.834070e+00
-1.500000e-02 1.886635e+00 2.376467e+00
5.551115e-17 1.886635e+00 2.597779e+00
1.500000e-02 1.886635e+00 2.376467e+00
3.000000e-02 1.886635e+00 1.834070e+00
4.500000e-02 1.886635e+00 1.231147e+00
6.000000e-02 1.886635e+00 7.696333e-01
7.500000e-02 1.886635e+00 4.862458e-01
9.000000e-02 1.886635e+00 3.174032e-01
1.050000e-01 1.886635e+00 2.000579e-01
1.200000e-01 1.886635e+00 1.127057e-01
1.350000e-01 1.886635e+00 6.033847e-02
1.500000e-01 1.886635e+00 3.570300e-02
1.650000e-01 1.886635e+00 2.508604e-02
1.800000e-01 1.886635e+00 2.037483e-02
1.950000e-01 1.886635e+00 1.811556e-02
2.100000e-01 1.886635e+00 1.693022e-02
2.250000e-01 1.886635e+00 1.625177e-02
2.400000e-01 1.886635e+00 1.583216e-02
2.550000e-01 1.886635e+00 1.555517e-02
2.700000e-01 1.886635e+00 1.536266e-02
2.850000e-01 1.886635e+00 1.522358e-02
3.000000e-01 1.886635e+00 1.512029e-02
-3.000000e-01 1.900299e+00 1.490984e-02
-2.850000e-01 1.900299e+00 1.500604e-02
-2.700000e-01 1.900299e+00 1.513412e-02
-2.550000e-01 1.900299e+00 1.530914e-02
-2.400000e-01 1.900299e+00 1.555723e-02
-2.250000e-01 1.900299e+00 1.592682e-02
-2.100000e-01 1.900299e+00 1.651363e-02
-1.950000e-01 1.900299e+00 1.752014e-02
-1.800000e-01 1.900299e+00 1.940690e-02
-1.650000e-01 1.900299e+00 2.329967e-02
-1.500000e-01 1.900299e+00 3.211624e-02
-1.350000e-01 1.900299e+00 5.346743e-02
-1.200000e-01 1.900299e+00 1.044476e-01
-1.050000e-01 1.900299e+00 2.070055e-01
-9.000000e-02 1.900299e+00 3.636986e-01
-7.500000e-02 1.900299e+00 5.829794e-01
-6.000000e-02 1.900299e+00 9.314283e-01
-4.500000e-02 1.900299e+00 1.489420e+00
-3.000000e-02 1.900299e+00 2.219378e+00
-1.500000e-02 1.900299e+00 2.879385e+00
5.551115e-17 1.900299e+00 3.149392e+00
1.500000e-02 1.900299e+00 2.879385e+00
3.000000e-02 1.900299e+00 2.219378e+00
4.500000e-02 1.900299e+00 1.489420e+00
6.000000e-02 1.900299e+00 9.314283e-01
7.500000e-02 1.900299e+00 5.829794e-01
9.000000e-02 1.900299e+00 3.636986e-01
1.050000e-01 1.900299e+00 2.070055e-01
1.200000e-01 1.900299e+00 1.044476e-01
1.350000e-01 1.900299e+00 5.346743e-02
1.500000e-01 1.900299e+00 3.211624e-02
1.650000e-01 1.900299e+00 2.329967e-02
1.800000e-01 1.900299e+00 1.940690e-02
1.950000e-01 1.900299e+00 1.752014e-02
2.100000e-01 1.900299e+00 1.651363e-02
2.250000e-01 1.900299e+00 1.592682e-02
2.400000e-01 1.900299e+00 1.555723e-02
2.550000e-01 1.900299e+00 1.530914e-02
2.700000e-01 1.900299e+00 1.513412e-02
2.850000e-01 1.900299e+00 1.500604e-02
3.000000e-01 1.900299e+00 1.490984e-02
-3.000000e-01 1.913963e+00 1.470708e-02
-2.850000e-01 1.913963e+00 1.479735e-02
-2.700000e-01 1.913963e+00 1.491632e-02
-2.550000e-01 1.913963e+00 1.507698e-02
-2.400000e-01 1.913963e+00 1.530159e-02
-2.250000e-01 1.913963e+00 1.563091e-02
-2.100000e-01 1.913963e+00 1.614452e-02
-1.950000e-01 1.913963e+00 1.700894e-02
-1.800000e-01 1.913963e+00 1.859930e-02
-1.650000e-01 1.913963e+00 2.182870e-02
-1.500000e-01 1.913963e+00 2.908864e-02
-1.350000e-01 1.913963e+00 4.694246e-02
-1.200000e-01 1.913963e+00 9.263584e-02
-1.050000e-01 1.913963e+00 2.000166e-01
-9.000000e-02 1.913963e+00 3.965556e-01
-7.500000e-02 1.913963e+00 6.859154e-01
-6.000000e-02 1.913963e+00 1.124129e+00
-4.500000e-02 1.913963e+00 1.806408e+00
-3.000000e-02 1.913963e+00 2.694120e+00
-1.500000e-02 1.913963e+00 3.496060e+00
5.551115e-17 1.913963e+00 3.823481e+00
1.500000e-02 1.913963e+00 3.496060e+00
3.000000e-02 1.913963e+00 2.694120e+00
4.500000e-02 1.913963e+00 1.806408e+00
6.000000e-02 1.913963e+00 1.124129e+00
7.500000e-02 1.913963e+00 6.859154e-01
9.000000e-02 1.913963e+00 3.965556e-01
1.050000e-01 1.913963e+00 2.000166e-01
1.200000e-01 1.913963e+00 9.263584e-02
1.350000e-01 1.913963e+00 4.694246e-02
1.500000e-01 1.913963e+00 2.908864e-02
1.650000e-01 1.913963e+00 2.182870e-02
1.800000e-01 1.913963e+00 1.859930e-02
1.950000e-01 1.913963e+00 1.700894e-02
2.100000e-01 1.913963e+00 1.614452e-02
2.250000e-01 1.913963e+00 1.563091e-02
2.400000e-01 1.913963e+00 1.530159e-02
2.550000e-01 1.913963e+00 1.507698e-02
2.700000e-01 1.913963e+00 1.491632e-02
2.850000e-01 1.913963e+00 1.479735e-02
3.000000e-01 1.913963e+00 1.470708e-02
-3.000000e-01 1.927627e+00 1.451103e-02
-2.850000e-01 1.927627e+00 1.459627e-02
-2.700000e-01 1.927627e+00 1.470760e-02
-2.550000e-01 1.927627e+00 1.485635e-02
-2.400000e-01 1.927627e+00 1.506167e-02
-2.250000e-01 1.927627e+00 1.535824e-02
-2.100000e-01 1.927627e+00 1.581294e-02
-1.950000e-01 1.927627e+00 1.656400e-02
-1.800000e-01 1.927627e+00 1.791922e-02
-1.650000e-01 1.927627e+00 2.062069e-02
-1.500000e-01 1.927627e+00 2.660771e-02
-1.350000e-01 1.927627e+00 4.130776e-02
-1.200000e-01 1.927627e+00 8.018745e-02
-1.050000e-01 1.927627e+00 1.817770e-01
-9.000000e-02 1.927627e+00 4.044865e-01
-7.500000e-02 1.927627e+00 7.770264e-01
-6.000000e-02 1.927627e+00 1.336756e+00
-4.500000e-02 1.927627e+00 2.178284e+00
-3.000000e-02 1.927627e+00 3.255777e+00
-1.500000e-02 1.927627e+00 4.218200e+00
5.551115e-17 1.927627e+00 4.607247e+00
1.500000e-02 1.927627e+00 4.218200e+00
3.000000e-02 1.927627e+00 3.255777e+00
4.500000e-02 1.927627e+00 2.178284e+00
6.000000e-02 1.927627e+00 1.336756e+00
7.500000e-02 1.927627e+00 7.770264e-01
9.000000e-02 1.927627e+00 4.044865e-01
1.050000e-01 1.927627e+00 1.817770e-01
1.200000e-01 1.927627e+00 8.018745e-02
1.350000e-01 1.927627e+00 4.130776e-02
1.500000e-01 1.927627e+00 2.660771e-02
1.650000e-01 1.927627e+00 2.062069e-02
1.800000e-01 1.927627e+00 1.791922e-02
1.950000e-01 1.927627e+00 1.656400e-02
2.100000e-01 1.927627e+00 1.581294e-02
2.250000e-01 1.927627e+00 1.535824e-02
2.400000e-01 1.927627e+00 1.506167e-02
2.550000e-01 1.927627e+00 1.485635e-02
2.700000e-01 1.927627e+00 1.470760e-02
2.850000e-01 1.927627e+00 1.459627e-02
3.000000e-01 1.927627e+00 1.451103e-02
-3.000000e-01 1.941292e+00 1.432093e-02
-2.850000e-01 1.941292e+00 1.440185e-02
-2.700000e-01 1.941292e+00 1.450670e-02
-2.550000e-01 1.941292e+00 1.464543e-02
-2.400000e-01 1.941292e+00 1.483473e-02
-2.250000e-01 1.941292e+00 1.510439e-02
-2.100000e-01 1.941292e+00 1.551121e-02
-1.950000e-01 1.941292e+00 1.617113e-02
-1.800000e-01 1.941292e+00 1.733905e-02
-1.650000e-01 1.941292e+00 1.962225e-02
-1.500000e-01 1.941292e+00 2.459343e-02
-1.350000e-01 1.941292e+00 3.666346e-02
-1.200000e-01 1.941292e+00 6.886808e-02
-1.050000e-01 1.941292e+00 1.582133e-01
-9.000000e-02 1.941292e+00 3.842001e-01
-7.500000e-02 1.941292e+00 8.303895e-01
-6.000000e-02 1.941292e+00 1.538937e+00
-4.500000e-02 1.941292e+00 2.576677e+00
-3.000000e-02 1.941292e+00 3.867549e+00
-1.500000e-02 1.941292e+00 4.989157e+00
5.551115e-17 1.941292e+00 5.432452e+00
1.500000e-02 1.941292e+00 4.989157e+00
3.000000e-02 1.941292e+00 3.867549e+00
4.500000e-02 1.941292e+00 2.576677e+00
6.000000e-02 1.941292e+00 1.538937e+00
7.500000e-02 1.941292e+00 8.303895e-01
9.000000e-02 1.941292e+00 3.842001e-01
1.050000e-01 1.941292e+00 1.582133e-01
1.200000e-01 1.941292e+00 6.886808e-02
1.350000e-01 1.941292e+00 3.666346e-02
1.500000e-01 1.941292e+00 2.459343e-02
1.650000e-01 1.941292e+00 1.962225e-02
1.800000e-01 1.941292e+00 1.733905e-02
1.950000e-01 1.941292e+00 1.617113e-02
2.100000e-01 1.941292e+00 1.551121e-02
2.250000e-01 1.941292e+00 1.510439e-02
2.400000e-01 1.941292e+00 1.483473e-02
2.550000e-01 1.941292e+00 1.464543e-02
2.700000e-01 1.941292e+00 1.450670e-02
2.850000e-01 1.941292e+00 1.440185e-02
3.000000e-01 1.941292e+00 1.432093e-02
-3.000000e-01 1.954956e+00 1.413616e-02
-2.850000e-01 1.954956e+00 1.421333e-02
-2.700000e-01 1.954956e+00 1.431261e-02
-2.550000e-01 1.954956e+00 1.444285e-02
-2.400000e-01 1.954956e+00 1.461868e-02
-2.250000e-01 1.954956e+00 1.486598e-02
-2.100000e-01 1.954956e+00 1.523348e-02
-1.950000e-01 1.954956e+00 1.581941e-02
-1.800000e-01 1.954956e+00 1.683703e-02
-1.650000e-01 1.954956e+00 1.878780e-02
-1.500000e-01 1.954956e+00 2.295453e-02
-1.350000e-01 1.954956e+00 3.290910e-02
-1.200000e-01 1.954956e+00 5.932309e-02
-1.050000e-01 1.954956e+00 1.345365e-01
-9.000000e-02 1.954956e+00 3.434571e-01
-7.500000e-02 1.954956e+00 8.259606e-01
-6.000000e-02 1.954956e+00 1.680102e+00
-4.500000e-02 1.954956e+00 2.934221e+00
-3.000000e-02 1.954956e+00 4.434868e+00
-1.500000e-02 1.954956e+00 5.676395e+00
5.551115e-17 1.954956e+00 6.147952e+00
1.500000e-02 1.954956e+00 5.676395e+00
3.000000e-02 1.954956e+00 4.434868e+00
4.500000e-02 1.954956e+00 2.934221e+00
6.000000e-02 1.954956e+00 1.680102e+00
7.500000e-02 1.954956e+00 8.259606e-01
9.000000e-02 1.954956e+00 3.434571e-01
1.050000e-01 1.954956e+00 1.345365e-01
1.200000e-01 1.954956e+00 5.932309e-02
1.350000e-01 1.954956e+00 3.290910e-02
1.500000e-01 1.954956e+00 2.295453e-02
1.650000e-01 1.954956e+00 1.878780e-02
1.800000e-01 1.954956e+00 1.683703e-02
1.950000e-01 1.954956e+00 1.581941e-02
2.100000e-01 1.954956e+00 1.523348e-02
2.250000e-01 1.954956e+00 1.486598e-02
2.400000e-01 1.954956e+00 1.461868e-02
2.550000e-01 1.954956e+00 1.444285e-02
2.700000e-01 1.954956e+00 1.431261e-02
2.850000e-01 1.954956e+00 1.421333e-02
3.000000e-01 1.954956e+00 1.413616e-02
-3.000000e-01 1.968620e+00 1.395625e-02
-2.850000e-01 1.968620e+00 1.403013e-02
-2.700000e-01 1.968620e+00 1.412458e-02
-2.550000e-01 1.968620e+00 1.424751e-02
-2.400000e-01 1.968620e+00 1.441189e-02
-2.250000e-01 1.968620e+00 1.464042e-02
-2.100000e-01 1.968620e+00 1.497527e-02
-1.950000e-01 1.968620e+00 1.550053e-02
-1.800000e-01 1.968620e+00 1.639641e-02
-1.650000e-01 1.968620e+00 1.808111e-02
-1.500000e-01 1.968620e+00 2.161003e-02
-1.350000e-01 1.968620e+00 2.988680e-02
-1.200000e-01 1.968620e+00 5.155931e-02
-1.050000e-01 1.968620e+00 1.135499e-01
-9.000000e-02 1.968620e+00 2.946626e-01
-7.500000e-02 1.968620e+00 7.654488e-01
-6.000000e-02 1.968620e+00 1.710704e+00
-4.500000e-02 1.968620e+00 3.151475e+00
-3.000000e-02 1.968620e+00 4.808608e+00
-1.500000e-02 1.968620e+00 6.086819e+00
5.551115e-17 1.968620e+00 6.544665e+00
1.500000e-02 1.968620e+00 6.086819e+00
3.000000e-02 1.968620e+00 4.808608e+00
4.500000e-02 1.968620e+00 3.151475e+00
6.000000e-02 1.968620e+00 1.710704e+00
7.500000e-02 1.968620e+00 7.654488e-01
9.000000e-02 1.968620e+00 2.946626e-01
1.050000e-01 1.968620e+00 1.135499e-01
1.200000e-01 1.968620e+00 5.155931e-02
1.350000e-01 1.968620e+00 2.988680e-02
1.500000e-01 1.968620e+00 2.161003e-02
1.650000e-01 1.968620e+00 1.808111e-02
1.800000e-01 1.968620e+00 1.639641e-02
1.950000e-01 1.968620e+00 1.550053e-02
2.100000e-01 1.968620e+00 1.497527e-02
2.250000e-01 1.968620e+00 1.464042e-02
2.400000e-01 1.968620e+00 1.441189e-02
2.550000e-01 1.968620e+00 1.424751e-02
2.700000e-01 1.968620e+00 1.412458e-02
2.850000e-01 1.968620e+00 1.403013e-02
3.000000e-01 1.968620e+00 1.395625e-02
-3.000000e-01 1.982284e+00 1.378081e-02
-2.850000e-01 1.982284e+00 1.385177e-02
-2.700000e-01 1.982284e+00 1.394197e-02
-2.550000e-01 1.982284e+00 1.405856e-02
-2.400000e-01 1.982284e+00 1.421312e-02
-2.250000e-01 1.982284e+00 1.442570e-02
-2.100000e-01 1.982284e+00 1.473318e-02
-1.950000e-01 1.982284e+00 1.520816e-02
-1.800000e-01 1.982284e+00 1.600445e-02
-1.650000e-01 1.982284e+00 1.747431e-02
-1.500000e-01 1.982284e+00 2.049449e-02
-1.350000e-01 1.982284e+00 2.744353e-02
-1.200000e-01 1.982284e+00 4.533175e-02
-1.050000e-01 1.982284e+00 9.609752e-02
-9.000000e-02 1.982284e+00 2.474192e-01
-7.500000e-02 1.982284e+00 6.708199e-01
-6.000000e-02 1.982284e+00 1.618294e+00
-4.500000e-02 1.982284e+00 3.147921e+00
-3.000000e-02 1.982284e+00 4.854182e+00
-1.500000e-02 1.982284e+00 6.067619e+00
5.551115e-17 1.982284e+00 6.472144e+00
1.500000e-02 1.982284e+00 6.067619e+00
3.000000e-02 1.982284e+00 4.854182e+00
4.500000e-02 1.982284e+00 3.147921e+00
6.000000e-02 1.982284e+00 1.618294e+00
7.500000e-02 1.982284e+00 6.708199e-01
9.000000e-02 1.982284e+00 2.474192e-01
1.050000e-01 1.982284e+00 9.609752e-02
1.200000e-01 1.982284e+00 4.533175e-02
1.350000e-01 1.982284e+00 2.744353e-02
1.500000e-01 1.982284e+00 2.049449e-02
1.650000e-01 1.982284e+00 1.747431e-02
1.800000e-01 1.982284e+00 1.600445e-02
1.950000e-01 1.982284e+00 1.520816e-02
2.100000e-01 1.982284e+00 1.473318e-02
2.250000e-01 1.982284e+00 1.442570e-02
2.400000e-01 1.982284e+00 1.421312e-02
2.550000e-01 1.982284e+00 1.405856e-02
2.700000e-01 1.982284e+00 1.394197e-02
2.850000e-01 1.982284e+00 1.385177e-02
3.000000e-01 1.982284e+00 1.378081e-02
-3.000000e-01 1.995949e+00 1.360950e-02
-2.850000e-01 1.995949e+00 1.367786e-02
-2.700000e-01 1.995949e+00 1.376429e-02
-2.550000e-01 1.995949e+00 1.387532e-02
-2.400000e-01 1.995949e+00 1.402137e-02
-2.250000e-01 1.995949e+00 1.422028e-02
-2.100000e-01 1.995949e+00 1.450456e-02
-1.950000e-01 1.995949e+00 1.493746e-02
-1.800000e-01 1.995949e+00 1.565145e-02
-1.650000e-01 1.995949e+00 1.694613e-02
-1.500000e-01 1.995949e+00 1.955715e-02
-1.350000e-01 1.995949e+00 2.545117e-02
-1.200000e-01 1.995949e+00 4.034453e-02
-1.050000e-01 1.995949e+00 8.201006e-02
-9.000000e-02 1.995949e+00 2.063597e-01
-7.500000e-02 1.995949e+00 5.674725e-01
-6.000000e-02 1.995949e+00 1.438348e+00
-4.500000e-02 1.995949e+00 2.924927e+00
-3.000000e-02 1.995949e+00 4.553034e+00
-1.500000e-02 1.995949e+00 5.626542e+00
5.551115e-17 1.995949e+00 5.959747e+00
1.500000e-02 1.995949e+00 5.626542e+00
3.000000e-02 1.995949e+00 4.553034e+00
4.500000e-02 1.995949e+00 2.924927e+00
6.000000e-02 1.995949e+00 1.438348e+00
7.500000e-02 1.995949e+00 5.674725e-01
9.000000e-02 1.995949e+00 2.063597e-01
1.050000e-01 1.995949e+00 8.201006e-02
1.200000e-01 1.995949e+00 4.034453e-02
1.350000e-01 1.995949e+00 2.545117e-02
1.500000e-01 1.995949e+00 1.955715e-02
1.650000e-01 1.995949e+00 1.694613e-02
1.800000e-01 1.995949e+00 1.565145e-02
1.950000e-01 1.995949e+00 1.493746e-02
2.100000e-01 1.995949e+00 1.450456e-02
2.250000e-01 1.995949e+00 1.422028e-02
2.400000e-01 1.995949e+00 1.402137e-02
2.550000e-01 1.995949e+00 1.387532e-02
2.700000e-01 1.995949e+00 1.376429e-02
2.850000e-01 1.995949e+00 1.367786e-02
3.000000e-01 1.995949e+00 1.360950e-02
-3.000000e-01 2.009613e+00 1.344208e-02
-2.850000e-01 2.009613e+00 1.350807e-02
-2.700000e-01 2.009613e+00 1.359115e-02
-2.550000e-01 2.009613e+00 1.369726e-02
-2.400000e-01 2.009613e+00 1.383585e-02
-2.250000e-01 2.009613e+00 1.402294e-02
-2.100000e-01 2.009613e+00 1.428737e-02
-1.950000e-01 2.009613e+00 1.468471e-02
-1.800000e-01 2.009613e+00 1.533001e-02
-1.650000e-01 2.009613e+00 1.648045e-02
-1.500000e-01 2.009613e+00 1.875929e-02
-1.350000e-01 2.009613e+00 2.380879e-02
-1.200000e-01 2.009613e+00 3.633030e-02
-1.050000e-01 2.009613e+00 7.076007e-02
-9.000000e-02 2.009613e+00 1.725656e-01
-7.500000e-02 2.009613e+00 4.719492e-01
-6.000000e-02 2.009613e+00 1.225169e+00
-4.500000e-02 2.009613e+00 2.564554e+00
-3.000000e-02 2.009613e+00 4.018861e+00
-1.500000e-02 2.009613e+00 4.925109e+00
5.551115e-17 2.009613e+00 5.190992e+00
1.500000e-02 2.009613e+00 4.925109e+00
3.000000e-02 2.009613e+00 4.018861e+00
4.500000e-02 2.009613e+00 2.564554e+00
6.000000e-02 2.009613e+00 1.225169e+00
7.500000e-02 2.009613e+00 4.719492e-01
9.000000e-02 2.009613e+00 1.725656e-01
1.050000e-01 2.009613e+00 7.076007e-02
1.200000e-01 2.009613e+00 3.633030e-02
1.350000e-01 2.009613e+00 2.380879e-02
1.500000e-01 2.009613e+00 1.875929e-02
1.650000e-01 2.009613e+00 1.648045e-02
1.800000e-01 2.009613e+00 1.533001e-02
1.950000e-01 2.009613e+00 1.468471e-02
2.100000e-01 2.009613e+00 1.428737e-02
2.250000e-01 2.009613e+00 1.402294e-02
2.400000e-01 2.009613e+00 1.383585e-02
2.550000e-01 2.009613e+00 1.369726e-02
2.700000e-01 2.009613e+00 1.359115e-02
2.850000e-01 2.009613e+00 1.350807e-02
3.000000e-01 2.009613e+00 1.344208e-02
-3.000000e-01 2.023277e+00 1.327830e-02
-2.850000e-01 2.023277e+00 1.334215e-02
-2.700000e-01 2.023277e+00 1.342220e-02
-2.550000e-01 2.023277e+00 1.352392e-02
-2.400000e-01 2.023277e+00 1.365593e-02
-2.250000e-01 2.023277e+00 1.383270e-02
-2.100000e-01 2.023277e+00 1.408000e-02
-1.950000e-01 2.023277e+00 1.444701e-02
-1.800000e-01 2.023277e+00 1.503445e-02
-1.650000e-01 2.023277e+00 1.606496e-02
-1.500000e-01 2.023277e+00 1.807149e-02
-1.350000e-01 2.023277e+00 2.243894e-02
-1.200000e-01 2.023277e+00 3.307142e-02
-1.050000e-01 2.023277e+00 6.177769e-02
-9.000000e-02 2.023277e+00 1.454296e-01
-7.500000e-02 2.023277e+00 3.909048e-01
-6.000000e-02 2.023277e+00 1.019957e+00
-4.500000e-02 2.023277e+00 2.165822e+00
-3.000000e-02 2.023277e+00 3.406453e+00
-1.500000e-02 2.023277e+00 4.154034e+00
5.551115e-17 2.023277e+00 4.366018e+00
1.500000e-02 2.023277e+00 4.154034e+00
3.000000e-02 2.023277e+00 3.406453e+00
4.500000e-02 2.023277e+00 2.165822e+00
6.000000e-02 2.023277e+00 1.019957e+00
7.500000e-02 2.023277e+00 3.909048e-01
9.000000e-02 2.023277e+00 1.454296e-01
1.050000e-01 2.023277e+00 6.177769e-02
1.200000e-01 2.023277e+00 3.307142e-02
1.350000e-01 2.023277e+00 2.243894e-02
1.500000e-01 2.023277e+00 1.807149e-02
1.650000e-01 2.023277e+00 1.606496e-02
1.800000e-01 2.023277e+00 1.503445e-02
1.950000e-01 2.023277e+00 1.444701e-02
2.100000e-01 2.023277e+00 1.408000e-02
2.250000e-01 2.023277e+00 1.383270e-02
2.400000e-01 2.023277e+00 1.365593e-02
2.550000e-01 2.023277e+00 1.352392e-02
2.700000e-01 2.023277e+00 1.342220e-02
2.850000e-01 2.023277e+00 1.334215e-02
3.000000e-01 2.023277e+00 1.327830e-02
-3.000000e-01 2.036942e+00 1.311798e-02
-2.850000e-01 2.036942e+00 1.317987e-02
-2.700000e-01 2.036942e+00 1.325717e-02
-2.550000e-01 2.036942e+00 1.335494e-02
-2.400000e-01 2.036942e+00 1.348110e-02
-2.250000e-01 2.036942e+00 1.364877e-02
-2.100000e-01 2.036942e+00 1.388116e-02
-1.950000e-01 2.036942e+00 1.422207e-02
-1.800000e-01 2.036942e+00 1.476034e-02
-1.650000e-01 2.036942e+00 1.569022e-02
-1.500000e-01 2.036942e+00 1.747137e-02
-1.350000e-01 2.036942e+00 2.128273e-02
-1.200000e-01 2.036942e+00 3.039856e-02
-1.050000e-01 2.036942e+00 5.456633e-02
-9.000000e-02 2.036942e+00 1.238152e-01
-7.500000e-02 2.036942e+00 3.249856e-01
-6.000000e-02 2.036942e+00 8.422119e-01
-4.500000e-02 2.036942e+00 1.794904e+00
-3.000000e-02 2.036942e+00 2.826501e+00
-1.500000e-02 2.036942e+00 3.439126e+00
5.551115e-17 2.036942e+00 3.610458e+00
1.500000e-02 2.036942e+00 3.439126e+00
3.000000e-02 2.036942e+00 2.826501e+00
4.500000e-02 2.036942e+00 1.794904e+00
6.000000e-02 2.036942e+00 8.422119e-01
7.500000e-02 2.036942e+00 3.249856e-01
9.000000e-02 2.036942e+00 1.238152e-01
1.050000e-01 2.036942e+00 5.456633e-02
1.200000e-01 2.036942e+00 3.039856e-02
1.350000e-01 2.036942e+00 2.128273e-02
1.500000e-01 2.036942e+00 1.747137e-02
1.650000e-01 2.036942e+00 1.569022e-02
1.800000e-01 2.036942e+00 1.476034e-02
1.950000e-01 2.036942e+00 1.422207e-02
2.100000e-01 2.036942e+00 1.388116e-02
2.250000e-01 2.036942e+00 1.364877e-02
2.400000e-01 2.036942e+00 1.348110e-02
2.550000e-01 2.036942e+00 1.335494e-02
2.700000e-01 2.036942e+00 1.325717e-02
2.850000e-01 2.036942e+00 1.317987e-02
3.000000e-01 2.036942e+00 1.311798e-02
-3.000000e-01 2.050606e+00 1.296096e-02
-2.850000e-01 2.050606e+00 1.302103e-02
-2.700000e-01 2.050606e+00 1.309581e-02
-2.550000e-01 2.050606e+00 1.319002e-02
-2.400000e-01 2.050606e+00 1.331093e-02
-2.250000e-01 2.050606e+00 1.347054e-02
-2.100000e-01 2.050606e+00 1.368984e-02
-1.950000e-01 2.050606e+00 1.400812e-02
-1.800000e-01 2.050606e+00 1.450422e-02
-1.650000e-01 2.050606e+00 1.534891e-02
-1.500000e-01 2.050606e+00 1.694183e-02
-1.350000e-01 2.050606e+00 2.029545e-02
-1.200000e-01 2.050606e+00 2.818241e-02
-1.050000e-01 2.050606e+00 4.872797e-02
-9.000000e-02 2.050606e+00 1.065803e-01
-7.500000e-02 2.050606e+00 2.723207e-01
-6.000000e-02 2.050606e+00 6.962405e-01
-4.500000e-02 2.050606e+00 1.479244e+00
-3.000000e-02 2.050606e+00 2.328426e+00
-1.500000e-02 2.050606e+00 2.831774e+00
5.551115e-17 2.050606e+00 2.972564e+00
1.500000e-02 2.050606e+00 2.831774e+00
3.000000e-02 2.050606e+00 2.328426e+00
4.500000e-02 2.050606e+00 1.479244e+00
6.000000e-02 2.050606e+00 6.962405e-01
7.500000e-02 2.050606e+00 2.723207e-01
9.000000e-02 2.050606e+00 1.065803e-01
1.050000e-01 2.050606e+00 4.872797e-02
1.200000e-01 2.050606e+00 2.818241e-02
1.350000e-01 2.050606e+00 2.029545e-02
1.500000e-01 2.050606e+00 1.694183e-02
1.650000e-01 2.050606e+00 1.534891e-02
1.800000e-01 2.050606e+00 1.450422e-02
1.950000e-01 2.050606e+00 1.400812e-02
2.100000e-01 2.050606e+00 1.368984e-02
2.250000e-01 2.050606e+00 1.347054e-02
2.400000e-01 2.050606e+00 1.331093e-02
2.550000e-01 2.050606e+00 1.319002e-02
2.700000e-01 2.050606e+00 1.309581e-02
2.850000e-01 2.050606e+00 1.302103e-02
3.000000e-01 2.050606e+00 1.296096e-02
-3.000000e-01 2.064270e+00 1.280707e-02
-2.850000e-01 2.064270e+00 1.286546e-02
-2.700000e-01 2.064270e+00 1.293794e-02
-2.550000e-01 2.064270e+00 1.302889e-02
-2.400000e-01 2.064270e+00 1.314506e-02
-2.250000e-01 2.064270e+00 1.329746e-02
-2.100000e-01 2.064270e+00 1.350521e-02
-1.950000e-01 2.064270e+00 1.380370e-02
-1.800000e-01 2.064270e+00 1.426338e-02
-1.650000e-01 2.064270e+00 1.503535e-02
-1.500000e-01 2.064270e+00 1.646965e-02
-1.350000e-01 2.064270e+00 1.944300e-02
-1.200000e-01 2.064270e+00 2.632481e-02
-1.050000e-01 2.064270e+00 4.395495e-02
-9.000000e-02 2.064270e+00 9.275558e-02
-7.500000e-02 2.064270e+00 2.304303e-01
-6.000000e-02 2.064270e+00 5.792213e-01
-4.500000e-02 2.064270e+00 1.222199e+00
-3.000000e-02 2.064270e+00 1.921098e+00
-1.500000e-02 2.064270e+00 2.337626e+00
5.551115e-17 2.064270e+00 2.455068e+00
1.500000e-02 2.064270e+00 2.337626e+00
3.000000e-02 2.064270e+00 1.921098e+00
4.500000e-02 2.064270e+00 1.222199e+00
6.000000e-02 2.064270e+00 5.792213e-01
7.500000e-02 2.064270e+00 2.304303e-01
9.000000e-02 2.064270e+00 9.275558e-02
1.050000e-01 2.064270e+00 4.395495e-02
1.200000e-01 2.064270e+00 2.632481e-02
1.350000e-01 2.064270e+00 1.944300e-02
1.500000e-01 2.064270e+00 1.646965e-02
1.650000e-01 2.064270e+00 1.503535e-02
1.800000e-01 2.064270e+00 1.426338e-02
1.950000e-01 2.064270e+00 1.380370e-02
2.100000e-01 2.064270e+00 1.350521e-02
2.250000e-01 2.064270e+00 1.329746e-02
2.400000e-01 2.064270e+00 1.314506e-02
2.550000e-01 2.064270e+00 1.302889e-02
2.700000e-01 2.064270e+00 1.293794e-02
2.850000e-01 2.064270e+00 1.286546e-02
3.000000e-01 2.064270e+00 1.280707e-02
-3.000000e-01 2.077934e+00 1.265619e-02
-2.850000e-01 2.077934e+00 1.271302e-02
-2.700000e-01 2.077934e+00 1.278336e-02
-2.550000e-01 2.077934e+00 1.287133e-02
-2.400000e-01 2.077934e+00 1.298319e-02
-2.250000e-01 2.077934e+00 1.312912e-02
-2.100000e-01 2.077934e+00 1.332658e-02
-1.950000e-01 2.077934e+00 1.360765e-02
-1.800000e-01 2.077934e+00 1.403564e-02
-1.650000e-01 2.077934e+00 1.474505e-02
-1.500000e-01 2.077934e+00 1.604459e-02
-1.350000e-01 2.077934e+00 1.869921e-02
-1.200000e-01 2.077934e+00 2.475113e-02
-1.050000e-01 2.077934e+00 4.001295e-02
-9.000000e-02 2.077934e+00 8.157291e-02
-7.500000e-02 2.077934e+00 1.970118e-01
-6.000000e-02 2.077934e+00 4.861495e-01
-4.500000e-02 2.077934e+00 1.016833e+00
-3.000000e-02 2.077934e+00 1.595151e+00
-1.500000e-02 2.077934e+00 1.942974e+00
5.551115e-17 2.077934e+00 2.042195e+00
1.500000e-02 2.077934e+00 1.942974e+00
3.000000e-02 2.077934e+00 1.595151e+00
4.500000e-02 2.077934e+00 1.016833e+00
6.000000e-02 2.077934e+00 4.861495e-01
7.500000e-02 2.077934e+00 1.970118e-01
9.000000e-02 2.077934e+00 8.157291e-02
1.050000e-01 2.077934e+00 4.001295e-02
1.200000e-01 2.077934e+00 2.475113e-02
1.350000e-01 2.077934e+00 1.869921e-02
1.500000e-01 2.077934e+00 1.604459e-02
1.650000e-01 2.077934e+00 1.474505e-02
1.800000e-01 2.077934e+00 1.403564e-02
1.950000e-01 2.077934e+00 1.360765e-02
2.100000e-01 2.077934e+00 1.332658e-02
2.250000e-01 2.077934e+00 1.312912e-02
2.400000e-01 2.077934e+00 1.298319e-02
2.550000e-01 2.077934e+00 1.287133e-02
2.700000e-01 2.077934e+00 1.278336e-02
2.850000e-01 2.077934e+00 1.271302e-02
3.000000e-01 2.077934e+00 1.265619e-02
-3.000000e-01 2.091599e+00 1.250821e-02
-2.850000e-01 2.091599e+00 1.256357e-02
-2.700000e-01 2.091599e+00 1.263193e-02
-2.550000e-01 2.091599e+00 1.271715e-02
-2.400000e-01 2.091599e+00 1.282508e-02
-2.250000e-01 2.091599e+00 1.296515e-02
-2.100000e-01 2.091599e+00 1.315339e-02
-1.950000e-01 2.091599e+00 1.341903e-02
-1.800000e-01 2.091599e+00 1.381924e-02
-1.650000e-01 2.091599e+00 1.447445e-02
-1.500000e-01 2.091599e+00 1.565860e-02
-1.350000e-01 2.091599e+00 1.804384e-02
-1.200000e-01 2.091599e+00 2.340438e-02
-1.050000e-01 2.091599e+00 3.672412e-02
-9.000000e-02 2.091599e+00 7.244144e-02
-7.500000e-02 2.091599e+00 1.701704e-01
-6.000000e-02 2.091599e+00 4.120488e-01
-4.500000e-02 2.091599e+00 8.535882e-01
-3.000000e-02 2.091599e+00 1.336040e+00
-1.500000e-02 2.091599e+00 1.629307e+00
5.551115e-17 2.091599e+00 1.714047e+00
1.500000e-02 2.091599e+00 1.629307e+00
3.000000e-02 2.091599e+00 1.336040e+00
4.500000e-02 2.091599e+00 8.535882e-01
6.000000e-02 2.091599e+00 4.120488e-01
7.500000e-02 2.091599e+00 1.701704e-01
9.000000e-02 2.091599e+00 7.244144e-02
1.050000e-01 2.091599e+00 3.672412e-02
1.200000e-01 2.091599e+00 2.340438e-02
1.350000e-01 2.091599e+00 1.804384e-02
1.500000e-01 2.091599e+00 1.565860e-02
1.650000e-01 2.091599e+00 1.447445e-02
1.800000e-01 2.091599e+00 1.381924e-02
1.950000e-01 2.091599e+00 1.341903e-02
2.100000e-01 2.091599e+00 1.315339e-02
2.250000e-01 2.091599e+00 1.296515e-02
2.400000e-01 2.091599e+00 1.282508e-02
2.550000e-01 2.091599e+00 1.271715e-02
2.700000e-01 2.091599e+00 1.263193e-02
2.850000e-01 2.091599e+00 1.256357e-02
3.000000e-01 2.091599e+00 1.250821e-02
-3.000000e-01 2.105263e+00 1.236302e-02
-2.850000e-01 2.105263e+00 1.241700e-02
-2.700000e-01 2.105263e+00 1.248350e-02
-2.550000e-01 2.105263e+00 1.256618e-02
-2.400000e-01 2.105263e+00 1.267050e-02
-2.250000e-01 2.105263e+00 1.280524e-02
-2.100000e-01 2.105263e+00 1.298517e-02
-1.950000e-01 2.105263e+00 1.323706e-02
-1.800000e-01 2.105263e+00 1.361276e-02
-1.650000e-01 2.105263e+00 1.422068e-02
-1.500000e-01 2.105263e+00 1.530531e-02
-1.350000e-01 2.105263e+00 1.746109e-02
-1.200000e-01 2.105263e+00 2.224069e-02
-1.050000e-01 2.105263e+00 3.395316e-02
-9.000000e-02 2.105263e+00 6.491187e-02
-7.500000e-02 2.105263e+00 1.484243e-01
-6.000000e-02 2.105263e+00 3.527119e-01
-4.500000e-02 2.105263e+00 7.235006e-01
-3.000000e-02 2.105263e+00 1.129712e+00
-1.500000e-02 2.105263e+00 1.379349e+00
5.551115e-17 2.105263e+00 1.452409e+00
1.500000e-02 2.105263e+00 1.379349e+00
3.000000e-02 2.105263e+00 1.129712e+00
4.500000e-02 2.105263e+00 7.235006e-01
6.000000e-02 2.105263e+00 3.527119e-01
7.500000e-02 2.105263e+00 1.484243e-01
9.000000e-02 2.105263e+00 6.491187e-02
1.050000e-01 2.105263e+00 3.395316e-02
1.200000e-01 2.105263e+00 2.224069e-02
1.350000e-01 2.105263e+00 1.746109e-02
1.500000e-01 2.105263e+00 1.530531e-02
1.650000e-01 2.105263e+00 1.422068e-02
1.800000e-01 2.105263e+00 1.361276e-02
1.950000e-01 2.105263e+00 1.323706e-02
2.100000e-01 2.105263e+00 1.298517e-02
2.250000e-01 2.105263e+00 1.280524e-02
2.400000e-01 2.105263e+00 1.267050e-02
2.550000e-01 2.105263e+00 1.256618e-02
2.700000e-01 2.105263e+00 1.248350e-02
2.850000e-01 2.105263e+00 1.241700e-02
3.000000e-01 2.105263e+00 1.236302e-02
-3.000000e-01 2.118927e+00 1.222052e-02
-2.850000e-01 2.118927e+00 1.227321e-02
-2.700000e-01 2.118927e+00 1.233797e-02
-2.550000e-01 2.118927e+00 1.241827e-02
-2.400000e-01 2.118927e+00 1.251927e-02
-2.250000e-01 2.118927e+00 1.264912e-02
-2.100000e-01 2.118927e+00 1.282154e-02
-1.950000e-01 2.118927e+00 1.306108e-02
-1.800000e-01 2.118927e+00 1.341503e-02
-1.650000e-01 2.118927e+00 1.398144e-02
-1.500000e-01 2.118927e+00 1.497967e-02
-1.350000e-01 2.118927e+00 1.693854e-02
-1.200000e-01 2.118927e+00 2.122605e-02
-1.050000e-01 2.118927e+00 3.159654e-02
-9.000000e-02 2.118927e+00 5.864316e-02
-7.500000e-02 2.118927e+00 1.306403e-01
-6.000000e-02 2.118927e+00 3.048105e-01
-4.500000e-02 2.118927e+00 6.191607e-01
-3.000000e-02 2.118927e+00 9.644162e-01
-1.500000e-02 2.118927e+00 1.178856e+00
5.551115e-17 2.118927e+00 1.242374e+00
1.500000e-02 2.118927e+00 1.178856e+00
3.000000e-02 2.118927e+00 9.644162e-01
4.500000e-02 2.118927e+00 6.191607e-01
6.000000e-02 2.118927e+00 3.048105e-01
7.500000e-02 2.118927e+00 1.306403e-01
9.000000e-02 2.118927e+00 5.864316e-02
1.050000e-01 2.118927e+00 3.159654e-02
1.200000e-01 2.118927e+00 2.122605e-02
1.350000e-01 2.118927e+00 1.693854e-02
1.500000e-01 2.118927e+00 1.497967e-02
1.650000e-01 2.118927e+00 1.398144e-02
1.800000e-01 2.118927e+00 1.341503e-02
1.950000e-01 2.118927e+00 1.306108e-02
2.100000e-01 2.118927e+00 1.282154e-02
2.250000e-01 2.118927e+00 1.264912e-02
2.400000e-01 2.118927e+00 1.251927e-02
2.550000e-01 2.118927e+00 1.241827e-02
2.700000e-01 2.118927e+00 1.233797e-02
2.850000e-01 2.118927e+00 1.227321e-02
3.000000e-01 2.118927e+00 1.222052e-02
-3.000000e-01 2.132592e+00 1.208063e-02
-2.850000e-01 2.132592e+00 1.213208e-02
-2.700000e-01 2.132592e+00 1.219521e-02
-2.550000e-01 2.132592e+00 1.227330e-02
-2.400000e-01 2.132592e+00 1.237121e-02
-2.250000e-01 2.132592e+00 1.249657e-02
-2.100000e-01 2.132592e+00 1.266214e-02
-1.950000e-01 2.132592e+00 1.289056e-02
-1.800000e-01 2.132592e+00 1.322510e-02
-1.650000e-01 2.132592e+00 1.375484e-02
-1.500000e-01 2.132592e+00 1.467757e-02
-1.350000e-01 2.132592e+00 1.646631e-02
-1.200000e-01 2.132592e+00 2.033383e-02
-1.050000e-01 2.132592e+00 2.957445e-02
-9.000000e-02 2.132592e+00 5.337558e-02
-7.500000e-02 2.132592e+00 1.159578e-01
-6.000000e-02 2.132592e+00 2.657863e-01
-4.500000e-02 2.132592e+00 5.347646e-01
-3.000000e-02 2.132592e+00 8.309000e-01
-1.500000e-02 2.132592e+00 1.016676e+00
5.551115e-17 2.132592e+00 1.072317e+00
1.500000e-02 2.132592e+00 1.016676e+00
3.000000e-02 2.132592e+00 8.309000e-01
4.500000e-02 2.132592e+00 5.347646e-01
6.000000e-02 2.132592e+00 2.657863e-01
7.500000e-02 2.132592e+00 1.159578e-01
9.000000e-02 2.132592e+00 5.337558e-02
1.050000e-01 2.132592e+00 2.957445e-02
1.200000e-01 2.132592e+00 2.033383e-02
1.350000e-01 2.132592e+00 1.646631e-02
1.500000e-01 2.132592e+00 1.467757e-02
1.650000e-01 2.132592e+00 1.375484e-02
1.800000e-01 2.132592e+00 1.322510e-02
1.950000e-01 2.132592e+00 1.289056e-02
2.100000e-01 2.132592e+00 1.266214e-02
2.250000e-01 2.132592e+00 1.249657e-02
2.400000e-01 2.132592e+00 1.237121e-02
2.550000e-01 2.132592e+00 1.227330e-02
2.700000e-01 2.132592e+00 1.219521e-02
2.850000e-01 2.132592e+00 1.213208e-02
3.000000e-01 2.132592e+00 1.208063e-02
-3.000000e-01 2.146256e+00 1.194326e-02
-2.850000e-01 2.146256e+00 1.199354e-02
-2.700000e-01 2.146256e+00 1.205513e-02
-2.550000e-01 2.146256e+00 1.213114e-02
-2.400000e-01 2.146256e+00 1.222617e-02
-2.250000e-01 2.146256e+00 1.234740e-02
-2.100000e-01 2.146256e+00 1.250670e-02
-1.950000e-01 2.146256e+00 1.272504e-02
-1.800000e-01 2.146256e+00 1.304216e-02
-1.650000e-01 2.146256e+00 1.353934e-02
-1.500000e-01 2.146256e+00 1.439570e-02
-1.350000e-01 2.146256e+00 1.603650e-02
-1.200000e-01 2.146256e+00 1.954305e-02
-1.050000e-01 2.146256e+00 2.782489e-02
-9.000000e-02 2.146256e+00 4.891010e-02
-7.500000e-02 2.146256e+00 1.037231e-01
-6.000000e-02 2.146256e+00 2.336945e-01
-4.500000e-02 2.146256e+00 4.658698e-01
-3.000000e-02 2.146256e+00 7.220663e-01
-1.500000e-02 2.146256e+00 8.842799e-01
5.551115e-17 2.146256e+00 9.333552e-01
1.500000e-02 2.146256e+00 8.842799e-01
3.000000e-02 2.146256e+00 7.220663e-01
4.500000e-02 2.146256e+00 4.658698e-01
6.000000e-02 2.146256e+00 2.336945e-01
7.500000e-02 2.146256e+00 1.037231e-01
9.000000e-02 2.146256e+00 4.891010e-02
1.050000e-01 2.146256e+00 2.782489e-02
1.200000e-01 2.146256e+00 1.954305e-02
1.350000e-01 2.146256e+00 1.603650e-02
1.500000e-01 2.146256e+00 1.439570e-02
1.650000e-01 2.146256e+00 1.353934e-02
1.800000e-01 2.146256e+00 1.304216e-02
1.950000e-01 2.146256e+00 1.272504e-02
2.100000e-01 2.146256e+00 1.250670e-02
2.250000e-01 2.146256e+00 1.234740e-02
2.400000e-01 2.146256e+00 1.222617e-02
2.550000e-01 2.146256e+00 1.213114e-02
2.700000e-01 2.146256e+00 1.205513e-02
2.850000e-01 2.146256e+00 1.199354e-02
3.000000e-01 2.146256e+00 1.194326e-02
-3.000000e-01 2.159920e+00 1.180834e-02
-2.850000e-01 2.159920e+00 1.185751e-02
-2.700000e-01 2.159920e+00 1.191763e-02
-2.550000e-01 2.159920e+00 1.199169e-02
-2.400000e-01 2.159920e+00 1.208403e-02
-2.250000e-01 2.159920e+00 1.220142e-02
-2.100000e-01 2.159920e+00 1.235496e-02
-1.950000e-01 2.159920e+00 1.256412e-02
-1.800000e-01 2.159920e+00 1.286555e-02
-1.650000e-01 2.159920e+00 1.333365e-02
-1.500000e-01 2.159920e+00 1.413136e-02
-1.350000e-01 2.159920e+00 1.564275e-02
-1.200000e-01 2.159920e+00 1.883698e-02
-1.050000e-01 2.159920e+00 2.629925e-02
-9.000000e-02 2.159920e+00 4.509303e-02
-7.500000e-02 2.159920e+00 9.343742e-02
-6.000000e-02 2.159920e+00 2.070587e-01
-4.500000e-02 2.159920e+00 4.091024e-01
-3.000000e-02 2.159920e+00 6.325224e-01
-1.500000e-02 2.159920e+00 7.751887e-01
5.551115e-17 2.159920e+00 8.187444e-01
1.500000e-02 2.159920e+00 7.751887e-01
3.000000e-02 2.159920e+00 6.325224e-01
4.500000e-02 2.159920e+00 4.091024e-01
6.000000e-02 2.159920e+00 2.070587e-01
7.500000e-02 2.159920e+00 9.343742e-02
9.000000e-02 2.159920e+00 4.509303e-02
1.050000e-01 2.159920e+00 2.629925e-02
1.200000e-01 2.159920e+00 1.883698e-02
1.350000e-01 2.159920e+00 1.564275e-02
1.500000e-01 2.159920e+00 1.413136e-02
1.650000e-01 2.159920e+00 1.333365e-02
1.800000e-01 2.159920e+00 1.286555e-02
1.950000e-01 2.159920e+00 1.256412e-02
2.100000e-01 2.159920e+00 1.235496e-02
2.250000e-01 2.159920e+00 1.220142e-02
2.400000e-01 2.159920e+00 1.208403e-02
2.550000e-01 2.159920e+00 1.199169e-02
2.700000e-01 2.159920e+00 1.191763e-02
2.850000e-01 2.159920e+00 1.185751e-02
3.000000e-01 2.159920e+00 1.180834e-02
-3.000000e-01 2.173584e+00 1.167579e-02
-2.850000e-01 2.173584e+00 1.172390e-02
-2.700000e-01 2.173584e+00 1.178264e-02
-2.550000e-01 2.173584e+00 1.185485e-02
-2.400000e-01 2.173584e+00 1.194467e-02
-2.250000e-01 2.173584e+00 1.205849e-02
-2.100000e-01 2.173584e+00 1.220672e-02
-1.950000e-01 2.173584e+00 1.240748e-02
-1.800000e-01 2.173584e+00 1.269468e-02
-1.650000e-01 2.173584e+00 1.313670e-02
-1.500000e-01 2.173584e+00 1.388230e-02
-1.350000e-01 2.173584e+00 1.527986e-02
-1.200000e-01 2.173584e+00 1.820221e-02
-1.050000e-01 2.173584e+00 2.495909e-02
-9.000000e-02 2.173584e+00 4.180473e-02
-7.500000e-02 2.173584e+00 8.471764e-02
-6.000000e-02 2.173584e+00 1.847545e-01
-4.500000e-02 2.173584e+00 3.619001e-01
-3.000000e-02 2.173584e+00 5.581744e-01
-1.500000e-02 2.173584e+00 6.844824e-01
5.551115e-17 2.173584e+00 7.233611e-01
1.500000e-02 2.173584e+00 6.844824e-01
3.000000e-02 2.173584e+00 5.581744e-01
4.500000e-02 2.173584e+00 3.619001e-01
6.000000e-02 2.173584e+00 1.847545e-01
7.500000e-02 2.173584e+00 8.471764e-02
9.000000e-02 2.173584e+00 4.180473e-02
1.050000e-01 2.173584e+00 2.495909e-02
1.200000e-01 2.173584e+00 1.820221e-02
1.350000e-01 2.173584e+00 1.527986e-02
1.500000e-01 2.173584e+00 1.388230e-02
1.650000e-01 2.173584e+00 1.313670e-02
1.800000e-01 2.173584e+00 1.269468e-02
1.950000e-01 2.173584e+00 1.240748e-02
2.100000e-01 2.173584e+00 1.220672e-02
2.250000e-01 2.173584e+00 1.205849e-02
2.400000e-01 2.173584e+00 1.194467e-02
2.550000e-01 2.173584e+00 1.185485e-02
2.700000e-01 2.173584e+00 1.178264e-02
2.850000e-01 2.173584e+00 1.172390e-02
3.000000e-01 2.173584e+00 1.167579e-02
-3.000000e-01 2.187249e+00 1.154555e-02
-2.850000e-01 2.187249e+00 1.159264e-02
-2.700000e-01 2.187249e+00 1.165006e-02
-2.550000e-01 2.187249e+00 1.172053e-02
-2.400000e-01 2.187249e+00 1.180798e-02
-2.250000e-01 2.187249e+00 1.191846e-02
-2.100000e-01 2.187249e+00 1.206176e-02
-1.950000e-01 2.187249e+00 1.225482e-02
-1.800000e-01 2.187249e+00 1.252908e-02
-1.650000e-01 2.187249e+00 1.294759e-02
-1.500000e-01 2.187249e+00 1.364667e-02
-1.350000e-01 2.187249e+00 1.494357e-02
-1.200000e-01 2.187249e+00 1.762791e-02
-1.050000e-01 2.187249e+00 2.377378e-02
-9.000000e-02 2.187249e+00 3.895124e-02
-7.500000e-02 2.187249e+00 7.726707e-02
-6.000000e-02 2.187249e+00 1.659199e-01
-4.500000e-02 2.187249e+00 3.223084e-01
-3.000000e-02 2.187249e+00 4.959018e-01
-1.500000e-02 2.187249e+00 6.084073e-01
5.551115e-17 2.187249e+00 6.432941e-01
1.500000e-02 2.187249e+00 6.084073e-01
3.000000e-02 2.187249e+00 4.959018e-01
4.500000e-02 2.187249e+00 3.223084e-01
6.000000e-02 2.187249e+00 1.659199e-01
7.500000e-02 2.187249e+00 7.726707e-02
9.000000e-02 2.187249e+00 3.895124e-02
1.050000e-01 2.187249e+00 2.377378e-02
1.200000e-01 2.187249e+00 1.762791e-02
1.350000e-01 2.187249e+00 1.494357e-02
1.500000e-01 2.187249e+00 1.364667e-02
1.650000e-01 2.187249e+00 1.294759e-02
1.800000e-01 2.187249e+00 1.252908e-02
1.950000e-01 2.187249e+00 1.225482e-02
2.100000e-01 2.187249e+00 1.206176e-02
2.250000e-01 2.187249e+00 1.191846e-02
2.400000e-01 2.187249e+00 1.180798e-02
2.550000e-01 2.187249e+00 1.172053e-02
2.700000e-01 2.187249e+00 1.165006e-02
2.850000e-01 2.187249e+00 1.159264e-02
3.000000e-01 2.187249e+00 1.154555e-02
-3.000000e-01 2.200913e+00 1.141756e-02
-2.850000e-01 2.200913e+00 1.146367e-02
-2.700000e-01 2.200913e+00 1.151983e-02
-2.550000e-01 2.200913e+00 1.158864e-02
-2.400000e-01 2.200913e+00 1.167386e-02
-2.250000e-01 2.200913e+00 1.178121e-02
-2.100000e-01 2.200913e+00 1.191994e-02
-1.950000e-01 2.200913e+00 1.210589e-02
-1.800000e-01 2.200913e+00 1.236833e-02
-1.650000e-01 2.200913e+00 1.276557e-02
-1.500000e-01 2.200913e+00 1.342293e-02
-1.350000e-01 2.200913e+00 1.463039e-02
-1.200000e-01 2.200913e+00 1.710523e-02
-1.050000e-01 2.200913e+00 2.271869e-02
-9.000000e-02 2.200913e+00 3.645813e-02
-7.500000e-02 2.200913e+00 7.085403e-02
-6.000000e-02 2.200913e+00 1.498895e-01
-4.500000e-02 2.200913e+00 2.888266e-01
-3.000000e-02 2.200913e+00 4.433112e-01
-1.500000e-02 2.200913e+00 5.440807e-01
5.551115e-17 2.200913e+00 5.755372e-01
1.500000e-02 2.200913e+00 5.440807e-01
3.000000e-02 2.200913e+00 4.433112e-01
4.500000e-02 2.200913e+00 2.888266e-01
6.000000e-02 2.200913e+00 1.498895e-01
7.500000e-02 2.200913e+00 7.085403e-02
9.000000e-02 2.200913e+00 3.645813e-02
1.050000e-01 2.200913e+00 2.271869e-02
1.200000e-01 2.200913e+00 1.710523e-02
1.350000e-01 2.200913e+00 1.463039e-02
1.500000e-01 2.200913e+00 1.342293e-02
1.650000e-01 2.200913e+00 1.276557e-02
1.800000e-01 2.200913e+00 1.236833e-02
1.950000e-01 2.200913e+00 1.210589e-02
2.100000e-01 2.200913e+00 1.191994e-02
2.250000e-01 2.200913e+00 1.178121e-02
2.400000e-01 2.200913e+00 1.167386e-02
2.550000e-01 2.200913e+00 1.158864e-02
2.700000e-01 2.200913e+00 1.151983e-02
2.850000e-01 2.200913e+00 1.146367e-02
3.000000e-01 2.200913e+00 1.141756e-02
-3.000000e-01 2.214577e+00 1.129175e-02
-2.850000e-01 2.214577e+00 1.133693e-02
-2.700000e-01 2.214577e+00 1.139189e-02
-2.550000e-01 2.214577e+00 1.145912e-02
-2.400000e-01 2.214577e+00 1.154222e-02
-2.250000e-01 2.214577e+00 1.164664e-02
-2.100000e-01 2.214577e+00 1.178109e-02
-1.950000e-01 2.214577e+00 1.196047e-02
-1.800000e-01 2.214577e+00 1.221208e-02
-1.650000e-01 2.214577e+00 1.258998e-02
-1.500000e-01 2.214577e+00 1.320976e-02
-1.350000e-01 2.214577e+00 1.433739e-02
-1.200000e-01 2.214577e+00 1.662691e-02
-1.050000e-01 2.214577e+00 2.177389e-02
-9.000000e-02 2.214577e+00 3.426598e-02
-7.500000e-02 2.214577e+00 6.529605e-02
-6.000000e-02 2.214577e+00 1.361448e-01
-4.500000e-02 2.214577e+00 2.602933e-01
-3.000000e-02 2.214577e+00 3.985522e-01
-1.500000e-02 2.214577e+00 4.892710e-01
5.551115e-17 2.214577e+00 5.177612e-01
1.500000e-02 2.214577e+00 4.892710e-01
3.000000e-02 2.214577e+00 3.985522e-01
4.500000e-02 2.214577e+00 2.602933e-01
6.000000e-02 2.214577e+00 1.361448e-01
7.500000e-02 2.214577e+00 6.529605e-02
9.000000e-02 2.214577e+00 3.426598e-02
1.050000e-01 2.214577e+00 2.177389e-02
1.200000e-01 2.214577e+00 1.662691e-02
1.350000e-01 2.214577e+00 1.433739e-02
1.500000e-01 2.214577e+00 1.320976e-02
1.650000e-01 2.214577e+00 1.258998e-02
1.800000e-01 2.214577e+00 1.221208e-02
1.950000e-01 2.214577e+00 1.196047e-02
2.100000e-01 2.214577e+00 1.178109e-02
2.250000e-01 2.214577e+00 1.164664e-02
2.400000e-01 2.214577e+00 1.154222e-02
2.550000e-01 2.214577e+00 1.145912e-02
2.700000e-01 2.214577e+00 1.139189e-02
2.850000e-01 2.214577e+00 1.133693e-02
3.000000e-01 2.214577e+00 1.129175e-02
-3.000000e-01 2.228242e+00 1.116808e-02
-2.850000e-01 2.228242e+00 1.121235e-02
-2.700000e-01 2.228242e+00 1.126616e-02
-2.550000e-01 2.228242e+00 1.133189e-02
-2.400000e-01 2.228242e+00 1.141298e-02
-2.250000e-01 2.228242e+00 1.151463e-02
-2.100000e-01 2.228242e+00 1.164509e-02
-1.950000e-01 2.228242e+00 1.181836e-02
-1.800000e-01 2.228242e+00 1.206000e-02
-1.650000e-01 2.228242e+00 1.242027e-02
-1.500000e-01 2.228242e+00 1.300607e-02
-1.350000e-01 2.228242e+00 1.406212e-02
-1.200000e-01 2.228242e+00 1.618695e-02
-1.050000e-01 2.228242e+00 2.092309e-02
-9.000000e-02 2.228242e+00 3.232694e-02
-7.500000e-02 2.228242e+00 6.044823e-02
-6.000000e-02 2.228242e+00 1.242786e-01
-4.500000e-02 2.228242e+00 2.358018e-01
-3.000000e-02 2.228242e+00 3.601823e-01
-1.500000e-02 2.228242e+00 4.422360e-01
5.551115e-17 2.228242e+00 4.681462e-01
1.500000e-02 2.228242e+00 4.422360e-01
3.000000e-02 2.228242e+00 3.601823e-01
4.500000e-02 2.228242e+00 2.358018e-01
6.000000e-02 2.228242e+00 1.242786e-01
7.500000e-02 2.228242e+00 6.044823e-02
9.000000e-02 2.228242e+00 3.232694e-02
1.050000e-01 2.228242e+00 2.092309e-02
1.200000e-01 2.228242e+00 1.618695e-02
1.350000e-01 2.228242e+00 1.406212e-02
1.500000e-01 2.228242e+00 1.300607e-02
1.650000e-01 2.228242e+00 1.242027e-02
1.800000e-01 2.228242e+00 1.206000e-02
1.950000e-01 2.228242e+00 1.181836e-02
2.100000e-01 2.228242e+00 1.164509e-02
2.250000e-01 2.228242e+00 1.151463e-02
2.400000e-01 2.228242e+00 1.141298e-02
2.550000e-01 2.228242e+00 1.133189e-02
2.700000e-01 2.228242e+00 1.126616e-02
2.850000e-01 2.228242e+00 1.121235e-02
3.000000e-01 2.228242e+00 1.116808e-02
-3.000000e-01 2.241906e+00 1.104647e-02
-2.850000e-01 2.241906e+00 1.108989e-02
-2.700000e-01 2.241906e+00 1.114258e-02
-2.550000e-01 2.241906e+00 1.120687e-02
-2.400000e-01 2.241906e+00 1.128606e-02
-2.250000e-01 2.241906e+00 1.138509e-02
-2.100000e-01 2.241906e+00 1.151180e-02
-1.950000e-01 2.241906e+00 1.167940e-02
-1.800000e-01 2.241906e+00 1.191182e-02
-1.650000e-01 2.241906e+00 1.225595e-02
-1.500000e-01 2.241906e+00 1.281092e-02
-1.350000e-01 2.241906e+00 1.380255e-02
-1.200000e-01 2.241906e+00 1.578037e-02
-1.050000e-01 2.241906e+00 2.015291e-02
-9.000000e-02 2.241906e+00 3.060221e-02
-7.500000e-02 2.241906e+00 5.619451e-02
-6.000000e-02 2.241906e+00 1.139683e-01
-4.500000e-02 2.241906e+00 2.146387e-01
-3.000000e-02 2.241906e+00 3.270675e-01
-1.500000e-02 2.241906e+00 4.016040e-01
5.551115e-17 2.241906e+00 4.252578e-01
1.500000e-02 2.241906e+00 4.016040e-01
3.000000e-02 2.241906e+00 3.270675e-01
4.500000e-02 2.241906e+00 2.146387e-01
6.000000e-02 2.241906e+00 1.139683e-01
7.500000e-02 2.241906e+00 5.619451e-02
9.000000e-02 2.241906e+00 3.060221e-02
1.050000e-01 2.241906e+00 2.015291e-02
1.200000e-01 2.241906e+00 1.578037e-02
1.350000e-01 2.241906e+00 1.380255e-02
1.500000e-01 2.241906e+00 1.281092e-02
1.650000e-01 2.241906e+00 1.225595e-02
1.800000e-01 2.241906e+00 1.191182e-02
1.950000e-01 2.241906e+00 1.167940e-02
2.100000e-01 2.241906e+00 1.151180e-02
2.250000e-01 2.241906e+00 1.138509e-02
2.400000e-01 2.241906e+00 1.128606e-02
2.550000e-01 2.241906e+00 1.120687e-02
2.700000e-01 2.241906e+00 1.114258e-02
2.850000e-01 2.241906e+00 1.108989e-02
3.000000e-01 2.241906e+00 1.104647e-02
-3.000000e-01 2.255570e+00 1.092690e-02
-2.850000e-01 2.255570e+00 1.096947e-02
-2.700000e-01 2.255570e+00 1.102110e-02
-2.550000e-01 2.255570e+00 1.108402e-02
-2.400000e-01 2.255570e+00 1.116139e-02
-2.250000e-01 2.255570e+00 1.125794e-02
-2.100000e-01 2.255570e+00 1.138112e-02
-1.950000e-01 2.255570e+00 1.154342e-02
-1.800000e-01 2.255570e+00 1.176731e-02
-1.650000e-01 2.255570e+00 1.209661e-02
-1.500000e-01 2.255570e+00 1.262349e-02
-1.350000e-01 2.255570e+00 1.355692e-02
-1.200000e-01 2.255570e+00 1.540299e-02
-1.050000e-01 2.255570e+00 1.945229e-02
-9.000000e-02 2.255570e+00 2.906008e-02
-7.500000e-02 2.255570e+00 5.244123e-02
-6.000000e-02 2.255570e+00 1.049565e-01
-4.500000e-02 2.255570e+00 1.962374e-01
-3.000000e-02 2.255570e+00 2.983086e-01
-1.500000e-02 2.255570e+00 3.662860e-01
5.551115e-17 2.255570e+00 3.879563e-01
1.500000e-02 2.255570e+00 3.662860e-01
3.000000e-02 2.255570e+00 2.983086e-01
4.500000e-02 2.255570e+00 1.962374e-01
6.000000e-02 2.255570e+00 1.049565e-01
7.500000e-02 2.255570e+00 5.244123e-02
9.000000e-02 2.255570e+00 2.906008e-02
1.050000e-01 2.255570e+00 1.945229e-02
1.200000e-01 2.255570e+00 1.540299e-02
1.350000e-01 2.255570e+00 1.355692e-02
1.500000e-01 2.255570e+00 1.262349e-02
1.650000e-01 2.255570e+00 1.209661e-02
1.800000e-01 2.255570e+00 1.176731e-02
1.950000e-01 2.255570e+00 1.154342e-02
2.100000e-01 2.255570e+00 1.138112e-02
2.250000e-01 2.255570e+00 1.125794e-02
2.400000e-01 2.255570e+00 1.116139e-02
2.550000e-01 2.255570e+00 1.108402e-02
2.700000e-01 2.255570e+00 1.102110e-02
2.850000e-01 2.255570e+00 1.096947e-02
3.000000e-01 2.255570e+00 1.092690e-02
-3.000000e-01 2.269234e+00 1.080929e-02
-2.850000e-01 2.269234e+00 1.085106e-02
-2.700000e-01 2.269234e+00 1.090167e-02
-2.550000e-01 2.269234e+00 1.096327e-02
-2.400000e-01 2.269234e+00 1.103890e-02
-2.250000e-01 2.269234e+00 1.113310e-02
-2.100000e-01 2.269234e+00 1.125296e-02
-1.950000e-01 2.269234e+00 1.141028e-02
-1.800000e-01 2.269234e+00 1.162625e-02
-1.650000e-01 2.269234e+00 1.194188e-02
-1.500000e-01 2.269234e+00 1.244309e-02
-1.350000e-01 2.269234e+00 1.332375e-02
-1.200000e-01 2.269234e+00 1.505128e-02
-1.050000e-01 2.269234e+00 1.881202e-02
-9.000000e-02 2.269234e+00 2.767444e-02
-7.500000e-02 2.269234e+00 4.911221e-02
-6.000000e-02 2.269234e+00 9.703563e-02
-4.500000e-02 2.269234e+00 1.801445e-01
-3.000000e-02 2.269234e+00 2.731866e-01
-1.500000e-02 2.269234e+00 3.354100e-01
5.551115e-17 2.269234e+00 3.553286e-01
1.500000e-02 2.269234e+00 3.354100e-01
3.000000e-02 2.269234e+00 2.731866e-01
4.500000e-02 2.269234e+00 1.801445e-01
6.000000e-02 2.269234e+00 9.703563e-02
7.500000e-02 2.269234e+00 4.911221e-02
9.000000e-02 2.269234e+00 2.767444e-02
1.050000e-01 2.269234e+00 1.881202e-02
1.200000e-01 2.269234e+00 1.505128e-02
1.350000e-01 2.269234e+00 1.332375e-02
1.500000e-01 2.269234e+00 1.244309e-02
1.650000e-01 2.269234e+00 1.194188e-02
1.800000e-01 2.269234e+00 1.162625e-02
1.950000e-01 2.269234e+00 1.141028e-02
2.100000e-01 2.269234e+00 1.125296e-02
2.250000e-01 2.269234e+00 1.113310e-02
2.400000e-01 2.269234e+00 1.103890e-02
2.550000e-01 2.269234e+00 1.096327e-02
2.700000e-01 2.269234e+00 1.090167e-02
2.850000e-01 2.269234e+00 1.085106e-02
3.000000e-01 2.269234e+00 1.080929e-02
-3.000000e-01 2.282899e+00 1.069362e-02
-2.850000e-01 2.282899e+00 1.073461e-02
-2.700000e-01 2.282899e+00 1.078423e-02
-2.550000e-01 2.282899e+00 1.084456e-02
-2.400000e-01 2.282899e+00 1.091854e-02
-2.250000e-01 2.282899e+00 1.101050e-02
-2.100000e-01 2.282899e+00 1.112721e-02
-1.950000e-01 2.282899e+00 1.127987e-02
-1.800000e-01 2.282899e+00 1.148845e-02
-1.650000e-01 2.282899e+00 1.179146e-02
-1.500000e-01 2.282899e+00 1.226913e-02
-1.350000e-01 2.282899e+00 1.310178e-02
-1.200000e-01 2.282899e+00 1.472227e-02
-1.050000e-01 2.282899e+00 1.822436e-02
-9.000000e-02 2.282899e+00 2.642369e-02
-7.500000e-02 2.282899e+00 4.614508e-02
-6.000000e-02 2.282899e+00 9.003748e-02
-4.500000e-02 2.282899e+00 1.659944e-01
-3.000000e-02 2.282899e+00 2.511223e-01
-1.500000e-02 2.282899e+00 3.082727e-01
5.551115e-17 2.282899e+00 3.266370e-01
1.500000e-02 2.282899e+00 3.082727e-01
3.000000e-02 2.282899e+00 2.511223e-01
4.500000e-02 2.282899e+00 1.659944e-01
6.000000e-02 2.282899e+00 9.003748e-02
7.500000e-02 2.282899e+00 4.614508e-02
9.000000e-02 2.282899e+00 2.642369e-02
1.050000e-01 2.282899e+00 1.822436e-02
1.200000e-01 2.282899e+00 1.472227e-02
1.350000e-01 2.282899e+00 1.310178e-02
1.500000e-01 2.282899e+00 1.226913e-02
1.650000e-01 2.282899e+00 1.179146e-02
1.800000e-01 2.282899e+00 1.148845e-02
1.950000e-01 2.282899e+00 1.127987e-02
2.100000e-01 2.282899e+00 1.112721e-02
2.250000e-01 2.282899e+00 1.101050e-02
2.400000e-01 2.282899e+00 1.091854e-02
2.550000e-01 2.282899e+00 1.084456e-02
2.700000e-01 2.282899e+00 1.078423e-02
2.850000e-01 2.282899e+00 1.073461e-02
3.000000e-01 2.282899e+00 1.069362e-02
-3.000000e-01 2.296563e+00 1.057982e-02
-2.850000e-01 2.296563e+00 1.062006e-02
-2.700000e-01 2.296563e+00 1.066873e-02
-2.550000e-01 2.296563e+00 1.072784e-02
-2.400000e-01 2.296563e+00 1.080023e-02
-2.250000e-01 2.296563e+00 1.089006e-02
-2.100000e-01 2.296563e+00 1.100379e-02
-1.950000e-01 2.296563e+00 1.115206e-02
-1.800000e-01 2.296563e+00 1.135375e-02
-1.650000e-01 2.296563e+00 1.164505e-02
-1.500000e-01 2.296563e+00 1.210108e-02
-1.350000e-01 2.296563e+00 1.288991e-02
-1.200000e-01 2.296563e+00 1.441342e-02
-1.050000e-01 2.296563e+00 1.768283e-02
-9.000000e-02 2.296563e+00 2.528982e-02
-7.500000e-02 2.296563e+00 4.348839e-02
-6.000000e-02 2.296563e+00 8.382453e-02
-4.500000e-02 2.296563e+00 1.534897e-01
-3.000000e-02 2.296563e+00 2.316454e-01
-1.500000e-02 2.296563e+00 2.843021e-01
5.551115e-17 2.296563e+00 3.012818e-01
1.500000e-02 2.296563e+00 2.843021e-01
3.000000e-02 2.296563e+00 2.316454e-01
4.500000e-02 2.296563e+00 1.534897e-01
6.000000e-02 2.296563e+00 8.382453e-02
7.500000e-02 2.296563e+00 4.348839e-02
9.000000e-02 2.296563e+00 2.528982e-02
1.050000e-01 2.296563e+00 1.768283e-02
1.200000e-01 2.296563e+00 1.441342e-02
1.350000e-01 2.296563e+00 1.288991e-02
1.500000e-01 2.296563e+00 1.210108e-02
1.650000e-01 2.296563e+00 1.164505e-02
1.800000e-01 2.296563e+00 1.135375e-02
1.950000e-01 2.296563e+00 1.115206e-02
2.100000e-01 2.296563e+00 1.100379e-02
2.250000e-01 2.296563e+00 1.089006e-02
2.400000e-01 2.296563e+00 1.080023e-02
2.550000e-01 2.296563e+00 1.072784e-02
2.700000e-01 2.296563e+00 1.066873e-02
2.850000e-01 2.296563e+00 1.062006e-02
3.000000e-01 2.296563e+00 1.057982e-02
-3.000000e-01 2.310227e+00 1.046787e-02
-2.850000e-01 2.310227e+00 1.050737e-02
-2.700000e-01 2.310227e+00 1.055512e-02
-2.550000e-01 2.310227e+00 1.061306e-02
-2.400000e-01 2.310227e+00 1.068393e-02
-2.250000e-01 2.310227e+00 1.077172e-02
-2.100000e-01 2.310227e+00 1.088262e-02
-1.950000e-01 2.310227e+00 1.102675e-02
-1.800000e-01 2.310227e+00 1.122198e-02
-1.650000e-01 2.310227e+00 1.150241e-02
-1.500000e-01 2.310227e+00 1.193848e-02
-1.350000e-01 2.310227e+00 1.268720e-02
-1.200000e-01 2.310227e+00 1.412256e-02
-1.050000e-01 2.310227e+00 1.718190e-02
-9.000000e-02 2.310227e+00 2.425771e-02
-7.500000e-02 2.310227e+00 4.109945e-02
-6.000000e-02 2.310227e+00 7.828366e-02
-4.500000e-02 2.310227e+00 1.423871e-01
-3.000000e-02 2.310227e+00 2.143711e-01
-1.500000e-02 2.310227e+00 2.630300e-01
5.551115e-17 2.310227e+00 2.787713e-01
1.500000e-02 2.310227e+00 2.630300e-01
3.000000e-02 2.310227e+00 2.143711e-01
4.500000e-02 2.310227e+00 1.423871e-01
6.000000e-02 2.310227e+00 7.828366e-02
7.500000e-02 2.310227e+00 4.109945e-02
9.000000e-02 2.310227e+00 2.425771e-02
1.050000e-01 2.310227e+00 1.718190e-02
1.200000e-01 2.310227e+00 1.412256e-02
1.350000e-01 2.310227e+00 1.268720e-02
1.500000e-01 2.310227e+00 1.193848e-02
1.650000e-01 2.310227e+00 1.150241e-02
1.800000e-01 2.310227e+00 1.122198e-02
1.950000e-01 2.310227e+00 1.102675e-02
2.100000e-01 2.310227e+00 1.088262e-02
2.250000e-01 2.310227e+00 1.077172e-02
2.400000e-01 2.310227e+00 1.068393e-02
2.550000e-01 2.310227e+00 1.061306e-02
2.700000e-01 2.310227e+00 1.055512e-02
2.850000e-01 2.310227e+00 1.050737e-02
3.000000e-01 2.310227e+00 1.046787e-02
-3.000000e-01 2.323891e+00 1.035771e-02
-2.850000e-01 2.323891e+00 1.039650e-02
-2.700000e-01 2.323891e+00 1.044336e-02
-2.550000e-01 2.323891e+00 1.050017e-02
-2.400000e-01 2.323891e+00 1.056957e-02
-2.250000e-01 2.323891e+00 1.065542e-02
-2.100000e-01 2.323891e+00 1.076362e-02
-1.950000e-01 2.323891e+00 1.090384e-02
-1.800000e-01 2.323891e+00 1.109301e-02
-1.650000e-01 2.323891e+00 1.136331e-02
-1.500000e-01 2.323891e+00 1.178093e-02
-1.350000e-01 2.323891e+00 1.249283e-02
-1.200000e-01 2.323891e+00 1.384782e-02
-1.050000e-01 2.323891e+00 1.671689e-02
-9.000000e-02 2.323891e+00 2.331464e-02
-7.500000e-02 2.323891e+00 3.894260e-02
-6.000000e-02 2.323891e+00 7.332115e-02
-4.500000e-02 2.323891e+00 1.324860e-01
-3.000000e-02 2.323891e+00 1.989829e-01
-1.500000e-02 2.323891e+00 2.440704e-01
5.551115e-17 2.323891e+00 2.587000e-01
1.500000e-02 2.323891e+00 2.440704e-01
3.000000e-02 2.323891e+00 1.989829e-01
4.500000e-02 2.323891e+00 1.324860e-01
6.000000e-02 2.323891e+00 7.332115e-02
7.500000e-02 2.323891e+00 3.894260e-02
9.000000e-02 2.323891e+00 2.331464e-02
1.050000e-01 2.323891e+00 1.671689e-02
1.200000e-01 2.323891e+00 1.384782e-02
1.350000e-01 2.323891e+00 1.249283e-02
1.500000e-01 2.323891e+00 1.178093e-02
1.650000e-01 2.323891e+00 1.136331e-02
1.800000e-01 2.323891e+00 1.109301e-02
1.950000e-01 2.323891e+00 1.090384e-02
2.100000e-01 2.323891e+00 1.076362e-02
2.250000e-01 2.323891e+00 1.065542e-02
2.400000e-01 2.323891e+00 1.056957e-02
2.550000e-01 2.323891e+00 1.050017e-02
2.700000e-01 2.323891e+00 1.044336e-02
2.850000e-01 2.323891e+00 1.039650e-02
3.000000e-01 2.323891e+00 1.035771e-02
-3.000000e-01 2.337556e+00 1.024930e-02
-2.850000e-01 2.337556e+00 1.028741e-02
-2.700000e-01 2.337556e+00 1.033341e-02
-2.550000e-01 2.337556e+00 1.038913e-02
-2.400000e-01 2.337556e+00 1.045712e-02
-2.250000e-01 2.337556e+00 1.054110e-02
-2.100000e-01 2.337556e+00 1.064674e-02
-1.950000e-01 2.337556e+00 1.078325e-02
-1.800000e-01 2.337556e+00 1.096672e-02
-1.650000e-01 2.337556e+00 1.122756e-02
-1.500000e-01 2.337556e+00 1.162807e-02
-1.350000e-01 2.337556e+00 1.230609e-02
-1.200000e-01 2.337556e+00 1.358759e-02
-1.050000e-01 2.337556e+00 1.628378e-02
-9.000000e-02 2.337556e+00 2.244981e-02
-7.500000e-02 2.337556e+00 3.698791e-02
-6.000000e-02 2.337556e+00 6.885891e-02
-4.500000e-02 2.337556e+00 1.236199e-01
-3.000000e-02 2.337556e+00 1.852180e-01
-1.500000e-02 2.337556e+00 2.271031e-01
5.551115e-17 2.337556e+00 2.407313e-01
1.500000e-02 2.337556e+00 2.271031e-01
3.000000e-02 2.337556e+00 1.852180e-01
4.500000e-02 2.337556e+00 1.236199e-01
6.000000e-02 2.337556e+00 6.885891e-02
7.500000e-02 2.337556e+00 3.698791e-02
9.000000e-02 2.337556e+00 2.244981e-02
1.050000e-01 2.337556e+00 1.628378e-02
1.200000e-01 2.337556e+00 1.358759e-02
1.350000e-01 2.337556e+00 1.230609e-02
1.500000e-01 2.337556e+00 1.162807e-02
1.650000e-01 2.337556e+00 1.122756e-02
1.800000e-01 2.337556e+00 1.096672e-02
1.950000e-01 2.337556e+00 1.078325e-02
2.100000e-01 2.337556e+00 1.064674e-02
2.250000e-01 2.337556e+00 1.054110e-02
2.400000e-01 2.337556e+00 1.045712e-02
2.550000e-01 2.337556e+00 1.038913e-02
2.700000e-01 2.337556e+00 1.033341e-02
2.850000e-01 2.337556e+00 1.028741e-02
3.000000e-01 2.337556e+00 1.024930e-02
-3.000000e-01 2.351220e+00 1.014261e-02
-2.850000e-01 2.351220e+00 1.018005e-02
-2.700000e-01 2.351220e+00 1.022522e-02
-2.550000e-01 2.351220e+00 1.027988e-02
-2.400000e-01 2.351220e+00 1.034652e-02
-2.250000e-01 2.351220e+00 1.042871e-02
-2.100000e-01 2.351220e+00 1.053190e-02
-1.950000e-01 2.351220e+00 1.066490e-02
-1.800000e-01 2.351220e+00 1.084299e-02
-1.650000e-01 2.351220e+00 1.109497e-02
-1.500000e-01 2.351220e+00 1.147959e-02
-1.350000e-01 2.351220e+00 1.212634e-02
-1.200000e-01 2.351220e+00 1.334047e-02
-1.050000e-01 2.351220e+00 1.587912e-02
-9.000000e-02 2.351220e+00 2.165403e-02
-7.500000e-02 2.351220e+00 3.521009e-02
-6.000000e-02 2.351220e+00 6.483149e-02
-4.500000e-02 2.351220e+00 1.156502e-01
-3.000000e-02 2.351220e+00 1.728577e-01
-1.500000e-02 2.351220e+00 2.118607e-01
5.551115e-17 2.351220e+00 2.245838e-01
1.500000e-02 2.351220e+00 2.118607e-01
3.000000e-02 2.351220e+00 1.728577e-01
4.500000e-02 2.351220e+00 1.156502e-01
6.000000e-02 2.351220e+00 6.483149e-02
7.500000e-02 2.351220e+00 3.521009e-02
9.000000e-02 2.351220e+00 2.165403e-02
1.050000e-01 2.351220e+00 1.587912e-02
1.200000e-01 2.351220e+00 1.334047e-02
1.350000e-01 2.351220e+00 1.212634e-02
1.500000e-01 2.351220e+00 1.147959e-02
1.650000e-01 2.351220e+00 1.109497e-02
1.800000e-01 2.351220e+00 1.084299e-02
1.950000e-01 2.351220e+00 1.066490e-02
2.100000e-01 2.351220e+00 1.053190e-02
2.250000e-01 2.351220e+00 1.042871e-02
2.400000e-01 2.351220e+00 1.034652e-02
2.550000e-01 2.351220e+00 1.027988e-02
2.700000e-01 2.351220e+00 1.022522e-02
2.850000e-01 2.351220e+00 1.018005e-02
3.000000e-01 2.351220e+00 1.014261e-02
-3.000000e-01 2.364884e+00 1.003760e-02
-2.850000e-01 2.364884e+00 1.007439e-02
-2.700000e-01 2.364884e+00 1.011875e-02
-2.550000e-01 2.364884e+00 1.017239e-02
-2.400000e-01 2.364884e+00 1.023773e-02
-2.250000e-01 2.364884e+00 1.031820e-02
-2.100000e-01 2.364884e+00 1.041905e-02
-1.950000e-01 2.364884e+00 1.054870e-02
-1.800000e-01 2.364884e+00 1.072172e-02
-1.650000e-01 2.364884e+00 1.096539e-02
-1.500000e-01 2.364884e+00 1.133521e-02
-1.350000e-01 2.364884e+00 1.195303e-02
-1.200000e-01 2.364884e+00 1.310524e-02
-1.050000e-01 2.364884e+00 1.549994e-02
-9.000000e-02 2.364884e+00 2.091942e-02
-7.500000e-02 2.364884e+00 3.358768e-02
-6.000000e-02 2.364884e+00 6.118370e-02
-4.500000e-02 2.364884e+00 1.084601e-01
-3.000000e-02 2.364884e+00 1.617182e-01
-1.500000e-02 2.364884e+00 1.981188e-01
5.551115e-17 2.364884e+00 2.100215e-01
1.500000e-02 2.364884e+00 1.981188e-01
3.000000e-02 2.364884e+00 1.617182e-01
4.500000e-02 2.364884e+00 1.084601e-01
6.000000e-02 2.364884e+00 6.118370e-02
7.500000e-02 2.364884e+00 3.358768e-02
9.000000e-02 2.364884e+00 2.091942e-02
1.050000e-01 2.364884e+00 1.549994e-02
1.200000e-01 2.364884e+00 1.310524e-02
1.350000e-01 2.364884e+00 1.195303e-02
1.500000e-01 2.364884e+00 1.133521e-02
1.650000e-01 2.364884e+00 1.096539e-02
1.800000e-01 2.364884e+00 1.072172e-02
1.950000e-01 2.364884e+00 1.054870e-02
2.100000e-01 2.364884e+00 1.041905e-02
2.250000e-01 2.364884e+00 1.031820e-02
2.400000e-01 2.364884e+00 1.023773e-02
2.550000e-01 2.364884e+00 1.017239e-02
2.700000e-01 2.364884e+00 1.011875e-02
2.850000e-01 2.364884e+00 1.007439e-02
3.000000e-01 2.364884e+00 1.003760e-02
