# MAPbI3 n=3 superfluid scan | Eg=2.178282 eV  Ex=1.991594 eV  binding=186.7 meV | density n = G_DEG * INT d2k/(2pi)^2 f_c (Kramers degeneracy G_DEG=2)
# target_n=1.000e+13 cm^-2  n=1.025981e+13 cm^-2  dmu=2.087600 eV  inverted
# kx_invA  omega_eV  A_kw
-3.000000e-01 -6.275930e-01 5.307482e-01
-2.850000e-01 -6.275930e-01 5.171873e-01
-2.700000e-01 -6.275930e-01 5.015247e-01
-2.550000e-01 -6.275930e-01 4.837014e-01
-2.400000e-01 -6.275930e-01 4.636871e-01
-2.250000e-01 -6.275930e-01 4.414960e-01
-2.100000e-01 -6.275930e-01 4.171979e-01
-1.950000e-01 -6.275930e-01 3.909273e-01
-1.800000e-01 -6.275930e-01 3.628966e-01
-1.650000e-01 -6.275930e-01 3.333961e-01
-1.500000e-01 -6.275930e-01 3.027368e-01
-1.350000e-01 -6.275930e-01 2.710514e-01
-1.200000e-01 -6.275930e-01 2.377656e-01
-1.050000e-01 -6.275930e-01 2.005299e-01
-9.000000e-02 -6.275930e-01 1.557078e-01
-7.500000e-02 -6.275930e-01 1.087797e-01
-6.000000e-02 -6.275930e-01 7.532735e-02
-4.500000e-02 -6.275930e-01 5.720212e-02
-3.000000e-02 -6.275930e-01 4.817813e-02
-1.500000e-02 -6.275930e-01 4.401114e-02
5.551115e-17 -6.275930e-01 4.279755e-02
1.500000e-02 -6.275930e-01 4.401114e-02
3.000000e-02 -6.275930e-01 4.817813e-02
4.500000e-02 -6.275930e-01 5.720212e-02
6.000000e-02 -6.275930e-01 7.532735e-02
7.500000e-02 -6.275930e-01 1.087797e-01
9.000000e-02 -6.275930e-01 1.557078e-01
1.050000e-01 -6.275930e-01 2.005299e-01
1.200000e-01 -6.275930e-01 2.377656e-01
1.350000e-01 -6.275930e-01 2.710514e-01
1.500000e-01 -6.275930e-01 3.027368e-01
1.650000e-01 -6.275930e-01 3.333961e-01
1.800000e-01 -6.275930e-01 3.628966e-01
1.950000e-01 -6.275930e-01 3.909273e-01
2.100000e-01 -6.275930e-01 4.171979e-01
2.250000e-01 -6.275930e-01 4.414960e-01
2.400000e-01 -6.275930e-01 4.636871e-01
2.550000e-01 -6.275930e-01 4.837014e-01
2.700000e-01 -6.275930e-01 5.015247e-01
2.850000e-01 -6.275930e-01 5.171873e-01
3.000000e-01 -6.275930e-01 5.307482e-01
-3.000000e-01 -6.139287e-01 5.721971e-01
-2.850000e-01 -6.139287e-01 5.570517e-01
-2.700000e-01 -6.139287e-01 5.395850e-01
-2.550000e-01 -6.139287e-01 5.197437e-01
-2.400000e-01 -6.139287e-01 4.975084e-01
-2.250000e-01 -6.139287e-01 4.729119e-01
-2.100000e-01 -6.139287e-01 4.460514e-01
-1.950000e-01 -6.139287e-01 4.170978e-01
-1.800000e-01 -6.139287e-01 3.863095e-01
-1.650000e-01 -6.139287e-01 3.540325e-01
-1.500000e-01 -6.139287e-01 3.206381e-01
-1.350000e-01 -6.139287e-01 2.863113e-01
-1.200000e-01 -6.139287e-01 2.504969e-01
-1.050000e-01 -6.139287e-01 2.107838e-01
-9.000000e-02 -6.139287e-01 1.634113e-01
-7.500000e-02 -6.139287e-01 1.140906e-01
-6.000000e-02 -6.139287e-01 7.900701e-02
-4.500000e-02 -6.139287e-01 6.001142e-02
-3.000000e-02 -6.139287e-01 5.055968e-02
-1.500000e-02 -6.139287e-01 4.619862e-02
5.551115e-17 -6.139287e-01 4.492931e-02
1.500000e-02 -6.139287e-01 4.619862e-02
3.000000e-02 -6.139287e-01 5.055968e-02
4.500000e-02 -6.139287e-01 6.001142e-02
6.000000e-02 -6.139287e-01 7.900701e-02
7.500000e-02 -6.139287e-01 1.140906e-01
9.000000e-02 -6.139287e-01 1.634113e-01
1.050000e-01 -6.139287e-01 2.107838e-01
1.200000e-01 -6.139287e-01 2.504969e-01
1.350000e-01 -6.139287e-01 2.863113e-01
1.500000e-01 -6.139287e-01 3.206381e-01
1.650000e-01 -6.139287e-01 3.540325e-01
1.800000e-01 -6.139287e-01 3.863095e-01
1.950000e-01 -6.139287e-01 4.170978e-01
2.100000e-01 -6.139287e-01 4.460514e-01
2.250000e-01 -6.139287e-01 4.729119e-01
2.400000e-01 -6.139287e-01 4.975084e-01
2.550000e-01 -6.139287e-01 5.197437e-01
2.700000e-01 -6.139287e-01 5.395850e-01
2.850000e-01 -6.139287e-01 5.570517e-01
3.000000e-01 -6.139287e-01 5.721971e-01
-3.000000e-01 -6.002645e-01 6.186192e-01
-2.850000e-01 -6.002645e-01 6.016366e-01
-2.700000e-01 -6.002645e-01 5.820824e-01
-2.550000e-01 -6.002645e-01 5.599111e-01
-2.400000e-01 -6.002645e-01 5.351182e-01
-2.250000e-01 -6.002645e-01 5.077603e-01
-2.100000e-01 -6.002645e-01 4.779682e-01
-1.950000e-01 -6.002645e-01 4.459570e-01
-1.800000e-01 -6.002645e-01 4.120398e-01
-1.650000e-01 -6.002645e-01 3.766279e-01
-1.500000e-01 -6.002645e-01 3.401621e-01
-1.350000e-01 -6.002645e-01 3.028879e-01
-1.200000e-01 -6.002645e-01 2.642735e-01
-1.050000e-01 -6.002645e-01 2.218436e-01
-9.000000e-02 -6.002645e-01 1.717053e-01
-7.500000e-02 -6.002645e-01 1.198112e-01
-6.000000e-02 -6.002645e-01 8.298028e-02
-4.500000e-02 -6.002645e-01 6.305496e-02
-3.000000e-02 -6.002645e-01 5.314797e-02
-1.500000e-02 -6.002645e-01 4.858130e-02
5.551115e-17 -6.002645e-01 4.725317e-02
1.500000e-02 -6.002645e-01 4.858130e-02
3.000000e-02 -6.002645e-01 5.314797e-02
4.500000e-02 -6.002645e-01 6.305496e-02
6.000000e-02 -6.002645e-01 8.298028e-02
7.500000e-02 -6.002645e-01 1.198112e-01
9.000000e-02 -6.002645e-01 1.717053e-01
1.050000e-01 -6.002645e-01 2.218436e-01
1.200000e-01 -6.002645e-01 2.642735e-01
1.350000e-01 -6.002645e-01 3.028879e-01
1.500000e-01 -6.002645e-01 3.401621e-01
1.650000e-01 -6.002645e-01 3.766279e-01
1.800000e-01 -6.002645e-01 4.120398e-01
1.950000e-01 -6.002645e-01 4.459570e-01
2.100000e-01 -6.002645e-01 4.779682e-01
2.250000e-01 -6.002645e-01 5.077603e-01
2.400000e-01 -6.002645e-01 5.351182e-01
2.550000e-01 -6.002645e-01 5.599111e-01
2.700000e-01 -6.002645e-01 5.820824e-01
2.850000e-01 -6.002645e-01 6.016366e-01
3.000000e-01 -6.002645e-01 6.186192e-01
-3.000000e-01 -5.866002e-01 6.708286e-01
-2.850000e-01 -5.866002e-01 6.517046e-01
-2.700000e-01 -5.866002e-01 6.297224e-01
-2.550000e-01 -5.866002e-01 6.048476e-01
-2.400000e-01 -5.866002e-01 5.770955e-01
-2.250000e-01 -5.866002e-01 5.465528e-01
-2.100000e-01 -5.866002e-01 5.133920e-01
-1.950000e-01 -5.866002e-01 4.778815e-01
-1.800000e-01 -5.866002e-01 4.404002e-01
-1.650000e-01 -5.866002e-01 4.014356e-01
-1.500000e-01 -5.866002e-01 3.615093e-01
-1.350000e-01 -5.866002e-01 3.209362e-01
-1.200000e-01 -5.866002e-01 2.792123e-01
-1.050000e-01 -5.866002e-01 2.337957e-01
-9.000000e-02 -5.866002e-01 1.806515e-01
-7.500000e-02 -5.866002e-01 1.259847e-01
-6.000000e-02 -5.866002e-01 8.727951e-02
-4.500000e-02 -5.866002e-01 6.635992e-02
-3.000000e-02 -5.866002e-01 5.596812e-02
-1.500000e-02 -5.866002e-01 5.118370e-02
5.551115e-17 -5.866002e-01 4.979355e-02
1.500000e-02 -5.866002e-01 5.118370e-02
3.000000e-02 -5.866002e-01 5.596812e-02
4.500000e-02 -5.866002e-01 6.635992e-02
6.000000e-02 -5.866002e-01 8.727951e-02
7.500000e-02 -5.866002e-01 1.259847e-01
9.000000e-02 -5.866002e-01 1.806515e-01
1.050000e-01 -5.866002e-01 2.337957e-01
1.200000e-01 -5.866002e-01 2.792123e-01
1.350000e-01 -5.866002e-01 3.209362e-01
1.500000e-01 -5.866002e-01 3.615093e-01
1.650000e-01 -5.866002e-01 4.014356e-01
1.800000e-01 -5.866002e-01 4.404002e-01
1.950000e-01 -5.866002e-01 4.778815e-01
2.100000e-01 -5.866002e-01 5.133920e-01
2.250000e-01 -5.866002e-01 5.465528e-01
2.400000e-01 -5.866002e-01 5.770955e-01
2.550000e-01 -5.866002e-01 6.048476e-01
2.700000e-01 -5.866002e-01 6.297224e-01
2.850000e-01 -5.866002e-01 6.517046e-01
3.000000e-01 -5.866002e-01 6.708286e-01
-3.000000e-01 -5.729359e-01 7.298094e-01
-2.850000e-01 -5.729359e-01 7.081757e-01
-2.700000e-01 -5.729359e-01 6.833540e-01
-2.550000e-01 -5.729359e-01 6.553258e-01
-2.400000e-01 -5.729359e-01 6.241322e-01
-2.250000e-01 -5.729359e-01 5.898982e-01
-2.100000e-01 -5.729359e-01 5.528482e-01
-1.950000e-01 -5.729359e-01 5.133154e-01
-1.800000e-01 -5.729359e-01 4.717572e-01
-1.650000e-01 -5.729359e-01 4.287510e-01
-1.500000e-01 -5.729359e-01 3.849116e-01
-1.350000e-01 -5.729359e-01 3.406340e-01
-1.200000e-01 -5.729359e-01 2.954469e-01
-1.050000e-01 -5.729359e-01 2.467379e-01
-9.000000e-02 -5.729359e-01 1.903197e-01
-7.500000e-02 -5.729359e-01 1.326604e-01
-6.000000e-02 -5.729359e-01 9.194154e-02
-4.500000e-02 -5.729359e-01 6.995750e-02
-3.000000e-02 -5.729359e-01 5.904921e-02
-1.500000e-02 -5.729359e-01 5.403430e-02
5.551115e-17 -5.729359e-01 5.257885e-02
1.500000e-02 -5.729359e-01 5.403430e-02
3.000000e-02 -5.729359e-01 5.904921e-02
4.500000e-02 -5.729359e-01 6.995750e-02
6.000000e-02 -5.729359e-01 9.194154e-02
7.500000e-02 -5.729359e-01 1.326604e-01
9.000000e-02 -5.729359e-01 1.903197e-01
1.050000e-01 -5.729359e-01 2.467379e-01
1.200000e-01 -5.729359e-01 2.954469e-01
1.350000e-01 -5.729359e-01 3.406340e-01
1.500000e-01 -5.729359e-01 3.849116e-01
1.650000e-01 -5.729359e-01 4.287510e-01
1.800000e-01 -5.729359e-01 4.717572e-01
1.950000e-01 -5.729359e-01 5.133154e-01
2.100000e-01 -5.729359e-01 5.528482e-01
2.250000e-01 -5.729359e-01 5.898982e-01
2.400000e-01 -5.729359e-01 6.241322e-01
2.550000e-01 -5.729359e-01 6.553258e-01
2.700000e-01 -5.729359e-01 6.833540e-01
2.850000e-01 -5.729359e-01 7.081757e-01
3.000000e-01 -5.729359e-01 7.298094e-01
-3.000000e-01 -5.592716e-01 7.967589e-01
-2.850000e-01 -5.592716e-01 7.721663e-01
-2.700000e-01 -5.592716e-01 7.440048e-01
-2.550000e-01 -5.592716e-01 7.122777e-01
-2.400000e-01 -5.592716e-01 6.770601e-01
-2.250000e-01 -5.592716e-01 6.385257e-01
-2.100000e-01 -5.592716e-01 5.969630e-01
-1.950000e-01 -5.592716e-01 5.527849e-01
-1.800000e-01 -5.592716e-01 5.065427e-01
-1.650000e-01 -5.592716e-01 4.589196e-01
-1.500000e-01 -5.592716e-01 4.106388e-01
-1.350000e-01 -5.592716e-01 3.621868e-01
-1.200000e-01 -5.592716e-01 3.131302e-01
-1.050000e-01 -5.592716e-01 2.607820e-01
-9.000000e-02 -5.592716e-01 2.007895e-01
-7.500000e-02 -5.592716e-01 1.398941e-01
-6.000000e-02 -5.592716e-01 9.700858e-02
-4.500000e-02 -5.592716e-01 7.388369e-02
-3.000000e-02 -5.592716e-01 6.242497e-02
-1.500000e-02 -5.592716e-01 5.716633e-02
5.551115e-17 -5.592716e-01 5.564224e-02
1.500000e-02 -5.592716e-01 5.716633e-02
3.000000e-02 -5.592716e-01 6.242497e-02
4.500000e-02 -5.592716e-01 7.388369e-02
6.000000e-02 -5.592716e-01 9.700858e-02
7.500000e-02 -5.592716e-01 1.398941e-01
9.000000e-02 -5.592716e-01 2.007895e-01
1.050000e-01 -5.592716e-01 2.607820e-01
1.200000e-01 -5.592716e-01 3.131302e-01
1.350000e-01 -5.592716e-01 3.621868e-01
1.500000e-01 -5.592716e-01 4.106388e-01
1.650000e-01 -5.592716e-01 4.589196e-01
1.800000e-01 -5.592716e-01 5.065427e-01
1.950000e-01 -5.592716e-01 5.527849e-01
2.100000e-01 -5.592716e-01 5.969630e-01
2.250000e-01 -5.592716e-01 6.385257e-01
2.400000e-01 -5.592716e-01 6.770601e-01
2.550000e-01 -5.592716e-01 7.122777e-01
2.700000e-01 -5.592716e-01 7.440048e-01
2.850000e-01 -5.592716e-01 7.721663e-01
3.000000e-01 -5.592716e-01 7.967589e-01
-3.000000e-01 -5.456073e-01 8.731447e-01
-2.850000e-01 -5.456073e-01 8.450416e-01
-2.700000e-01 -5.456073e-01 8.129275e-01
-2.550000e-01 -5.456073e-01 7.768356e-01
-2.400000e-01 -5.456073e-01 7.368855e-01
-2.250000e-01 -5.456073e-01 6.933131e-01
-2.100000e-01 -5.456073e-01 6.464869e-01
-1.950000e-01 -5.456073e-01 5.969171e-01
-1.800000e-01 -5.456073e-01 5.452679e-01
-1.650000e-01 -5.456073e-01 4.923477e-01
-1.500000e-01 -5.456073e-01 4.390057e-01
-1.350000e-01 -5.456073e-01 3.858324e-01
-1.200000e-01 -5.456073e-01 3.324385e-01
-1.050000e-01 -5.456073e-01 2.760559e-01
-9.000000e-02 -5.456073e-01 2.121515e-01
-7.500000e-02 -5.456073e-01 1.477497e-01
-6.000000e-02 -5.456073e-01 1.025291e-01
-4.500000e-02 -5.456073e-01 7.818014e-02
-3.000000e-02 -5.456073e-01 6.613476e-02
-1.500000e-02 -5.456073e-01 6.061870e-02
5.551115e-17 -5.456073e-01 5.902267e-02
1.500000e-02 -5.456073e-01 6.061870e-02
3.000000e-02 -5.456073e-01 6.613476e-02
4.500000e-02 -5.456073e-01 7.818014e-02
6.000000e-02 -5.456073e-01 1.025291e-01
7.500000e-02 -5.456073e-01 1.477497e-01
9.000000e-02 -5.456073e-01 2.121515e-01
1.050000e-01 -5.456073e-01 2.760559e-01
1.200000e-01 -5.456073e-01 3.324385e-01
1.350000e-01 -5.456073e-01 3.858324e-01
1.500000e-01 -5.456073e-01 4.390057e-01
1.650000e-01 -5.456073e-01 4.923477e-01
1.800000e-01 -5.456073e-01 5.452679e-01
1.950000e-01 -5.456073e-01 5.969171e-01
2.100000e-01 -5.456073e-01 6.464869e-01
2.250000e-01 -5.456073e-01 6.933131e-01
2.400000e-01 -5.456073e-01 7.368855e-01
2.550000e-01 -5.456073e-01 7.768356e-01
2.700000e-01 -5.456073e-01 8.129275e-01
2.850000e-01 -5.456073e-01 8.450416e-01
3.000000e-01 -5.456073e-01 8.731447e-01
-3.000000e-01 -5.319431e-01 9.607781e-01
-2.850000e-01 -5.319431e-01 9.284820e-01
-2.700000e-01 -5.319431e-01 8.916594e-01
-2.550000e-01 -5.319431e-01 8.503842e-01
-2.400000e-01 -5.319431e-01 8.048342e-01
-2.250000e-01 -5.319431e-01 7.553246e-01
-2.100000e-01 -5.319431e-01 7.023245e-01
-1.950000e-01 -5.319431e-01 6.464632e-01
-1.800000e-01 -5.319431e-01 5.885415e-01
-1.650000e-01 -5.319431e-01 5.295159e-01
-1.500000e-01 -5.319431e-01 4.703816e-01
-1.350000e-01 -5.319431e-01 4.118481e-01
-1.200000e-01 -5.319431e-01 3.535751e-01
-1.050000e-01 -5.319431e-01 2.927062e-01
-9.000000e-02 -5.319431e-01 2.245094e-01
-7.500000e-02 -5.319431e-01 1.563003e-01
-6.000000e-02 -5.319431e-01 1.085590e-01
-4.500000e-02 -5.319431e-01 8.289526e-02
-3.000000e-02 -5.319431e-01 7.022465e-02
-1.500000e-02 -5.319431e-01 6.443725e-02
5.551115e-17 -5.319431e-01 6.276610e-02
1.500000e-02 -5.319431e-01 6.443725e-02
3.000000e-02 -5.319431e-01 7.022465e-02
4.500000e-02 -5.319431e-01 8.289526e-02
6.000000e-02 -5.319431e-01 1.085590e-01
7.500000e-02 -5.319431e-01 1.563003e-01
9.000000e-02 -5.319431e-01 2.245094e-01
1.050000e-01 -5.319431e-01 2.927062e-01
1.200000e-01 -5.319431e-01 3.535751e-01
1.350000e-01 -5.319431e-01 4.118481e-01
1.500000e-01 -5.319431e-01 4.703816e-01
1.650000e-01 -5.319431e-01 5.295159e-01
1.800000e-01 -5.319431e-01 5.885415e-01
1.950000e-01 -5.319431e-01 6.464632e-01
2.100000e-01 -5.319431e-01 7.023245e-01
2.250000e-01 -5.319431e-01 7.553246e-01
2.400000e-01 -5.319431e-01 8.048342e-01
2.550000e-01 -5.319431e-01 8.503842e-01
2.700000e-01 -5.319431e-01 8.916594e-01
2.850000e-01 -5.319431e-01 9.284820e-01
3.000000e-01 -5.319431e-01 9.607781e-01
-3.000000e-01 -5.182788e-01 1.061912e+00
-2.850000e-01 -5.182788e-01 1.024572e+00
-2.700000e-01 -5.182788e-01 9.821016e-01
-2.550000e-01 -5.182788e-01 9.346291e-01
-2.400000e-01 -5.182788e-01 8.824093e-01
-2.250000e-01 -5.182788e-01 8.258591e-01
-2.100000e-01 -5.182788e-01 7.655736e-01
-1.950000e-01 -5.182788e-01 7.023294e-01
-1.800000e-01 -5.182788e-01 6.370924e-01
-1.650000e-01 -5.182788e-01 5.709949e-01
-1.500000e-01 -5.182788e-01 5.052017e-01
-1.350000e-01 -5.182788e-01 4.405576e-01
-1.200000e-01 -5.182788e-01 3.767761e-01
-1.050000e-01 -5.182788e-01 3.109020e-01
-9.000000e-02 -5.182788e-01 2.379825e-01
-7.500000e-02 -5.182788e-01 1.656302e-01
-6.000000e-02 -5.182788e-01 1.151631e-01
-4.500000e-02 -5.182788e-01 8.808559e-02
-3.000000e-02 -5.182788e-01 7.474885e-02
-1.500000e-02 -5.182788e-01 6.867622e-02
5.551115e-17 -5.182788e-01 6.692700e-02
1.500000e-02 -5.182788e-01 6.867622e-02
3.000000e-02 -5.182788e-01 7.474885e-02
4.500000e-02 -5.182788e-01 8.808559e-02
6.000000e-02 -5.182788e-01 1.151631e-01
7.500000e-02 -5.182788e-01 1.656302e-01
9.000000e-02 -5.182788e-01 2.379825e-01
1.050000e-01 -5.182788e-01 3.109020e-01
1.200000e-01 -5.182788e-01 3.767761e-01
1.350000e-01 -5.182788e-01 4.405576e-01
1.500000e-01 -5.182788e-01 5.052017e-01
1.650000e-01 -5.182788e-01 5.709949e-01
1.800000e-01 -5.182788e-01 6.370924e-01
1.950000e-01 -5.182788e-01 7.023294e-01
2.100000e-01 -5.182788e-01 7.655736e-01
2.250000e-01 -5.182788e-01 8.258591e-01
2.400000e-01 -5.182788e-01 8.824093e-01
2.550000e-01 -5.182788e-01 9.346291e-01
2.700000e-01 -5.182788e-01 9.821016e-01
2.850000e-01 -5.182788e-01 1.024572e+00
3.000000e-01 -5.182788e-01 1.061912e+00
-3.000000e-01 -5.046145e-01 1.179372e+00
-2.850000e-01 -5.046145e-01 1.135919e+00
-2.700000e-01 -5.046145e-01 1.086623e+00
-2.550000e-01 -5.046145e-01 1.031687e+00
-2.400000e-01 -5.046145e-01 9.714680e-01
-2.250000e-01 -5.046145e-01 9.065125e-01
-2.100000e-01 -5.046145e-01 8.375751e-01
-1.950000e-01 -5.046145e-01 7.656149e-01
-1.800000e-01 -5.046145e-01 6.917984e-01
-1.650000e-01 -5.046145e-01 6.174667e-01
-1.500000e-01 -5.046145e-01 5.439819e-01
-1.350000e-01 -5.046145e-01 4.723414e-01
-1.200000e-01 -5.046145e-01 4.023163e-01
-1.050000e-01 -5.046145e-01 3.308389e-01
-9.000000e-02 -5.046145e-01 2.527079e-01
-7.500000e-02 -5.046145e-01 1.758366e-01
-6.000000e-02 -5.046145e-01 1.224165e-01
-4.500000e-02 -5.046145e-01 9.381740e-02
-3.000000e-02 -5.046145e-01 7.977153e-02
-1.500000e-02 -5.046145e-01 7.340016e-02
5.551115e-17 -5.046145e-01 7.157037e-02
1.500000e-02 -5.046145e-01 7.340016e-02
3.000000e-02 -5.046145e-01 7.977153e-02
4.500000e-02 -5.046145e-01 9.381740e-02
6.000000e-02 -5.046145e-01 1.224165e-01
7.500000e-02 -5.046145e-01 1.758366e-01
9.000000e-02 -5.046145e-01 2.527079e-01
1.050000e-01 -5.046145e-01 3.308389e-01
1.200000e-01 -5.046145e-01 4.023163e-01
1.350000e-01 -5.046145e-01 4.723414e-01
1.500000e-01 -5.046145e-01 5.439819e-01
1.650000e-01 -5.046145e-01 6.174667e-01
1.800000e-01 -5.046145e-01 6.917984e-01
1.950000e-01 -5.046145e-01 7.656149e-01
2.100000e-01 -5.046145e-01 8.375751e-01
2.250000e-01 -5.046145e-01 9.065125e-01
2.400000e-01 -5.046145e-01 9.714680e-01
2.550000e-01 -5.046145e-01 1.031687e+00
2.700000e-01 -5.046145e-01 1.086623e+00
2.850000e-01 -5.046145e-01 1.135919e+00
3.000000e-01 -5.046145e-01 1.179372e+00
-3.000000e-01 -4.909502e-01 1.316731e+00
-2.850000e-01 -4.909502e-01 1.265808e+00
-2.700000e-01 -4.909502e-01 1.208199e+00
-2.550000e-01 -4.909502e-01 1.144208e+00
-2.400000e-01 -4.909502e-01 1.074323e+00
-2.250000e-01 -4.909502e-01 9.992612e-01
-2.100000e-01 -4.909502e-01 9.199793e-01
-1.950000e-01 -4.909502e-01 8.376631e-01
-1.800000e-01 -4.909502e-01 7.537237e-01
-1.650000e-01 -4.909502e-01 6.697512e-01
-1.500000e-01 -4.909502e-01 5.873366e-01
-1.350000e-01 -4.909502e-01 5.076485e-01
-1.200000e-01 -4.909502e-01 4.305174e-01
-1.050000e-01 -4.909502e-01 3.527442e-01
-9.000000e-02 -4.909502e-01 2.688446e-01
-7.500000e-02 -4.909502e-01 1.870323e-01
-6.000000e-02 -4.909502e-01 1.304071e-01
-4.500000e-02 -4.909502e-01 1.001689e-01
-3.000000e-02 -4.909502e-01 8.536894e-02
-1.500000e-02 -4.909502e-01 7.868631e-02
5.551115e-17 -4.909502e-01 7.677414e-02
1.500000e-02 -4.909502e-01 7.868631e-02
3.000000e-02 -4.909502e-01 8.536894e-02
4.500000e-02 -4.909502e-01 1.001689e-01
6.000000e-02 -4.909502e-01 1.304071e-01
7.500000e-02 -4.909502e-01 1.870323e-01
9.000000e-02 -4.909502e-01 2.688446e-01
1.050000e-01 -4.909502e-01 3.527442e-01
1.200000e-01 -4.909502e-01 4.305174e-01
1.350000e-01 -4.909502e-01 5.076485e-01
1.500000e-01 -4.909502e-01 5.873366e-01
1.650000e-01 -4.909502e-01 6.697512e-01
1.800000e-01 -4.909502e-01 7.537237e-01
1.950000e-01 -4.909502e-01 8.376631e-01
2.100000e-01 -4.909502e-01 9.199793e-01
2.250000e-01 -4.909502e-01 9.992612e-01
2.400000e-01 -4.909502e-01 1.074323e+00
2.550000e-01 -4.909502e-01 1.144208e+00
2.700000e-01 -4.909502e-01 1.208199e+00
2.850000e-01 -4.909502e-01 1.265808e+00
3.000000e-01 -4.909502e-01 1.316731e+00
-3.000000e-01 -4.772859e-01 1.478543e+00
-2.850000e-01 -4.772859e-01 1.418417e+00
-2.700000e-01 -4.772859e-01 1.350600e+00
-2.550000e-01 -4.772859e-01 1.275531e+00
-2.400000e-01 -4.772859e-01 1.193876e+00
-2.250000e-01 -4.772859e-01 1.106572e+00
-2.100000e-01 -4.772859e-01 1.014832e+00
-1.950000e-01 -4.772859e-01 9.201269e-01
-1.800000e-01 -4.772859e-01 8.241672e-01
-1.650000e-01 -4.772859e-01 7.288400e-01
-1.500000e-01 -4.772859e-01 6.360018e-01
-1.350000e-01 -4.772859e-01 5.470116e-01
-1.200000e-01 -4.772859e-01 4.617575e-01
-1.050000e-01 -4.772859e-01 3.768827e-01
-9.000000e-02 -4.772859e-01 2.865772e-01
-7.500000e-02 -4.772859e-01 1.993484e-01
-6.000000e-02 -4.772859e-01 1.392379e-01
-4.500000e-02 -4.772859e-01 1.072325e-01
-3.000000e-02 -4.772859e-01 9.163231e-02
-1.500000e-02 -4.772859e-01 8.462766e-02
5.551115e-17 -4.772859e-01 8.263237e-02
1.500000e-02 -4.772859e-01 8.462766e-02
3.000000e-02 -4.772859e-01 9.163231e-02
4.500000e-02 -4.772859e-01 1.072325e-01
6.000000e-02 -4.772859e-01 1.392379e-01
7.500000e-02 -4.772859e-01 1.993484e-01
9.000000e-02 -4.772859e-01 2.865772e-01
1.050000e-01 -4.772859e-01 3.768827e-01
1.200000e-01 -4.772859e-01 4.617575e-01
1.350000e-01 -4.772859e-01 5.470116e-01
1.500000e-01 -4.772859e-01 6.360018e-01
1.650000e-01 -4.772859e-01 7.288400e-01
1.800000e-01 -4.772859e-01 8.241672e-01
1.950000e-01 -4.772859e-01 9.201269e-01
2.100000e-01 -4.772859e-01 1.014832e+00
2.250000e-01 -4.772859e-01 1.106572e+00
2.400000e-01 -4.772859e-01 1.193876e+00
2.550000e-01 -4.772859e-01 1.275531e+00
2.700000e-01 -4.772859e-01 1.350600e+00
2.850000e-01 -4.772859e-01 1.418417e+00
3.000000e-01 -4.772859e-01 1.478543e+00
-3.000000e-01 -4.636217e-01 1.670667e+00
-2.850000e-01 -4.636217e-01 1.599103e+00
-2.700000e-01 -4.636217e-01 1.518641e+00
-2.550000e-01 -4.636217e-01 1.429907e+00
-2.400000e-01 -4.636217e-01 1.333800e+00
-2.250000e-01 -4.636217e-01 1.231546e+00
-2.100000e-01 -4.636217e-01 1.124689e+00
-1.950000e-01 -4.636217e-01 1.015056e+00
-1.800000e-01 -4.636217e-01 9.047255e-01
-1.650000e-01 -4.636217e-01 7.959408e-01
-1.500000e-01 -4.636217e-01 6.908650e-01
-1.350000e-01 -4.636217e-01 5.910666e-01
-1.200000e-01 -4.636217e-01 4.964833e-01
-1.050000e-01 -4.636217e-01 4.035653e-01
-9.000000e-02 -4.636217e-01 3.061212e-01
-7.500000e-02 -4.636217e-01 2.129385e-01
-6.000000e-02 -4.636217e-01 1.490305e-01
-4.500000e-02 -4.636217e-01 1.151187e-01
-3.000000e-02 -4.636217e-01 9.867141e-02
-1.500000e-02 -4.636217e-01 9.133691e-02
5.551115e-17 -4.636217e-01 8.925933e-02
1.500000e-02 -4.636217e-01 9.133691e-02
3.000000e-02 -4.636217e-01 9.867141e-02
4.500000e-02 -4.636217e-01 1.151187e-01
6.000000e-02 -4.636217e-01 1.490305e-01
7.500000e-02 -4.636217e-01 2.129385e-01
9.000000e-02 -4.636217e-01 3.061212e-01
1.050000e-01 -4.636217e-01 4.035653e-01
1.200000e-01 -4.636217e-01 4.964833e-01
1.350000e-01 -4.636217e-01 5.910666e-01
1.500000e-01 -4.636217e-01 6.908650e-01
1.650000e-01 -4.636217e-01 7.959408e-01
1.800000e-01 -4.636217e-01 9.047255e-01
1.950000e-01 -4.636217e-01 1.015056e+00
2.100000e-01 -4.636217e-01 1.124689e+00
2.250000e-01 -4.636217e-01 1.231546e+00
2.400000e-01 -4.636217e-01 1.333800e+00
2.550000e-01 -4.636217e-01 1.429907e+00
2.700000e-01 -4.636217e-01 1.518641e+00
2.850000e-01 -4.636217e-01 1.599103e+00
3.000000e-01 -4.636217e-01 1.670667e+00
-3.000000e-01 -4.499574e-01 1.900700e+00
-2.850000e-01 -4.499574e-01 1.814792e+00
-2.700000e-01 -4.499574e-01 1.718530e+00
-2.550000e-01 -4.499574e-01 1.612789e+00
-2.400000e-01 -4.499574e-01 1.498786e+00
-2.250000e-01 -4.499574e-01 1.378123e+00
-2.100000e-01 -4.499574e-01 1.252772e+00
-1.950000e-01 -4.499574e-01 1.125012e+00
-1.800000e-01 -4.499574e-01 9.973757e-01
-1.650000e-01 -4.499574e-01 8.725338e-01
-1.500000e-01 -4.499574e-01 7.530026e-01
-1.350000e-01 -4.499574e-01 6.405762e-01
-1.200000e-01 -4.499574e-01 5.352255e-01
-1.050000e-01 -4.499574e-01 4.331577e-01
-9.000000e-02 -4.499574e-01 3.277294e-01
-7.500000e-02 -4.499574e-01 2.279830e-01
-6.000000e-02 -4.499574e-01 1.599287e-01
-4.500000e-02 -4.499574e-01 1.239595e-01
-3.000000e-02 -4.499574e-01 1.066191e-01
-1.500000e-02 -4.499574e-01 9.895149e-02
5.551115e-17 -4.499574e-01 9.679475e-02
1.500000e-02 -4.499574e-01 9.895149e-02
3.000000e-02 -4.499574e-01 1.066191e-01
4.500000e-02 -4.499574e-01 1.239595e-01
6.000000e-02 -4.499574e-01 1.599287e-01
7.500000e-02 -4.499574e-01 2.279830e-01
9.000000e-02 -4.499574e-01 3.277294e-01
1.050000e-01 -4.499574e-01 4.331577e-01
1.200000e-01 -4.499574e-01 5.352255e-01
1.350000e-01 -4.499574e-01 6.405762e-01
1.500000e-01 -4.499574e-01 7.530026e-01
1.650000e-01 -4.499574e-01 8.725338e-01
1.800000e-01 -4.499574e-01 9.973757e-01
1.950000e-01 -4.499574e-01 1.125012e+00
2.100000e-01 -4.499574e-01 1.252772e+00
2.250000e-01 -4.499574e-01 1.378123e+00
2.400000e-01 -4.499574e-01 1.498786e+00
2.550000e-01 -4.499574e-01 1.612789e+00
2.700000e-01 -4.499574e-01 1.718530e+00
2.850000e-01 -4.499574e-01 1.814792e+00
3.000000e-01 -4.499574e-01 1.900700e+00
-3.000000e-01 -4.362931e-01 2.178566e+00
-2.850000e-01 -4.362931e-01 2.074512e+00
-2.700000e-01 -4.362931e-01 1.958328e+00
-2.550000e-01 -4.362931e-01 1.831232e+00
-2.400000e-01 -4.362931e-01 1.694868e+00
-2.250000e-01 -4.362931e-01 1.551339e+00
-2.100000e-01 -4.362931e-01 1.403171e+00
-1.950000e-01 -4.362931e-01 1.253221e+00
-1.800000e-01 -4.362931e-01 1.104586e+00
-1.650000e-01 -4.362931e-01 9.604480e-01
-1.500000e-01 -4.362931e-01 8.237297e-01
-1.350000e-01 -4.362931e-01 6.964619e-01
-1.200000e-01 -4.362931e-01 5.786179e-01
-1.050000e-01 -4.362931e-01 4.660929e-01
-9.000000e-02 -4.362931e-01 3.516995e-01
-7.500000e-02 -4.362931e-01 2.446950e-01
-6.000000e-02 -4.362931e-01 1.721040e-01
-4.500000e-02 -4.362931e-01 1.339141e-01
-3.000000e-02 -4.362931e-01 1.156374e-01
-1.500000e-02 -4.362931e-01 1.076403e-01
5.551115e-17 -4.362931e-01 1.054108e-01
1.500000e-02 -4.362931e-01 1.076403e-01
3.000000e-02 -4.362931e-01 1.156374e-01
4.500000e-02 -4.362931e-01 1.339141e-01
6.000000e-02 -4.362931e-01 1.721040e-01
7.500000e-02 -4.362931e-01 2.446950e-01
9.000000e-02 -4.362931e-01 3.516995e-01
1.050000e-01 -4.362931e-01 4.660929e-01
1.200000e-01 -4.362931e-01 5.786179e-01
1.350000e-01 -4.362931e-01 6.964619e-01
1.500000e-01 -4.362931e-01 8.237297e-01
1.650000e-01 -4.362931e-01 9.604480e-01
1.800000e-01 -4.362931e-01 1.104586e+00
1.950000e-01 -4.362931e-01 1.253221e+00
2.100000e-01 -4.362931e-01 1.403171e+00
2.250000e-01 -4.362931e-01 1.551339e+00
2.400000e-01 -4.362931e-01 1.694868e+00
2.550000e-01 -4.362931e-01 1.831232e+00
2.700000e-01 -4.362931e-01 1.958328e+00
2.850000e-01 -4.362931e-01 2.074512e+00
3.000000e-01 -4.362931e-01 2.178566e+00
-3.000000e-01 -4.226288e-01 2.517306e+00
-2.850000e-01 -4.226288e-01 2.390103e+00
-2.700000e-01 -4.226288e-01 2.248581e+00
-2.550000e-01 -4.226288e-01 2.094435e+00
-2.400000e-01 -4.226288e-01 1.929883e+00
-2.250000e-01 -4.226288e-01 1.757696e+00
-2.100000e-01 -4.226288e-01 1.581131e+00
-1.950000e-01 -4.226288e-01 1.403784e+00
-1.800000e-01 -4.226288e-01 1.229461e+00
-1.650000e-01 -4.226288e-01 1.061960e+00
-1.500000e-01 -4.226288e-01 9.046640e-01
-1.350000e-01 -4.226288e-01 7.598434e-01
-1.200000e-01 -4.226288e-01 6.274220e-01
-1.050000e-01 -4.226288e-01 5.028864e-01
-9.000000e-02 -4.226288e-01 3.783841e-01
-7.500000e-02 -4.226288e-01 2.633273e-01
-6.000000e-02 -4.226288e-01 1.857620e-01
-4.500000e-02 -4.226288e-01 1.451759e-01
-3.000000e-02 -4.226288e-01 1.259251e-01
-1.500000e-02 -4.226288e-01 1.176122e-01
5.551115e-17 -4.226288e-01 1.153212e-01
1.500000e-02 -4.226288e-01 1.176122e-01
3.000000e-02 -4.226288e-01 1.259251e-01
4.500000e-02 -4.226288e-01 1.451759e-01
6.000000e-02 -4.226288e-01 1.857620e-01
7.500000e-02 -4.226288e-01 2.633273e-01
9.000000e-02 -4.226288e-01 3.783841e-01
1.050000e-01 -4.226288e-01 5.028864e-01
1.200000e-01 -4.226288e-01 6.274220e-01
1.350000e-01 -4.226288e-01 7.598434e-01
1.500000e-01 -4.226288e-01 9.046640e-01
1.650000e-01 -4.226288e-01 1.061960e+00
1.800000e-01 -4.226288e-01 1.229461e+00
1.950000e-01 -4.226288e-01 1.403784e+00
2.100000e-01 -4.226288e-01 1.581131e+00
2.250000e-01 -4.226288e-01 1.757696e+00
2.400000e-01 -4.226288e-01 1.929883e+00
2.550000e-01 -4.226288e-01 2.094435e+00
2.700000e-01 -4.226288e-01 2.248581e+00
2.850000e-01 -4.226288e-01 2.390103e+00
3.000000e-01 -4.226288e-01 2.517306e+00
-3.000000e-01 -4.089645e-01 2.934105e+00
-2.850000e-01 -4.089645e-01 2.777157e+00
-2.700000e-01 -4.089645e-01 2.603164e+00
-2.550000e-01 -4.089645e-01 2.414469e+00
-2.400000e-01 -4.089645e-01 2.214073e+00
-2.250000e-01 -4.089645e-01 2.005651e+00
-2.100000e-01 -4.089645e-01 1.793425e+00
-1.950000e-01 -4.089645e-01 1.581957e+00
-1.800000e-01 -4.089645e-01 1.375942e+00
-1.650000e-01 -4.089645e-01 1.179925e+00
-1.500000e-01 -4.089645e-01 9.978106e-01
-1.350000e-01 -4.089645e-01 8.320912e-01
-1.200000e-01 -4.089645e-01 6.825585e-01
-1.050000e-01 -4.089645e-01 5.441549e-01
-9.000000e-02 -4.089645e-01 4.082031e-01
-7.500000e-02 -4.089645e-01 2.841821e-01
-6.000000e-02 -4.089645e-01 2.011504e-01
-4.500000e-02 -4.089645e-01 1.579808e-01
-3.000000e-02 -4.089645e-01 1.377282e-01
-1.500000e-02 -4.089645e-01 1.291281e-01
5.551115e-17 -4.089645e-01 1.267935e-01
1.500000e-02 -4.089645e-01 1.291281e-01
3.000000e-02 -4.089645e-01 1.377282e-01
4.500000e-02 -4.089645e-01 1.579808e-01
6.000000e-02 -4.089645e-01 2.011504e-01
7.500000e-02 -4.089645e-01 2.841821e-01
9.000000e-02 -4.089645e-01 4.082031e-01
1.050000e-01 -4.089645e-01 5.441549e-01
1.200000e-01 -4.089645e-01 6.825585e-01
1.350000e-01 -4.089645e-01 8.320912e-01
1.500000e-01 -4.089645e-01 9.978106e-01
1.650000e-01 -4.089645e-01 1.179925e+00
1.800000e-01 -4.089645e-01 1.375942e+00
1.950000e-01 -4.089645e-01 1.581957e+00
2.100000e-01 -4.089645e-01 1.793425e+00
2.250000e-01 -4.089645e-01 2.005651e+00
2.400000e-01 -4.089645e-01 2.214073e+00
2.550000e-01 -4.089645e-01 2.414469e+00
2.700000e-01 -4.089645e-01 2.603164e+00
2.850000e-01 -4.089645e-01 2.777157e+00
3.000000e-01 -4.089645e-01 2.934105e+00
-3.000000e-01 -3.953003e-01 3.451540e+00
-2.850000e-01 -3.953003e-01 3.256202e+00
-2.700000e-01 -3.953003e-01 3.040357e+00
-2.550000e-01 -3.953003e-01 2.807233e+00
-2.400000e-01 -3.953003e-01 2.560908e+00
-2.250000e-01 -3.953003e-01 2.306282e+00
-2.100000e-01 -3.953003e-01 2.048880e+00
-1.950000e-01 -3.953003e-01 1.794532e+00
-1.800000e-01 -3.953003e-01 1.549073e+00
-1.650000e-01 -3.953003e-01 1.317958e+00
-1.500000e-01 -3.953003e-01 1.105675e+00
-1.350000e-01 -3.953003e-01 9.148949e-01
-1.200000e-01 -3.953003e-01 7.451481e-01
-1.050000e-01 -3.953003e-01 5.906413e-01
-9.000000e-02 -3.953003e-01 4.416591e-01
-7.500000e-02 -3.953003e-01 3.076220e-01
-6.000000e-02 -3.953003e-01 2.185697e-01
-4.500000e-02 -3.953003e-01 1.726192e-01
-3.000000e-02 -3.953003e-01 1.513530e-01
-1.500000e-02 -3.953003e-01 1.425158e-01
5.551115e-17 -3.953003e-01 1.401649e-01
1.500000e-02 -3.953003e-01 1.425158e-01
3.000000e-02 -3.953003e-01 1.513530e-01
4.500000e-02 -3.953003e-01 1.726192e-01
6.000000e-02 -3.953003e-01 2.185697e-01
7.500000e-02 -3.953003e-01 3.076220e-01
9.000000e-02 -3.953003e-01 4.416591e-01
1.050000e-01 -3.953003e-01 5.906413e-01
1.200000e-01 -3.953003e-01 7.451481e-01
1.350000e-01 -3.953003e-01 9.148949e-01
1.500000e-01 -3.953003e-01 1.105675e+00
1.650000e-01 -3.953003e-01 1.317958e+00
1.800000e-01 -3.953003e-01 1.549073e+00
1.950000e-01 -3.953003e-01 1.794532e+00
2.100000e-01 -3.953003e-01 2.048880e+00
2.250000e-01 -3.953003e-01 2.306282e+00
2.400000e-01 -3.953003e-01 2.560908e+00
2.550000e-01 -3.953003e-01 2.807233e+00
2.700000e-01 -3.953003e-01 3.040357e+00
2.850000e-01 -3.953003e-01 3.256202e+00
3.000000e-01 -3.953003e-01 3.451540e+00
-3.000000e-01 -3.816360e-01 4.098882e+00
-2.850000e-01 -3.816360e-01 3.854021e+00
-2.700000e-01 -3.816360e-01 3.584132e+00
-2.550000e-01 -3.816360e-01 3.293652e+00
-2.400000e-01 -3.816360e-01 2.988134e+00
-2.250000e-01 -3.816360e-01 2.674170e+00
-2.100000e-01 -3.816360e-01 2.359063e+00
-1.950000e-01 -3.816360e-01 2.050354e+00
-1.800000e-01 -3.816360e-01 1.755362e+00
-1.650000e-01 -3.816360e-01 1.480671e+00
-1.500000e-01 -3.816360e-01 1.231412e+00
-1.350000e-01 -3.816360e-01 1.010353e+00
-1.200000e-01 -3.816360e-01 8.165638e-01
-1.050000e-01 -3.816360e-01 6.432456e-01
-9.000000e-02 -3.816360e-01 4.793582e-01
-7.500000e-02 -3.816360e-01 3.340850e-01
-6.000000e-02 -3.816360e-01 2.383872e-01
-4.500000e-02 -3.816360e-01 1.894509e-01
-3.000000e-02 -3.816360e-01 1.671847e-01
-1.500000e-02 -3.816360e-01 1.581910e-01
5.551115e-17 -3.816360e-01 1.558648e-01
1.500000e-02 -3.816360e-01 1.581910e-01
3.000000e-02 -3.816360e-01 1.671847e-01
4.500000e-02 -3.816360e-01 1.894509e-01
6.000000e-02 -3.816360e-01 2.383872e-01
7.500000e-02 -3.816360e-01 3.340850e-01
9.000000e-02 -3.816360e-01 4.793582e-01
1.050000e-01 -3.816360e-01 6.432456e-01
1.200000e-01 -3.816360e-01 8.165638e-01
1.350000e-01 -3.816360e-01 1.010353e+00
1.500000e-01 -3.816360e-01 1.231412e+00
1.650000e-01 -3.816360e-01 1.480671e+00
1.800000e-01 -3.816360e-01 1.755362e+00
1.950000e-01 -3.816360e-01 2.050354e+00
2.100000e-01 -3.816360e-01 2.359063e+00
2.250000e-01 -3.816360e-01 2.674170e+00
2.400000e-01 -3.816360e-01 2.988134e+00
2.550000e-01 -3.816360e-01 3.293652e+00
2.700000e-01 -3.816360e-01 3.584132e+00
2.850000e-01 -3.816360e-01 3.854021e+00
3.000000e-01 -3.816360e-01 4.098882e+00
-3.000000e-01 -3.679717e-01 4.912818e+00
-2.850000e-01 -3.679717e-01 4.604695e+00
-2.700000e-01 -3.679717e-01 4.265405e+00
-2.550000e-01 -3.679717e-01 3.900994e+00
-2.400000e-01 -3.679717e-01 3.519046e+00
-2.250000e-01 -3.679717e-01 3.128520e+00
-2.100000e-01 -3.679717e-01 2.739210e+00
-1.950000e-01 -3.679717e-01 2.361023e+00
-1.800000e-01 -3.679717e-01 2.003281e+00
-1.650000e-01 -3.679717e-01 1.673999e+00
-1.500000e-01 -3.679717e-01 1.379030e+00
-1.350000e-01 -3.679717e-01 1.121094e+00
-1.200000e-01 -3.679717e-01 8.985011e-01
-1.050000e-01 -3.679717e-01 7.030659e-01
-9.000000e-02 -3.679717e-01 5.220347e-01
-7.500000e-02 -3.679717e-01 3.641043e-01
-6.000000e-02 -3.679717e-01 2.610547e-01
-4.500000e-02 -3.679717e-01 2.089257e-01
-3.000000e-02 -3.679717e-01 1.857111e-01
-1.500000e-02 -3.679717e-01 1.766857e-01
5.551115e-17 -3.679717e-01 1.744441e-01
1.500000e-02 -3.679717e-01 1.766857e-01
3.000000e-02 -3.679717e-01 1.857111e-01
4.500000e-02 -3.679717e-01 2.089257e-01
6.000000e-02 -3.679717e-01 2.610547e-01
7.500000e-02 -3.679717e-01 3.641043e-01
9.000000e-02 -3.679717e-01 5.220347e-01
1.050000e-01 -3.679717e-01 7.030659e-01
1.200000e-01 -3.679717e-01 8.985011e-01
1.350000e-01 -3.679717e-01 1.121094e+00
1.500000e-01 -3.679717e-01 1.379030e+00
1.650000e-01 -3.679717e-01 1.673999e+00
1.800000e-01 -3.679717e-01 2.003281e+00
1.950000e-01 -3.679717e-01 2.361023e+00
2.100000e-01 -3.679717e-01 2.739210e+00
2.250000e-01 -3.679717e-01 3.128520e+00
2.400000e-01 -3.679717e-01 3.519046e+00
2.550000e-01 -3.679717e-01 3.900994e+00
2.700000e-01 -3.679717e-01 4.265405e+00
2.850000e-01 -3.679717e-01 4.604695e+00
3.000000e-01 -3.679717e-01 4.912818e+00
-3.000000e-01 -3.543074e-01 5.935907e+00
-2.850000e-01 -3.543074e-01 5.549162e+00
-2.700000e-01 -3.543074e-01 5.122451e+00
-2.550000e-01 -3.543074e-01 4.663865e+00
-2.400000e-01 -3.543074e-01 4.183767e+00
-2.250000e-01 -3.543074e-01 3.694472e+00
-2.100000e-01 -3.543074e-01 3.209380e+00
-1.950000e-01 -3.543074e-01 2.741814e+00
-1.800000e-01 -3.543074e-01 2.303923e+00
-1.650000e-01 -3.543074e-01 1.905645e+00
-1.500000e-01 -3.543074e-01 1.553663e+00
-1.350000e-01 -3.543074e-01 1.250435e+00
-1.200000e-01 -3.543074e-01 9.930689e-01
-1.050000e-01 -3.543074e-01 7.714514e-01
-9.000000e-02 -3.543074e-01 5.705855e-01
-7.500000e-02 -3.543074e-01 3.983327e-01
-6.000000e-02 -3.543074e-01 2.871324e-01
-4.500000e-02 -3.543074e-01 2.316098e-01
-3.000000e-02 -3.543074e-01 2.075558e-01
-1.500000e-02 -3.543074e-01 1.986860e-01
5.551115e-17 -3.543074e-01 1.966157e-01
1.500000e-02 -3.543074e-01 1.986860e-01
3.000000e-02 -3.543074e-01 2.075558e-01
4.500000e-02 -3.543074e-01 2.316098e-01
6.000000e-02 -3.543074e-01 2.871324e-01
7.500000e-02 -3.543074e-01 3.983327e-01
9.000000e-02 -3.543074e-01 5.705855e-01
1.050000e-01 -3.543074e-01 7.714514e-01
1.200000e-01 -3.543074e-01 9.930689e-01
1.350000e-01 -3.543074e-01 1.250435e+00
1.500000e-01 -3.543074e-01 1.553663e+00
1.650000e-01 -3.543074e-01 1.905645e+00
1.800000e-01 -3.543074e-01 2.303923e+00
1.950000e-01 -3.543074e-01 2.741814e+00
2.100000e-01 -3.543074e-01 3.209380e+00
2.250000e-01 -3.543074e-01 3.694472e+00
2.400000e-01 -3.543074e-01 4.183767e+00
2.550000e-01 -3.543074e-01 4.663865e+00
2.700000e-01 -3.543074e-01 5.122451e+00
2.850000e-01 -3.543074e-01 5.549162e+00
3.000000e-01 -3.543074e-01 5.935907e+00
-3.000000e-01 -3.406431e-01 7.208750e+00
-2.850000e-01 -3.406431e-01 6.730269e+00
-2.700000e-01 -3.406431e-01 6.198409e+00
-2.550000e-01 -3.406431e-01 5.623575e+00
-2.400000e-01 -3.406431e-01 5.019816e+00
-2.250000e-01 -3.406431e-01 4.404279e+00
-2.100000e-01 -3.406431e-01 3.795776e+00
-1.950000e-01 -3.406431e-01 3.212839e+00
-1.800000e-01 -3.406431e-01 2.671892e+00
-1.650000e-01 -3.406431e-01 2.185676e+00
-1.500000e-01 -3.406431e-01 1.761947e+00
-1.350000e-01 -3.406431e-01 1.402602e+00
-1.200000e-01 -3.406431e-01 1.102912e+00
-1.050000e-01 -3.406431e-01 8.500723e-01
-9.000000e-02 -3.406431e-01 6.261131e-01
-7.500000e-02 -3.406431e-01 4.375755e-01
-6.000000e-02 -3.406431e-01 3.173202e-01
-4.500000e-02 -3.406431e-01 2.582227e-01
-3.000000e-02 -3.406431e-01 2.335221e-01
-1.500000e-02 -3.406431e-01 2.250839e-01
5.551115e-17 -3.406431e-01 2.233092e-01
1.500000e-02 -3.406431e-01 2.250839e-01
3.000000e-02 -3.406431e-01 2.335221e-01
4.500000e-02 -3.406431e-01 2.582227e-01
6.000000e-02 -3.406431e-01 3.173202e-01
7.500000e-02 -3.406431e-01 4.375755e-01
9.000000e-02 -3.406431e-01 6.261131e-01
1.050000e-01 -3.406431e-01 8.500723e-01
1.200000e-01 -3.406431e-01 1.102912e+00
1.350000e-01 -3.406431e-01 1.402602e+00
1.500000e-01 -3.406431e-01 1.761947e+00
1.650000e-01 -3.406431e-01 2.185676e+00
1.800000e-01 -3.406431e-01 2.671892e+00
1.950000e-01 -3.406431e-01 3.212839e+00
2.100000e-01 -3.406431e-01 3.795776e+00
2.250000e-01 -3.406431e-01 4.404279e+00
2.400000e-01 -3.406431e-01 5.019816e+00
2.550000e-01 -3.406431e-01 5.623575e+00
2.700000e-01 -3.406431e-01 6.198409e+00
2.850000e-01 -3.406431e-01 6.730269e+00
3.000000e-01 -3.406431e-01 7.208750e+00
-3.000000e-01 -3.269789e-01 8.748041e+00
-2.850000e-01 -3.269789e-01 8.176955e+00
-2.700000e-01 -3.269789e-01 7.531120e+00
-2.550000e-01 -3.269789e-01 6.822673e+00
-2.400000e-01 -3.269789e-01 6.070085e+00
-2.250000e-01 -3.269789e-01 5.297401e+00
-2.100000e-01 -3.269789e-01 4.531835e+00
-1.950000e-01 -3.269789e-01 3.800362e+00
-1.800000e-01 -3.269789e-01 3.126427e+00
-1.650000e-01 -3.269789e-01 2.527328e+00
-1.500000e-01 -3.269789e-01 2.012519e+00
-1.350000e-01 -3.269789e-01 1.583019e+00
-1.200000e-01 -3.269789e-01 1.231375e+00
-1.050000e-01 -3.269789e-01 9.410119e-01
-9.000000e-02 -3.269789e-01 6.899834e-01
-7.500000e-02 -3.269789e-01 4.828339e-01
-6.000000e-02 -3.269789e-01 3.525000e-01
-4.500000e-02 -3.269789e-01 2.896861e-01
-3.000000e-02 -3.269789e-01 2.646541e-01
-1.500000e-02 -3.269789e-01 2.570478e-01
5.551115e-17 -3.269789e-01 2.557447e-01
1.500000e-02 -3.269789e-01 2.570478e-01
3.000000e-02 -3.269789e-01 2.646541e-01
4.500000e-02 -3.269789e-01 2.896861e-01
6.000000e-02 -3.269789e-01 3.525000e-01
7.500000e-02 -3.269789e-01 4.828339e-01
9.000000e-02 -3.269789e-01 6.899834e-01
1.050000e-01 -3.269789e-01 9.410119e-01
1.200000e-01 -3.269789e-01 1.231375e+00
1.350000e-01 -3.269789e-01 1.583019e+00
1.500000e-01 -3.269789e-01 2.012519e+00
1.650000e-01 -3.269789e-01 2.527328e+00
1.800000e-01 -3.269789e-01 3.126427e+00
1.950000e-01 -3.269789e-01 3.800362e+00
2.100000e-01 -3.269789e-01 4.531835e+00
2.250000e-01 -3.269789e-01 5.297401e+00
2.400000e-01 -3.269789e-01 6.070085e+00
2.550000e-01 -3.269789e-01 6.822673e+00
2.700000e-01 -3.269789e-01 7.531120e+00
2.850000e-01 -3.269789e-01 8.176955e+00
3.000000e-01 -3.269789e-01 8.748041e+00
-3.000000e-01 -3.133146e-01 1.049987e+01
-2.850000e-01 -3.133146e-01 9.867313e+00
-2.700000e-01 -3.133146e-01 9.126502e+00
-2.550000e-01 -3.133146e-01 8.288002e+00
-2.400000e-01 -3.133146e-01 7.373842e+00
-2.250000e-01 -3.133146e-01 6.417071e+00
-2.100000e-01 -3.133146e-01 5.457981e+00
-1.950000e-01 -3.133146e-01 4.537885e+00
-1.800000e-01 -3.133146e-01 3.692699e+00
-1.650000e-01 -3.133146e-01 2.948040e+00
-1.500000e-01 -3.133146e-01 2.316705e+00
-1.350000e-01 -3.133146e-01 1.798711e+00
-1.200000e-01 -3.133146e-01 1.382724e+00
-1.050000e-01 -3.133146e-01 1.046891e+00
-9.000000e-02 -3.133146e-01 7.639015e-01
-7.500000e-02 -3.133146e-01 5.353629e-01
-6.000000e-02 -3.133146e-01 3.937921e-01
-4.500000e-02 -3.133146e-01 3.271907e-01
-3.000000e-02 -3.133146e-01 3.023177e-01
-1.500000e-02 -3.133146e-01 2.961148e-01
5.551115e-17 -3.133146e-01 2.955294e-01
1.500000e-02 -3.133146e-01 2.961148e-01
3.000000e-02 -3.133146e-01 3.023177e-01
4.500000e-02 -3.133146e-01 3.271907e-01
6.000000e-02 -3.133146e-01 3.937921e-01
7.500000e-02 -3.133146e-01 5.353629e-01
9.000000e-02 -3.133146e-01 7.639015e-01
1.050000e-01 -3.133146e-01 1.046891e+00
1.200000e-01 -3.133146e-01 1.382724e+00
1.350000e-01 -3.133146e-01 1.798711e+00
1.500000e-01 -3.133146e-01 2.316705e+00
1.650000e-01 -3.133146e-01 2.948040e+00
1.800000e-01 -3.133146e-01 3.692699e+00
1.950000e-01 -3.133146e-01 4.537885e+00
2.100000e-01 -3.133146e-01 5.457981e+00
2.250000e-01 -3.133146e-01 6.417071e+00
2.400000e-01 -3.133146e-01 7.373842e+00
2.550000e-01 -3.133146e-01 8.288002e+00
2.700000e-01 -3.133146e-01 9.126502e+00
2.850000e-01 -3.133146e-01 9.867313e+00
3.000000e-01 -3.133146e-01 1.049987e+01
-3.000000e-01 -2.996503e-01 1.226931e+01
-2.850000e-01 -2.996503e-01 1.166427e+01
-2.700000e-01 -2.996503e-01 1.090541e+01
-2.550000e-01 -2.996503e-01 9.991859e+00
-2.400000e-01 -2.996503e-01 8.942377e+00
-2.250000e-01 -2.996503e-01 7.797908e+00
-2.100000e-01 -2.996503e-01 6.617213e+00
-1.950000e-01 -2.996503e-01 5.465866e+00
-1.800000e-01 -2.996503e-01 4.402985e+00
-1.650000e-01 -2.996503e-01 3.470710e+00
-1.500000e-01 -2.996503e-01 2.689415e+00
-1.350000e-01 -2.996503e-01 2.058845e+00
-1.200000e-01 -2.996503e-01 1.562445e+00
-1.050000e-01 -2.996503e-01 1.171034e+00
-9.000000e-02 -2.996503e-01 8.500139e-01
-7.500000e-02 -2.996503e-01 5.967481e-01
-6.000000e-02 -2.996503e-01 4.426320e-01
-4.500000e-02 -2.996503e-01 3.722873e-01
-3.000000e-02 -2.996503e-01 3.483099e-01
-1.500000e-02 -2.996503e-01 3.443105e-01
5.551115e-17 -2.996503e-01 3.447779e-01
1.500000e-02 -2.996503e-01 3.443105e-01
3.000000e-02 -2.996503e-01 3.483099e-01
4.500000e-02 -2.996503e-01 3.722873e-01
6.000000e-02 -2.996503e-01 4.426320e-01
7.500000e-02 -2.996503e-01 5.967481e-01
9.000000e-02 -2.996503e-01 8.500139e-01
1.050000e-01 -2.996503e-01 1.171034e+00
1.200000e-01 -2.996503e-01 1.562445e+00
1.350000e-01 -2.996503e-01 2.058845e+00
1.500000e-01 -2.996503e-01 2.689415e+00
1.650000e-01 -2.996503e-01 3.470710e+00
1.800000e-01 -2.996503e-01 4.402985e+00
1.950000e-01 -2.996503e-01 5.465866e+00
2.100000e-01 -2.996503e-01 6.617213e+00
2.250000e-01 -2.996503e-01 7.797908e+00
2.400000e-01 -2.996503e-01 8.942377e+00
2.550000e-01 -2.996503e-01 9.991859e+00
2.700000e-01 -2.996503e-01 1.090541e+01
2.850000e-01 -2.996503e-01 1.166427e+01
3.000000e-01 -2.996503e-01 1.226931e+01
-3.000000e-01 -2.859860e-01 1.367875e+01
-2.850000e-01 -2.859860e-01 1.325268e+01
-2.700000e-01 -2.859860e-01 1.263229e+01
-2.550000e-01 -2.859860e-01 1.178612e+01
-2.400000e-01 -2.859860e-01 1.070893e+01
-2.250000e-01 -2.859860e-01 9.435083e+00
-2.100000e-01 -2.859860e-01 8.040491e+00
-1.950000e-01 -2.859860e-01 6.627217e+00
-1.800000e-01 -2.859860e-01 5.296717e+00
-1.650000e-01 -2.859860e-01 4.124970e+00
-1.500000e-01 -2.859860e-01 3.150285e+00
-1.350000e-01 -2.859860e-01 2.375457e+00
-1.200000e-01 -2.859860e-01 1.777653e+00
-1.050000e-01 -2.859860e-01 1.317692e+00
-9.000000e-02 -2.859860e-01 9.510453e-01
-7.500000e-02 -2.859860e-01 6.690102e-01
-6.000000e-02 -2.859860e-01 5.008749e-01
-4.500000e-02 -2.859860e-01 4.270088e-01
-3.000000e-02 -2.859860e-01 4.049983e-01
-1.500000e-02 -2.859860e-01 4.042869e-01
5.551115e-17 -2.859860e-01 4.062449e-01
1.500000e-02 -2.859860e-01 4.042869e-01
3.000000e-02 -2.859860e-01 4.049983e-01
4.500000e-02 -2.859860e-01 4.270088e-01
6.000000e-02 -2.859860e-01 5.008749e-01
7.500000e-02 -2.859860e-01 6.690102e-01
9.000000e-02 -2.859860e-01 9.510453e-01
1.050000e-01 -2.859860e-01 1.317692e+00
1.200000e-01 -2.859860e-01 1.777653e+00
1.350000e-01 -2.859860e-01 2.375457e+00
1.500000e-01 -2.859860e-01 3.150285e+00
1.650000e-01 -2.859860e-01 4.124970e+00
1.800000e-01 -2.859860e-01 5.296717e+00
1.950000e-01 -2.859860e-01 6.627217e+00
2.100000e-01 -2.859860e-01 8.040491e+00
2.250000e-01 -2.859860e-01 9.435083e+00
2.400000e-01 -2.859860e-01 1.070893e+01
2.550000e-01 -2.859860e-01 1.178612e+01
2.700000e-01 -2.859860e-01 1.263229e+01
2.850000e-01 -2.859860e-01 1.325268e+01
3.000000e-01 -2.859860e-01 1.367875e+01
-3.000000e-01 -2.723217e-01 1.427654e+01
-2.850000e-01 -2.723217e-01 1.418071e+01
-2.700000e-01 -2.723217e-01 1.389568e+01
-2.550000e-01 -2.723217e-01 1.334248e+01
-2.400000e-01 -2.723217e-01 1.245743e+01
-2.250000e-01 -2.723217e-01 1.122612e+01
-2.100000e-01 -2.723217e-01 9.711905e+00
-1.950000e-01 -2.723217e-01 8.052514e+00
-1.800000e-01 -2.723217e-01 6.416950e+00
-1.650000e-01 -2.723217e-01 4.947795e+00
-1.500000e-01 -2.723217e-01 3.724972e+00
-1.350000e-01 -2.723217e-01 2.764401e+00
-1.200000e-01 -2.723217e-01 2.037645e+00
-1.050000e-01 -2.723217e-01 1.492351e+00
-9.000000e-02 -2.723217e-01 1.070484e+00
-7.500000e-02 -2.723217e-01 7.547467e-01
-6.000000e-02 -2.723217e-01 5.709369e-01
-4.500000e-02 -2.723217e-01 4.940317e-01
-3.000000e-02 -2.723217e-01 4.754871e-01
-1.500000e-02 -2.723217e-01 4.794516e-01
5.551115e-17 -2.723217e-01 4.834231e-01
1.500000e-02 -2.723217e-01 4.794516e-01
3.000000e-02 -2.723217e-01 4.754871e-01
4.500000e-02 -2.723217e-01 4.940317e-01
6.000000e-02 -2.723217e-01 5.709369e-01
7.500000e-02 -2.723217e-01 7.547467e-01
9.000000e-02 -2.723217e-01 1.070484e+00
1.050000e-01 -2.723217e-01 1.492351e+00
1.200000e-01 -2.723217e-01 2.037645e+00
1.350000e-01 -2.723217e-01 2.764401e+00
1.500000e-01 -2.723217e-01 3.724972e+00
1.650000e-01 -2.723217e-01 4.947795e+00
1.800000e-01 -2.723217e-01 6.416950e+00
1.950000e-01 -2.723217e-01 8.052514e+00
2.100000e-01 -2.723217e-01 9.711905e+00
2.250000e-01 -2.723217e-01 1.122612e+01
2.400000e-01 -2.723217e-01 1.245743e+01
2.550000e-01 -2.723217e-01 1.334248e+01
2.700000e-01 -2.723217e-01 1.389568e+01
2.850000e-01 -2.723217e-01 1.418071e+01
3.000000e-01 -2.723217e-01 1.427654e+01
-3.000000e-01 -2.586575e-01 1.382728e+01
-2.850000e-01 -2.586575e-01 1.410086e+01
-2.700000e-01 -2.586575e-01 1.426423e+01
-2.550000e-01 -2.586575e-01 1.420646e+01
-2.400000e-01 -2.586575e-01 1.379174e+01
-2.250000e-01 -2.586575e-01 1.290135e+01
-2.100000e-01 -2.586575e-01 1.150632e+01
-1.950000e-01 -2.586575e-01 9.724842e+00
-1.800000e-01 -2.586575e-01 7.797758e+00
-1.650000e-01 -2.586575e-01 5.981638e+00
-1.500000e-01 -2.586575e-01 4.446246e+00
-1.350000e-01 -2.586575e-01 3.246534e+00
-1.200000e-01 -2.586575e-01 2.354637e+00
-1.050000e-01 -2.586575e-01 1.702144e+00
-9.000000e-02 -2.586575e-01 1.212833e+00
-7.500000e-02 -2.586575e-01 8.573237e-01
-6.000000e-02 -2.586575e-01 6.559855e-01
-4.500000e-02 -2.586575e-01 5.768809e-01
-3.000000e-02 -2.586575e-01 5.637768e-01
-1.500000e-02 -2.586575e-01 5.739871e-01
5.551115e-17 -2.586575e-01 5.804714e-01
1.500000e-02 -2.586575e-01 5.739871e-01
3.000000e-02 -2.586575e-01 5.637768e-01
4.500000e-02 -2.586575e-01 5.768809e-01
6.000000e-02 -2.586575e-01 6.559855e-01
7.500000e-02 -2.586575e-01 8.573237e-01
9.000000e-02 -2.586575e-01 1.212833e+00
1.050000e-01 -2.586575e-01 1.702144e+00
1.200000e-01 -2.586575e-01 2.354637e+00
1.350000e-01 -2.586575e-01 3.246534e+00
1.500000e-01 -2.586575e-01 4.446246e+00
1.650000e-01 -2.586575e-01 5.981638e+00
1.800000e-01 -2.586575e-01 7.797758e+00
1.950000e-01 -2.586575e-01 9.724842e+00
2.100000e-01 -2.586575e-01 1.150632e+01
2.250000e-01 -2.586575e-01 1.290135e+01
2.400000e-01 -2.586575e-01 1.379174e+01
2.550000e-01 -2.586575e-01 1.420646e+01
2.700000e-01 -2.586575e-01 1.426423e+01
2.850000e-01 -2.586575e-01 1.410086e+01
3.000000e-01 -2.586575e-01 1.382728e+01
-3.000000e-01 -2.449932e-01 1.251038e+01
-2.850000e-01 -2.449932e-01 1.304558e+01
-2.700000e-01 -2.449932e-01 1.358990e+01
-2.550000e-01 -2.449932e-01 1.405058e+01
-2.400000e-01 -2.449932e-01 1.426914e+01
-2.250000e-01 -2.449932e-01 1.402776e+01
-2.100000e-01 -2.449932e-01 1.312378e+01
-1.950000e-01 -2.449932e-01 1.151719e+01
-1.800000e-01 -2.449932e-01 9.433035e+00
-1.650000e-01 -2.449932e-01 7.265840e+00
-1.500000e-01 -2.449932e-01 5.353801e+00
-1.350000e-01 -2.449932e-01 3.848985e+00
-1.200000e-01 -2.449932e-01 2.744727e+00
-1.050000e-01 -2.449932e-01 1.956414e+00
-9.000000e-02 -2.449932e-01 1.383955e+00
-7.500000e-02 -2.449932e-01 9.811367e-01
-6.000000e-02 -2.449932e-01 7.601921e-01
-4.500000e-02 -2.449932e-01 6.801615e-01
-3.000000e-02 -2.449932e-01 6.748130e-01
-1.500000e-02 -2.449932e-01 6.925114e-01
5.551115e-17 -2.449932e-01 7.016481e-01
1.500000e-02 -2.449932e-01 6.925114e-01
3.000000e-02 -2.449932e-01 6.748130e-01
4.500000e-02 -2.449932e-01 6.801615e-01
6.000000e-02 -2.449932e-01 7.601921e-01
7.500000e-02 -2.449932e-01 9.811367e-01
9.000000e-02 -2.449932e-01 1.383955e+00
1.050000e-01 -2.449932e-01 1.956414e+00
1.200000e-01 -2.449932e-01 2.744727e+00
1.350000e-01 -2.449932e-01 3.848985e+00
1.500000e-01 -2.449932e-01 5.353801e+00
1.650000e-01 -2.449932e-01 7.265840e+00
1.800000e-01 -2.449932e-01 9.433035e+00
1.950000e-01 -2.449932e-01 1.151719e+01
2.100000e-01 -2.449932e-01 1.312378e+01
2.250000e-01 -2.449932e-01 1.402776e+01
2.400000e-01 -2.449932e-01 1.426914e+01
2.550000e-01 -2.449932e-01 1.405058e+01
2.700000e-01 -2.449932e-01 1.358990e+01
2.850000e-01 -2.449932e-01 1.304558e+01
3.000000e-01 -2.449932e-01 1.251038e+01
-3.000000e-01 -2.313289e-01 1.076619e+01
-2.850000e-01 -2.313289e-01 1.139882e+01
-2.700000e-01 -2.313289e-01 1.213583e+01
-2.550000e-01 -2.313289e-01 1.293807e+01
-2.400000e-01 -2.313289e-01 1.369940e+01
-2.250000e-01 -2.313289e-01 1.420335e+01
-2.100000e-01 -2.313289e-01 1.411776e+01
-1.950000e-01 -2.313289e-01 1.312735e+01
-1.800000e-01 -2.313289e-01 1.121798e+01
-1.650000e-01 -2.313289e-01 8.813177e+00
-1.500000e-01 -2.313289e-01 6.490063e+00
-1.350000e-01 -2.313289e-01 4.606033e+00
-1.200000e-01 -2.313289e-01 3.229064e+00
-1.050000e-01 -2.313289e-01 2.267455e+00
-9.000000e-02 -2.313289e-01 1.591528e+00
-7.500000e-02 -2.313289e-01 1.131960e+00
-6.000000e-02 -2.313289e-01 8.890489e-01
-4.500000e-02 -2.313289e-01 8.097546e-01
-3.000000e-02 -2.313289e-01 8.141498e-01
-1.500000e-02 -2.313289e-01 8.388193e-01
5.551115e-17 -2.313289e-01 8.495676e-01
1.500000e-02 -2.313289e-01 8.388193e-01
3.000000e-02 -2.313289e-01 8.141498e-01
4.500000e-02 -2.313289e-01 8.097546e-01
6.000000e-02 -2.313289e-01 8.890489e-01
7.500000e-02 -2.313289e-01 1.131960e+00
9.000000e-02 -2.313289e-01 1.591528e+00
1.050000e-01 -2.313289e-01 2.267455e+00
1.200000e-01 -2.313289e-01 3.229064e+00
1.350000e-01 -2.313289e-01 4.606033e+00
1.500000e-01 -2.313289e-01 6.490063e+00
1.650000e-01 -2.313289e-01 8.813177e+00
1.800000e-01 -2.313289e-01 1.121798e+01
1.950000e-01 -2.313289e-01 1.312735e+01
2.100000e-01 -2.313289e-01 1.411776e+01
2.250000e-01 -2.313289e-01 1.420335e+01
2.400000e-01 -2.313289e-01 1.369940e+01
2.550000e-01 -2.313289e-01 1.293807e+01
2.700000e-01 -2.313289e-01 1.213583e+01
2.850000e-01 -2.313289e-01 1.139882e+01
3.000000e-01 -2.313289e-01 1.076619e+01
-3.000000e-01 -2.176646e-01 8.995226e+00
-2.850000e-01 -2.176646e-01 9.602480e+00
-2.700000e-01 -2.176646e-01 1.035677e+01
-2.550000e-01 -2.176646e-01 1.126760e+01
-2.400000e-01 -2.176646e-01 1.230756e+01
-2.250000e-01 -2.176646e-01 1.335695e+01
-2.100000e-01 -2.176646e-01 1.412140e+01
-1.950000e-01 -2.176646e-01 1.410842e+01
-1.800000e-01 -2.176646e-01 1.288020e+01
-1.650000e-01 -2.176646e-01 1.056114e+01
-1.500000e-01 -2.176646e-01 7.886146e+00
-1.350000e-01 -2.176646e-01 5.558191e+00
-1.200000e-01 -2.176646e-01 3.835055e+00
-1.050000e-01 -2.176646e-01 2.651462e+00
-9.000000e-02 -2.176646e-01 1.845663e+00
-7.500000e-02 -2.176646e-01 1.317401e+00
-6.000000e-02 -2.176646e-01 1.049730e+00
-4.500000e-02 -2.176646e-01 9.727816e-01
-3.000000e-02 -2.176646e-01 9.866064e-01
-1.500000e-02 -2.176646e-01 1.012709e+00
5.551115e-17 -2.176646e-01 1.021232e+00
1.500000e-02 -2.176646e-01 1.012709e+00
3.000000e-02 -2.176646e-01 9.866064e-01
4.500000e-02 -2.176646e-01 9.727816e-01
6.000000e-02 -2.176646e-01 1.049730e+00
7.500000e-02 -2.176646e-01 1.317401e+00
9.000000e-02 -2.176646e-01 1.845663e+00
1.050000e-01 -2.176646e-01 2.651462e+00
1.200000e-01 -2.176646e-01 3.835055e+00
1.350000e-01 -2.176646e-01 5.558191e+00
1.500000e-01 -2.176646e-01 7.886146e+00
1.650000e-01 -2.176646e-01 1.056114e+01
1.800000e-01 -2.176646e-01 1.288020e+01
1.950000e-01 -2.176646e-01 1.410842e+01
2.100000e-01 -2.176646e-01 1.412140e+01
2.250000e-01 -2.176646e-01 1.335695e+01
2.400000e-01 -2.176646e-01 1.230756e+01
2.550000e-01 -2.176646e-01 1.126760e+01
2.700000e-01 -2.176646e-01 1.035677e+01
2.850000e-01 -2.176646e-01 9.602480e+00
3.000000e-01 -2.176646e-01 8.995226e+00
-3.000000e-01 -2.040003e-01 7.418741e+00
-2.850000e-01 -2.040003e-01 7.943535e+00
-2.700000e-01 -2.040003e-01 8.617140e+00
-2.550000e-01 -2.040003e-01 9.474382e+00
-2.400000e-01 -2.040003e-01 1.054338e+01
-2.250000e-01 -2.040003e-01 1.181035e+01
-2.100000e-01 -2.040003e-01 1.313324e+01
-1.950000e-01 -2.040003e-01 1.409736e+01
-1.800000e-01 -2.040003e-01 1.398634e+01
-1.650000e-01 -2.040003e-01 1.230143e+01
-1.500000e-01 -2.040003e-01 9.528148e+00
-1.350000e-01 -2.040003e-01 6.746108e+00
-1.200000e-01 -2.040003e-01 4.597030e+00
-1.050000e-01 -2.040003e-01 3.129645e+00
-9.000000e-02 -2.040003e-01 2.159675e+00
-7.500000e-02 -2.040003e-01 1.547461e+00
-6.000000e-02 -2.040003e-01 1.251391e+00
-4.500000e-02 -2.040003e-01 1.176848e+00
-3.000000e-02 -2.040003e-01 1.192771e+00
-1.500000e-02 -2.040003e-01 1.203904e+00
5.551115e-17 -2.040003e-01 1.201369e+00
1.500000e-02 -2.040003e-01 1.203904e+00
3.000000e-02 -2.040003e-01 1.192771e+00
4.500000e-02 -2.040003e-01 1.176848e+00
6.000000e-02 -2.040003e-01 1.251391e+00
7.500000e-02 -2.040003e-01 1.547461e+00
9.000000e-02 -2.040003e-01 2.159675e+00
1.050000e-01 -2.040003e-01 3.129645e+00
1.200000e-01 -2.040003e-01 4.597030e+00
1.350000e-01 -2.040003e-01 6.746108e+00
1.500000e-01 -2.040003e-01 9.528148e+00
1.650000e-01 -2.040003e-01 1.230143e+01
1.800000e-01 -2.040003e-01 1.398634e+01
1.950000e-01 -2.040003e-01 1.409736e+01
2.100000e-01 -2.040003e-01 1.313324e+01
2.250000e-01 -2.040003e-01 1.181035e+01
2.400000e-01 -2.040003e-01 1.054338e+01
2.550000e-01 -2.040003e-01 9.474382e+00
2.700000e-01 -2.040003e-01 8.617140e+00
2.850000e-01 -2.040003e-01 7.943535e+00
3.000000e-01 -2.040003e-01 7.418741e+00
-3.000000e-01 -1.903361e-01 6.106706e+00
-2.850000e-01 -1.903361e-01 6.537030e+00
-2.700000e-01 -1.903361e-01 7.098323e+00
-2.550000e-01 -1.903361e-01 7.831809e+00
-2.400000e-01 -1.903361e-01 8.788734e+00
-2.250000e-01 -1.903361e-01 1.001820e+01
-2.100000e-01 -1.903361e-01 1.151844e+01
-1.950000e-01 -1.903361e-01 1.309867e+01
-1.800000e-01 -1.903361e-01 1.413988e+01
-1.650000e-01 -1.903361e-01 1.364624e+01
-1.500000e-01 -1.903361e-01 1.129631e+01
-1.350000e-01 -1.903361e-01 8.192433e+00
-1.200000e-01 -1.903361e-01 5.554738e+00
-1.050000e-01 -1.903361e-01 3.729241e+00
-9.000000e-02 -1.903361e-01 2.550982e+00
-7.500000e-02 -1.903361e-01 1.835122e+00
-6.000000e-02 -1.903361e-01 1.505099e+00
-4.500000e-02 -1.903361e-01 1.427512e+00
-3.000000e-02 -1.903361e-01 1.422076e+00
-1.500000e-02 -1.903361e-01 1.384548e+00
5.551115e-17 -1.903361e-01 1.356555e+00
1.500000e-02 -1.903361e-01 1.384548e+00
3.000000e-02 -1.903361e-01 1.422076e+00
4.500000e-02 -1.903361e-01 1.427512e+00
6.000000e-02 -1.903361e-01 1.505099e+00
7.500000e-02 -1.903361e-01 1.835122e+00
9.000000e-02 -1.903361e-01 2.550982e+00
1.050000e-01 -1.903361e-01 3.729241e+00
1.200000e-01 -1.903361e-01 5.554738e+00
1.350000e-01 -1.903361e-01 8.192433e+00
1.500000e-01 -1.903361e-01 1.129631e+01
1.650000e-01 -1.903361e-01 1.364624e+01
1.800000e-01 -1.903361e-01 1.413988e+01
1.950000e-01 -1.903361e-01 1.309867e+01
2.100000e-01 -1.903361e-01 1.151844e+01
2.250000e-01 -1.903361e-01 1.001820e+01
2.400000e-01 -1.903361e-01 8.788734e+00
2.550000e-01 -1.903361e-01 7.831809e+00
2.700000e-01 -1.903361e-01 7.098323e+00
2.850000e-01 -1.903361e-01 6.537030e+00
3.000000e-01 -1.903361e-01 6.106706e+00
-3.000000e-01 -1.766718e-01 5.049180e+00
-2.850000e-01 -1.766718e-01 5.393797e+00
-2.700000e-01 -1.766718e-01 5.846351e+00
-2.550000e-01 -1.766718e-01 6.444960e+00
-2.400000e-01 -1.766718e-01 7.243323e+00
-2.250000e-01 -1.766718e-01 8.312007e+00
-2.100000e-01 -1.766718e-01 9.723994e+00
-1.950000e-01 -1.766718e-01 1.148043e+01
-1.800000e-01 -1.766718e-01 1.327855e+01
-1.650000e-01 -1.766718e-01 1.415359e+01
-1.500000e-01 -1.766718e-01 1.289962e+01
-1.350000e-01 -1.766718e-01 9.861372e+00
-1.200000e-01 -1.766718e-01 6.745923e+00
-1.050000e-01 -1.766718e-01 4.483666e+00
-9.000000e-02 -1.766718e-01 3.041888e+00
-7.500000e-02 -1.766718e-01 2.196714e+00
-6.000000e-02 -1.766718e-01 1.822628e+00
-4.500000e-02 -1.766718e-01 1.722228e+00
-3.000000e-02 -1.766718e-01 1.643629e+00
-1.500000e-02 -1.766718e-01 1.508927e+00
5.551115e-17 -1.766718e-01 1.441112e+00
1.500000e-02 -1.766718e-01 1.508927e+00
3.000000e-02 -1.766718e-01 1.643629e+00
4.500000e-02 -1.766718e-01 1.722228e+00
6.000000e-02 -1.766718e-01 1.822628e+00
7.500000e-02 -1.766718e-01 2.196714e+00
9.000000e-02 -1.766718e-01 3.041888e+00
1.050000e-01 -1.766718e-01 4.483666e+00
1.200000e-01 -1.766718e-01 6.745923e+00
1.350000e-01 -1.766718e-01 9.861372e+00
1.500000e-01 -1.766718e-01 1.289962e+01
1.650000e-01 -1.766718e-01 1.415359e+01
1.800000e-01 -1.766718e-01 1.327855e+01
1.950000e-01 -1.766718e-01 1.148043e+01
2.100000e-01 -1.766718e-01 9.723994e+00
2.250000e-01 -1.766718e-01 8.312007e+00
2.400000e-01 -1.766718e-01 7.243323e+00
2.550000e-01 -1.766718e-01 6.444960e+00
2.700000e-01 -1.766718e-01 5.846351e+00
2.850000e-01 -1.766718e-01 5.393797e+00
3.000000e-01 -1.766718e-01 5.049180e+00
-3.000000e-01 -1.630075e-01 4.207223e+00
-2.850000e-01 -1.630075e-01 4.481110e+00
-2.700000e-01 -1.630075e-01 4.841365e+00
-2.550000e-01 -1.630075e-01 5.319872e+00
-2.400000e-01 -1.630075e-01 5.963929e+00
-2.250000e-01 -1.630075e-01 6.842749e+00
-2.100000e-01 -1.630075e-01 8.051147e+00
-1.950000e-01 -1.630075e-01 9.688177e+00
-1.800000e-01 -1.630075e-01 1.172873e+01
-1.650000e-01 -1.630075e-01 1.362193e+01
-1.500000e-01 -1.630075e-01 1.389974e+01
-1.350000e-01 -1.630075e-01 1.159291e+01
-1.200000e-01 -1.630075e-01 8.185561e+00
-1.050000e-01 -1.630075e-01 5.429754e+00
-9.000000e-02 -1.630075e-01 3.659573e+00
-7.500000e-02 -1.630075e-01 2.651322e+00
-6.000000e-02 -1.630075e-01 2.212456e+00
-4.500000e-02 -1.630075e-01 2.039413e+00
-3.000000e-02 -1.630075e-01 1.804076e+00
-1.500000e-02 -1.630075e-01 1.533193e+00
5.551115e-17 -1.630075e-01 1.422929e+00
1.500000e-02 -1.630075e-01 1.533193e+00
3.000000e-02 -1.630075e-01 1.804076e+00
4.500000e-02 -1.630075e-01 2.039413e+00
6.000000e-02 -1.630075e-01 2.212456e+00
7.500000e-02 -1.630075e-01 2.651322e+00
9.000000e-02 -1.630075e-01 3.659573e+00
1.050000e-01 -1.630075e-01 5.429754e+00
1.200000e-01 -1.630075e-01 8.185561e+00
1.350000e-01 -1.630075e-01 1.159291e+01
1.500000e-01 -1.630075e-01 1.389974e+01
1.650000e-01 -1.630075e-01 1.362193e+01
1.800000e-01 -1.630075e-01 1.172873e+01
1.950000e-01 -1.630075e-01 9.688177e+00
2.100000e-01 -1.630075e-01 8.051147e+00
2.250000e-01 -1.630075e-01 6.842749e+00
2.400000e-01 -1.630075e-01 5.963929e+00
2.550000e-01 -1.630075e-01 5.319872e+00
2.700000e-01 -1.630075e-01 4.841365e+00
2.850000e-01 -1.630075e-01 4.481110e+00
3.000000e-01 -1.630075e-01 4.207223e+00
-3.000000e-01 -1.493432e-01 3.537845e+00
-2.850000e-01 -1.493432e-01 3.755768e+00
-2.700000e-01 -1.493432e-01 4.042074e+00
-2.550000e-01 -1.493432e-01 4.422278e+00
-2.400000e-01 -1.493432e-01 4.935065e+00
-2.250000e-01 -1.493432e-01 5.639683e+00
-2.100000e-01 -1.493432e-01 6.626036e+00
-1.950000e-01 -1.493432e-01 8.020202e+00
-1.800000e-01 -1.493432e-01 9.942754e+00
-1.650000e-01 -1.493432e-01 1.226197e+01
-1.500000e-01 -1.493432e-01 1.392933e+01
-1.350000e-01 -1.493432e-01 1.305046e+01
-1.200000e-01 -1.493432e-01 9.821905e+00
-1.050000e-01 -1.493432e-01 6.597625e+00
-9.000000e-02 -1.493432e-01 4.433522e+00
-7.500000e-02 -1.493432e-01 3.217547e+00
-6.000000e-02 -1.493432e-01 2.670228e+00
-4.500000e-02 -1.493432e-01 2.326747e+00
-3.000000e-02 -1.493432e-01 1.848349e+00
-1.500000e-02 -1.493432e-01 1.447603e+00
5.551115e-17 -1.493432e-01 1.309451e+00
1.500000e-02 -1.493432e-01 1.447603e+00
3.000000e-02 -1.493432e-01 1.848349e+00
4.500000e-02 -1.493432e-01 2.326747e+00
6.000000e-02 -1.493432e-01 2.670228e+00
7.500000e-02 -1.493432e-01 3.217547e+00
9.000000e-02 -1.493432e-01 4.433522e+00
1.050000e-01 -1.493432e-01 6.597625e+00
1.200000e-01 -1.493432e-01 9.821905e+00
1.350000e-01 -1.493432e-01 1.305046e+01
1.500000e-01 -1.493432e-01 1.392933e+01
1.650000e-01 -1.493432e-01 1.226197e+01
1.800000e-01 -1.493432e-01 9.942754e+00
1.950000e-01 -1.493432e-01 8.020202e+00
2.100000e-01 -1.493432e-01 6.626036e+00
2.250000e-01 -1.493432e-01 5.639683e+00
2.400000e-01 -1.493432e-01 4.935065e+00
2.550000e-01 -1.493432e-01 4.422278e+00
2.700000e-01 -1.493432e-01 4.042074e+00
2.850000e-01 -1.493432e-01 3.755768e+00
3.000000e-01 -1.493432e-01 3.537845e+00
-3.000000e-01 -1.356789e-01 3.003307e+00
-2.850000e-01 -1.356789e-01 3.177704e+00
-2.700000e-01 -1.356789e-01 3.406225e+00
-2.550000e-01 -1.356789e-01 3.708923e+00
-2.400000e-01 -1.356789e-01 4.116434e+00
-2.250000e-01 -1.356789e-01 4.676560e+00
-2.100000e-01 -1.356789e-01 5.465077e+00
-1.950000e-01 -1.356789e-01 6.600471e+00
-1.800000e-01 -1.356789e-01 8.247114e+00
-1.650000e-01 -1.356789e-01 1.051755e+01
-1.500000e-01 -1.356789e-01 1.297638e+01
-1.350000e-01 -1.356789e-01 1.379234e+01
-1.200000e-01 -1.356789e-01 1.147065e+01
-1.050000e-01 -1.356789e-01 7.985175e+00
-9.000000e-02 -1.356789e-01 5.386551e+00
-7.500000e-02 -1.356789e-01 3.904190e+00
-6.000000e-02 -1.356789e-01 3.161687e+00
-4.500000e-02 -1.356789e-01 2.505584e+00
-3.000000e-02 -1.356789e-01 1.758709e+00
-1.500000e-02 -1.356789e-01 1.285007e+00
5.551115e-17 -1.356789e-01 1.141181e+00
1.500000e-02 -1.356789e-01 1.285007e+00
3.000000e-02 -1.356789e-01 1.758709e+00
4.500000e-02 -1.356789e-01 2.505584e+00
6.000000e-02 -1.356789e-01 3.161687e+00
7.500000e-02 -1.356789e-01 3.904190e+00
9.000000e-02 -1.356789e-01 5.386551e+00
1.050000e-01 -1.356789e-01 7.985175e+00
1.200000e-01 -1.356789e-01 1.147065e+01
1.350000e-01 -1.356789e-01 1.379234e+01
1.500000e-01 -1.356789e-01 1.297638e+01
1.650000e-01 -1.356789e-01 1.051755e+01
1.800000e-01 -1.356789e-01 8.247114e+00
1.950000e-01 -1.356789e-01 6.600471e+00
2.100000e-01 -1.356789e-01 5.465077e+00
2.250000e-01 -1.356789e-01 4.676560e+00
2.400000e-01 -1.356789e-01 4.116434e+00
2.550000e-01 -1.356789e-01 3.708923e+00
2.700000e-01 -1.356789e-01 3.406225e+00
2.850000e-01 -1.356789e-01 3.177704e+00
3.000000e-01 -1.356789e-01 3.003307e+00
-3.000000e-01 -1.220147e-01 2.573264e+00
-2.850000e-01 -1.220147e-01 2.713959e+00
-2.700000e-01 -1.220147e-01 2.897708e+00
-2.550000e-01 -1.220147e-01 3.140200e+00
-2.400000e-01 -1.220147e-01 3.465409e+00
-2.250000e-01 -1.220147e-01 3.910948e+00
-2.100000e-01 -1.220147e-01 4.537481e+00
-1.950000e-01 -1.220147e-01 5.444365e+00
-1.800000e-01 -1.220147e-01 6.789005e+00
-1.650000e-01 -1.220147e-01 8.772727e+00
-1.500000e-01 -1.220147e-01 1.139469e+01
-1.350000e-01 -1.220147e-01 1.353277e+01
-1.200000e-01 -1.220147e-01 1.277723e+01
-1.050000e-01 -1.220147e-01 9.509363e+00
-9.000000e-02 -1.220147e-01 6.512813e+00
-7.500000e-02 -1.220147e-01 4.690070e+00
-6.000000e-02 -1.220147e-01 3.604709e+00
-4.500000e-02 -1.220147e-01 2.510247e+00
-3.000000e-02 -1.220147e-01 1.570097e+00
-1.500000e-02 -1.220147e-01 1.094061e+00
5.551115e-17 -1.220147e-01 9.615381e-01
1.500000e-02 -1.220147e-01 1.094061e+00
3.000000e-02 -1.220147e-01 1.570097e+00
4.500000e-02 -1.220147e-01 2.510247e+00
6.000000e-02 -1.220147e-01 3.604709e+00
7.500000e-02 -1.220147e-01 4.690070e+00
9.000000e-02 -1.220147e-01 6.512813e+00
1.050000e-01 -1.220147e-01 9.509363e+00
1.200000e-01 -1.220147e-01 1.277723e+01
1.350000e-01 -1.220147e-01 1.353277e+01
1.500000e-01 -1.220147e-01 1.139469e+01
1.650000e-01 -1.220147e-01 8.772727e+00
1.800000e-01 -1.220147e-01 6.789005e+00
1.950000e-01 -1.220147e-01 5.444365e+00
2.100000e-01 -1.220147e-01 4.537481e+00
2.250000e-01 -1.220147e-01 3.910948e+00
2.400000e-01 -1.220147e-01 3.465409e+00
2.550000e-01 -1.220147e-01 3.140200e+00
2.700000e-01 -1.220147e-01 2.897708e+00
2.850000e-01 -1.220147e-01 2.713959e+00
3.000000e-01 -1.220147e-01 2.573264e+00
-3.000000e-01 -1.083504e-01 2.224231e+00
-2.850000e-01 -1.083504e-01 2.338769e+00
-2.700000e-01 -1.083504e-01 2.487819e+00
-2.550000e-01 -1.083504e-01 2.683692e+00
-2.400000e-01 -1.083504e-01 2.945127e+00
-2.250000e-01 -1.083504e-01 3.301474e+00
-2.100000e-01 -1.083504e-01 3.800267e+00
-1.950000e-01 -1.083504e-01 4.520786e+00
-1.800000e-01 -1.083504e-01 5.595876e+00
-1.650000e-01 -1.083504e-01 7.231485e+00
-1.500000e-01 -1.083504e-01 9.626301e+00
-1.350000e-01 -1.083504e-01 1.237658e+01
-1.200000e-01 -1.083504e-01 1.332108e+01
-1.050000e-01 -1.083504e-01 1.094648e+01
-9.000000e-02 -1.083504e-01 7.737032e+00
-7.500000e-02 -1.083504e-01 5.492623e+00
-6.000000e-02 -1.083504e-01 3.877034e+00
-4.500000e-02 -1.083504e-01 2.338911e+00
-3.000000e-02 -1.083504e-01 1.341091e+00
-1.500000e-02 -1.083504e-01 9.110883e-01
5.551115e-17 -1.083504e-01 7.974744e-01
1.500000e-02 -1.083504e-01 9.110883e-01
3.000000e-02 -1.083504e-01 1.341091e+00
4.500000e-02 -1.083504e-01 2.338911e+00
6.000000e-02 -1.083504e-01 3.877034e+00
7.500000e-02 -1.083504e-01 5.492623e+00
9.000000e-02 -1.083504e-01 7.737032e+00
1.050000e-01 -1.083504e-01 1.094648e+01
1.200000e-01 -1.083504e-01 1.332108e+01
1.350000e-01 -1.083504e-01 1.237658e+01
1.500000e-01 -1.083504e-01 9.626301e+00
1.650000e-01 -1.083504e-01 7.231485e+00
1.800000e-01 -1.083504e-01 5.595876e+00
1.950000e-01 -1.083504e-01 4.520786e+00
2.100000e-01 -1.083504e-01 3.800267e+00
2.250000e-01 -1.083504e-01 3.301474e+00
2.400000e-01 -1.083504e-01 2.945127e+00
2.550000e-01 -1.083504e-01 2.683692e+00
2.700000e-01 -1.083504e-01 2.487819e+00
2.850000e-01 -1.083504e-01 2.338769e+00
3.000000e-01 -1.083504e-01 2.224231e+00
-3.000000e-01 -9.468610e-02 1.938313e+00
-2.850000e-01 -9.468610e-02 2.032427e+00
-2.700000e-01 -9.468610e-02 2.154455e+00
-2.550000e-01 -9.468610e-02 2.314121e+00
-2.400000e-01 -9.468610e-02 2.526134e+00
-2.250000e-01 -9.468610e-02 2.813413e+00
-2.100000e-01 -9.468610e-02 3.212971e+00
-1.950000e-01 -9.468610e-02 3.786771e+00
-1.800000e-01 -9.468610e-02 4.640963e+00
-1.650000e-01 -9.468610e-02 5.953703e+00
-1.500000e-01 -9.468610e-02 7.972661e+00
-1.350000e-01 -9.468610e-02 1.072812e+01
-1.200000e-01 -9.468610e-02 1.288768e+01
-1.050000e-01 -9.468610e-02 1.193100e+01
-9.000000e-02 -9.468610e-02 8.867790e+00
-7.500000e-02 -9.468610e-02 6.146673e+00
-6.000000e-02 -9.468610e-02 3.878214e+00
-4.500000e-02 -9.468610e-02 2.055202e+00
-3.000000e-02 -9.468610e-02 1.118021e+00
-1.500000e-02 -9.468610e-02 7.530240e-01
5.551115e-17 -9.468610e-02 6.591887e-01
1.500000e-02 -9.468610e-02 7.530240e-01
3.000000e-02 -9.468610e-02 1.118021e+00
4.500000e-02 -9.468610e-02 2.055202e+00
6.000000e-02 -9.468610e-02 3.878214e+00
7.500000e-02 -9.468610e-02 6.146673e+00
9.000000e-02 -9.468610e-02 8.867790e+00
1.050000e-01 -9.468610e-02 1.193100e+01
1.200000e-01 -9.468610e-02 1.288768e+01
1.350000e-01 -9.468610e-02 1.072812e+01
1.500000e-01 -9.468610e-02 7.972661e+00
1.650000e-01 -9.468610e-02 5.953703e+00
1.800000e-01 -9.468610e-02 4.640963e+00
1.950000e-01 -9.468610e-02 3.786771e+00
2.100000e-01 -9.468610e-02 3.212971e+00
2.250000e-01 -9.468610e-02 2.813413e+00
2.400000e-01 -9.468610e-02 2.526134e+00
2.550000e-01 -9.468610e-02 2.314121e+00
2.700000e-01 -9.468610e-02 2.154455e+00
2.850000e-01 -9.468610e-02 2.032427e+00
3.000000e-01 -9.468610e-02 1.938313e+00
-3.000000e-01 -8.102182e-02 1.701930e+00
-2.850000e-01 -8.102182e-02 1.779970e+00
-2.700000e-01 -8.102182e-02 1.880801e+00
-2.550000e-01 -8.102182e-02 2.012166e+00
-2.400000e-01 -8.102182e-02 2.185697e+00
-2.250000e-01 -8.102182e-02 2.419388e+00
-2.100000e-01 -8.102182e-02 2.742104e+00
-1.950000e-01 -8.102182e-02 3.201984e+00
-1.800000e-01 -8.102182e-02 3.881907e+00
-1.650000e-01 -8.102182e-02 4.925502e+00
-1.500000e-01 -8.102182e-02 6.561695e+00
-1.350000e-01 -8.102182e-02 8.997646e+00
-1.200000e-01 -8.102182e-02 1.164990e+01
-1.050000e-01 -8.102182e-02 1.211457e+01
-9.000000e-02 -8.102182e-02 9.605752e+00
-7.500000e-02 -8.102182e-02 6.447104e+00
-6.000000e-02 -8.102182e-02 3.607832e+00
-4.500000e-02 -8.102182e-02 1.738328e+00
-3.000000e-02 -8.102182e-02 9.236766e-01
-1.500000e-02 -8.102182e-02 6.234278e-01
5.551115e-17 -8.102182e-02 5.471217e-01
1.500000e-02 -8.102182e-02 6.234278e-01
3.000000e-02 -8.102182e-02 9.236766e-01
4.500000e-02 -8.102182e-02 1.738328e+00
6.000000e-02 -8.102182e-02 3.607832e+00
7.500000e-02 -8.102182e-02 6.447104e+00
9.000000e-02 -8.102182e-02 9.605752e+00
1.050000e-01 -8.102182e-02 1.211457e+01
1.200000e-01 -8.102182e-02 1.164990e+01
1.350000e-01 -8.102182e-02 8.997646e+00
1.500000e-01 -8.102182e-02 6.561695e+00
1.650000e-01 -8.102182e-02 4.925502e+00
1.800000e-01 -8.102182e-02 3.881907e+00
1.950000e-01 -8.102182e-02 3.201984e+00
2.100000e-01 -8.102182e-02 2.742104e+00
2.250000e-01 -8.102182e-02 2.419388e+00
2.400000e-01 -8.102182e-02 2.185697e+00
2.550000e-01 -8.102182e-02 2.012166e+00
2.700000e-01 -8.102182e-02 1.880801e+00
2.850000e-01 -8.102182e-02 1.779970e+00
3.000000e-01 -8.102182e-02 1.701930e+00
-3.000000e-01 -6.735754e-02 1.504753e+00
-2.850000e-01 -6.735754e-02 1.570034e+00
-2.700000e-01 -6.735754e-02 1.654096e+00
-2.550000e-01 -6.735754e-02 1.763161e+00
-2.400000e-01 -6.735754e-02 1.906512e+00
-2.250000e-01 -6.735754e-02 2.098383e+00
-2.100000e-01 -6.735754e-02 2.361416e+00
-1.950000e-01 -6.735754e-02 2.733079e+00
-1.800000e-01 -6.735754e-02 3.277599e+00
-1.650000e-01 -6.735754e-02 4.107267e+00
-1.500000e-01 -6.735754e-02 5.411408e+00
-1.350000e-01 -6.735754e-02 7.430584e+00
-1.200000e-01 -6.735754e-02 1.001995e+01
-1.050000e-01 -6.735754e-02 1.142290e+01
-9.000000e-02 -6.735754e-02 9.684285e+00
-7.500000e-02 -6.735754e-02 6.276596e+00
-6.000000e-02 -6.735754e-02 3.165866e+00
-4.500000e-02 -6.735754e-02 1.442192e+00
-3.000000e-02 -6.735754e-02 7.636697e-01
-1.500000e-02 -6.735754e-02 5.196582e-01
5.551115e-17 -6.735754e-02 4.577828e-01
1.500000e-02 -6.735754e-02 5.196582e-01
3.000000e-02 -6.735754e-02 7.636697e-01
4.500000e-02 -6.735754e-02 1.442192e+00
6.000000e-02 -6.735754e-02 3.165866e+00
7.500000e-02 -6.735754e-02 6.276596e+00
9.000000e-02 -6.735754e-02 9.684285e+00
1.050000e-01 -6.735754e-02 1.142290e+01
1.200000e-01 -6.735754e-02 1.001995e+01
1.350000e-01 -6.735754e-02 7.430584e+00
1.500000e-01 -6.735754e-02 5.411408e+00
1.650000e-01 -6.735754e-02 4.107267e+00
1.800000e-01 -6.735754e-02 3.277599e+00
1.950000e-01 -6.735754e-02 2.733079e+00
2.100000e-01 -6.735754e-02 2.361416e+00
2.250000e-01 -6.735754e-02 2.098383e+00
2.400000e-01 -6.735754e-02 1.906512e+00
2.550000e-01 -6.735754e-02 1.763161e+00
2.700000e-01 -6.735754e-02 1.654096e+00
2.850000e-01 -6.735754e-02 1.570034e+00
3.000000e-01 -6.735754e-02 1.504753e+00
-3.000000e-01 -5.369326e-02 1.338885e+00
-2.850000e-01 -5.369326e-02 1.393946e+00
-2.700000e-01 -5.369326e-02 1.464624e+00
-2.550000e-01 -5.369326e-02 1.555965e+00
-2.400000e-01 -5.369326e-02 1.675445e+00
-2.250000e-01 -5.369326e-02 1.834426e+00
-2.100000e-01 -5.369326e-02 2.050812e+00
-1.950000e-01 -5.369326e-02 2.353932e+00
-1.800000e-01 -5.369326e-02 2.793606e+00
-1.650000e-01 -5.369326e-02 3.456618e+00
-1.500000e-01 -5.369326e-02 4.492085e+00
-1.350000e-01 -5.369326e-02 6.115132e+00
-1.200000e-01 -5.369326e-02 8.369401e+00
-1.050000e-01 -5.369326e-02 1.012050e+01
-9.000000e-02 -5.369326e-02 9.071539e+00
-7.500000e-02 -5.369326e-02 5.703645e+00
-6.000000e-02 -5.369326e-02 2.674704e+00
-4.500000e-02 -5.369326e-02 1.189615e+00
-3.000000e-02 -5.369326e-02 6.353242e-01
-1.500000e-02 -5.369326e-02 4.372092e-01
5.551115e-17 -5.369326e-02 3.868300e-01
1.500000e-02 -5.369326e-02 4.372092e-01
3.000000e-02 -5.369326e-02 6.353242e-01
4.500000e-02 -5.369326e-02 1.189615e+00
6.000000e-02 -5.369326e-02 2.674704e+00
7.500000e-02 -5.369326e-02 5.703645e+00
9.000000e-02 -5.369326e-02 9.071539e+00
1.050000e-01 -5.369326e-02 1.012050e+01
1.200000e-01 -5.369326e-02 8.369401e+00
1.350000e-01 -5.369326e-02 6.115132e+00
1.500000e-01 -5.369326e-02 4.492085e+00
1.650000e-01 -5.369326e-02 3.456618e+00
1.800000e-01 -5.369326e-02 2.793606e+00
1.950000e-01 -5.369326e-02 2.353932e+00
2.100000e-01 -5.369326e-02 2.050812e+00
2.250000e-01 -5.369326e-02 1.834426e+00
2.400000e-01 -5.369326e-02 1.675445e+00
2.550000e-01 -5.369326e-02 1.555965e+00
2.700000e-01 -5.369326e-02 1.464624e+00
2.850000e-01 -5.369326e-02 1.393946e+00
3.000000e-01 -5.369326e-02 1.338885e+00
-3.000000e-01 -4.002898e-02 1.198241e+00
-2.850000e-01 -4.002898e-02 1.245045e+00
-2.700000e-01 -4.002898e-02 1.304944e+00
-2.550000e-01 -4.002898e-02 1.382072e+00
-2.400000e-01 -4.002898e-02 1.482503e+00
-2.250000e-01 -4.002898e-02 1.615394e+00
-2.100000e-01 -4.002898e-02 1.795027e+00
-1.950000e-01 -4.002898e-02 2.044545e+00
-1.800000e-01 -4.002898e-02 2.402794e+00
-1.650000e-01 -4.002898e-02 2.936751e+00
-1.500000e-01 -4.002898e-02 3.761433e+00
-1.350000e-01 -4.002898e-02 5.050783e+00
-1.200000e-01 -4.002898e-02 6.902142e+00
-1.050000e-01 -4.002898e-02 8.595373e+00
-9.000000e-02 -4.002898e-02 7.998296e+00
-7.500000e-02 -4.002898e-02 4.923442e+00
-6.000000e-02 -4.002898e-02 2.216834e+00
-4.500000e-02 -4.002898e-02 9.837689e-01
-3.000000e-02 -4.002898e-02 5.333037e-01
-1.500000e-02 -4.002898e-02 3.716364e-01
5.551115e-17 -4.002898e-02 3.303045e-01
1.500000e-02 -4.002898e-02 3.716364e-01
3.000000e-02 -4.002898e-02 5.333037e-01
4.500000e-02 -4.002898e-02 9.837689e-01
6.000000e-02 -4.002898e-02 2.216834e+00
7.500000e-02 -4.002898e-02 4.923442e+00
9.000000e-02 -4.002898e-02 7.998296e+00
1.050000e-01 -4.002898e-02 8.595373e+00
1.200000e-01 -4.002898e-02 6.902142e+00
1.350000e-01 -4.002898e-02 5.050783e+00
1.500000e-01 -4.002898e-02 3.761433e+00
1.650000e-01 -4.002898e-02 2.936751e+00
1.800000e-01 -4.002898e-02 2.402794e+00
1.950000e-01 -4.002898e-02 2.044545e+00
2.100000e-01 -4.002898e-02 1.795027e+00
2.250000e-01 -4.002898e-02 1.615394e+00
2.400000e-01 -4.002898e-02 1.482503e+00
2.550000e-01 -4.002898e-02 1.382072e+00
2.700000e-01 -4.002898e-02 1.304944e+00
2.850000e-01 -4.002898e-02 1.245045e+00
3.000000e-01 -4.002898e-02 1.198241e+00
-3.000000e-01 -2.636470e-02 1.078098e+00
-2.850000e-01 -2.636470e-02 1.118172e+00
-2.700000e-01 -2.636470e-02 1.169316e+00
-2.550000e-01 -2.636470e-02 1.234944e+00
-2.400000e-01 -2.636470e-02 1.320040e+00
-2.250000e-01 -2.636470e-02 1.432048e+00
-2.100000e-01 -2.636470e-02 1.582471e+00
-1.950000e-01 -2.636470e-02 1.789730e+00
-1.800000e-01 -2.636470e-02 2.084348e+00
-1.650000e-01 -2.636470e-02 2.518212e+00
-1.500000e-01 -2.636470e-02 3.179435e+00
-1.350000e-01 -2.636470e-02 4.202402e+00
-1.200000e-01 -2.636470e-02 5.681855e+00
-1.050000e-01 -2.636470e-02 7.135790e+00
-9.000000e-02 -2.636470e-02 6.773636e+00
-7.500000e-02 -2.636470e-02 4.121125e+00
-6.000000e-02 -2.636470e-02 1.826796e+00
-4.500000e-02 -2.636470e-02 8.193052e-01
-3.000000e-02 -2.636470e-02 4.521860e-01
-1.500000e-02 -2.636470e-02 3.191939e-01
5.551115e-17 -2.636470e-02 2.849727e-01
1.500000e-02 -2.636470e-02 3.191939e-01
3.000000e-02 -2.636470e-02 4.521860e-01
4.500000e-02 -2.636470e-02 8.193052e-01
6.000000e-02 -2.636470e-02 1.826796e+00
7.500000e-02 -2.636470e-02 4.121125e+00
9.000000e-02 -2.636470e-02 6.773636e+00
1.050000e-01 -2.636470e-02 7.135790e+00
1.200000e-01 -2.636470e-02 5.681855e+00
1.350000e-01 -2.636470e-02 4.202402e+00
1.500000e-01 -2.636470e-02 3.179435e+00
1.650000e-01 -2.636470e-02 2.518212e+00
1.800000e-01 -2.636470e-02 2.084348e+00
1.950000e-01 -2.636470e-02 1.789730e+00
2.100000e-01 -2.636470e-02 1.582471e+00
2.250000e-01 -2.636470e-02 1.432048e+00
2.400000e-01 -2.636470e-02 1.320040e+00
2.550000e-01 -2.636470e-02 1.234944e+00
2.700000e-01 -2.636470e-02 1.169316e+00
2.850000e-01 -2.636470e-02 1.118172e+00
3.000000e-01 -2.636470e-02 1.078098e+00
-3.000000e-01 -1.270041e-02 9.747552e-01
-2.850000e-01 -1.270041e-02 1.009299e+00
-2.700000e-01 -1.270041e-02 1.053271e+00
-2.550000e-01 -1.270041e-02 1.109517e+00
-2.400000e-01 -1.270041e-02 1.182158e+00
-2.250000e-01 -1.270041e-02 1.277304e+00
-2.100000e-01 -1.270041e-02 1.404302e+00
-1.950000e-01 -1.270041e-02 1.577954e+00
-1.800000e-01 -1.270041e-02 1.822446e+00
-1.650000e-01 -1.270041e-02 2.178249e+00
-1.500000e-01 -1.270041e-02 2.712903e+00
-1.350000e-01 -1.270041e-02 3.528108e+00
-1.200000e-01 -1.270041e-02 4.698578e+00
-1.050000e-01 -1.270041e-02 5.875518e+00
-9.000000e-02 -1.270041e-02 5.616645e+00
-7.500000e-02 -1.270041e-02 3.402237e+00
-6.000000e-02 -1.270041e-02 1.509087e+00
-4.500000e-02 -1.270041e-02 6.886392e-01
-3.000000e-02 -1.270041e-02 3.873495e-01
-1.500000e-02 -1.270041e-02 2.769218e-01
5.551115e-17 -1.270041e-02 2.483142e-01
1.500000e-02 -1.270041e-02 2.769218e-01
3.000000e-02 -1.270041e-02 3.873495e-01
4.500000e-02 -1.270041e-02 6.886392e-01
6.000000e-02 -1.270041e-02 1.509087e+00
7.500000e-02 -1.270041e-02 3.402237e+00
9.000000e-02 -1.270041e-02 5.616645e+00
1.050000e-01 -1.270041e-02 5.875518e+00
1.200000e-01 -1.270041e-02 4.698578e+00
1.350000e-01 -1.270041e-02 3.528108e+00
1.500000e-01 -1.270041e-02 2.712903e+00
1.650000e-01 -1.270041e-02 2.178249e+00
1.800000e-01 -1.270041e-02 1.822446e+00
1.950000e-01 -1.270041e-02 1.577954e+00
2.100000e-01 -1.270041e-02 1.404302e+00
2.250000e-01 -1.270041e-02 1.277304e+00
2.400000e-01 -1.270041e-02 1.182158e+00
2.550000e-01 -1.270041e-02 1.109517e+00
2.700000e-01 -1.270041e-02 1.053271e+00
2.850000e-01 -1.270041e-02 1.009299e+00
3.000000e-01 -1.270041e-02 9.747552e-01
-3.000000e-01 9.638653e-04 8.852889e-01
-2.850000e-01 9.638653e-04 9.152531e-01
-2.700000e-01 9.638653e-04 9.533041e-01
-2.550000e-01 9.638653e-04 1.001831e+00
-2.400000e-01 9.638653e-04 1.064273e+00
-2.250000e-01 9.638653e-04 1.145686e+00
-2.100000e-01 9.638653e-04 1.253735e+00
-1.950000e-01 9.638653e-04 1.400418e+00
-1.800000e-01 9.638653e-04 1.605081e+00
-1.650000e-01 9.638653e-04 1.899540e+00
-1.500000e-01 9.638653e-04 2.335805e+00
-1.350000e-01 9.638653e-04 2.990209e+00
-1.200000e-01 9.638653e-04 3.915806e+00
-1.050000e-01 9.638653e-04 4.842248e+00
-9.000000e-02 9.638653e-04 4.624255e+00
-7.500000e-02 9.638653e-04 2.802002e+00
-6.000000e-02 9.638653e-04 1.255279e+00
-4.500000e-02 9.638653e-04 5.846009e-01
-3.000000e-02 9.638653e-04 3.351249e-01
-1.500000e-02 9.638653e-04 2.425469e-01
5.551115e-17 9.638653e-04 2.184041e-01
1.500000e-02 9.638653e-04 2.425469e-01
3.000000e-02 9.638653e-04 3.351249e-01
4.500000e-02 9.638653e-04 5.846009e-01
6.000000e-02 9.638653e-04 1.255279e+00
7.500000e-02 9.638653e-04 2.802002e+00
9.000000e-02 9.638653e-04 4.624255e+00
1.050000e-01 9.638653e-04 4.842248e+00
1.200000e-01 9.638653e-04 3.915806e+00
1.350000e-01 9.638653e-04 2.990209e+00
1.500000e-01 9.638653e-04 2.335805e+00
1.650000e-01 9.638653e-04 1.899540e+00
1.800000e-01 9.638653e-04 1.605081e+00
1.950000e-01 9.638653e-04 1.400418e+00
2.100000e-01 9.638653e-04 1.253735e+00
2.250000e-01 9.638653e-04 1.145686e+00
2.400000e-01 9.638653e-04 1.064273e+00
2.550000e-01 9.638653e-04 1.001831e+00
2.700000e-01 9.638653e-04 9.533041e-01
2.850000e-01 9.638653e-04 9.152531e-01
3.000000e-01 9.638653e-04 8.852889e-01
-3.000000e-01 1.462815e-02 8.073713e-01
-2.850000e-01 1.462815e-02 8.335153e-01
-2.700000e-01 1.462815e-02 8.666408e-01
-2.550000e-01 1.462815e-02 9.087692e-01
-2.400000e-01 1.462815e-02 9.627918e-01
-2.250000e-01 1.462815e-02 1.032928e+00
-2.100000e-01 1.462815e-02 1.125516e+00
-1.950000e-01 1.462815e-02 1.250370e+00
-1.800000e-01 1.462815e-02 1.423099e+00
-1.650000e-01 1.462815e-02 1.668937e+00
-1.500000e-01 1.462815e-02 2.028201e+00
-1.350000e-01 1.462815e-02 2.558081e+00
-1.200000e-01 1.462815e-02 3.293465e+00
-1.050000e-01 1.462815e-02 4.014642e+00
-9.000000e-02 1.462815e-02 3.813206e+00
-7.500000e-02 1.462815e-02 2.317529e+00
-6.000000e-02 1.462815e-02 1.053602e+00
-4.500000e-02 1.462815e-02 5.012461e-01
-3.000000e-02 1.462815e-02 2.926880e-01
-1.500000e-02 1.462815e-02 2.143409e-01
5.551115e-17 1.462815e-02 1.937808e-01
1.500000e-02 1.462815e-02 2.143409e-01
3.000000e-02 1.462815e-02 2.926880e-01
4.500000e-02 1.462815e-02 5.012461e-01
6.000000e-02 1.462815e-02 1.053602e+00
7.500000e-02 1.462815e-02 2.317529e+00
9.000000e-02 1.462815e-02 3.813206e+00
1.050000e-01 1.462815e-02 4.014642e+00
1.200000e-01 1.462815e-02 3.293465e+00
1.350000e-01 1.462815e-02 2.558081e+00
1.500000e-01 1.462815e-02 2.028201e+00
1.650000e-01 1.462815e-02 1.668937e+00
1.800000e-01 1.462815e-02 1.423099e+00
1.950000e-01 1.462815e-02 1.250370e+00
2.100000e-01 1.462815e-02 1.125516e+00
2.250000e-01 1.462815e-02 1.032928e+00
2.400000e-01 1.462815e-02 9.627918e-01
2.550000e-01 1.462815e-02 9.087692e-01
2.700000e-01 1.462815e-02 8.666408e-01
2.850000e-01 1.462815e-02 8.335153e-01
3.000000e-01 1.462815e-02 8.073713e-01
-3.000000e-01 2.829243e-02 7.391329e-01
-2.850000e-01 2.829243e-02 7.620680e-01
-2.700000e-01 2.829243e-02 7.910670e-01
-2.550000e-01 2.829243e-02 8.278524e-01
-2.400000e-01 2.829243e-02 8.748729e-01
-2.250000e-01 2.829243e-02 9.356768e-01
-2.100000e-01 2.829243e-02 1.015547e+00
-1.950000e-01 2.829243e-02 1.122580e+00
-1.800000e-01 2.829243e-02 1.269482e+00
-1.650000e-01 2.829243e-02 1.476440e+00
-1.500000e-01 2.829243e-02 1.774945e+00
-1.350000e-01 2.829243e-02 2.207913e+00
-1.200000e-01 2.829243e-02 2.796446e+00
-1.050000e-01 2.829243e-02 3.356712e+00
-9.000000e-02 2.829243e-02 3.164410e+00
-7.500000e-02 2.829243e-02 1.931678e+00
-6.000000e-02 2.829243e-02 8.929783e-01
-4.500000e-02 2.829243e-02 4.339125e-01
-3.000000e-02 2.829243e-02 2.578907e-01
-1.500000e-02 2.829243e-02 1.909921e-01
5.551115e-17 2.829243e-02 1.733341e-01
1.500000e-02 2.829243e-02 1.909921e-01
3.000000e-02 2.829243e-02 2.578907e-01
4.500000e-02 2.829243e-02 4.339125e-01
6.000000e-02 2.829243e-02 8.929783e-01
7.500000e-02 2.829243e-02 1.931678e+00
9.000000e-02 2.829243e-02 3.164410e+00
1.050000e-01 2.829243e-02 3.356712e+00
1.200000e-01 2.829243e-02 2.796446e+00
1.350000e-01 2.829243e-02 2.207913e+00
1.500000e-01 2.829243e-02 1.774945e+00
1.650000e-01 2.829243e-02 1.476440e+00
1.800000e-01 2.829243e-02 1.269482e+00
1.950000e-01 2.829243e-02 1.122580e+00
2.100000e-01 2.829243e-02 1.015547e+00
2.250000e-01 2.829243e-02 9.356768e-01
2.400000e-01 2.829243e-02 8.748729e-01
2.550000e-01 2.829243e-02 8.278524e-01
2.700000e-01 2.829243e-02 7.910670e-01
2.850000e-01 2.829243e-02 7.620680e-01
3.000000e-01 2.829243e-02 7.391329e-01
-3.000000e-01 4.195671e-02 6.790607e-01
-2.850000e-01 4.195671e-02 6.992828e-01
-2.700000e-01 4.195671e-02 7.248018e-01
-2.550000e-01 4.195671e-02 7.570949e-01
-2.400000e-01 4.195671e-02 7.982505e-01
-2.250000e-01 4.195671e-02 8.512737e-01
-2.100000e-01 4.195671e-02 9.206019e-01
-1.950000e-01 4.195671e-02 1.012968e+00
-1.800000e-01 4.195671e-02 1.138803e+00
-1.650000e-01 4.195671e-02 1.314395e+00
-1.500000e-01 4.195671e-02 1.564537e+00
-1.350000e-01 4.195671e-02 1.921531e+00
-1.200000e-01 4.195671e-02 2.396541e+00
-1.050000e-01 4.195671e-02 2.833047e+00
-9.000000e-02 4.195671e-02 2.648732e+00
-7.500000e-02 4.195671e-02 1.624987e+00
-6.000000e-02 4.195671e-02 7.642374e-01
-4.500000e-02 4.195671e-02 3.790296e-01
-3.000000e-02 4.195671e-02 2.291025e-01
-1.500000e-02 4.195671e-02 1.715014e-01
5.551115e-17 4.195671e-02 1.562162e-01
1.500000e-02 4.195671e-02 1.715014e-01
3.000000e-02 4.195671e-02 2.291025e-01
4.500000e-02 4.195671e-02 3.790296e-01
6.000000e-02 4.195671e-02 7.642374e-01
7.500000e-02 4.195671e-02 1.624987e+00
9.000000e-02 4.195671e-02 2.648732e+00
1.050000e-01 4.195671e-02 2.833047e+00
1.200000e-01 4.195671e-02 2.396541e+00
1.350000e-01 4.195671e-02 1.921531e+00
1.500000e-01 4.195671e-02 1.564537e+00
1.650000e-01 4.195671e-02 1.314395e+00
1.800000e-01 4.195671e-02 1.138803e+00
1.950000e-01 4.195671e-02 1.012968e+00
2.100000e-01 4.195671e-02 9.206019e-01
2.250000e-01 4.195671e-02 8.512737e-01
2.400000e-01 4.195671e-02 7.982505e-01
2.550000e-01 4.195671e-02 7.570949e-01
2.700000e-01 4.195671e-02 7.248018e-01
2.850000e-01 4.195671e-02 6.992828e-01
3.000000e-01 4.195671e-02 6.790607e-01
-3.000000e-01 5.562099e-02 6.259215e-01
-2.850000e-01 5.562099e-02 6.438358e-01
-2.700000e-01 5.562099e-02 6.664015e-01
-2.550000e-01 5.562099e-02 6.948933e-01
-2.400000e-01 5.562099e-02 7.311035e-01
-2.250000e-01 5.562099e-02 7.775948e-01
-2.100000e-01 5.562099e-02 8.381210e-01
-1.950000e-01 5.562099e-02 9.183235e-01
-1.800000e-01 5.562099e-02 1.026833e+00
-1.650000e-01 5.562099e-02 1.176904e+00
-1.500000e-01 5.562099e-02 1.388207e+00
-1.350000e-01 5.562099e-02 1.685141e+00
-1.200000e-01 5.562099e-02 2.071928e+00
-1.050000e-01 5.562099e-02 2.413825e+00
-9.000000e-02 5.562099e-02 2.238138e+00
-7.500000e-02 5.562099e-02 1.380211e+00
-6.000000e-02 5.562099e-02 6.601927e-01
-4.500000e-02 5.562099e-02 3.338854e-01
-3.000000e-02 5.562099e-02 2.050823e-01
-1.500000e-02 5.562099e-02 1.551027e-01
5.551115e-17 5.562099e-02 1.417755e-01
1.500000e-02 5.562099e-02 1.551027e-01
3.000000e-02 5.562099e-02 2.050823e-01
4.500000e-02 5.562099e-02 3.338854e-01
6.000000e-02 5.562099e-02 6.601927e-01
7.500000e-02 5.562099e-02 1.380211e+00
9.000000e-02 5.562099e-02 2.238138e+00
1.050000e-01 5.562099e-02 2.413825e+00
1.200000e-01 5.562099e-02 2.071928e+00
1.350000e-01 5.562099e-02 1.685141e+00
1.500000e-01 5.562099e-02 1.388207e+00
1.650000e-01 5.562099e-02 1.176904e+00
1.800000e-01 5.562099e-02 1.026833e+00
1.950000e-01 5.562099e-02 9.183235e-01
2.100000e-01 5.562099e-02 8.381210e-01
2.250000e-01 5.562099e-02 7.775948e-01
2.400000e-01 5.562099e-02 7.311035e-01
2.550000e-01 5.562099e-02 6.948933e-01
2.700000e-01 5.562099e-02 6.664015e-01
2.850000e-01 5.562099e-02 6.438358e-01
3.000000e-01 5.562099e-02 6.259215e-01
-3.000000e-01 6.928527e-02 5.787027e-01
-2.850000e-01 6.928527e-02 5.946426e-01
-2.700000e-01 6.928527e-02 6.146873e-01
-2.550000e-01 6.928527e-02 6.399429e-01
-2.400000e-01 6.928527e-02 6.719571e-01
-2.250000e-01 6.928527e-02 7.129289e-01
-2.100000e-01 6.928527e-02 7.660554e-01
-1.950000e-01 6.928527e-02 8.360969e-01
-1.800000e-01 6.928527e-02 9.302498e-01
-1.650000e-01 6.928527e-02 1.059382e+00
-1.500000e-01 6.928527e-02 1.239223e+00
-1.350000e-01 6.928527e-02 1.488260e+00
-1.200000e-01 6.928527e-02 1.805981e+00
-1.050000e-01 6.928527e-02 2.075495e+00
-9.000000e-02 6.928527e-02 1.909218e+00
-7.500000e-02 6.928527e-02 1.183428e+00
-6.000000e-02 6.928527e-02 5.753415e-01
-4.500000e-02 6.928527e-02 2.964206e-01
-3.000000e-02 6.928527e-02 1.848793e-01
-1.500000e-02 6.928527e-02 1.412044e-01
5.551115e-17 6.928527e-02 1.295072e-01
1.500000e-02 6.928527e-02 1.412044e-01
3.000000e-02 6.928527e-02 1.848793e-01
4.500000e-02 6.928527e-02 2.964206e-01
6.000000e-02 6.928527e-02 5.753415e-01
7.500000e-02 6.928527e-02 1.183428e+00
9.000000e-02 6.928527e-02 1.909218e+00
1.050000e-01 6.928527e-02 2.075495e+00
1.200000e-01 6.928527e-02 1.805981e+00
1.350000e-01 6.928527e-02 1.488260e+00
1.500000e-01 6.928527e-02 1.239223e+00
1.650000e-01 6.928527e-02 1.059382e+00
1.800000e-01 6.928527e-02 9.302498e-01
1.950000e-01 6.928527e-02 8.360969e-01
2.100000e-01 6.928527e-02 7.660554e-01
2.250000e-01 6.928527e-02 7.129289e-01
2.400000e-01 6.928527e-02 6.719571e-01
2.550000e-01 6.928527e-02 6.399429e-01
2.700000e-01 6.928527e-02 6.146873e-01
2.850000e-01 6.928527e-02 5.946426e-01
3.000000e-01 6.928527e-02 5.787027e-01
-3.000000e-01 8.294955e-02 5.365677e-01
-2.850000e-01 8.294955e-02 5.508094e-01
-2.700000e-01 8.294955e-02 5.686900e-01
-2.550000e-01 8.294955e-02 5.911749e-01
-2.400000e-01 8.294955e-02 6.196078e-01
-2.250000e-01 8.294955e-02 6.558870e-01
-2.100000e-01 8.294955e-02 7.027524e-01
-1.950000e-01 8.294955e-02 7.642480e-01
-1.800000e-01 8.294955e-02 8.464162e-01
-1.650000e-01 8.294955e-02 9.582368e-01
-1.500000e-01 8.294955e-02 1.112377e+00
-1.350000e-01 8.294955e-02 1.322879e+00
-1.200000e-01 8.294955e-02 1.586082e+00
-1.050000e-01 8.294955e-02 1.799966e+00
-9.000000e-02 8.294955e-02 1.643555e+00
-7.500000e-02 8.294955e-02 1.023844e+00
-6.000000e-02 8.294955e-02 5.055045e-01
-4.500000e-02 8.294955e-02 2.650646e-01
-3.000000e-02 8.294955e-02 1.677597e-01
-1.500000e-02 8.294955e-02 1.293455e-01
5.551115e-17 8.294955e-02 1.190166e-01
1.500000e-02 8.294955e-02 1.293455e-01
3.000000e-02 8.294955e-02 1.677597e-01
4.500000e-02 8.294955e-02 2.650646e-01
6.000000e-02 8.294955e-02 5.055045e-01
7.500000e-02 8.294955e-02 1.023844e+00
9.000000e-02 8.294955e-02 1.643555e+00
1.050000e-01 8.294955e-02 1.799966e+00
1.200000e-01 8.294955e-02 1.586082e+00
1.350000e-01 8.294955e-02 1.322879e+00
1.500000e-01 8.294955e-02 1.112377e+00
1.650000e-01 8.294955e-02 9.582368e-01
1.800000e-01 8.294955e-02 8.464162e-01
1.950000e-01 8.294955e-02 7.642480e-01
2.100000e-01 8.294955e-02 7.027524e-01
2.250000e-01 8.294955e-02 6.558870e-01
2.400000e-01 8.294955e-02 6.196078e-01
2.550000e-01 8.294955e-02 5.911749e-01
2.700000e-01 8.294955e-02 5.686900e-01
2.850000e-01 8.294955e-02 5.508094e-01
3.000000e-01 8.294955e-02 5.365677e-01
-3.000000e-01 9.661383e-02 4.988206e-01
-2.850000e-01 9.661383e-02 5.115942e-01
-2.700000e-01 9.661383e-02 5.276076e-01
-2.550000e-01 9.661383e-02 5.477075e-01
-2.400000e-01 9.661383e-02 5.730669e-01
-2.250000e-01 9.661383e-02 6.053334e-01
-2.100000e-01 9.661383e-02 6.468692e-01
-1.950000e-01 9.661383e-02 7.011309e-01
-1.800000e-01 9.661383e-02 7.732265e-01
-1.650000e-01 9.661383e-02 8.706269e-01
-1.500000e-01 9.661383e-02 1.003604e+00
-1.350000e-01 9.661383e-02 1.182839e+00
-1.200000e-01 9.661383e-02 1.402635e+00
-1.050000e-01 9.661383e-02 1.573492e+00
-9.000000e-02 9.661383e-02 1.427027e+00
-7.500000e-02 9.661383e-02 8.932311e-01
-6.000000e-02 9.661383e-02 4.475081e-01
-4.500000e-02 9.661383e-02 2.386120e-01
-3.000000e-02 9.661383e-02 1.531525e-01
-1.500000e-02 9.661383e-02 1.191642e-01
5.551115e-17 9.661383e-02 1.099928e-01
1.500000e-02 9.661383e-02 1.191642e-01
3.000000e-02 9.661383e-02 1.531525e-01
4.500000e-02 9.661383e-02 2.386120e-01
6.000000e-02 9.661383e-02 4.475081e-01
7.500000e-02 9.661383e-02 8.932311e-01
9.000000e-02 9.661383e-02 1.427027e+00
1.050000e-01 9.661383e-02 1.573492e+00
1.200000e-01 9.661383e-02 1.402635e+00
1.350000e-01 9.661383e-02 1.182839e+00
1.500000e-01 9.661383e-02 1.003604e+00
1.650000e-01 9.661383e-02 8.706269e-01
1.800000e-01 9.661383e-02 7.732265e-01
1.950000e-01 9.661383e-02 7.011309e-01
2.100000e-01 9.661383e-02 6.468692e-01
2.250000e-01 9.661383e-02 6.053334e-01
2.400000e-01 9.661383e-02 5.730669e-01
2.550000e-01 9.661383e-02 5.477075e-01
2.700000e-01 9.661383e-02 5.276076e-01
2.850000e-01 9.661383e-02 5.115942e-01
3.000000e-01 9.661383e-02 4.988206e-01
-3.000000e-01 1.102781e-01 4.648794e-01
-2.850000e-01 1.102781e-01 4.763776e-01
-2.700000e-01 1.102781e-01 4.907722e-01
-2.550000e-01 1.102781e-01 5.088088e-01
-2.400000e-01 1.102781e-01 5.315167e-01
-2.250000e-01 1.102781e-01 5.603333e-01
-2.100000e-01 1.102781e-01 5.973064e-01
-1.950000e-01 1.102781e-01 6.454082e-01
-1.800000e-01 1.102781e-01 7.089832e-01
-1.650000e-01 1.102781e-01 7.942890e-01
-1.500000e-01 1.102781e-01 9.097078e-01
-1.350000e-01 1.102781e-01 1.063364e+00
-1.200000e-01 1.102781e-01 1.248302e+00
-1.050000e-01 1.102781e-01 1.385633e+00
-9.000000e-02 1.102781e-01 1.248904e+00
-7.500000e-02 1.102781e-01 7.853430e-01
-6.000000e-02 1.102781e-01 3.989320e-01
-4.500000e-02 1.102781e-01 2.161302e-01
-3.000000e-02 1.102781e-01 1.406096e-01
-1.500000e-02 1.102781e-01 1.103735e-01
5.551115e-17 1.102781e-01 1.021886e-01
1.500000e-02 1.102781e-01 1.103735e-01
3.000000e-02 1.102781e-01 1.406096e-01
4.500000e-02 1.102781e-01 2.161302e-01
6.000000e-02 1.102781e-01 3.989320e-01
7.500000e-02 1.102781e-01 7.853430e-01
9.000000e-02 1.102781e-01 1.248904e+00
1.050000e-01 1.102781e-01 1.385633e+00
1.200000e-01 1.102781e-01 1.248302e+00
1.350000e-01 1.102781e-01 1.063364e+00
1.500000e-01 1.102781e-01 9.097078e-01
1.650000e-01 1.102781e-01 7.942890e-01
1.800000e-01 1.102781e-01 7.089832e-01
1.950000e-01 1.102781e-01 6.454082e-01
2.100000e-01 1.102781e-01 5.973064e-01
2.250000e-01 1.102781e-01 5.603333e-01
2.400000e-01 1.102781e-01 5.315167e-01
2.550000e-01 1.102781e-01 5.088088e-01
2.700000e-01 1.102781e-01 4.907722e-01
2.850000e-01 1.102781e-01 4.763776e-01
3.000000e-01 1.102781e-01 4.648794e-01
-3.000000e-01 1.239424e-01 4.342542e-01
-2.850000e-01 1.239424e-01 4.446397e-01
-2.700000e-01 1.239424e-01 4.576241e-01
-2.550000e-01 1.239424e-01 4.738674e-01
-2.400000e-01 1.239424e-01 4.942767e-01
-2.250000e-01 1.239424e-01 5.201122e-01
-2.100000e-01 1.239424e-01 5.531584e-01
-1.950000e-01 1.239424e-01 5.959847e-01
-1.800000e-01 1.239424e-01 6.523088e-01
-1.650000e-01 1.239424e-01 7.274036e-01
-1.500000e-01 1.239424e-01 8.281506e-01
-1.350000e-01 1.239424e-01 9.607162e-01
-1.200000e-01 1.239424e-01 1.117427e+00
-1.050000e-01 1.239424e-01 1.228440e+00
-9.000000e-02 1.239424e-01 1.101037e+00
-7.500000e-02 1.239424e-01 6.954316e-01
-6.000000e-02 1.239424e-01 3.579177e-01
-4.500000e-02 1.239424e-01 1.968916e-01
-3.000000e-02 1.239424e-01 1.297763e-01
-1.500000e-02 1.239424e-01 1.027444e-01
5.551115e-17 1.239424e-01 9.540615e-02
1.500000e-02 1.239424e-01 1.027444e-01
3.000000e-02 1.239424e-01 1.297763e-01
4.500000e-02 1.239424e-01 1.968916e-01
6.000000e-02 1.239424e-01 3.579177e-01
7.500000e-02 1.239424e-01 6.954316e-01
9.000000e-02 1.239424e-01 1.101037e+00
1.050000e-01 1.239424e-01 1.228440e+00
1.200000e-01 1.239424e-01 1.117427e+00
1.350000e-01 1.239424e-01 9.607162e-01
1.500000e-01 1.239424e-01 8.281506e-01
1.650000e-01 1.239424e-01 7.274036e-01
1.800000e-01 1.239424e-01 6.523088e-01
1.950000e-01 1.239424e-01 5.959847e-01
2.100000e-01 1.239424e-01 5.531584e-01
2.250000e-01 1.239424e-01 5.201122e-01
2.400000e-01 1.239424e-01 4.942767e-01
2.550000e-01 1.239424e-01 4.738674e-01
2.700000e-01 1.239424e-01 4.576241e-01
2.850000e-01 1.239424e-01 4.446397e-01
3.000000e-01 1.239424e-01 4.342542e-01
-3.000000e-01 1.376067e-01 4.065309e-01
-2.850000e-01 1.376067e-01 4.159413e-01
-2.700000e-01 1.376067e-01 4.276921e-01
-2.550000e-01 1.376067e-01 4.423698e-01
-2.400000e-01 1.376067e-01 4.607771e-01
-2.250000e-01 1.376067e-01 4.840243e-01
-2.100000e-01 1.376067e-01 5.136737e-01
-1.950000e-01 1.376067e-01 5.519583e-01
-1.800000e-01 1.376067e-01 6.020765e-01
-1.650000e-01 1.376067e-01 6.684978e-01
-1.500000e-01 1.376067e-01 7.569024e-01
-1.350000e-01 1.376067e-01 8.719503e-01
-1.200000e-01 1.376067e-01 1.005620e+00
-1.050000e-01 1.376067e-01 1.095816e+00
-9.000000e-02 1.376067e-01 9.772188e-01
-7.500000e-02 1.376067e-01 6.198677e-01
-6.000000e-02 1.376067e-01 3.230274e-01
-4.500000e-02 1.376067e-01 1.803236e-01
-3.000000e-02 1.376067e-01 1.203696e-01
-1.500000e-02 1.376067e-01 9.609244e-02
5.551115e-17 1.376067e-01 8.948546e-02
1.500000e-02 1.376067e-01 9.609244e-02
3.000000e-02 1.376067e-01 1.203696e-01
4.500000e-02 1.376067e-01 1.803236e-01
6.000000e-02 1.376067e-01 3.230274e-01
7.500000e-02 1.376067e-01 6.198677e-01
9.000000e-02 1.376067e-01 9.772188e-01
1.050000e-01 1.376067e-01 1.095816e+00
1.200000e-01 1.376067e-01 1.005620e+00
1.350000e-01 1.376067e-01 8.719503e-01
1.500000e-01 1.376067e-01 7.569024e-01
1.650000e-01 1.376067e-01 6.684978e-01
1.800000e-01 1.376067e-01 6.020765e-01
1.950000e-01 1.376067e-01 5.519583e-01
2.100000e-01 1.376067e-01 5.136737e-01
2.250000e-01 1.376067e-01 4.840243e-01
2.400000e-01 1.376067e-01 4.607771e-01
2.550000e-01 1.376067e-01 4.423698e-01
2.700000e-01 1.376067e-01 4.276921e-01
2.850000e-01 1.376067e-01 4.159413e-01
3.000000e-01 1.376067e-01 4.065309e-01
-3.000000e-01 1.512709e-01 3.813573e-01
-2.850000e-01 1.512709e-01 3.899100e-01
-2.700000e-01 1.512709e-01 4.005772e-01
-2.550000e-01 1.512709e-01 4.138822e-01
-2.400000e-01 1.512709e-01 4.305385e-01
-2.250000e-01 1.512709e-01 4.515281e-01
-2.100000e-01 1.512709e-01 4.782254e-01
-1.950000e-01 1.512709e-01 5.125803e-01
-1.800000e-01 1.512709e-01 5.573588e-01
-1.650000e-01 1.512709e-01 6.163701e-01
-1.500000e-01 1.512709e-01 6.943261e-01
-1.350000e-01 1.512709e-01 7.947224e-01
-1.200000e-01 1.512709e-01 9.094412e-01
-1.050000e-01 1.512709e-01 9.830516e-01
-9.000000e-02 1.512709e-01 8.726842e-01
-7.500000e-02 1.512709e-01 5.558569e-01
-6.000000e-02 1.512709e-01 2.931389e-01
-4.500000e-02 1.512709e-01 1.659720e-01
-3.000000e-02 1.512709e-01 1.121617e-01
-1.500000e-02 1.512709e-01 9.026808e-02
5.551115e-17 1.512709e-01 8.429654e-02
1.500000e-02 1.512709e-01 9.026808e-02
3.000000e-02 1.512709e-01 1.121617e-01
4.500000e-02 1.512709e-01 1.659720e-01
6.000000e-02 1.512709e-01 2.931389e-01
7.500000e-02 1.512709e-01 5.558569e-01
9.000000e-02 1.512709e-01 8.726842e-01
1.050000e-01 1.512709e-01 9.830516e-01
1.200000e-01 1.512709e-01 9.094412e-01
1.350000e-01 1.512709e-01 7.947224e-01
1.500000e-01 1.512709e-01 6.943261e-01
1.650000e-01 1.512709e-01 6.163701e-01
1.800000e-01 1.512709e-01 5.573588e-01
1.950000e-01 1.512709e-01 5.125803e-01
2.100000e-01 1.512709e-01 4.782254e-01
2.250000e-01 1.512709e-01 4.515281e-01
2.400000e-01 1.512709e-01 4.305385e-01
2.550000e-01 1.512709e-01 4.138822e-01
2.700000e-01 1.512709e-01 4.005772e-01
2.850000e-01 1.512709e-01 3.899100e-01
3.000000e-01 1.512709e-01 3.813573e-01
-3.000000e-01 1.649352e-01 3.584328e-01
-2.850000e-01 1.649352e-01 3.662280e-01
-2.700000e-01 1.649352e-01 3.759396e-01
-2.550000e-01 1.649352e-01 3.880364e-01
-2.400000e-01 1.649352e-01 4.031548e-01
-2.250000e-01 1.649352e-01 4.221671e-01
-2.100000e-01 1.649352e-01 4.462872e-01
-1.950000e-01 1.649352e-01 4.772260e-01
-1.800000e-01 1.649352e-01 5.173870e-01
-1.650000e-01 1.649352e-01 5.700332e-01
-1.500000e-01 1.649352e-01 6.390917e-01
-1.350000e-01 1.649352e-01 7.271530e-01
-1.200000e-01 1.649352e-01 8.261727e-01
-1.050000e-01 1.649352e-01 8.864782e-01
-9.000000e-02 1.649352e-01 7.837502e-01
-7.500000e-02 1.649352e-01 5.012308e-01
-6.000000e-02 1.649352e-01 2.673692e-01
-4.500000e-02 1.649352e-01 1.534732e-01
-3.000000e-02 1.649352e-01 1.049680e-01
-1.500000e-02 1.649352e-01 8.514907e-02
5.551115e-17 1.649352e-01 7.973286e-02
1.500000e-02 1.649352e-01 8.514907e-02
3.000000e-02 1.649352e-01 1.049680e-01
4.500000e-02 1.649352e-01 1.534732e-01
6.000000e-02 1.649352e-01 2.673692e-01
7.500000e-02 1.649352e-01 5.012308e-01
9.000000e-02 1.649352e-01 7.837502e-01
1.050000e-01 1.649352e-01 8.864782e-01
1.200000e-01 1.649352e-01 8.261727e-01
1.350000e-01 1.649352e-01 7.271530e-01
1.500000e-01 1.649352e-01 6.390917e-01
1.650000e-01 1.649352e-01 5.700332e-01
1.800000e-01 1.649352e-01 5.173870e-01
1.950000e-01 1.649352e-01 4.772260e-01
2.100000e-01 1.649352e-01 4.462872e-01
2.250000e-01 1.649352e-01 4.221671e-01
2.400000e-01 1.649352e-01 4.031548e-01
2.550000e-01 1.649352e-01 3.880364e-01
2.700000e-01 1.649352e-01 3.759396e-01
2.850000e-01 1.649352e-01 3.662280e-01
3.000000e-01 1.649352e-01 3.584328e-01
-3.000000e-01 1.785995e-01 3.374993e-01
-2.850000e-01 1.785995e-01 3.446231e-01
-2.700000e-01 1.785995e-01 3.534891e-01
-2.550000e-01 1.785995e-01 3.645184e-01
-2.400000e-01 1.785995e-01 3.782808e-01
-2.250000e-01 1.785995e-01 3.955543e-01
-2.100000e-01 1.785995e-01 4.174153e-01
-1.950000e-01 1.785995e-01 4.453712e-01
-1.800000e-01 1.785995e-01 4.815203e-01
-1.650000e-01 1.785995e-01 5.286712e-01
-1.500000e-01 1.785995e-01 5.901105e-01
-1.350000e-01 1.785995e-01 6.677234e-01
-1.200000e-01 1.785995e-01 7.536497e-01
-1.050000e-01 1.785995e-01 8.032130e-01
-9.000000e-02 1.785995e-01 7.075453e-01
-7.500000e-02 1.785995e-01 4.542916e-01
-6.000000e-02 1.785995e-01 2.450173e-01
-4.500000e-02 1.785995e-01 1.425342e-01
-3.000000e-02 1.785995e-01 9.863801e-02
-1.500000e-02 1.785995e-01 8.063488e-02
5.551115e-17 1.785995e-01 7.570658e-02
1.500000e-02 1.785995e-01 8.063488e-02
3.000000e-02 1.785995e-01 9.863801e-02
4.500000e-02 1.785995e-01 1.425342e-01
6.000000e-02 1.785995e-01 2.450173e-01
7.500000e-02 1.785995e-01 4.542916e-01
9.000000e-02 1.785995e-01 7.075453e-01
1.050000e-01 1.785995e-01 8.032130e-01
1.200000e-01 1.785995e-01 7.536497e-01
1.350000e-01 1.785995e-01 6.677234e-01
1.500000e-01 1.785995e-01 5.901105e-01
1.650000e-01 1.785995e-01 5.286712e-01
1.800000e-01 1.785995e-01 4.815203e-01
1.950000e-01 1.785995e-01 4.453712e-01
2.100000e-01 1.785995e-01 4.174153e-01
2.250000e-01 1.785995e-01 3.955543e-01
2.400000e-01 1.785995e-01 3.782808e-01
2.550000e-01 1.785995e-01 3.645184e-01
2.700000e-01 1.785995e-01 3.534891e-01
2.850000e-01 1.785995e-01 3.446231e-01
3.000000e-01 1.785995e-01 3.374993e-01
-3.000000e-01 1.922638e-01 3.183344e-01
-2.850000e-01 1.922638e-01 3.248612e-01
-2.700000e-01 1.922638e-01 3.329762e-01
-2.550000e-01 1.922638e-01 3.430590e-01
-2.400000e-01 1.922638e-01 3.556216e-01
-2.250000e-01 1.922638e-01 3.713600e-01
-2.100000e-01 1.922638e-01 3.912328e-01
-1.950000e-01 1.922638e-01 4.165733e-01
-1.800000e-01 1.922638e-01 4.492212e-01
-1.650000e-01 1.922638e-01 4.916049e-01
-1.500000e-01 1.922638e-01 5.464856e-01
-1.350000e-01 1.922638e-01 6.151970e-01
-1.200000e-01 1.922638e-01 6.901339e-01
-1.050000e-01 1.922638e-01 7.309720e-01
-9.000000e-02 1.922638e-01 6.418112e-01
-7.500000e-02 1.922638e-01 4.136994e-01
-6.000000e-02 1.922638e-01 2.255225e-01
-4.500000e-02 1.922638e-01 1.329171e-01
-3.000000e-02 1.922638e-01 9.304773e-02
-1.500000e-02 1.922638e-01 7.664228e-02
5.551115e-17 1.922638e-01 7.214483e-02
1.500000e-02 1.922638e-01 7.664228e-02
3.000000e-02 1.922638e-01 9.304773e-02
4.500000e-02 1.922638e-01 1.329171e-01
6.000000e-02 1.922638e-01 2.255225e-01
7.500000e-02 1.922638e-01 4.136994e-01
9.000000e-02 1.922638e-01 6.418112e-01
1.050000e-01 1.922638e-01 7.309720e-01
1.200000e-01 1.922638e-01 6.901339e-01
1.350000e-01 1.922638e-01 6.151970e-01
1.500000e-01 1.922638e-01 5.464856e-01
1.650000e-01 1.922638e-01 4.916049e-01
1.800000e-01 1.922638e-01 4.492212e-01
1.950000e-01 1.922638e-01 4.165733e-01
2.100000e-01 1.922638e-01 3.912328e-01
2.250000e-01 1.922638e-01 3.713600e-01
2.400000e-01 1.922638e-01 3.556216e-01
2.550000e-01 1.922638e-01 3.430590e-01
2.700000e-01 1.922638e-01 3.329762e-01
2.850000e-01 1.922638e-01 3.248612e-01
3.000000e-01 1.922638e-01 3.183344e-01
-3.000000e-01 2.059281e-01 3.007457e-01
-2.850000e-01 2.059281e-01 3.067400e-01
-2.700000e-01 2.059281e-01 3.141859e-01
-2.550000e-01 2.059281e-01 3.234266e-01
-2.400000e-01 2.059281e-01 3.349238e-01
-2.250000e-01 2.059281e-01 3.493023e-01
-2.100000e-01 2.059281e-01 3.674187e-01
-1.950000e-01 2.059281e-01 3.904569e-01
-1.800000e-01 2.059281e-01 4.200365e-01
-1.650000e-01 2.059281e-01 4.582660e-01
-1.500000e-01 2.059281e-01 5.074734e-01
-1.350000e-01 2.059281e-01 5.685599e-01
-1.200000e-01 2.059281e-01 6.342181e-01
-1.050000e-01 2.059281e-01 6.679302e-01
-9.000000e-02 2.059281e-01 5.847573e-01
-7.500000e-02 2.059281e-01 3.783875e-01
-6.000000e-02 2.059281e-01 2.084325e-01
-4.500000e-02 2.059281e-01 1.244268e-01
-3.000000e-02 2.059281e-01 8.809471e-02
-1.500000e-02 2.059281e-01 7.310195e-02
5.551115e-17 2.059281e-01 6.898677e-02
1.500000e-02 2.059281e-01 7.310195e-02
3.000000e-02 2.059281e-01 8.809471e-02
4.500000e-02 2.059281e-01 1.244268e-01
6.000000e-02 2.059281e-01 2.084325e-01
7.500000e-02 2.059281e-01 3.783875e-01
9.000000e-02 2.059281e-01 5.847573e-01
1.050000e-01 2.059281e-01 6.679302e-01
1.200000e-01 2.059281e-01 6.342181e-01
1.350000e-01 2.059281e-01 5.685599e-01
1.500000e-01 2.059281e-01 5.074734e-01
1.650000e-01 2.059281e-01 4.582660e-01
1.800000e-01 2.059281e-01 4.200365e-01
1.950000e-01 2.059281e-01 3.904569e-01
2.100000e-01 2.059281e-01 3.674187e-01
2.250000e-01 2.059281e-01 3.493023e-01
2.400000e-01 2.059281e-01 3.349238e-01
2.550000e-01 2.059281e-01 3.234266e-01
2.700000e-01 2.059281e-01 3.141859e-01
2.850000e-01 2.059281e-01 3.067400e-01
3.000000e-01 2.059281e-01 3.007457e-01
-3.000000e-01 2.195923e-01 2.845662e-01
-2.850000e-01 2.195923e-01 2.900840e-01
-2.700000e-01 2.195923e-01 2.969318e-01
-2.550000e-01 2.195923e-01 3.054211e-01
-2.400000e-01 2.195923e-01 3.159691e-01
-2.250000e-01 2.195923e-01 3.291388e-01
-2.100000e-01 2.195923e-01 3.456980e-01
-1.950000e-01 2.195923e-01 3.667020e-01
-1.800000e-01 2.195923e-01 3.935821e-01
-1.650000e-01 2.195923e-01 4.281761e-01
-1.500000e-01 2.195923e-01 4.724530e-01
-1.350000e-01 2.195923e-01 5.269751e-01
-1.200000e-01 2.195923e-01 5.847553e-01
-1.050000e-01 2.195923e-01 6.126181e-01
-9.000000e-02 2.195923e-01 5.349519e-01
-7.500000e-02 2.195923e-01 3.474996e-01
-6.000000e-02 2.195923e-01 1.933797e-01
-4.500000e-02 2.195923e-01 1.169030e-01
-3.000000e-02 2.195923e-01 8.369366e-02
-1.500000e-02 2.195923e-01 6.995583e-02
5.551115e-17 2.195923e-01 6.618134e-02
1.500000e-02 2.195923e-01 6.995583e-02
3.000000e-02 2.195923e-01 8.369366e-02
4.500000e-02 2.195923e-01 1.169030e-01
6.000000e-02 2.195923e-01 1.933797e-01
7.500000e-02 2.195923e-01 3.474996e-01
9.000000e-02 2.195923e-01 5.349519e-01
1.050000e-01 2.195923e-01 6.126181e-01
1.200000e-01 2.195923e-01 5.847553e-01
1.350000e-01 2.195923e-01 5.269751e-01
1.500000e-01 2.195923e-01 4.724530e-01
1.650000e-01 2.195923e-01 4.281761e-01
1.800000e-01 2.195923e-01 3.935821e-01
1.950000e-01 2.195923e-01 3.667020e-01
2.100000e-01 2.195923e-01 3.456980e-01
2.250000e-01 2.195923e-01 3.291388e-01
2.400000e-01 2.195923e-01 3.159691e-01
2.550000e-01 2.195923e-01 3.054211e-01
2.700000e-01 2.195923e-01 2.969318e-01
2.850000e-01 2.195923e-01 2.900840e-01
3.000000e-01 2.195923e-01 2.845662e-01
-3.000000e-01 2.332566e-01 2.696502e-01
-2.850000e-01 2.332566e-01 2.747403e-01
-2.700000e-01 2.332566e-01 2.810521e-01
-2.550000e-01 2.332566e-01 2.888687e-01
-2.400000e-01 2.332566e-01 2.985685e-01
-2.250000e-01 2.332566e-01 3.106601e-01
-2.100000e-01 2.332566e-01 3.258343e-01
-1.950000e-01 2.332566e-01 3.450346e-01
-1.800000e-01 2.332566e-01 3.695306e-01
-1.650000e-01 2.332566e-01 4.009304e-01
-1.500000e-01 2.332566e-01 4.409039e-01
-1.350000e-01 2.332566e-01 4.897473e-01
-1.200000e-01 2.332566e-01 5.408036e-01
-1.050000e-01 2.332566e-01 5.638431e-01
-9.000000e-02 2.332566e-01 4.912411e-01
-7.500000e-02 2.332566e-01 3.203434e-01
-6.000000e-02 2.332566e-01 1.800633e-01
-4.500000e-02 2.332566e-01 1.102127e-01
-3.000000e-02 2.332566e-01 7.977314e-02
-1.500000e-02 2.332566e-01 6.715503e-02
5.551115e-17 2.332566e-01 6.368546e-02
1.500000e-02 2.332566e-01 6.715503e-02
3.000000e-02 2.332566e-01 7.977314e-02
4.500000e-02 2.332566e-01 1.102127e-01
6.000000e-02 2.332566e-01 1.800633e-01
7.500000e-02 2.332566e-01 3.203434e-01
9.000000e-02 2.332566e-01 4.912411e-01
1.050000e-01 2.332566e-01 5.638431e-01
1.200000e-01 2.332566e-01 5.408036e-01
1.350000e-01 2.332566e-01 4.897473e-01
1.500000e-01 2.332566e-01 4.409039e-01
1.650000e-01 2.332566e-01 4.009304e-01
1.800000e-01 2.332566e-01 3.695306e-01
1.950000e-01 2.332566e-01 3.450346e-01
2.100000e-01 2.332566e-01 3.258343e-01
2.250000e-01 2.332566e-01 3.106601e-01
2.400000e-01 2.332566e-01 2.985685e-01
2.550000e-01 2.332566e-01 2.888687e-01
2.700000e-01 2.332566e-01 2.810521e-01
2.850000e-01 2.332566e-01 2.747403e-01
3.000000e-01 2.332566e-01 2.696502e-01
-3.000000e-01 2.469209e-01 2.558703e-01
-2.850000e-01 2.469209e-01 2.605756e-01
-2.700000e-01 2.469209e-01 2.664055e-01
-2.550000e-01 2.469209e-01 2.736181e-01
-2.400000e-01 2.469209e-01 2.825577e-01
-2.250000e-01 2.469209e-01 2.936850e-01
-2.100000e-01 2.469209e-01 3.076232e-01
-1.950000e-01 2.469209e-01 3.252189e-01
-1.800000e-01 2.469209e-01 3.476020e-01
-1.650000e-01 2.469209e-01 3.761846e-01
-1.500000e-01 2.469209e-01 4.123865e-01
-1.350000e-01 2.469209e-01 4.562953e-01
-1.200000e-01 2.469209e-01 5.015846e-01
-1.050000e-01 2.469209e-01 5.206304e-01
-9.000000e-02 2.469209e-01 4.526880e-01
-7.500000e-02 2.469209e-01 2.963547e-01
-6.000000e-02 2.469209e-01 1.682354e-01
-4.500000e-02 2.469209e-01 1.042449e-01
-3.000000e-02 2.469209e-01 7.627304e-02
-1.500000e-02 2.469209e-01 6.465816e-02
5.551115e-17 2.469209e-01 6.146261e-02
1.500000e-02 2.469209e-01 6.465816e-02
3.000000e-02 2.469209e-01 7.627304e-02
4.500000e-02 2.469209e-01 1.042449e-01
6.000000e-02 2.469209e-01 1.682354e-01
7.500000e-02 2.469209e-01 2.963547e-01
9.000000e-02 2.469209e-01 4.526880e-01
1.050000e-01 2.469209e-01 5.206304e-01
1.200000e-01 2.469209e-01 5.015846e-01
1.350000e-01 2.469209e-01 4.562953e-01
1.500000e-01 2.469209e-01 4.123865e-01
1.650000e-01 2.469209e-01 3.761846e-01
1.800000e-01 2.469209e-01 3.476020e-01
1.950000e-01 2.469209e-01 3.252189e-01
2.100000e-01 2.469209e-01 3.076232e-01
2.250000e-01 2.469209e-01 2.936850e-01
2.400000e-01 2.469209e-01 2.825577e-01
2.550000e-01 2.469209e-01 2.736181e-01
2.700000e-01 2.469209e-01 2.664055e-01
2.850000e-01 2.469209e-01 2.605756e-01
3.000000e-01 2.469209e-01 2.558703e-01
-3.000000e-01 2.605852e-01 2.431146e-01
-2.850000e-01 2.605852e-01 2.474726e-01
-2.700000e-01 2.605852e-01 2.528682e-01
-2.550000e-01 2.605852e-01 2.595372e-01
-2.400000e-01 2.605852e-01 2.677935e-01
-2.250000e-01 2.605852e-01 2.780557e-01
-2.100000e-01 2.605852e-01 2.908877e-01
-1.950000e-01 2.605852e-01 3.070514e-01
-1.800000e-01 2.605852e-01 3.275556e-01
-1.650000e-01 2.605852e-01 3.536447e-01
-1.500000e-01 2.605852e-01 3.865282e-01
-1.350000e-01 2.605852e-01 4.261309e-01
-1.200000e-01 2.605852e-01 4.664510e-01
-1.050000e-01 2.605852e-01 4.821778e-01
-9.000000e-02 2.605852e-01 4.185261e-01
-7.500000e-02 2.605852e-01 2.750708e-01
-6.000000e-02 2.605852e-01 1.576907e-01
-4.500000e-02 2.605852e-01 9.890652e-02
-3.000000e-02 2.605852e-01 7.314250e-02
-1.500000e-02 2.605852e-01 6.243005e-02
5.551115e-17 2.605852e-01 5.948169e-02
1.500000e-02 2.605852e-01 6.243005e-02
3.000000e-02 2.605852e-01 7.314250e-02
4.500000e-02 2.605852e-01 9.890652e-02
6.000000e-02 2.605852e-01 1.576907e-01
7.500000e-02 2.605852e-01 2.750708e-01
9.000000e-02 2.605852e-01 4.185261e-01
1.050000e-01 2.605852e-01 4.821778e-01
1.200000e-01 2.605852e-01 4.664510e-01
1.350000e-01 2.605852e-01 4.261309e-01
1.500000e-01 2.605852e-01 3.865282e-01
1.650000e-01 2.605852e-01 3.536447e-01
1.800000e-01 2.605852e-01 3.275556e-01
1.950000e-01 2.605852e-01 3.070514e-01
2.100000e-01 2.605852e-01 2.908877e-01
2.250000e-01 2.605852e-01 2.780557e-01
2.400000e-01 2.605852e-01 2.677935e-01
2.550000e-01 2.605852e-01 2.595372e-01
2.700000e-01 2.605852e-01 2.528682e-01
2.850000e-01 2.605852e-01 2.474726e-01
3.000000e-01 2.605852e-01 2.431146e-01
-3.000000e-01 2.742495e-01 2.312846e-01
-2.850000e-01 2.742495e-01 2.353286e-01
-2.700000e-01 2.742495e-01 2.403317e-01
-2.550000e-01 2.742495e-01 2.465101e-01
-2.400000e-01 2.742495e-01 2.541505e-01
-2.250000e-01 2.742495e-01 2.636345e-01
-2.100000e-01 2.742495e-01 2.754735e-01
-1.950000e-01 2.742495e-01 2.903554e-01
-1.800000e-01 2.742495e-01 3.091836e-01
-1.650000e-01 2.742495e-01 3.330580e-01
-1.500000e-01 2.742495e-01 3.630113e-01
-1.350000e-01 2.742495e-01 3.988413e-01
-1.200000e-01 2.742495e-01 4.348611e-01
-1.050000e-01 2.742495e-01 4.478208e-01
-9.000000e-02 2.742495e-01 3.881246e-01
-7.500000e-02 2.742495e-01 2.561091e-01
-6.000000e-02 2.742495e-01 1.482575e-01
-4.500000e-02 2.742495e-01 9.411907e-02
-3.000000e-02 2.742495e-01 7.033827e-02
-1.500000e-02 2.742495e-01 6.044064e-02
5.551115e-17 2.742495e-01 5.771609e-02
1.500000e-02 2.742495e-01 6.044064e-02
3.000000e-02 2.742495e-01 7.033827e-02
4.500000e-02 2.742495e-01 9.411907e-02
6.000000e-02 2.742495e-01 1.482575e-01
7.500000e-02 2.742495e-01 2.561091e-01
9.000000e-02 2.742495e-01 3.881246e-01
1.050000e-01 2.742495e-01 4.478208e-01
1.200000e-01 2.742495e-01 4.348611e-01
1.350000e-01 2.742495e-01 3.988413e-01
1.500000e-01 2.742495e-01 3.630113e-01
1.650000e-01 2.742495e-01 3.330580e-01
1.800000e-01 2.742495e-01 3.091836e-01
1.950000e-01 2.742495e-01 2.903554e-01
2.100000e-01 2.742495e-01 2.754735e-01
2.250000e-01 2.742495e-01 2.636345e-01
2.400000e-01 2.742495e-01 2.541505e-01
2.550000e-01 2.742495e-01 2.465101e-01
2.700000e-01 2.742495e-01 2.403317e-01
2.850000e-01 2.742495e-01 2.353286e-01
3.000000e-01 2.742495e-01 2.312846e-01
-3.000000e-01 2.879137e-01 2.202933e-01
-2.850000e-01 2.879137e-01 2.240525e-01
-2.700000e-01 2.879137e-01 2.287001e-01
-2.550000e-01 2.879137e-01 2.344346e-01
-2.400000e-01 2.879137e-01 2.415187e-01
-2.250000e-01 2.879137e-01 2.503007e-01
-2.100000e-01 2.879137e-01 2.612461e-01
-1.950000e-01 2.879137e-01 2.749772e-01
-1.800000e-01 2.879137e-01 2.923058e-01
-1.650000e-01 2.879137e-01 3.142071e-01
-1.500000e-01 2.879137e-01 3.415638e-01
-1.350000e-01 2.879137e-01 3.740759e-01
-1.200000e-01 2.879137e-01 4.063592e-01
-1.050000e-01 2.879137e-01 4.170056e-01
-9.000000e-02 2.879137e-01 3.609602e-01
-7.500000e-02 2.879137e-01 2.391521e-01
-6.000000e-02 2.879137e-01 1.397920e-01
-4.500000e-02 2.879137e-01 8.981604e-02
-3.000000e-02 2.879137e-01 6.782343e-02
-1.500000e-02 2.879137e-01 5.866416e-02
5.551115e-17 2.879137e-01 5.614297e-02
1.500000e-02 2.879137e-01 5.866416e-02
3.000000e-02 2.879137e-01 6.782343e-02
4.500000e-02 2.879137e-01 8.981604e-02
6.000000e-02 2.879137e-01 1.397920e-01
7.500000e-02 2.879137e-01 2.391521e-01
9.000000e-02 2.879137e-01 3.609602e-01
1.050000e-01 2.879137e-01 4.170056e-01
1.200000e-01 2.879137e-01 4.063592e-01
1.350000e-01 2.879137e-01 3.740759e-01
1.500000e-01 2.879137e-01 3.415638e-01
1.650000e-01 2.879137e-01 3.142071e-01
1.800000e-01 2.879137e-01 2.923058e-01
1.950000e-01 2.879137e-01 2.749772e-01
2.100000e-01 2.879137e-01 2.612461e-01
2.250000e-01 2.879137e-01 2.503007e-01
2.400000e-01 2.879137e-01 2.415187e-01
2.550000e-01 2.879137e-01 2.344346e-01
2.700000e-01 2.879137e-01 2.287001e-01
2.850000e-01 2.879137e-01 2.240525e-01
3.000000e-01 2.879137e-01 2.202933e-01
-3.000000e-01 3.015780e-01 2.100636e-01
-2.850000e-01 3.015780e-01 2.135641e-01
-2.700000e-01 3.015780e-01 2.178890e-01
-2.550000e-01 3.015780e-01 2.232209e-01
-2.400000e-01 3.015780e-01 2.298010e-01
-2.250000e-01 3.015780e-01 2.379484e-01
-2.100000e-01 3.015780e-01 2.480873e-01
-1.950000e-01 3.015780e-01 2.607826e-01
-1.800000e-01 3.015780e-01 2.767657e-01
-1.650000e-01 3.015780e-01 2.969035e-01
-1.500000e-01 3.015780e-01 3.219519e-01
-1.350000e-01 3.015780e-01 3.515357e-01
-1.200000e-01 3.015780e-01 3.805599e-01
-1.050000e-01 3.015780e-01 3.892678e-01
-9.000000e-02 3.015780e-01 3.365968e-01
-7.500000e-02 3.015780e-01 2.239338e-01
-6.000000e-02 3.015780e-01 1.321728e-01
-4.500000e-02 3.015780e-01 8.594077e-02
-3.000000e-02 3.015780e-01 6.556632e-02
-1.500000e-02 3.015780e-01 5.707843e-02
5.551115e-17 3.015780e-01 5.474264e-02
1.500000e-02 3.015780e-01 5.707843e-02
3.000000e-02 3.015780e-01 6.556632e-02
4.500000e-02 3.015780e-01 8.594077e-02
6.000000e-02 3.015780e-01 1.321728e-01
7.500000e-02 3.015780e-01 2.239338e-01
9.000000e-02 3.015780e-01 3.365968e-01
1.050000e-01 3.015780e-01 3.892678e-01
1.200000e-01 3.015780e-01 3.805599e-01
1.350000e-01 3.015780e-01 3.515357e-01
1.500000e-01 3.015780e-01 3.219519e-01
1.650000e-01 3.015780e-01 2.969035e-01
1.800000e-01 3.015780e-01 2.767657e-01
1.950000e-01 3.015780e-01 2.607826e-01
2.100000e-01 3.015780e-01 2.480873e-01
2.250000e-01 3.015780e-01 2.379484e-01
2.400000e-01 3.015780e-01 2.298010e-01
2.550000e-01 3.015780e-01 2.232209e-01
2.700000e-01 3.015780e-01 2.178890e-01
2.850000e-01 3.015780e-01 2.135641e-01
3.000000e-01 3.015780e-01 2.100636e-01
-3.000000e-01 3.152423e-01 2.005271e-01
-2.850000e-01 3.152423e-01 2.037920e-01
-2.700000e-01 3.152423e-01 2.078232e-01
-2.550000e-01 3.152423e-01 2.127891e-01
-2.400000e-01 3.152423e-01 2.189119e-01
-2.250000e-01 3.152423e-01 2.264839e-01
-2.100000e-01 3.152423e-01 2.358933e-01
-1.950000e-01 3.152423e-01 2.476539e-01
-1.800000e-01 3.152423e-01 2.624263e-01
-1.650000e-01 3.152423e-01 2.809836e-01
-1.500000e-01 3.152423e-01 3.039734e-01
-1.350000e-01 3.152423e-01 3.309641e-01
-1.200000e-01 3.152423e-01 3.571355e-01
-1.050000e-01 3.152423e-01 3.642161e-01
-9.000000e-02 3.152423e-01 3.146685e-01
-7.500000e-02 3.152423e-01 2.102310e-01
-6.000000e-02 3.152423e-01 1.252971e-01
-4.500000e-02 3.152423e-01 8.244482e-02
-3.000000e-02 3.152423e-01 6.353968e-02
-1.500000e-02 3.152423e-01 5.566428e-02
5.551115e-17 3.152423e-01 5.349807e-02
1.500000e-02 3.152423e-01 5.566428e-02
3.000000e-02 3.152423e-01 6.353968e-02
4.500000e-02 3.152423e-01 8.244482e-02
6.000000e-02 3.152423e-01 1.252971e-01
7.500000e-02 3.152423e-01 2.102310e-01
9.000000e-02 3.152423e-01 3.146685e-01
1.050000e-01 3.152423e-01 3.642161e-01
1.200000e-01 3.152423e-01 3.571355e-01
1.350000e-01 3.152423e-01 3.309641e-01
1.500000e-01 3.152423e-01 3.039734e-01
1.650000e-01 3.152423e-01 2.809836e-01
1.800000e-01 3.152423e-01 2.624263e-01
1.950000e-01 3.152423e-01 2.476539e-01
2.100000e-01 3.152423e-01 2.358933e-01
2.250000e-01 3.152423e-01 2.264839e-01
2.400000e-01 3.152423e-01 2.189119e-01
2.550000e-01 3.152423e-01 2.127891e-01
2.700000e-01 3.152423e-01 2.078232e-01
2.850000e-01 3.152423e-01 2.037920e-01
3.000000e-01 3.152423e-01 2.005271e-01
-3.000000e-01 3.289066e-01 1.916229e-01
-2.850000e-01 3.289066e-01 1.946727e-01
-2.700000e-01 3.289066e-01 1.984361e-01
-2.550000e-01 3.289066e-01 2.030687e-01
-2.400000e-01 3.289066e-01 2.087753e-01
-2.250000e-01 3.289066e-01 2.158247e-01
-2.100000e-01 3.289066e-01 2.245726e-01
-1.950000e-01 3.289066e-01 2.354875e-01
-1.800000e-01 3.289066e-01 2.491678e-01
-1.650000e-01 3.289066e-01 2.663046e-01
-1.500000e-01 3.289066e-01 2.874533e-01
-1.350000e-01 3.289066e-01 3.121404e-01
-1.200000e-01 3.289066e-01 3.358061e-01
-1.050000e-01 3.289066e-01 3.415187e-01
-9.000000e-02 3.289066e-01 2.948669e-01
-7.500000e-02 3.289066e-01 1.978547e-01
-6.000000e-02 3.289066e-01 1.190771e-01
-4.500000e-02 3.289066e-01 7.928654e-02
-3.000000e-02 3.289066e-01 6.171995e-02
-1.500000e-02 3.289066e-01 5.440510e-02
5.551115e-17 3.289066e-01 5.239450e-02
1.500000e-02 3.289066e-01 5.440510e-02
3.000000e-02 3.289066e-01 6.171995e-02
4.500000e-02 3.289066e-01 7.928654e-02
6.000000e-02 3.289066e-01 1.190771e-01
7.500000e-02 3.289066e-01 1.978547e-01
9.000000e-02 3.289066e-01 2.948669e-01
1.050000e-01 3.289066e-01 3.415187e-01
1.200000e-01 3.289066e-01 3.358061e-01
1.350000e-01 3.289066e-01 3.121404e-01
1.500000e-01 3.289066e-01 2.874533e-01
1.650000e-01 3.289066e-01 2.663046e-01
1.800000e-01 3.289066e-01 2.491678e-01
1.950000e-01 3.289066e-01 2.354875e-01
2.100000e-01 3.289066e-01 2.245726e-01
2.250000e-01 3.289066e-01 2.158247e-01
2.400000e-01 3.289066e-01 2.087753e-01
2.550000e-01 3.289066e-01 2.030687e-01
2.700000e-01 3.289066e-01 1.984361e-01
2.850000e-01 3.289066e-01 1.946727e-01
3.000000e-01 3.289066e-01 1.916229e-01
-3.000000e-01 3.425709e-01 1.832964e-01
-2.850000e-01 3.425709e-01 1.861497e-01
-2.700000e-01 3.425709e-01 1.896683e-01
-2.550000e-01 3.425709e-01 1.939967e-01
-2.400000e-01 3.425709e-01 1.993238e-01
-2.250000e-01 3.425709e-01 2.058974e-01
-2.100000e-01 3.425709e-01 2.140441e-01
-1.950000e-01 3.425709e-01 2.241922e-01
-1.800000e-01 3.425709e-01 2.368849e-01
-1.650000e-01 3.425709e-01 2.527417e-01
-1.500000e-01 3.425709e-01 2.722391e-01
-1.350000e-01 3.425709e-01 2.948735e-01
-1.200000e-01 3.425709e-01 3.163315e-01
-1.050000e-01 3.425709e-01 3.208931e-01
-9.000000e-02 3.425709e-01 2.769302e-01
-7.500000e-02 3.425709e-01 1.866445e-01
-6.000000e-02 3.425709e-01 1.134378e-01
-4.500000e-02 3.425709e-01 7.643005e-02
-3.000000e-02 3.425709e-01 6.008671e-02
-1.500000e-02 3.425709e-01 5.328646e-02
5.551115e-17 3.425709e-01 5.141905e-02
1.500000e-02 3.425709e-01 5.328646e-02
3.000000e-02 3.425709e-01 6.008671e-02
4.500000e-02 3.425709e-01 7.643005e-02
6.000000e-02 3.425709e-01 1.134378e-01
7.500000e-02 3.425709e-01 1.866445e-01
9.000000e-02 3.425709e-01 2.769302e-01
1.050000e-01 3.425709e-01 3.208931e-01
1.200000e-01 3.425709e-01 3.163315e-01
1.350000e-01 3.425709e-01 2.948735e-01
1.500000e-01 3.425709e-01 2.722391e-01
1.650000e-01 3.425709e-01 2.527417e-01
1.800000e-01 3.425709e-01 2.368849e-01
1.950000e-01 3.425709e-01 2.241922e-01
2.100000e-01 3.425709e-01 2.140441e-01
2.250000e-01 3.425709e-01 2.058974e-01
2.400000e-01 3.425709e-01 1.993238e-01
2.550000e-01 3.425709e-01 1.939967e-01
2.700000e-01 3.425709e-01 1.896683e-01
2.850000e-01 3.425709e-01 1.861497e-01
3.000000e-01 3.425709e-01 1.832964e-01
-3.000000e-01 3.562351e-01 1.754991e-01
-2.850000e-01 3.562351e-01 1.781721e-01
-2.700000e-01 3.562351e-01 1.814668e-01
-2.550000e-01 3.562351e-01 1.855169e-01
-2.400000e-01 3.562351e-01 1.904973e-01
-2.250000e-01 3.562351e-01 1.966369e-01
-2.100000e-01 3.562351e-01 2.042360e-01
-1.950000e-01 3.562351e-01 2.136872e-01
-1.800000e-01 3.562351e-01 2.254848e-01
-1.650000e-01 3.562351e-01 2.401852e-01
-1.500000e-01 3.562351e-01 2.581976e-01
-1.350000e-01 3.562351e-01 2.789979e-01
-1.200000e-01 3.562351e-01 2.985047e-01
-1.050000e-01 3.562351e-01 3.020979e-01
-9.000000e-02 3.562351e-01 2.606357e-01
-7.500000e-02 3.562351e-01 1.764634e-01
-6.000000e-02 3.562351e-01 1.083147e-01
-4.500000e-02 3.562351e-01 7.384426e-02
-3.000000e-02 3.562351e-01 5.862222e-02
-1.500000e-02 3.562351e-01 5.229576e-02
5.551115e-17 3.562351e-01 5.056054e-02
1.500000e-02 3.562351e-01 5.229576e-02
3.000000e-02 3.562351e-01 5.862222e-02
4.500000e-02 3.562351e-01 7.384426e-02
6.000000e-02 3.562351e-01 1.083147e-01
7.500000e-02 3.562351e-01 1.764634e-01
9.000000e-02 3.562351e-01 2.606357e-01
1.050000e-01 3.562351e-01 3.020979e-01
1.200000e-01 3.562351e-01 2.985047e-01
1.350000e-01 3.562351e-01 2.789979e-01
1.500000e-01 3.562351e-01 2.581976e-01
1.650000e-01 3.562351e-01 2.401852e-01
1.800000e-01 3.562351e-01 2.254848e-01
1.950000e-01 3.562351e-01 2.136872e-01
2.100000e-01 3.562351e-01 2.042360e-01
2.250000e-01 3.562351e-01 1.966369e-01
2.400000e-01 3.562351e-01 1.904973e-01
2.550000e-01 3.562351e-01 1.855169e-01
2.700000e-01 3.562351e-01 1.814668e-01
2.850000e-01 3.562351e-01 1.781721e-01
3.000000e-01 3.562351e-01 1.754991e-01
-3.000000e-01 3.698994e-01 1.681870e-01
-2.850000e-01 3.698994e-01 1.706947e-01
-2.700000e-01 3.698994e-01 1.737840e-01
-2.550000e-01 3.698994e-01 1.775790e-01
-2.400000e-01 3.698994e-01 1.822421e-01
-2.250000e-01 3.698994e-01 1.879850e-01
-2.100000e-01 3.698994e-01 1.950844e-01
-1.950000e-01 3.698994e-01 2.039008e-01
-1.800000e-01 3.698994e-01 2.148852e-01
-1.650000e-01 3.698994e-01 2.285386e-01
-1.500000e-01 3.698994e-01 2.452121e-01
-1.350000e-01 3.698994e-01 2.643690e-01
-1.200000e-01 3.698994e-01 2.821468e-01
-1.050000e-01 3.698994e-01 2.849252e-01
-9.000000e-02 3.698994e-01 2.457927e-01
-7.500000e-02 3.698994e-01 1.671938e-01
-6.000000e-02 3.698994e-01 1.036522e-01
-4.500000e-02 3.698994e-01 7.150219e-02
-3.000000e-02 3.698994e-01 5.731096e-02
-1.500000e-02 3.698994e-01 5.142201e-02
5.551115e-17 3.698994e-01 4.980916e-02
1.500000e-02 3.698994e-01 5.142201e-02
3.000000e-02 3.698994e-01 5.731096e-02
4.500000e-02 3.698994e-01 7.150219e-02
6.000000e-02 3.698994e-01 1.036522e-01
7.500000e-02 3.698994e-01 1.671938e-01
9.000000e-02 3.698994e-01 2.457927e-01
1.050000e-01 3.698994e-01 2.849252e-01
1.200000e-01 3.698994e-01 2.821468e-01
1.350000e-01 3.698994e-01 2.643690e-01
1.500000e-01 3.698994e-01 2.452121e-01
1.650000e-01 3.698994e-01 2.285386e-01
1.800000e-01 3.698994e-01 2.148852e-01
1.950000e-01 3.698994e-01 2.039008e-01
2.100000e-01 3.698994e-01 1.950844e-01
2.250000e-01 3.698994e-01 1.879850e-01
2.400000e-01 3.698994e-01 1.822421e-01
2.550000e-01 3.698994e-01 1.775790e-01
2.700000e-01 3.698994e-01 1.737840e-01
2.850000e-01 3.698994e-01 1.706947e-01
3.000000e-01 3.698994e-01 1.681870e-01
-3.000000e-01 3.835637e-01 1.613210e-01
-2.850000e-01 3.835637e-01 1.636767e-01
-2.700000e-01 3.835637e-01 1.665772e-01
-2.550000e-01 3.835637e-01 1.701381e-01
-2.400000e-01 3.835637e-01 1.745103e-01
-2.250000e-01 3.835637e-01 1.798897e-01
-2.100000e-01 3.835637e-01 1.865322e-01
-1.950000e-01 3.835637e-01 1.947693e-01
-1.800000e-01 3.835637e-01 2.050132e-01
-1.650000e-01 3.835637e-01 2.177165e-01
-1.500000e-01 3.835637e-01 2.331800e-01
-1.350000e-01 3.835637e-01 2.508607e-01
-1.200000e-01 3.835637e-01 2.671021e-01
-1.050000e-01 3.835637e-01 2.691960e-01
-9.000000e-02 3.835637e-01 2.322371e-01
-7.500000e-02 3.835637e-01 1.587347e-01
-6.000000e-02 3.835637e-01 9.940190e-02
-4.500000e-02 3.835637e-01 6.938030e-02
-3.000000e-02 3.835637e-01 5.613940e-02
-1.500000e-02 3.835637e-01 5.065558e-02
5.551115e-17 3.835637e-01 4.915632e-02
1.500000e-02 3.835637e-01 5.065558e-02
3.000000e-02 3.835637e-01 5.613940e-02
4.500000e-02 3.835637e-01 6.938030e-02
6.000000e-02 3.835637e-01 9.940190e-02
7.500000e-02 3.835637e-01 1.587347e-01
9.000000e-02 3.835637e-01 2.322371e-01
1.050000e-01 3.835637e-01 2.691960e-01
1.200000e-01 3.835637e-01 2.671021e-01
1.350000e-01 3.835637e-01 2.508607e-01
1.500000e-01 3.835637e-01 2.331800e-01
1.650000e-01 3.835637e-01 2.177165e-01
1.800000e-01 3.835637e-01 2.050132e-01
1.950000e-01 3.835637e-01 1.947693e-01
2.100000e-01 3.835637e-01 1.865322e-01
2.250000e-01 3.835637e-01 1.798897e-01
2.400000e-01 3.835637e-01 1.745103e-01
2.550000e-01 3.835637e-01 1.701381e-01
2.700000e-01 3.835637e-01 1.665772e-01
2.850000e-01 3.835637e-01 1.636767e-01
3.000000e-01 3.835637e-01 1.613210e-01
-3.000000e-01 3.972280e-01 1.548656e-01
-2.850000e-01 3.972280e-01 1.570813e-01
-2.700000e-01 3.972280e-01 1.598081e-01
-2.550000e-01 3.972280e-01 1.631537e-01
-2.400000e-01 3.972280e-01 1.672585e-01
-2.250000e-01 3.972280e-01 1.723045e-01
-2.100000e-01 3.972280e-01 1.785283e-01
-1.950000e-01 3.972280e-01 1.862357e-01
-1.800000e-01 3.972280e-01 1.958043e-01
-1.650000e-01 3.972280e-01 2.076433e-01
-1.500000e-01 3.972280e-01 2.220108e-01
-1.350000e-01 3.972280e-01 2.383622e-01
-1.200000e-01 3.972280e-01 2.532350e-01
-1.050000e-01 3.972280e-01 2.547549e-01
-9.000000e-02 3.972280e-01 2.198275e-01
-7.500000e-02 3.972280e-01 1.509986e-01
-6.000000e-02 3.972280e-01 9.552203e-02
-4.500000e-02 3.972280e-01 6.745803e-02
-3.000000e-02 3.972280e-01 5.509566e-02
-1.500000e-02 3.972280e-01 4.998801e-02
5.551115e-17 3.972280e-01 4.859451e-02
1.500000e-02 3.972280e-01 4.998801e-02
3.000000e-02 3.972280e-01 5.509566e-02
4.500000e-02 3.972280e-01 6.745803e-02
6.000000e-02 3.972280e-01 9.552203e-02
7.500000e-02 3.972280e-01 1.509986e-01
9.000000e-02 3.972280e-01 2.198275e-01
1.050000e-01 3.972280e-01 2.547549e-01
1.200000e-01 3.972280e-01 2.532350e-01
1.350000e-01 3.972280e-01 2.383622e-01
1.500000e-01 3.972280e-01 2.220108e-01
1.650000e-01 3.972280e-01 2.076433e-01
1.800000e-01 3.972280e-01 1.958043e-01
1.950000e-01 3.972280e-01 1.862357e-01
2.100000e-01 3.972280e-01 1.785283e-01
2.250000e-01 3.972280e-01 1.723045e-01
2.400000e-01 3.972280e-01 1.672585e-01
2.550000e-01 3.972280e-01 1.631537e-01
2.700000e-01 3.972280e-01 1.598081e-01
2.850000e-01 3.972280e-01 1.570813e-01
3.000000e-01 3.972280e-01 1.548656e-01
-3.000000e-01 4.108923e-01 1.487889e-01
-2.850000e-01 4.108923e-01 1.508754e-01
-2.700000e-01 4.108923e-01 1.534420e-01
-2.550000e-01 4.108923e-01 1.565894e-01
-2.400000e-01 4.108923e-01 1.604481e-01
-2.250000e-01 4.108923e-01 1.651876e-01
-2.100000e-01 4.108923e-01 1.710272e-01
-1.950000e-01 4.108923e-01 1.782493e-01
-1.800000e-01 4.108923e-01 1.872004e-01
-1.650000e-01 4.108923e-01 1.982518e-01
-1.500000e-01 4.108923e-01 2.116244e-01
-1.350000e-01 4.108923e-01 2.267760e-01
-1.200000e-01 4.108923e-01 2.404270e-01
-1.050000e-01 4.108923e-01 2.414668e-01
-9.000000e-02 4.108923e-01 2.084412e-01
-7.500000e-02 4.108923e-01 1.439096e-01
-6.000000e-02 4.108923e-01 9.197596e-02
-4.500000e-02 4.108923e-01 6.571738e-02
-3.000000e-02 4.108923e-01 5.416931e-02
-1.500000e-02 4.108923e-01 4.941189e-02
5.551115e-17 4.108923e-01 4.811710e-02
1.500000e-02 4.108923e-01 4.941189e-02
3.000000e-02 4.108923e-01 5.416931e-02
4.500000e-02 4.108923e-01 6.571738e-02
6.000000e-02 4.108923e-01 9.197596e-02
7.500000e-02 4.108923e-01 1.439096e-01
9.000000e-02 4.108923e-01 2.084412e-01
1.050000e-01 4.108923e-01 2.414668e-01
1.200000e-01 4.108923e-01 2.404270e-01
1.350000e-01 4.108923e-01 2.267760e-01
1.500000e-01 4.108923e-01 2.116244e-01
1.650000e-01 4.108923e-01 1.982518e-01
1.800000e-01 4.108923e-01 1.872004e-01
1.950000e-01 4.108923e-01 1.782493e-01
2.100000e-01 4.108923e-01 1.710272e-01
2.250000e-01 4.108923e-01 1.651876e-01
2.400000e-01 4.108923e-01 1.604481e-01
2.550000e-01 4.108923e-01 1.565894e-01
2.700000e-01 4.108923e-01 1.534420e-01
2.850000e-01 4.108923e-01 1.508754e-01
3.000000e-01 4.108923e-01 1.487889e-01
-3.000000e-01 4.245566e-01 1.430618e-01
-2.850000e-01 4.245566e-01 1.450290e-01
-2.700000e-01 4.245566e-01 1.474478e-01
-2.550000e-01 4.245566e-01 1.504121e-01
-2.400000e-01 4.245566e-01 1.540441e-01
-2.250000e-01 4.245566e-01 1.585014e-01
-2.100000e-01 4.245566e-01 1.639877e-01
-1.950000e-01 4.245566e-01 1.707644e-01
-1.800000e-01 4.245566e-01 1.791501e-01
-1.650000e-01 4.245566e-01 1.894823e-01
-1.500000e-01 4.245566e-01 2.019498e-01
-1.350000e-01 4.245566e-01 2.160162e-01
-1.200000e-01 4.245566e-01 2.285739e-01
-1.050000e-01 4.245566e-01 2.292140e-01
-9.000000e-02 4.245566e-01 1.979714e-01
-7.500000e-02 4.245566e-01 1.374015e-01
-6.000000e-02 4.245566e-01 8.873167e-02
-4.500000e-02 4.245566e-01 6.414249e-02
-3.000000e-02 4.245566e-01 5.335117e-02
-1.500000e-02 4.245566e-01 4.892068e-02
5.551115e-17 4.245566e-01 4.771828e-02
1.500000e-02 4.245566e-01 4.892068e-02
3.000000e-02 4.245566e-01 5.335117e-02
4.500000e-02 4.245566e-01 6.414249e-02
6.000000e-02 4.245566e-01 8.873167e-02
7.500000e-02 4.245566e-01 1.374015e-01
9.000000e-02 4.245566e-01 1.979714e-01
1.050000e-01 4.245566e-01 2.292140e-01
1.200000e-01 4.245566e-01 2.285739e-01
1.350000e-01 4.245566e-01 2.160162e-01
1.500000e-01 4.245566e-01 2.019498e-01
1.650000e-01 4.245566e-01 1.894823e-01
1.800000e-01 4.245566e-01 1.791501e-01
1.950000e-01 4.245566e-01 1.707644e-01
2.100000e-01 4.245566e-01 1.639877e-01
2.250000e-01 4.245566e-01 1.585014e-01
2.400000e-01 4.245566e-01 1.540441e-01
2.550000e-01 4.245566e-01 1.504121e-01
2.700000e-01 4.245566e-01 1.474478e-01
2.850000e-01 4.245566e-01 1.450290e-01
3.000000e-01 4.245566e-01 1.430618e-01
-3.000000e-01 4.382208e-01 1.376582e-01
-2.850000e-01 4.382208e-01 1.395150e-01
-2.700000e-01 4.382208e-01 1.417970e-01
-2.550000e-01 4.382208e-01 1.445923e-01
-2.400000e-01 4.382208e-01 1.480149e-01
-2.250000e-01 4.382208e-01 1.522119e-01
-2.100000e-01 4.382208e-01 1.573729e-01
-1.950000e-01 4.382208e-01 1.637400e-01
-1.800000e-01 4.382208e-01 1.716071e-01
-1.650000e-01 4.382208e-01 1.812812e-01
-1.500000e-01 4.382208e-01 1.929239e-01
-1.350000e-01 4.382208e-01 2.060065e-01
-1.200000e-01 4.382208e-01 2.175840e-01
-1.050000e-01 4.382208e-01 2.178932e-01
-9.000000e-02 4.382208e-01 1.883252e-01
-7.500000e-02 4.382208e-01 1.314165e-01
-6.000000e-02 4.382208e-01 8.576108e-02
-4.500000e-02 4.382208e-01 6.271943e-02
-3.000000e-02 4.382208e-01 5.263314e-02
-1.500000e-02 4.382208e-01 4.850863e-02
5.551115e-17 4.382208e-01 4.739294e-02
1.500000e-02 4.382208e-01 4.850863e-02
3.000000e-02 4.382208e-01 5.263314e-02
4.500000e-02 4.382208e-01 6.271943e-02
6.000000e-02 4.382208e-01 8.576108e-02
7.500000e-02 4.382208e-01 1.314165e-01
9.000000e-02 4.382208e-01 1.883252e-01
1.050000e-01 4.382208e-01 2.178932e-01
1.200000e-01 4.382208e-01 2.175840e-01
1.350000e-01 4.382208e-01 2.060065e-01
1.500000e-01 4.382208e-01 1.929239e-01
1.650000e-01 4.382208e-01 1.812812e-01
1.800000e-01 4.382208e-01 1.716071e-01
1.950000e-01 4.382208e-01 1.637400e-01
2.100000e-01 4.382208e-01 1.573729e-01
2.250000e-01 4.382208e-01 1.522119e-01
2.400000e-01 4.382208e-01 1.480149e-01
2.550000e-01 4.382208e-01 1.445923e-01
2.700000e-01 4.382208e-01 1.417970e-01
2.850000e-01 4.382208e-01 1.395150e-01
3.000000e-01 4.382208e-01 1.376582e-01
-3.000000e-01 4.518851e-01 1.325542e-01
-2.850000e-01 4.518851e-01 1.343087e-01
-2.700000e-01 4.518851e-01 1.364640e-01
-2.550000e-01 4.518851e-01 1.391028e-01
-2.400000e-01 4.518851e-01 1.423319e-01
-2.250000e-01 4.518851e-01 1.462885e-01
-2.100000e-01 4.518851e-01 1.511494e-01
-1.950000e-01 4.518851e-01 1.571394e-01
-1.800000e-01 4.518851e-01 1.645298e-01
-1.650000e-01 4.518851e-01 1.736008e-01
-1.500000e-01 4.518851e-01 1.844901e-01
-1.350000e-01 4.518851e-01 1.966794e-01
-1.200000e-01 4.518851e-01 2.073764e-01
-1.050000e-01 4.518851e-01 2.074137e-01
-9.000000e-02 4.518851e-01 1.794207e-01
-7.500000e-02 4.518851e-01 1.259040e-01
-6.000000e-02 4.518851e-01 8.303945e-02
-4.500000e-02 4.518851e-01 6.143587e-02
-3.000000e-02 4.518851e-01 5.200809e-02
-1.500000e-02 4.518851e-01 4.817069e-02
5.551115e-17 4.518851e-01 4.713658e-02
1.500000e-02 4.518851e-01 4.817069e-02
3.000000e-02 4.518851e-01 5.200809e-02
4.500000e-02 4.518851e-01 6.143587e-02
6.000000e-02 4.518851e-01 8.303945e-02
7.500000e-02 4.518851e-01 1.259040e-01
9.000000e-02 4.518851e-01 1.794207e-01
1.050000e-01 4.518851e-01 2.074137e-01
1.200000e-01 4.518851e-01 2.073764e-01
1.350000e-01 4.518851e-01 1.966794e-01
1.500000e-01 4.518851e-01 1.844901e-01
1.650000e-01 4.518851e-01 1.736008e-01
1.800000e-01 4.518851e-01 1.645298e-01
1.950000e-01 4.518851e-01 1.571394e-01
2.100000e-01 4.518851e-01 1.511494e-01
2.250000e-01 4.518851e-01 1.462885e-01
2.400000e-01 4.518851e-01 1.423319e-01
2.550000e-01 4.518851e-01 1.391028e-01
2.700000e-01 4.518851e-01 1.364640e-01
2.850000e-01 4.518851e-01 1.343087e-01
3.000000e-01 4.518851e-01 1.325542e-01
-3.000000e-01 4.655494e-01 1.277282e-01
-2.850000e-01 4.655494e-01 1.293877e-01
-2.700000e-01 4.655494e-01 1.314256e-01
-2.550000e-01 4.655494e-01 1.339194e-01
-2.400000e-01 4.655494e-01 1.369692e-01
-2.250000e-01 4.655494e-01 1.407034e-01
-2.100000e-01 4.655494e-01 1.452871e-01
-1.950000e-01 4.655494e-01 1.509292e-01
-1.800000e-01 4.655494e-01 1.578808e-01
-1.650000e-01 4.655494e-01 1.663982e-01
-1.500000e-01 4.655494e-01 1.765983e-01
-1.350000e-01 4.655494e-01 1.879746e-01
-1.200000e-01 4.655494e-01 1.978792e-01
-1.050000e-01 4.655494e-01 1.976955e-01
-9.000000e-02 4.655494e-01 1.711864e-01
-7.500000e-02 4.655494e-01 1.208194e-01
-6.000000e-02 4.655494e-01 8.054495e-02
-4.500000e-02 4.655494e-01 6.028095e-02
-3.000000e-02 4.655494e-01 5.146970e-02
-1.500000e-02 4.655494e-01 4.790240e-02
5.551115e-17 4.655494e-01 4.694525e-02
1.500000e-02 4.655494e-01 4.790240e-02
3.000000e-02 4.655494e-01 5.146970e-02
4.500000e-02 4.655494e-01 6.028095e-02
6.000000e-02 4.655494e-01 8.054495e-02
7.500000e-02 4.655494e-01 1.208194e-01
9.000000e-02 4.655494e-01 1.711864e-01
1.050000e-01 4.655494e-01 1.976955e-01
1.200000e-01 4.655494e-01 1.978792e-01
1.350000e-01 4.655494e-01 1.879746e-01
1.500000e-01 4.655494e-01 1.765983e-01
1.650000e-01 4.655494e-01 1.663982e-01
1.800000e-01 4.655494e-01 1.578808e-01
1.950000e-01 4.655494e-01 1.509292e-01
2.100000e-01 4.655494e-01 1.452871e-01
2.250000e-01 4.655494e-01 1.407034e-01
2.400000e-01 4.655494e-01 1.369692e-01
2.550000e-01 4.655494e-01 1.339194e-01
2.700000e-01 4.655494e-01 1.314256e-01
2.850000e-01 4.655494e-01 1.293877e-01
3.000000e-01 4.655494e-01 1.277282e-01
-3.000000e-01 4.792137e-01 1.231603e-01
-2.850000e-01 4.792137e-01 1.247316e-01
-2.700000e-01 4.792137e-01 1.266604e-01
-2.550000e-01 4.792137e-01 1.290196e-01
-2.400000e-01 4.792137e-01 1.319032e-01
-2.250000e-01 4.792137e-01 1.354315e-01
-2.100000e-01 4.792137e-01 1.397586e-01
-1.950000e-01 4.792137e-01 1.450794e-01
-1.800000e-01 4.792137e-01 1.516265e-01
-1.650000e-01 4.792137e-01 1.596346e-01
-1.500000e-01 4.792137e-01 1.692031e-01
-1.350000e-01 4.792137e-01 1.798385e-01
-1.200000e-01 4.792137e-01 1.890289e-01
-1.050000e-01 4.792137e-01 1.886679e-01
-9.000000e-02 4.792137e-01 1.635591e-01
-7.500000e-02 4.792137e-01 1.161233e-01
-6.000000e-02 4.792137e-01 7.825827e-02
-4.500000e-02 4.792137e-01 5.924501e-02
-3.000000e-02 4.792137e-01 5.101241e-02
-1.500000e-02 4.792137e-01 4.769983e-02
5.551115e-17 4.792137e-01 4.681548e-02
1.500000e-02 4.792137e-01 4.769983e-02
3.000000e-02 4.792137e-01 5.101241e-02
4.500000e-02 4.792137e-01 5.924501e-02
6.000000e-02 4.792137e-01 7.825827e-02
7.500000e-02 4.792137e-01 1.161233e-01
9.000000e-02 4.792137e-01 1.635591e-01
1.050000e-01 4.792137e-01 1.886679e-01
1.200000e-01 4.792137e-01 1.890289e-01
1.350000e-01 4.792137e-01 1.798385e-01
1.500000e-01 4.792137e-01 1.692031e-01
1.650000e-01 4.792137e-01 1.596346e-01
1.800000e-01 4.792137e-01 1.516265e-01
1.950000e-01 4.792137e-01 1.450794e-01
2.100000e-01 4.792137e-01 1.397586e-01
2.250000e-01 4.792137e-01 1.354315e-01
2.400000e-01 4.792137e-01 1.319032e-01
2.550000e-01 4.792137e-01 1.290196e-01
2.700000e-01 4.792137e-01 1.266604e-01
2.850000e-01 4.792137e-01 1.247316e-01
3.000000e-01 4.792137e-01 1.231603e-01
-3.000000e-01 4.928780e-01 1.188326e-01
-2.850000e-01 4.928780e-01 1.203218e-01
-2.700000e-01 4.928780e-01 1.221492e-01
-2.550000e-01 4.928780e-01 1.243833e-01
-2.400000e-01 4.928780e-01 1.271126e-01
-2.250000e-01 4.928780e-01 1.304498e-01
-2.100000e-01 4.928780e-01 1.345392e-01
-1.950000e-01 4.928780e-01 1.395627e-01
-1.800000e-01 4.928780e-01 1.457362e-01
-1.650000e-01 4.928780e-01 1.532753e-01
-1.500000e-01 4.928780e-01 1.622641e-01
-1.350000e-01 4.928780e-01 1.722229e-01
-1.200000e-01 4.928780e-01 1.807686e-01
-1.050000e-01 4.928780e-01 1.802683e-01
-9.000000e-02 4.928780e-01 1.564827e-01
-7.500000e-02 4.928780e-01 1.117810e-01
-6.000000e-02 4.928780e-01 7.616229e-02
-4.500000e-02 4.928780e-01 5.831950e-02
-3.000000e-02 4.928780e-01 5.063129e-02
-1.500000e-02 4.928780e-01 4.755954e-02
5.551115e-17 4.928780e-01 4.674423e-02
1.500000e-02 4.928780e-01 4.755954e-02
3.000000e-02 4.928780e-01 5.063129e-02
4.500000e-02 4.928780e-01 5.831950e-02
6.000000e-02 4.928780e-01 7.616229e-02
7.500000e-02 4.928780e-01 1.117810e-01
9.000000e-02 4.928780e-01 1.564827e-01
1.050000e-01 4.928780e-01 1.802683e-01
1.200000e-01 4.928780e-01 1.807686e-01
1.350000e-01 4.928780e-01 1.722229e-01
1.500000e-01 4.928780e-01 1.622641e-01
1.650000e-01 4.928780e-01 1.532753e-01
1.800000e-01 4.928780e-01 1.457362e-01
1.950000e-01 4.928780e-01 1.395627e-01
2.100000e-01 4.928780e-01 1.345392e-01
2.250000e-01 4.928780e-01 1.304498e-01
2.400000e-01 4.928780e-01 1.271126e-01
2.550000e-01 4.928780e-01 1.243833e-01
2.700000e-01 4.928780e-01 1.221492e-01
2.850000e-01 4.928780e-01 1.203218e-01
3.000000e-01 4.928780e-01 1.188326e-01
-3.000000e-01 5.065422e-01 1.147285e-01
-2.850000e-01 5.065422e-01 1.161413e-01
-2.700000e-01 5.065422e-01 1.178742e-01
-2.550000e-01 5.065422e-01 1.199920e-01
-2.400000e-01 5.065422e-01 1.225777e-01
-2.250000e-01 5.065422e-01 1.257374e-01
-2.100000e-01 5.065422e-01 1.296064e-01
-1.950000e-01 5.065422e-01 1.343544e-01
-1.800000e-01 5.065422e-01 1.401825e-01
-1.650000e-01 5.065422e-01 1.472890e-01
-1.500000e-01 5.065422e-01 1.557448e-01
-1.350000e-01 5.065422e-01 1.650848e-01
-1.200000e-01 5.065422e-01 1.730477e-01
-1.050000e-01 5.065422e-01 1.724410e-01
-9.000000e-02 5.065422e-01 1.499079e-01
-7.500000e-02 5.065422e-01 1.077615e-01
-6.000000e-02 5.065422e-01 7.424181e-02
-4.500000e-02 5.065422e-01 5.749684e-02
-3.000000e-02 5.065422e-01 5.032200e-02
-1.500000e-02 5.065422e-01 4.747852e-02
5.551115e-17 5.065422e-01 4.672884e-02
1.500000e-02 5.065422e-01 4.747852e-02
3.000000e-02 5.065422e-01 5.032200e-02
4.500000e-02 5.065422e-01 5.749684e-02
6.000000e-02 5.065422e-01 7.424181e-02
7.500000e-02 5.065422e-01 1.077615e-01
9.000000e-02 5.065422e-01 1.499079e-01
1.050000e-01 5.065422e-01 1.724410e-01
1.200000e-01 5.065422e-01 1.730477e-01
1.350000e-01 5.065422e-01 1.650848e-01
1.500000e-01 5.065422e-01 1.557448e-01
1.650000e-01 5.065422e-01 1.472890e-01
1.800000e-01 5.065422e-01 1.401825e-01
1.950000e-01 5.065422e-01 1.343544e-01
2.100000e-01 5.065422e-01 1.296064e-01
2.250000e-01 5.065422e-01 1.257374e-01
2.400000e-01 5.065422e-01 1.225777e-01
2.550000e-01 5.065422e-01 1.199920e-01
2.700000e-01 5.065422e-01 1.178742e-01
2.850000e-01 5.065422e-01 1.161413e-01
3.000000e-01 5.065422e-01 1.147285e-01
-3.000000e-01 5.202065e-01 1.108330e-01
-2.850000e-01 5.202065e-01 1.121744e-01
-2.700000e-01 5.202065e-01 1.138193e-01
-2.550000e-01 5.202065e-01 1.158287e-01
-2.400000e-01 5.202065e-01 1.182808e-01
-2.250000e-01 5.202065e-01 1.212754e-01
-2.100000e-01 5.202065e-01 1.249396e-01
-1.950000e-01 5.202065e-01 1.294321e-01
-1.800000e-01 5.202065e-01 1.349403e-01
-1.650000e-01 5.202065e-01 1.416470e-01
-1.500000e-01 5.202065e-01 1.496121e-01
-1.350000e-01 5.202065e-01 1.583854e-01
-1.200000e-01 5.202065e-01 1.658208e-01
-1.050000e-01 5.202065e-01 1.651362e-01
-9.000000e-02 5.202065e-01 1.437905e-01
-7.500000e-02 5.202065e-01 1.040376e-01
-6.000000e-02 5.202065e-01 7.248327e-02
-4.500000e-02 5.202065e-01 5.677028e-02
-3.000000e-02 5.202065e-01 5.008069e-02
-1.500000e-02 5.202065e-01 4.745413e-02
5.551115e-17 5.202065e-01 4.676702e-02
1.500000e-02 5.202065e-01 4.745413e-02
3.000000e-02 5.202065e-01 5.008069e-02
4.500000e-02 5.202065e-01 5.677028e-02
6.000000e-02 5.202065e-01 7.248327e-02
7.500000e-02 5.202065e-01 1.040376e-01
9.000000e-02 5.202065e-01 1.437905e-01
1.050000e-01 5.202065e-01 1.651362e-01
1.200000e-01 5.202065e-01 1.658208e-01
1.350000e-01 5.202065e-01 1.583854e-01
1.500000e-01 5.202065e-01 1.496121e-01
1.650000e-01 5.202065e-01 1.416470e-01
1.800000e-01 5.202065e-01 1.349403e-01
1.950000e-01 5.202065e-01 1.294321e-01
2.100000e-01 5.202065e-01 1.249396e-01
2.250000e-01 5.202065e-01 1.212754e-01
2.400000e-01 5.202065e-01 1.182808e-01
2.550000e-01 5.202065e-01 1.158287e-01
2.700000e-01 5.202065e-01 1.138193e-01
2.850000e-01 5.202065e-01 1.121744e-01
3.000000e-01 5.202065e-01 1.108330e-01
-3.000000e-01 5.338708e-01 1.071321e-01
-2.850000e-01 5.338708e-01 1.084070e-01
-2.700000e-01 5.338708e-01 1.099697e-01
-2.550000e-01 5.338708e-01 1.118780e-01
-2.400000e-01 5.338708e-01 1.142056e-01
-2.250000e-01 5.338708e-01 1.170465e-01
-2.100000e-01 5.338708e-01 1.205200e-01
-1.950000e-01 5.338708e-01 1.247752e-01
-1.800000e-01 5.338708e-01 1.299868e-01
-1.650000e-01 5.338708e-01 1.363238e-01
-1.500000e-01 5.338708e-01 1.438363e-01
-1.350000e-01 5.338708e-01 1.520899e-01
-1.200000e-01 5.338708e-01 1.590473e-01
-1.050000e-01 5.338708e-01 1.583096e-01
-9.000000e-02 5.338708e-01 1.380914e-01
-7.500000e-02 5.338708e-01 1.005846e-01
-6.000000e-02 5.338708e-01 7.087462e-02
-4.500000e-02 5.338708e-01 5.613383e-02
-3.000000e-02 5.338708e-01 4.990400e-02
-1.500000e-02 5.338708e-01 4.748406e-02
5.551115e-17 5.338708e-01 4.685675e-02
1.500000e-02 5.338708e-01 4.748406e-02
3.000000e-02 5.338708e-01 4.990400e-02
4.500000e-02 5.338708e-01 5.613383e-02
6.000000e-02 5.338708e-01 7.087462e-02
7.500000e-02 5.338708e-01 1.005846e-01
9.000000e-02 5.338708e-01 1.380914e-01
1.050000e-01 5.338708e-01 1.583096e-01
1.200000e-01 5.338708e-01 1.590473e-01
1.350000e-01 5.338708e-01 1.520899e-01
1.500000e-01 5.338708e-01 1.438363e-01
1.650000e-01 5.338708e-01 1.363238e-01
1.800000e-01 5.338708e-01 1.299868e-01
1.950000e-01 5.338708e-01 1.247752e-01
2.100000e-01 5.338708e-01 1.205200e-01
2.250000e-01 5.338708e-01 1.170465e-01
2.400000e-01 5.338708e-01 1.142056e-01
2.550000e-01 5.338708e-01 1.118780e-01
2.700000e-01 5.338708e-01 1.099697e-01
2.850000e-01 5.338708e-01 1.084070e-01
3.000000e-01 5.338708e-01 1.071321e-01
-3.000000e-01 5.475351e-01 1.036133e-01
-2.850000e-01 5.475351e-01 1.048258e-01
-2.700000e-01 5.475351e-01 1.063118e-01
-2.550000e-01 5.475351e-01 1.081256e-01
-2.400000e-01 5.475351e-01 1.103370e-01
-2.250000e-01 5.475351e-01 1.130346e-01
-2.100000e-01 5.475351e-01 1.163307e-01
-1.950000e-01 5.475351e-01 1.203651e-01
-1.800000e-01 5.475351e-01 1.253013e-01
-1.650000e-01 5.475351e-01 1.312958e-01
-1.500000e-01 5.475351e-01 1.383905e-01
-1.350000e-01 5.475351e-01 1.461666e-01
-1.200000e-01 5.475351e-01 1.526907e-01
-1.050000e-01 5.475351e-01 1.519216e-01
-9.000000e-02 5.475351e-01 1.327754e-01
-7.500000e-02 5.475351e-01 9.738092e-02
-6.000000e-02 5.475351e-01 6.940508e-02
-4.500000e-02 5.475351e-01 5.558215e-02
-3.000000e-02 5.475351e-01 4.978895e-02
-1.500000e-02 5.475351e-01 4.756635e-02
5.551115e-17 5.475351e-01 4.699634e-02
1.500000e-02 5.475351e-01 4.756635e-02
3.000000e-02 5.475351e-01 4.978895e-02
4.500000e-02 5.475351e-01 5.558215e-02
6.000000e-02 5.475351e-01 6.940508e-02
7.500000e-02 5.475351e-01 9.738092e-02
9.000000e-02 5.475351e-01 1.327754e-01
1.050000e-01 5.475351e-01 1.519216e-01
1.200000e-01 5.475351e-01 1.526907e-01
1.350000e-01 5.475351e-01 1.461666e-01
1.500000e-01 5.475351e-01 1.383905e-01
1.650000e-01 5.475351e-01 1.312958e-01
1.800000e-01 5.475351e-01 1.253013e-01
1.950000e-01 5.475351e-01 1.203651e-01
2.100000e-01 5.475351e-01 1.163307e-01
2.250000e-01 5.475351e-01 1.130346e-01
2.400000e-01 5.475351e-01 1.103370e-01
2.550000e-01 5.475351e-01 1.081256e-01
2.700000e-01 5.475351e-01 1.063118e-01
2.850000e-01 5.475351e-01 1.048258e-01
3.000000e-01 5.475351e-01 1.036133e-01
-3.000000e-01 5.611994e-01 1.002646e-01
-2.850000e-01 5.611994e-01 1.014189e-01
-2.700000e-01 5.611994e-01 1.028331e-01
-2.550000e-01 5.611994e-01 1.045586e-01
-2.400000e-01 5.611994e-01 1.066615e-01
-2.250000e-01 5.611994e-01 1.092253e-01
-2.100000e-01 5.611994e-01 1.123559e-01
-1.950000e-01 5.611994e-01 1.161848e-01
-1.800000e-01 5.611994e-01 1.208650e-01
-1.650000e-01 5.611994e-01 1.265417e-01
-1.500000e-01 5.611994e-01 1.332501e-01
-1.350000e-01 5.611994e-01 1.405872e-01
-1.200000e-01 5.611994e-01 1.467178e-01
-1.050000e-01 5.611994e-01 1.459364e-01
-9.000000e-02 5.611994e-01 1.278112e-01
-7.500000e-02 5.611994e-01 9.440686e-02
-6.000000e-02 5.611994e-01 6.806500e-02
-4.500000e-02 5.611994e-01 5.511054e-02
-3.000000e-02 5.611994e-01 4.973294e-02
-1.500000e-02 5.611994e-01 4.769928e-02
5.551115e-17 5.611994e-01 4.718433e-02
1.500000e-02 5.611994e-01 4.769928e-02
3.000000e-02 5.611994e-01 4.973294e-02
4.500000e-02 5.611994e-01 5.511054e-02
6.000000e-02 5.611994e-01 6.806500e-02
7.500000e-02 5.611994e-01 9.440686e-02
9.000000e-02 5.611994e-01 1.278112e-01
1.050000e-01 5.611994e-01 1.459364e-01
1.200000e-01 5.611994e-01 1.467178e-01
1.350000e-01 5.611994e-01 1.405872e-01
1.500000e-01 5.611994e-01 1.332501e-01
1.650000e-01 5.611994e-01 1.265417e-01
1.800000e-01 5.611994e-01 1.208650e-01
1.950000e-01 5.611994e-01 1.161848e-01
2.100000e-01 5.611994e-01 1.123559e-01
2.250000e-01 5.611994e-01 1.092253e-01
2.400000e-01 5.611994e-01 1.066615e-01
2.550000e-01 5.611994e-01 1.045586e-01
2.700000e-01 5.611994e-01 1.028331e-01
2.850000e-01 5.611994e-01 1.014189e-01
3.000000e-01 5.611994e-01 1.002646e-01
-3.000000e-01 5.748636e-01 9.707545e-02
-2.850000e-01 5.748636e-01 9.817519e-02
-2.700000e-01 5.748636e-01 9.952211e-02
-2.550000e-01 5.748636e-01 1.011650e-01
-2.400000e-01 5.748636e-01 1.031664e-01
-2.250000e-01 5.748636e-01 1.056051e-01
-2.100000e-01 5.748636e-01 1.085813e-01
-1.950000e-01 5.748636e-01 1.122185e-01
-1.800000e-01 5.748636e-01 1.166604e-01
-1.650000e-01 5.748636e-01 1.220422e-01
-1.500000e-01 5.748636e-01 1.283930e-01
-1.350000e-01 5.748636e-01 1.353259e-01
-1.200000e-01 5.748636e-01 1.410991e-01
-1.050000e-01 5.748636e-01 1.403219e-01
-9.000000e-02 5.748636e-01 1.231706e-01
-7.500000e-02 5.748636e-01 9.164497e-02
-6.000000e-02 5.748636e-01 6.684578e-02
-4.500000e-02 5.748636e-01 5.471477e-02
-3.000000e-02 5.748636e-01 4.973373e-02
-1.500000e-02 5.748636e-01 4.788141e-02
5.551115e-17 5.748636e-01 4.741950e-02
1.500000e-02 5.748636e-01 4.788141e-02
3.000000e-02 5.748636e-01 4.973373e-02
4.500000e-02 5.748636e-01 5.471477e-02
6.000000e-02 5.748636e-01 6.684578e-02
7.500000e-02 5.748636e-01 9.164497e-02
9.000000e-02 5.748636e-01 1.231706e-01
1.050000e-01 5.748636e-01 1.403219e-01
1.200000e-01 5.748636e-01 1.410991e-01
1.350000e-01 5.748636e-01 1.353259e-01
1.500000e-01 5.748636e-01 1.283930e-01
1.650000e-01 5.748636e-01 1.220422e-01
1.800000e-01 5.748636e-01 1.166604e-01
1.950000e-01 5.748636e-01 1.122185e-01
2.100000e-01 5.748636e-01 1.085813e-01
2.250000e-01 5.748636e-01 1.056051e-01
2.400000e-01 5.748636e-01 1.031664e-01
2.550000e-01 5.748636e-01 1.011650e-01
2.700000e-01 5.748636e-01 9.952211e-02
2.850000e-01 5.748636e-01 9.817519e-02
3.000000e-01 5.748636e-01 9.707545e-02
-3.000000e-01 5.885279e-01 9.403581e-02
-2.850000e-01 5.885279e-01 9.508438e-02
-2.700000e-01 5.885279e-01 9.636826e-02
-2.550000e-01 5.885279e-01 9.793379e-02
-2.400000e-01 5.885279e-01 9.984005e-02
-2.250000e-01 5.885279e-01 1.021619e-01
-2.100000e-01 5.885279e-01 1.049937e-01
-1.950000e-01 5.885279e-01 1.084521e-01
-1.800000e-01 5.885279e-01 1.126719e-01
-1.650000e-01 5.885279e-01 1.177794e-01
-1.500000e-01 5.885279e-01 1.237989e-01
-1.350000e-01 5.885279e-01 1.303592e-01
-1.200000e-01 5.885279e-01 1.358075e-01
-1.050000e-01 5.885279e-01 1.350493e-01
-9.000000e-02 5.885279e-01 1.188284e-01
-7.500000e-02 5.885279e-01 8.907952e-02
-6.000000e-02 5.885279e-01 6.573969e-02
-4.500000e-02 5.885279e-01 5.439114e-02
-3.000000e-02 5.885279e-01 4.978935e-02
-1.500000e-02 5.885279e-01 4.811154e-02
5.551115e-17 5.885279e-01 4.770086e-02
1.500000e-02 5.885279e-01 4.811154e-02
3.000000e-02 5.885279e-01 4.978935e-02
4.500000e-02 5.885279e-01 5.439114e-02
6.000000e-02 5.885279e-01 6.573969e-02
7.500000e-02 5.885279e-01 8.907952e-02
9.000000e-02 5.885279e-01 1.188284e-01
1.050000e-01 5.885279e-01 1.350493e-01
1.200000e-01 5.885279e-01 1.358075e-01
1.350000e-01 5.885279e-01 1.303592e-01
1.500000e-01 5.885279e-01 1.237989e-01
1.650000e-01 5.885279e-01 1.177794e-01
1.800000e-01 5.885279e-01 1.126719e-01
1.950000e-01 5.885279e-01 1.084521e-01
2.100000e-01 5.885279e-01 1.049937e-01
2.250000e-01 5.885279e-01 1.021619e-01
2.400000e-01 5.885279e-01 9.984005e-02
2.550000e-01 5.885279e-01 9.793379e-02
2.700000e-01 5.885279e-01 9.636826e-02
2.850000e-01 5.885279e-01 9.508438e-02
3.000000e-01 5.885279e-01 9.403581e-02
-3.000000e-01 6.021922e-01 9.113653e-02
-2.850000e-01 6.021922e-01 9.213705e-02
-2.700000e-01 6.021922e-01 9.336179e-02
-2.550000e-01 6.021922e-01 9.485473e-02
-2.400000e-01 6.021922e-01 9.667192e-02
-2.250000e-01 6.021922e-01 9.888425e-02
-2.100000e-01 6.021922e-01 1.015810e-01
-1.950000e-01 6.021922e-01 1.048722e-01
-1.800000e-01 6.021922e-01 1.088850e-01
-1.650000e-01 6.021922e-01 1.137372e-01
-1.500000e-01 6.021922e-01 1.194492e-01
-1.350000e-01 6.021922e-01 1.256657e-01
-1.200000e-01 6.021922e-01 1.308187e-01
-1.050000e-01 6.021922e-01 1.300924e-01
-9.000000e-02 6.021922e-01 1.147616e-01
-7.500000e-02 6.021922e-01 8.669636e-02
-6.000000e-02 6.021922e-01 6.473981e-02
-4.500000e-02 6.021922e-01 5.413636e-02
-3.000000e-02 6.021922e-01 4.989813e-02
-1.500000e-02 6.021922e-01 4.838869e-02
5.551115e-17 6.021922e-01 4.802763e-02
1.500000e-02 6.021922e-01 4.838869e-02
3.000000e-02 6.021922e-01 4.989813e-02
4.500000e-02 6.021922e-01 5.413636e-02
6.000000e-02 6.021922e-01 6.473981e-02
7.500000e-02 6.021922e-01 8.669636e-02
9.000000e-02 6.021922e-01 1.147616e-01
1.050000e-01 6.021922e-01 1.300924e-01
1.200000e-01 6.021922e-01 1.308187e-01
1.350000e-01 6.021922e-01 1.256657e-01
1.500000e-01 6.021922e-01 1.194492e-01
1.650000e-01 6.021922e-01 1.137372e-01
1.800000e-01 6.021922e-01 1.088850e-01
1.950000e-01 6.021922e-01 1.048722e-01
2.100000e-01 6.021922e-01 1.015810e-01
2.250000e-01 6.021922e-01 9.888425e-02
2.400000e-01 6.021922e-01 9.667192e-02
2.550000e-01 6.021922e-01 9.485473e-02
2.700000e-01 6.021922e-01 9.336179e-02
2.850000e-01 6.021922e-01 9.213705e-02
3.000000e-01 6.021922e-01 9.113653e-02
-3.000000e-01 6.158565e-01 8.836910e-02
-2.850000e-01 6.158565e-01 8.932449e-02
-2.700000e-01 6.158565e-01 9.049368e-02
-2.550000e-01 6.158565e-01 9.191848e-02
-2.400000e-01 6.158565e-01 9.365211e-02
-2.250000e-01 6.158565e-01 9.576178e-02
-2.100000e-01 6.158565e-01 9.833202e-02
-1.950000e-01 6.158565e-01 1.014670e-01
-1.800000e-01 6.158565e-01 1.052864e-01
-1.650000e-01 6.158565e-01 1.099007e-01
-1.500000e-01 6.158565e-01 1.153271e-01
-1.350000e-01 6.158565e-01 1.212262e-01
-1.200000e-01 6.158565e-01 1.261106e-01
-1.050000e-01 6.158565e-01 1.254276e-01
-9.000000e-02 6.158565e-01 1.109498e-01
-7.500000e-02 6.158565e-01 8.448277e-02
-6.000000e-02 6.158565e-01 6.383995e-02
-4.500000e-02 6.158565e-01 5.394753e-02
-3.000000e-02 6.158565e-01 5.005865e-02
-1.500000e-02 6.158565e-01 4.871207e-02
5.551115e-17 6.158565e-01 4.839919e-02
1.500000e-02 6.158565e-01 4.871207e-02
3.000000e-02 6.158565e-01 5.005865e-02
4.500000e-02 6.158565e-01 5.394753e-02
6.000000e-02 6.158565e-01 6.383995e-02
7.500000e-02 6.158565e-01 8.448277e-02
9.000000e-02 6.158565e-01 1.109498e-01
1.050000e-01 6.158565e-01 1.254276e-01
1.200000e-01 6.158565e-01 1.261106e-01
1.350000e-01 6.158565e-01 1.212262e-01
1.500000e-01 6.158565e-01 1.153271e-01
1.650000e-01 6.158565e-01 1.099007e-01
1.800000e-01 6.158565e-01 1.052864e-01
1.950000e-01 6.158565e-01 1.014670e-01
2.100000e-01 6.158565e-01 9.833202e-02
2.250000e-01 6.158565e-01 9.576178e-02
2.400000e-01 6.158565e-01 9.365211e-02
2.550000e-01 6.158565e-01 9.191848e-02
2.700000e-01 6.158565e-01 9.049368e-02
2.850000e-01 6.158565e-01 8.932449e-02
3.000000e-01 6.158565e-01 8.836910e-02
-3.000000e-01 6.295208e-01 8.572568e-02
-2.850000e-01 6.295208e-01 8.663861e-02
-2.700000e-01 6.295208e-01 8.775559e-02
-2.550000e-01 6.295208e-01 8.911637e-02
-2.400000e-01 6.295208e-01 9.077153e-02
-2.250000e-01 6.295208e-01 9.278489e-02
-2.100000e-01 6.295208e-01 9.523658e-02
-1.950000e-01 6.295208e-01 9.822523e-02
-1.800000e-01 6.295208e-01 1.018638e-01
-1.650000e-01 6.295208e-01 1.062563e-01
-1.500000e-01 6.295208e-01 1.114173e-01
-1.350000e-01 6.295208e-01 1.170229e-01
-1.200000e-01 6.295208e-01 1.216631e-01
-1.050000e-01 6.295208e-01 1.210335e-01
-9.000000e-02 6.295208e-01 1.073744e-01
-7.500000e-02 6.295208e-01 8.242725e-02
-6.000000e-02 6.295208e-01 6.303457e-02
-4.500000e-02 6.295208e-01 5.382212e-02
-3.000000e-02 6.295208e-01 5.026974e-02
-1.500000e-02 6.295208e-01 4.908110e-02
5.551115e-17 6.295208e-01 4.881512e-02
1.500000e-02 6.295208e-01 4.908110e-02
3.000000e-02 6.295208e-01 5.026974e-02
4.500000e-02 6.295208e-01 5.382212e-02
6.000000e-02 6.295208e-01 6.303457e-02
7.500000e-02 6.295208e-01 8.242725e-02
9.000000e-02 6.295208e-01 1.073744e-01
1.050000e-01 6.295208e-01 1.210335e-01
1.200000e-01 6.295208e-01 1.216631e-01
1.350000e-01 6.295208e-01 1.170229e-01
1.500000e-01 6.295208e-01 1.114173e-01
1.650000e-01 6.295208e-01 1.062563e-01
1.800000e-01 6.295208e-01 1.018638e-01
1.950000e-01 6.295208e-01 9.822523e-02
2.100000e-01 6.295208e-01 9.523658e-02
2.250000e-01 6.295208e-01 9.278489e-02
2.400000e-01 6.295208e-01 9.077153e-02
2.550000e-01 6.295208e-01 8.911637e-02
2.700000e-01 6.295208e-01 8.775559e-02
2.850000e-01 6.295208e-01 8.663861e-02
3.000000e-01 6.295208e-01 8.572568e-02
-3.000000e-01 6.431850e-01 8.319898e-02
-2.850000e-01 6.431850e-01 8.407195e-02
-2.700000e-01 6.431850e-01 8.513980e-02
-2.550000e-01 6.431850e-01 8.644037e-02
-2.400000e-01 6.431850e-01 8.802178e-02
-2.250000e-01 6.431850e-01 8.994468e-02
-2.100000e-01 6.431850e-01 9.228514e-02
-1.950000e-01 6.431850e-01 9.513666e-02
-1.800000e-01 6.431850e-01 9.860614e-02
-1.650000e-01 6.431850e-01 1.027914e-01
-1.500000e-01 6.431850e-01 1.077054e-01
-1.350000e-01 6.431850e-01 1.130395e-01
-1.200000e-01 6.431850e-01 1.174576e-01
-1.050000e-01 6.431850e-01 1.168905e-01
-9.000000e-02 6.431850e-01 1.040184e-01
-7.500000e-02 6.431850e-01 8.051944e-02
-6.000000e-02 6.431850e-01 6.231869e-02
-4.500000e-02 6.431850e-01 5.375791e-02
-3.000000e-02 6.431850e-01 5.053043e-02
-1.500000e-02 6.431850e-01 4.949535e-02
5.551115e-17 6.431850e-01 4.927519e-02
1.500000e-02 6.431850e-01 4.949535e-02
3.000000e-02 6.431850e-01 5.053043e-02
4.500000e-02 6.431850e-01 5.375791e-02
6.000000e-02 6.431850e-01 6.231869e-02
7.500000e-02 6.431850e-01 8.051944e-02
9.000000e-02 6.431850e-01 1.040184e-01
1.050000e-01 6.431850e-01 1.168905e-01
1.200000e-01 6.431850e-01 1.174576e-01
1.350000e-01 6.431850e-01 1.130395e-01
1.500000e-01 6.431850e-01 1.077054e-01
1.650000e-01 6.431850e-01 1.027914e-01
1.800000e-01 6.431850e-01 9.860614e-02
1.950000e-01 6.431850e-01 9.513666e-02
2.100000e-01 6.431850e-01 9.228514e-02
2.250000e-01 6.431850e-01 8.994468e-02
2.400000e-01 6.431850e-01 8.802178e-02
2.550000e-01 6.431850e-01 8.644037e-02
2.700000e-01 6.431850e-01 8.513980e-02
2.850000e-01 6.431850e-01 8.407195e-02
3.000000e-01 6.431850e-01 8.319898e-02
-3.000000e-01 6.568493e-01 8.078225e-02
-2.850000e-01 6.568493e-01 8.161757e-02
-2.700000e-01 6.568493e-01 8.263915e-02
-2.550000e-01 6.568493e-01 8.388305e-02
-2.400000e-01 6.568493e-01 8.539508e-02
-2.250000e-01 6.568493e-01 8.723295e-02
-2.100000e-01 6.568493e-01 8.946896e-02
-1.950000e-01 6.568493e-01 9.219185e-02
-1.800000e-01 6.568493e-01 9.550293e-02
-1.650000e-01 6.568493e-01 9.949464e-02
-1.500000e-01 6.568493e-01 1.041785e-01
-1.350000e-01 6.568493e-01 1.092613e-01
-1.200000e-01 6.568493e-01 1.134776e-01
-1.050000e-01 6.568493e-01 1.129811e-01
-9.000000e-02 6.568493e-01 1.008666e-01
-7.500000e-02 6.568493e-01 7.874997e-02
-6.000000e-02 6.568493e-01 6.168788e-02
-4.500000e-02 6.568493e-01 5.375300e-02
-3.000000e-02 6.568493e-01 5.083999e-02
-1.500000e-02 6.568493e-01 4.995461e-02
5.551115e-17 6.568493e-01 4.977928e-02
1.500000e-02 6.568493e-01 4.995461e-02
3.000000e-02 6.568493e-01 5.083999e-02
4.500000e-02 6.568493e-01 5.375300e-02
6.000000e-02 6.568493e-01 6.168788e-02
7.500000e-02 6.568493e-01 7.874997e-02
9.000000e-02 6.568493e-01 1.008666e-01
1.050000e-01 6.568493e-01 1.129811e-01
1.200000e-01 6.568493e-01 1.134776e-01
1.350000e-01 6.568493e-01 1.092613e-01
1.500000e-01 6.568493e-01 1.041785e-01
1.650000e-01 6.568493e-01 9.949464e-02
1.800000e-01 6.568493e-01 9.550293e-02
1.950000e-01 6.568493e-01 9.219185e-02
2.100000e-01 6.568493e-01 8.946896e-02
2.250000e-01 6.568493e-01 8.723295e-02
2.400000e-01 6.568493e-01 8.539508e-02
2.550000e-01 6.568493e-01 8.388305e-02
2.700000e-01 6.568493e-01 8.263915e-02
2.850000e-01 6.568493e-01 8.161757e-02
3.000000e-01 6.568493e-01 8.078225e-02
-3.000000e-01 6.705136e-01 7.846922e-02
-2.850000e-01 6.705136e-01 7.926904e-02
-2.700000e-01 6.705136e-01 8.024701e-02
-2.550000e-01 6.705136e-01 8.143752e-02
-2.400000e-01 6.705136e-01 8.288423e-02
-2.250000e-01 6.705136e-01 8.464210e-02
-2.100000e-01 6.705136e-01 8.677992e-02
-1.950000e-01 6.705136e-01 8.938205e-02
-1.800000e-01 6.705136e-01 9.254466e-02
-1.650000e-01 6.705136e-01 9.635533e-02
-1.500000e-01 6.705136e-01 1.008247e-01
-1.350000e-01 6.705136e-01 1.056747e-01
-1.200000e-01 6.705136e-01 1.097078e-01
-1.050000e-01 6.705136e-01 1.092891e-01
-9.000000e-02 6.705136e-01 9.790518e-02
-7.500000e-02 6.705136e-01 7.711036e-02
-6.000000e-02 6.705136e-01 6.113817e-02
-4.500000e-02 6.705136e-01 5.380576e-02
-3.000000e-02 6.705136e-01 5.119784e-02
-1.500000e-02 6.705136e-01 5.045879e-02
5.551115e-17 6.705136e-01 5.032749e-02
1.500000e-02 6.705136e-01 5.045879e-02
3.000000e-02 6.705136e-01 5.119784e-02
4.500000e-02 6.705136e-01 5.380576e-02
6.000000e-02 6.705136e-01 6.113817e-02
7.500000e-02 6.705136e-01 7.711036e-02
9.000000e-02 6.705136e-01 9.790518e-02
1.050000e-01 6.705136e-01 1.092891e-01
1.200000e-01 6.705136e-01 1.097078e-01
1.350000e-01 6.705136e-01 1.056747e-01
1.500000e-01 6.705136e-01 1.008247e-01
1.650000e-01 6.705136e-01 9.635533e-02
1.800000e-01 6.705136e-01 9.254466e-02
1.950000e-01 6.705136e-01 8.938205e-02
2.100000e-01 6.705136e-01 8.677992e-02
2.250000e-01 6.705136e-01 8.464210e-02
2.400000e-01 6.705136e-01 8.288423e-02
2.550000e-01 6.705136e-01 8.143752e-02
2.700000e-01 6.705136e-01 8.024701e-02
2.850000e-01 6.705136e-01 7.926904e-02
3.000000e-01 6.705136e-01 7.846922e-02
-3.000000e-01 6.841779e-01 7.625404e-02
-2.850000e-01 6.841779e-01 7.702036e-02
-2.700000e-01 6.841779e-01 7.795719e-02
-2.550000e-01 6.841779e-01 7.909736e-02
-2.400000e-01 6.841779e-01 8.048252e-02
-2.250000e-01 6.841779e-01 8.216507e-02
-2.100000e-01 6.841779e-01 8.421052e-02
-1.950000e-01 6.841779e-01 8.669918e-02
-1.800000e-01 6.841779e-01 8.972251e-02
-1.650000e-01 6.841779e-01 9.336372e-02
-1.500000e-01 6.841779e-01 9.763306e-02
-1.350000e-01 6.841779e-01 1.022673e-01
-1.200000e-01 6.841779e-01 1.061340e-01
-1.050000e-01 6.841779e-01 1.057998e-01
-9.000000e-02 6.841779e-01 9.512150e-02
-7.500000e-02 6.841779e-01 7.559296e-02
-6.000000e-02 6.841779e-01 6.066603e-02
-4.500000e-02 6.841779e-01 5.391479e-02
-3.000000e-02 6.841779e-01 5.160362e-02
-1.500000e-02 6.841779e-01 5.100799e-02
5.551115e-17 6.841779e-01 5.092001e-02
1.500000e-02 6.841779e-01 5.100799e-02
3.000000e-02 6.841779e-01 5.160362e-02
4.500000e-02 6.841779e-01 5.391479e-02
6.000000e-02 6.841779e-01 6.066603e-02
7.500000e-02 6.841779e-01 7.559296e-02
9.000000e-02 6.841779e-01 9.512150e-02
1.050000e-01 6.841779e-01 1.057998e-01
1.200000e-01 6.841779e-01 1.061340e-01
1.350000e-01 6.841779e-01 1.022673e-01
1.500000e-01 6.841779e-01 9.763306e-02
1.650000e-01 6.841779e-01 9.336372e-02
1.800000e-01 6.841779e-01 8.972251e-02
1.950000e-01 6.841779e-01 8.669918e-02
2.100000e-01 6.841779e-01 8.421052e-02
2.250000e-01 6.841779e-01 8.216507e-02
2.400000e-01 6.841779e-01 8.048252e-02
2.550000e-01 6.841779e-01 7.909736e-02
2.700000e-01 6.841779e-01 7.795719e-02
2.850000e-01 6.841779e-01 7.702036e-02
3.000000e-01 6.841779e-01 7.625404e-02
-3.000000e-01 6.978422e-01 7.413129e-02
-2.850000e-01 6.978422e-01 7.486597e-02
-2.700000e-01 6.978422e-01 7.576396e-02
-2.550000e-01 6.978422e-01 7.685663e-02
-2.400000e-01 6.978422e-01 7.818375e-02
-2.250000e-01 6.978422e-01 7.979531e-02
-2.100000e-01 6.978422e-01 8.175381e-02
-1.950000e-01 6.978422e-01 8.413576e-02
-1.800000e-01 6.978422e-01 8.702831e-02
-1.650000e-01 6.978422e-01 9.051077e-02
-1.500000e-01 6.978422e-01 9.459334e-02
-1.350000e-01 6.978422e-01 9.902755e-02
-1.200000e-01 6.978422e-01 1.027436e-01
-1.050000e-01 6.978422e-01 1.024998e-01
-9.000000e-02 6.978422e-01 9.250407e-02
-7.500000e-02 6.978422e-01 7.419083e-02
-6.000000e-02 6.978422e-01 6.026834e-02
-4.500000e-02 6.978422e-01 5.407897e-02
-3.000000e-02 6.978422e-01 5.205715e-02
-1.500000e-02 6.978422e-01 5.160243e-02
5.551115e-17 6.978422e-01 5.155722e-02
1.500000e-02 6.978422e-01 5.160243e-02
3.000000e-02 6.978422e-01 5.205715e-02
4.500000e-02 6.978422e-01 5.407897e-02
6.000000e-02 6.978422e-01 6.026834e-02
7.500000e-02 6.978422e-01 7.419083e-02
9.000000e-02 6.978422e-01 9.250407e-02
1.050000e-01 6.978422e-01 1.024998e-01
1.200000e-01 6.978422e-01 1.027436e-01
1.350000e-01 6.978422e-01 9.902755e-02
1.500000e-01 6.978422e-01 9.459334e-02
1.650000e-01 6.978422e-01 9.051077e-02
1.800000e-01 6.978422e-01 8.702831e-02
1.950000e-01 6.978422e-01 8.413576e-02
2.100000e-01 6.978422e-01 8.175381e-02
2.250000e-01 6.978422e-01 7.979531e-02
2.400000e-01 6.978422e-01 7.818375e-02
2.550000e-01 6.978422e-01 7.685663e-02
2.700000e-01 6.978422e-01 7.576396e-02
2.850000e-01 6.978422e-01 7.486597e-02
3.000000e-01 6.978422e-01 7.413129e-02
-3.000000e-01 7.115064e-01 7.209592e-02
-2.850000e-01 7.115064e-01 7.280069e-02
-2.700000e-01 7.115064e-01 7.366199e-02
-2.550000e-01 7.115064e-01 7.470980e-02
-2.400000e-01 7.115064e-01 7.598214e-02
-2.250000e-01 7.115064e-01 7.752675e-02
-2.100000e-01 7.115064e-01 7.940331e-02
-1.950000e-01 7.115064e-01 8.168485e-02
-1.800000e-01 7.115064e-01 8.445452e-02
-1.650000e-01 7.115064e-01 8.778815e-02
-1.500000e-01 7.115064e-01 9.169626e-02
-1.350000e-01 7.115064e-01 9.594492e-02
-1.200000e-01 7.115064e-01 9.952464e-02
-1.050000e-01 7.115064e-01 9.937671e-02
-9.000000e-02 7.115064e-01 9.004243e-02
-7.500000e-02 7.115064e-01 7.289770e-02
-6.000000e-02 7.115064e-01 5.994233e-02
-4.500000e-02 7.115064e-01 5.429738e-02
-3.000000e-02 7.115064e-01 5.255839e-02
-1.500000e-02 7.115064e-01 5.224250e-02
5.551115e-17 7.115064e-01 5.223963e-02
1.500000e-02 7.115064e-01 5.224250e-02
3.000000e-02 7.115064e-01 5.255839e-02
4.500000e-02 7.115064e-01 5.429738e-02
6.000000e-02 7.115064e-01 5.994233e-02
7.500000e-02 7.115064e-01 7.289770e-02
9.000000e-02 7.115064e-01 9.004243e-02
1.050000e-01 7.115064e-01 9.937671e-02
1.200000e-01 7.115064e-01 9.952464e-02
1.350000e-01 7.115064e-01 9.594492e-02
1.500000e-01 7.115064e-01 9.169626e-02
1.650000e-01 7.115064e-01 8.778815e-02
1.800000e-01 7.115064e-01 8.445452e-02
1.950000e-01 7.115064e-01 8.168485e-02
2.100000e-01 7.115064e-01 7.940331e-02
2.250000e-01 7.115064e-01 7.752675e-02
2.400000e-01 7.115064e-01 7.598214e-02
2.550000e-01 7.115064e-01 7.470980e-02
2.700000e-01 7.115064e-01 7.366199e-02
2.850000e-01 7.115064e-01 7.280069e-02
3.000000e-01 7.115064e-01 7.209592e-02
-3.000000e-01 7.251707e-01 7.014319e-02
-2.850000e-01 7.251707e-01 7.081968e-02
-2.700000e-01 7.251707e-01 7.164629e-02
-2.550000e-01 7.251707e-01 7.265171e-02
-2.400000e-01 7.251707e-01 7.387230e-02
-2.250000e-01 7.251707e-01 7.535373e-02
-2.100000e-01 7.251707e-01 7.715303e-02
-1.950000e-01 7.251707e-01 7.933999e-02
-1.800000e-01 7.251707e-01 8.199411e-02
-1.650000e-01 7.251707e-01 8.518812e-02
-1.500000e-01 7.251707e-01 8.893317e-02
-1.350000e-01 7.251707e-01 9.300971e-02
-1.200000e-01 7.251707e-01 9.646639e-02
-1.050000e-01 7.251707e-01 9.641939e-02
-9.000000e-02 7.251707e-01 8.772704e-02
-7.500000e-02 7.251707e-01 7.170789e-02
-6.000000e-02 7.251707e-01 5.968558e-02
-4.500000e-02 7.251707e-01 5.456933e-02
-3.000000e-02 7.251707e-01 5.310748e-02
-1.500000e-02 7.251707e-01 5.292876e-02
5.551115e-17 7.251707e-01 5.296788e-02
1.500000e-02 7.251707e-01 5.292876e-02
3.000000e-02 7.251707e-01 5.310748e-02
4.500000e-02 7.251707e-01 5.456933e-02
6.000000e-02 7.251707e-01 5.968558e-02
7.500000e-02 7.251707e-01 7.170789e-02
9.000000e-02 7.251707e-01 8.772704e-02
1.050000e-01 7.251707e-01 9.641939e-02
1.200000e-01 7.251707e-01 9.646639e-02
1.350000e-01 7.251707e-01 9.300971e-02
1.500000e-01 7.251707e-01 8.893317e-02
1.650000e-01 7.251707e-01 8.518812e-02
1.800000e-01 7.251707e-01 8.199411e-02
1.950000e-01 7.251707e-01 7.933999e-02
2.100000e-01 7.251707e-01 7.715303e-02
2.250000e-01 7.251707e-01 7.535373e-02
2.400000e-01 7.251707e-01 7.387230e-02
2.550000e-01 7.251707e-01 7.265171e-02
2.700000e-01 7.251707e-01 7.164629e-02
2.850000e-01 7.251707e-01 7.081968e-02
3.000000e-01 7.251707e-01 7.014319e-02
-3.000000e-01 7.388350e-01 6.826872e-02
-2.850000e-01 7.388350e-01 6.891844e-02
-2.700000e-01 7.388350e-01 6.971222e-02
-2.550000e-01 7.388350e-01 7.067755e-02
-2.400000e-01 7.388350e-01 7.184923e-02
-2.250000e-01 7.388350e-01 7.327099e-02
-2.100000e-01 7.388350e-01 7.499737e-02
-1.950000e-01 7.388350e-01 7.709519e-02
-1.800000e-01 7.388350e-01 7.964060e-02
-1.650000e-01 7.388350e-01 8.270355e-02
-1.500000e-01 7.388350e-01 8.629610e-02
-1.350000e-01 7.388350e-01 9.021295e-02
-1.200000e-01 7.388350e-01 9.355887e-02
-1.050000e-01 7.388350e-01 9.361748e-02
-9.000000e-02 7.388350e-01 8.554919e-02
-7.500000e-02 7.388350e-01 7.061627e-02
-6.000000e-02 7.388350e-01 5.949596e-02
-4.500000e-02 7.388350e-01 5.489431e-02
-3.000000e-02 7.388350e-01 5.370474e-02
-1.500000e-02 7.388350e-01 5.366187e-02
5.551115e-17 7.388350e-01 5.374279e-02
1.500000e-02 7.388350e-01 5.366187e-02
3.000000e-02 7.388350e-01 5.370474e-02
4.500000e-02 7.388350e-01 5.489431e-02
6.000000e-02 7.388350e-01 5.949596e-02
7.500000e-02 7.388350e-01 7.061627e-02
9.000000e-02 7.388350e-01 8.554919e-02
1.050000e-01 7.388350e-01 9.361748e-02
1.200000e-01 7.388350e-01 9.355887e-02
1.350000e-01 7.388350e-01 9.021295e-02
1.500000e-01 7.388350e-01 8.629610e-02
1.650000e-01 7.388350e-01 8.270355e-02
1.800000e-01 7.388350e-01 7.964060e-02
1.950000e-01 7.388350e-01 7.709519e-02
2.100000e-01 7.388350e-01 7.499737e-02
2.250000e-01 7.388350e-01 7.327099e-02
2.400000e-01 7.388350e-01 7.184923e-02
2.550000e-01 7.388350e-01 7.067755e-02
2.700000e-01 7.388350e-01 6.971222e-02
2.850000e-01 7.388350e-01 6.891844e-02
3.000000e-01 7.388350e-01 6.826872e-02
-3.000000e-01 7.524993e-01 6.646838e-02
-2.850000e-01 7.524993e-01 6.709274e-02
-2.700000e-01 7.524993e-01 6.785544e-02
-2.550000e-01 7.524993e-01 6.878283e-02
-2.400000e-01 7.524993e-01 6.990826e-02
-2.250000e-01 7.524993e-01 7.127361e-02
-2.100000e-01 7.524993e-01 7.293115e-02
-1.950000e-01 7.524993e-01 7.494490e-02
-1.800000e-01 7.524993e-01 7.738794e-02
-1.650000e-01 7.524993e-01 8.032778e-02
-1.500000e-01 7.524993e-01 8.377768e-02
-1.350000e-01 7.524993e-01 8.754636e-02
-1.200000e-01 7.524993e-01 9.079291e-02
-1.050000e-01 7.524993e-01 9.096151e-02
-9.000000e-02 7.524993e-01 8.350092e-02
-7.500000e-02 7.524993e-01 6.961823e-02
-6.000000e-02 7.524993e-01 5.937166e-02
-4.500000e-02 7.524993e-01 5.527204e-02
-3.000000e-02 7.524993e-01 5.435062e-02
-1.500000e-02 7.524993e-01 5.444266e-02
5.551115e-17 7.524993e-01 5.456529e-02
1.500000e-02 7.524993e-01 5.444266e-02
3.000000e-02 7.524993e-01 5.435062e-02
4.500000e-02 7.524993e-01 5.527204e-02
6.000000e-02 7.524993e-01 5.937166e-02
7.500000e-02 7.524993e-01 6.961823e-02
9.000000e-02 7.524993e-01 8.350092e-02
1.050000e-01 7.524993e-01 9.096151e-02
1.200000e-01 7.524993e-01 9.079291e-02
1.350000e-01 7.524993e-01 8.754636e-02
1.500000e-01 7.524993e-01 8.377768e-02
1.650000e-01 7.524993e-01 8.032778e-02
1.800000e-01 7.524993e-01 7.738794e-02
1.950000e-01 7.524993e-01 7.494490e-02
2.100000e-01 7.524993e-01 7.293115e-02
2.250000e-01 7.524993e-01 7.127361e-02
2.400000e-01 7.524993e-01 6.990826e-02
2.550000e-01 7.524993e-01 6.878283e-02
2.700000e-01 7.524993e-01 6.785544e-02
2.850000e-01 7.524993e-01 6.709274e-02
3.000000e-01 7.524993e-01 6.646838e-02
-3.000000e-01 7.661636e-01 6.473833e-02
-2.850000e-01 7.661636e-01 6.533866e-02
-2.700000e-01 7.661636e-01 6.607191e-02
-2.550000e-01 7.661636e-01 6.696336e-02
-2.400000e-01 7.661636e-01 6.804501e-02
-2.250000e-01 7.661636e-01 6.935701e-02
-2.100000e-01 7.661636e-01 7.094951e-02
-1.950000e-01 7.661636e-01 7.288392e-02
-1.800000e-01 7.661636e-01 7.523051e-02
-1.650000e-01 7.661636e-01 7.805465e-02
-1.500000e-01 7.661636e-01 8.137104e-02
-1.350000e-01 7.661636e-01 8.500229e-02
-1.200000e-01 7.661636e-01 8.816006e-02
-1.050000e-01 7.661636e-01 8.844279e-02
-9.000000e-02 7.661636e-01 8.157496e-02
-7.500000e-02 7.661636e-01 6.870958e-02
-6.000000e-02 7.661636e-01 5.931111e-02
-4.500000e-02 7.661636e-01 5.570238e-02
-3.000000e-02 7.661636e-01 5.504574e-02
-1.500000e-02 7.661636e-01 5.527213e-02
5.551115e-17 7.661636e-01 5.543647e-02
1.500000e-02 7.661636e-01 5.527213e-02
3.000000e-02 7.661636e-01 5.504574e-02
4.500000e-02 7.661636e-01 5.570238e-02
6.000000e-02 7.661636e-01 5.931111e-02
7.500000e-02 7.661636e-01 6.870958e-02
9.000000e-02 7.661636e-01 8.157496e-02
1.050000e-01 7.661636e-01 8.844279e-02
1.200000e-01 7.661636e-01 8.816006e-02
1.350000e-01 7.661636e-01 8.500229e-02
1.500000e-01 7.661636e-01 8.137104e-02
1.650000e-01 7.661636e-01 7.805465e-02
1.800000e-01 7.661636e-01 7.523051e-02
1.950000e-01 7.661636e-01 7.288392e-02
2.100000e-01 7.661636e-01 7.094951e-02
2.250000e-01 7.661636e-01 6.935701e-02
2.400000e-01 7.661636e-01 6.804501e-02
2.550000e-01 7.661636e-01 6.696336e-02
2.700000e-01 7.661636e-01 6.607191e-02
2.850000e-01 7.661636e-01 6.533866e-02
3.000000e-01 7.661636e-01 6.473833e-02
-3.000000e-01 7.798278e-01 6.307497e-02
-2.850000e-01 7.798278e-01 6.365250e-02
-2.700000e-01 7.798278e-01 6.435783e-02
-2.550000e-01 7.798278e-01 6.521523e-02
-2.400000e-01 7.798278e-01 6.625542e-02
-2.250000e-01 7.798278e-01 6.751694e-02
-2.100000e-01 7.798278e-01 6.904792e-02
-1.950000e-01 7.798278e-01 7.090742e-02
-1.800000e-01 7.798278e-01 7.316309e-02
-1.650000e-01 7.798278e-01 7.587845e-02
-1.500000e-01 7.798278e-01 7.906984e-02
-1.350000e-01 7.798278e-01 8.257365e-02
-1.200000e-01 7.798278e-01 8.565251e-02
-1.050000e-01 7.798278e-01 8.605330e-02
-9.000000e-02 7.798278e-01 7.976466e-02
-7.500000e-02 7.798278e-01 6.788658e-02
-6.000000e-02 7.798278e-01 5.931304e-02
-4.500000e-02 7.798278e-01 5.618542e-02
-3.000000e-02 7.798278e-01 5.579088e-02
-1.500000e-02 7.798278e-01 5.615139e-02
5.551115e-17 7.798278e-01 5.635757e-02
1.500000e-02 7.798278e-01 5.615139e-02
3.000000e-02 7.798278e-01 5.579088e-02
4.500000e-02 7.798278e-01 5.618542e-02
6.000000e-02 7.798278e-01 5.931304e-02
7.500000e-02 7.798278e-01 6.788658e-02
9.000000e-02 7.798278e-01 7.976466e-02
1.050000e-01 7.798278e-01 8.605330e-02
1.200000e-01 7.798278e-01 8.565251e-02
1.350000e-01 7.798278e-01 8.257365e-02
1.500000e-01 7.798278e-01 7.906984e-02
1.650000e-01 7.798278e-01 7.587845e-02
1.800000e-01 7.798278e-01 7.316309e-02
1.950000e-01 7.798278e-01 7.090742e-02
2.100000e-01 7.798278e-01 6.904792e-02
2.250000e-01 7.798278e-01 6.751694e-02
2.400000e-01 7.798278e-01 6.625542e-02
2.550000e-01 7.798278e-01 6.521523e-02
2.700000e-01 7.798278e-01 6.435783e-02
2.850000e-01 7.798278e-01 6.365250e-02
3.000000e-01 7.798278e-01 6.307497e-02
-3.000000e-01 7.934921e-01 6.147492e-02
-2.850000e-01 7.934921e-01 6.203081e-02
-2.700000e-01 7.934921e-01 6.270966e-02
-2.550000e-01 7.934921e-01 6.353477e-02
-2.400000e-01 7.934921e-01 6.453567e-02
-2.250000e-01 7.934921e-01 6.574937e-02
-2.100000e-01 7.934921e-01 6.722218e-02
-1.950000e-01 7.934921e-01 6.901088e-02
-1.800000e-01 7.934921e-01 7.118080e-02
-1.650000e-01 7.934921e-01 7.379383e-02
-1.500000e-01 7.934921e-01 7.686818e-02
-1.350000e-01 7.934921e-01 8.025386e-02
-1.200000e-01 7.934921e-01 8.326304e-02
-1.050000e-01 7.934921e-01 8.378568e-02
-9.000000e-02 7.934921e-01 7.806395e-02
-7.500000e-02 7.934921e-01 6.714587e-02
-6.000000e-02 7.934921e-01 5.937638e-02
-4.500000e-02 7.934921e-01 5.672139e-02
-3.000000e-02 7.934921e-01 5.658697e-02
-1.500000e-02 7.934921e-01 5.708172e-02
5.551115e-17 7.934921e-01 5.732999e-02
1.500000e-02 7.934921e-01 5.708172e-02
3.000000e-02 7.934921e-01 5.658697e-02
4.500000e-02 7.934921e-01 5.672139e-02
6.000000e-02 7.934921e-01 5.937638e-02
7.500000e-02 7.934921e-01 6.714587e-02
9.000000e-02 7.934921e-01 7.806395e-02
1.050000e-01 7.934921e-01 8.378568e-02
1.200000e-01 7.934921e-01 8.326304e-02
1.350000e-01 7.934921e-01 8.025386e-02
1.500000e-01 7.934921e-01 7.686818e-02
1.650000e-01 7.934921e-01 7.379383e-02
1.800000e-01 7.934921e-01 7.118080e-02
1.950000e-01 7.934921e-01 6.901088e-02
2.100000e-01 7.934921e-01 6.722218e-02
2.250000e-01 7.934921e-01 6.574937e-02
2.400000e-01 7.934921e-01 6.453567e-02
2.550000e-01 7.934921e-01 6.353477e-02
2.700000e-01 7.934921e-01 6.270966e-02
2.850000e-01 7.934921e-01 6.203081e-02
3.000000e-01 7.934921e-01 6.147492e-02
-3.000000e-01 8.071564e-01 5.993502e-02
-2.850000e-01 8.071564e-01 6.047037e-02
-2.700000e-01 8.071564e-01 6.112407e-02
-2.550000e-01 8.071564e-01 6.191855e-02
-2.400000e-01 8.071564e-01 6.288218e-02
-2.250000e-01 8.071564e-01 6.405059e-02
-2.100000e-01 8.071564e-01 6.546831e-02
-1.950000e-01 8.071564e-01 6.719010e-02
-1.800000e-01 8.071564e-01 6.927911e-02
-1.650000e-01 8.071564e-01 7.179584e-02
-1.500000e-01 8.071564e-01 7.476058e-02
-1.350000e-01 8.071564e-01 7.803684e-02
-1.200000e-01 8.071564e-01 8.098500e-02
-1.050000e-01 8.071564e-01 8.163315e-02
-9.000000e-02 8.071564e-01 7.646727e-02
-7.500000e-02 8.071564e-01 6.648444e-02
-6.000000e-02 8.071564e-01 5.950031e-02
-4.500000e-02 8.071564e-01 5.731072e-02
-3.000000e-02 8.071564e-01 5.743510e-02
-1.500000e-02 8.071564e-01 5.806458e-02
5.551115e-17 8.071564e-01 5.835526e-02
1.500000e-02 8.071564e-01 5.806458e-02
3.000000e-02 8.071564e-01 5.743510e-02
4.500000e-02 8.071564e-01 5.731072e-02
6.000000e-02 8.071564e-01 5.950031e-02
7.500000e-02 8.071564e-01 6.648444e-02
9.000000e-02 8.071564e-01 7.646727e-02
1.050000e-01 8.071564e-01 8.163315e-02
1.200000e-01 8.071564e-01 8.098500e-02
1.350000e-01 8.071564e-01 7.803684e-02
1.500000e-01 8.071564e-01 7.476058e-02
1.650000e-01 8.071564e-01 7.179584e-02
1.800000e-01 8.071564e-01 6.927911e-02
1.950000e-01 8.071564e-01 6.719010e-02
2.100000e-01 8.071564e-01 6.546831e-02
2.250000e-01 8.071564e-01 6.405059e-02
2.400000e-01 8.071564e-01 6.288218e-02
2.550000e-01 8.071564e-01 6.191855e-02
2.700000e-01 8.071564e-01 6.112407e-02
2.850000e-01 8.071564e-01 6.047037e-02
3.000000e-01 8.071564e-01 5.993502e-02
-3.000000e-01 8.208207e-01 5.845231e-02
-2.850000e-01 8.208207e-01 5.896813e-02
-2.700000e-01 8.208207e-01 5.959795e-02
-2.550000e-01 8.208207e-01 6.036335e-02
-2.400000e-01 8.208207e-01 6.129163e-02
-2.250000e-01 8.208207e-01 6.241709e-02
-2.100000e-01 8.208207e-01 6.378265e-02
-1.950000e-01 8.208207e-01 6.544113e-02
-1.800000e-01 8.208207e-01 6.745375e-02
-1.650000e-01 8.208207e-01 6.987984e-02
-1.500000e-01 8.208207e-01 7.274194e-02
-1.350000e-01 8.208207e-01 7.591694e-02
-1.200000e-01 8.208207e-01 7.881220e-02
-1.050000e-01 8.208207e-01 7.958946e-02
-9.000000e-02 8.208207e-01 7.496955e-02
-7.500000e-02 8.208207e-01 6.589964e-02
-6.000000e-02 8.208207e-01 5.968423e-02
-4.500000e-02 8.208207e-01 5.795401e-02
-3.000000e-02 8.208207e-01 5.833654e-02
-1.500000e-02 8.208207e-01 5.910155e-02
5.551115e-17 8.208207e-01 5.943510e-02
1.500000e-02 8.208207e-01 5.910155e-02
3.000000e-02 8.208207e-01 5.833654e-02
4.500000e-02 8.208207e-01 5.795401e-02
6.000000e-02 8.208207e-01 5.968423e-02
7.500000e-02 8.208207e-01 6.589964e-02
9.000000e-02 8.208207e-01 7.496955e-02
1.050000e-01 8.208207e-01 7.958946e-02
1.200000e-01 8.208207e-01 7.881220e-02
1.350000e-01 8.208207e-01 7.591694e-02
1.500000e-01 8.208207e-01 7.274194e-02
1.650000e-01 8.208207e-01 6.987984e-02
1.800000e-01 8.208207e-01 6.745375e-02
1.950000e-01 8.208207e-01 6.544113e-02
2.100000e-01 8.208207e-01 6.378265e-02
2.250000e-01 8.208207e-01 6.241709e-02
2.400000e-01 8.208207e-01 6.129163e-02
2.550000e-01 8.208207e-01 6.036335e-02
2.700000e-01 8.208207e-01 5.959795e-02
2.850000e-01 8.208207e-01 5.896813e-02
3.000000e-01 8.208207e-01 5.845231e-02
-3.000000e-01 8.344850e-01 5.702399e-02
-2.850000e-01 8.344850e-01 5.752125e-02
-2.700000e-01 8.344850e-01 5.812838e-02
-2.550000e-01 8.344850e-01 5.886615e-02
-2.400000e-01 8.344850e-01 5.976087e-02
-2.250000e-01 8.344850e-01 6.084560e-02
-2.100000e-01 8.344850e-01 6.216172e-02
-1.950000e-01 8.344850e-01 6.376031e-02
-1.800000e-01 8.344850e-01 6.570079e-02
-1.650000e-01 8.344850e-01 6.804153e-02
-1.500000e-01 8.344850e-01 7.080750e-02
-1.350000e-01 8.344850e-01 7.388889e-02
-1.200000e-01 8.344850e-01 7.673894e-02
-1.050000e-01 8.344850e-01 7.764886e-02
-9.000000e-02 8.344850e-01 7.356616e-02
-7.500000e-02 8.344850e-01 6.538910e-02
-6.000000e-02 8.344850e-01 5.992775e-02
-4.500000e-02 8.344850e-01 5.865203e-02
-3.000000e-02 8.344850e-01 5.929269e-02
-1.500000e-02 8.344850e-01 6.019442e-02
5.551115e-17 8.344850e-01 6.057140e-02
1.500000e-02 8.344850e-01 6.019442e-02
3.000000e-02 8.344850e-01 5.929269e-02
4.500000e-02 8.344850e-01 5.865203e-02
6.000000e-02 8.344850e-01 5.992775e-02
7.500000e-02 8.344850e-01 6.538910e-02
9.000000e-02 8.344850e-01 7.356616e-02
1.050000e-01 8.344850e-01 7.764886e-02
1.200000e-01 8.344850e-01 7.673894e-02
1.350000e-01 8.344850e-01 7.388889e-02
1.500000e-01 8.344850e-01 7.080750e-02
1.650000e-01 8.344850e-01 6.804153e-02
1.800000e-01 8.344850e-01 6.570079e-02
1.950000e-01 8.344850e-01 6.376031e-02
2.100000e-01 8.344850e-01 6.216172e-02
2.250000e-01 8.344850e-01 6.084560e-02
2.400000e-01 8.344850e-01 5.976087e-02
2.550000e-01 8.344850e-01 5.886615e-02
2.700000e-01 8.344850e-01 5.812838e-02
2.850000e-01 8.344850e-01 5.752125e-02
3.000000e-01 8.344850e-01 5.702399e-02
-3.000000e-01 8.481492e-01 5.564745e-02
-2.850000e-01 8.481492e-01 5.612705e-02
-2.700000e-01 8.481492e-01 5.671260e-02
-2.550000e-01 8.481492e-01 5.742412e-02
-2.400000e-01 8.481492e-01 5.828696e-02
-2.250000e-01 8.481492e-01 5.933303e-02
-2.100000e-01 8.481492e-01 6.060229e-02
-1.950000e-01 8.481492e-01 6.214418e-02
-1.800000e-01 8.481492e-01 6.401650e-02
-1.650000e-01 8.481492e-01 6.627687e-02
-1.500000e-01 8.481492e-01 6.895284e-02
-1.350000e-01 8.481492e-01 7.194783e-02
-1.200000e-01 8.481492e-01 7.475990e-02
-1.050000e-01 8.481492e-01 7.580601e-02
-9.000000e-02 8.481492e-01 7.225286e-02
-7.500000e-02 8.481492e-01 6.495078e-02
-6.000000e-02 8.481492e-01 6.023070e-02
-4.500000e-02 8.481492e-01 5.940573e-02
-3.000000e-02 8.481492e-01 6.030517e-02
-1.500000e-02 8.481492e-01 6.134512e-02
5.551115e-17 8.481492e-01 6.176622e-02
1.500000e-02 8.481492e-01 6.134512e-02
3.000000e-02 8.481492e-01 6.030517e-02
4.500000e-02 8.481492e-01 5.940573e-02
6.000000e-02 8.481492e-01 6.023070e-02
7.500000e-02 8.481492e-01 6.495078e-02
9.000000e-02 8.481492e-01 7.225286e-02
1.050000e-01 8.481492e-01 7.580601e-02
1.200000e-01 8.481492e-01 7.475990e-02
1.350000e-01 8.481492e-01 7.194783e-02
1.500000e-01 8.481492e-01 6.895284e-02
1.650000e-01 8.481492e-01 6.627687e-02
1.800000e-01 8.481492e-01 6.401650e-02
1.950000e-01 8.481492e-01 6.214418e-02
2.100000e-01 8.481492e-01 6.060229e-02
2.250000e-01 8.481492e-01 5.933303e-02
2.400000e-01 8.481492e-01 5.828696e-02
2.550000e-01 8.481492e-01 5.742412e-02
2.700000e-01 8.481492e-01 5.671260e-02
2.850000e-01 8.481492e-01 5.612705e-02
3.000000e-01 8.481492e-01 5.564745e-02
-3.000000e-01 8.618135e-01 5.432022e-02
-2.850000e-01 8.618135e-01 5.478302e-02
-2.700000e-01 8.618135e-01 5.534804e-02
-2.550000e-01 8.618135e-01 5.603459e-02
-2.400000e-01 8.618135e-01 5.686715e-02
-2.250000e-01 8.618135e-01 5.787651e-02
-2.100000e-01 8.618135e-01 5.910132e-02
-1.950000e-01 8.618135e-01 6.058952e-02
-1.800000e-01 8.618135e-01 6.239743e-02
-1.650000e-01 8.618135e-01 6.458210e-02
-1.500000e-01 8.618135e-01 6.717382e-02
-1.350000e-01 8.618135e-01 7.008920e-02
-1.200000e-01 8.618135e-01 7.287020e-02
-1.050000e-01 8.618135e-01 7.405603e-02
-9.000000e-02 8.618135e-01 7.102582e-02
-7.500000e-02 8.618135e-01 6.458289e-02
-6.000000e-02 8.618135e-01 6.059310e-02
-4.500000e-02 8.618135e-01 6.021623e-02
-3.000000e-02 8.618135e-01 6.137574e-02
-1.500000e-02 8.618135e-01 6.255580e-02
5.551115e-17 8.618135e-01 6.302180e-02
1.500000e-02 8.618135e-01 6.255580e-02
3.000000e-02 8.618135e-01 6.137574e-02
4.500000e-02 8.618135e-01 6.021623e-02
6.000000e-02 8.618135e-01 6.059310e-02
7.500000e-02 8.618135e-01 6.458289e-02
9.000000e-02 8.618135e-01 7.102582e-02
1.050000e-01 8.618135e-01 7.405603e-02
1.200000e-01 8.618135e-01 7.287020e-02
1.350000e-01 8.618135e-01 7.008920e-02
1.500000e-01 8.618135e-01 6.717382e-02
1.650000e-01 8.618135e-01 6.458210e-02
1.800000e-01 8.618135e-01 6.239743e-02
1.950000e-01 8.618135e-01 6.058952e-02
2.100000e-01 8.618135e-01 5.910132e-02
2.250000e-01 8.618135e-01 5.787651e-02
2.400000e-01 8.618135e-01 5.686715e-02
2.550000e-01 8.618135e-01 5.603459e-02
2.700000e-01 8.618135e-01 5.534804e-02
2.850000e-01 8.618135e-01 5.478302e-02
3.000000e-01 8.618135e-01 5.432022e-02
-3.000000e-01 8.754778e-01 5.304000e-02
-2.850000e-01 8.754778e-01 5.348679e-02
-2.700000e-01 8.754778e-01 5.403227e-02
-2.550000e-01 8.754778e-01 5.469507e-02
-2.400000e-01 8.754778e-01 5.549883e-02
-2.250000e-01 8.754778e-01 5.647332e-02
-2.100000e-01 8.754778e-01 5.765597e-02
-1.950000e-01 8.754778e-01 5.909329e-02
-1.800000e-01 8.754778e-01 6.084032e-02
-1.650000e-01 8.754778e-01 6.295370e-02
-1.500000e-01 8.754778e-01 6.546661e-02
-1.350000e-01 8.754778e-01 6.830877e-02
-1.200000e-01 8.754778e-01 7.106525e-02
-1.050000e-01 8.754778e-01 7.239440e-02
-9.000000e-02 8.754778e-01 6.988154e-02
-7.500000e-02 8.754778e-01 6.428392e-02
-6.000000e-02 8.754778e-01 6.101518e-02
-4.500000e-02 8.754778e-01 6.108484e-02
-3.000000e-02 8.754778e-01 6.250636e-02
-1.500000e-02 8.754778e-01 6.382877e-02
5.551115e-17 8.754778e-01 6.434060e-02
1.500000e-02 8.754778e-01 6.382877e-02
3.000000e-02 8.754778e-01 6.250636e-02
4.500000e-02 8.754778e-01 6.108484e-02
6.000000e-02 8.754778e-01 6.101518e-02
7.500000e-02 8.754778e-01 6.428392e-02
9.000000e-02 8.754778e-01 6.988154e-02
1.050000e-01 8.754778e-01 7.239440e-02
1.200000e-01 8.754778e-01 7.106525e-02
1.350000e-01 8.754778e-01 6.830877e-02
1.500000e-01 8.754778e-01 6.546661e-02
1.650000e-01 8.754778e-01 6.295370e-02
1.800000e-01 8.754778e-01 6.084032e-02
1.950000e-01 8.754778e-01 5.909329e-02
2.100000e-01 8.754778e-01 5.765597e-02
2.250000e-01 8.754778e-01 5.647332e-02
2.400000e-01 8.754778e-01 5.549883e-02
2.550000e-01 8.754778e-01 5.469507e-02
2.700000e-01 8.754778e-01 5.403227e-02
2.850000e-01 8.754778e-01 5.348679e-02
3.000000e-01 8.754778e-01 5.304000e-02
-3.000000e-01 8.891421e-01 5.180459e-02
-2.850000e-01 8.891421e-01 5.223614e-02
-2.700000e-01 8.891421e-01 5.276300e-02
-2.550000e-01 8.891421e-01 5.340320e-02
-2.400000e-01 8.891421e-01 5.417957e-02
-2.250000e-01 8.891421e-01 5.512093e-02
-2.100000e-01 8.891421e-01 5.626355e-02
-1.950000e-01 8.891421e-01 5.765266e-02
-1.800000e-01 8.891421e-01 5.934213e-02
-1.650000e-01 8.891421e-01 6.138836e-02
-1.500000e-01 8.891421e-01 6.382758e-02
-1.350000e-01 8.891421e-01 6.660260e-02
-1.200000e-01 8.891421e-01 6.934084e-02
-1.050000e-01 8.891421e-01 7.081695e-02
-9.000000e-02 8.891421e-01 6.881685e-02
-7.500000e-02 8.891421e-01 6.405261e-02
-6.000000e-02 8.891421e-01 6.149736e-02
-4.500000e-02 8.891421e-01 6.201306e-02
-3.000000e-02 8.891421e-01 6.369919e-02
-1.500000e-02 8.891421e-01 6.516658e-02
5.551115e-17 8.891421e-01 6.572528e-02
1.500000e-02 8.891421e-01 6.516658e-02
3.000000e-02 8.891421e-01 6.369919e-02
4.500000e-02 8.891421e-01 6.201306e-02
6.000000e-02 8.891421e-01 6.149736e-02
7.500000e-02 8.891421e-01 6.405261e-02
9.000000e-02 8.891421e-01 6.881685e-02
1.050000e-01 8.891421e-01 7.081695e-02
1.200000e-01 8.891421e-01 6.934084e-02
1.350000e-01 8.891421e-01 6.660260e-02
1.500000e-01 8.891421e-01 6.382758e-02
1.650000e-01 8.891421e-01 6.138836e-02
1.800000e-01 8.891421e-01 5.934213e-02
1.950000e-01 8.891421e-01 5.765266e-02
2.100000e-01 8.891421e-01 5.626355e-02
2.250000e-01 8.891421e-01 5.512093e-02
2.400000e-01 8.891421e-01 5.417957e-02
2.550000e-01 8.891421e-01 5.340320e-02
2.700000e-01 8.891421e-01 5.276300e-02
2.850000e-01 8.891421e-01 5.223614e-02
3.000000e-01 8.891421e-01 5.180459e-02
-3.000000e-01 9.028064e-01 5.061193e-02
-2.850000e-01 9.028064e-01 5.102895e-02
-2.700000e-01 9.028064e-01 5.153808e-02
-2.550000e-01 9.028064e-01 5.215676e-02
-2.400000e-01 9.028064e-01 5.290707e-02
-2.250000e-01 9.028064e-01 5.381693e-02
-2.100000e-01 9.028064e-01 5.492154e-02
-1.950000e-01 9.028064e-01 5.626496e-02
-1.800000e-01 9.028064e-01 5.790001e-02
-1.650000e-01 9.028064e-01 5.988302e-02
-1.500000e-01 9.028064e-01 6.225338e-02
-1.350000e-01 9.028064e-01 6.496701e-02
-1.200000e-01 9.028064e-01 6.769303e-02
-1.050000e-01 9.028064e-01 6.931984e-02
-9.000000e-02 9.028064e-01 6.782888e-02
-7.500000e-02 9.028064e-01 6.388794e-02
-6.000000e-02 9.028064e-01 6.204026e-02
-4.500000e-02 9.028064e-01 6.300257e-02
-3.000000e-02 9.028064e-01 6.495660e-02
-1.500000e-02 9.028064e-01 6.657197e-02
5.551115e-17 9.028064e-01 6.717871e-02
1.500000e-02 9.028064e-01 6.657197e-02
3.000000e-02 9.028064e-01 6.495660e-02
4.500000e-02 9.028064e-01 6.300257e-02
6.000000e-02 9.028064e-01 6.204026e-02
7.500000e-02 9.028064e-01 6.388794e-02
9.000000e-02 9.028064e-01 6.782888e-02
1.050000e-01 9.028064e-01 6.931984e-02
1.200000e-01 9.028064e-01 6.769303e-02
1.350000e-01 9.028064e-01 6.496701e-02
1.500000e-01 9.028064e-01 6.225338e-02
1.650000e-01 9.028064e-01 5.988302e-02
1.800000e-01 9.028064e-01 5.790001e-02
1.950000e-01 9.028064e-01 5.626496e-02
2.100000e-01 9.028064e-01 5.492154e-02
2.250000e-01 9.028064e-01 5.381693e-02
2.400000e-01 9.028064e-01 5.290707e-02
2.550000e-01 9.028064e-01 5.215676e-02
2.700000e-01 9.028064e-01 5.153808e-02
2.850000e-01 9.028064e-01 5.102895e-02
3.000000e-01 9.028064e-01 5.061193e-02
-3.000000e-01 9.164706e-01 4.946010e-02
-2.850000e-01 9.164706e-01 4.986326e-02
-2.700000e-01 9.164706e-01 5.035549e-02
-2.550000e-01 9.164706e-01 5.095366e-02
-2.400000e-01 9.164706e-01 5.167917e-02
-2.250000e-01 9.164706e-01 5.255908e-02
-2.100000e-01 9.164706e-01 5.362759e-02
-1.950000e-01 9.164706e-01 5.492769e-02
-1.800000e-01 9.164706e-01 5.651129e-02
-1.650000e-01 9.164706e-01 5.843477e-02
-1.500000e-01 9.164706e-01 6.074087e-02
-1.350000e-01 9.164706e-01 6.339859e-02
-1.200000e-01 9.164706e-01 6.611819e-02
-1.050000e-01 9.164706e-01 6.789953e-02
-9.000000e-02 9.164706e-01 6.691506e-02
-7.500000e-02 9.164706e-01 6.378912e-02
-6.000000e-02 9.164706e-01 6.264472e-02
-4.500000e-02 9.164706e-01 6.405528e-02
-3.000000e-02 9.164706e-01 6.628115e-02
-1.500000e-02 9.164706e-01 6.804793e-02
5.551115e-17 9.164706e-01 6.870401e-02
1.500000e-02 9.164706e-01 6.804793e-02
3.000000e-02 9.164706e-01 6.628115e-02
4.500000e-02 9.164706e-01 6.405528e-02
6.000000e-02 9.164706e-01 6.264472e-02
7.500000e-02 9.164706e-01 6.378912e-02
9.000000e-02 9.164706e-01 6.691506e-02
1.050000e-01 9.164706e-01 6.789953e-02
1.200000e-01 9.164706e-01 6.611819e-02
1.350000e-01 9.164706e-01 6.339859e-02
1.500000e-01 9.164706e-01 6.074087e-02
1.650000e-01 9.164706e-01 5.843477e-02
1.800000e-01 9.164706e-01 5.651129e-02
1.950000e-01 9.164706e-01 5.492769e-02
2.100000e-01 9.164706e-01 5.362759e-02
2.250000e-01 9.164706e-01 5.255908e-02
2.400000e-01 9.164706e-01 5.167917e-02
2.550000e-01 9.164706e-01 5.095366e-02
2.700000e-01 9.164706e-01 5.035549e-02
2.850000e-01 9.164706e-01 4.986326e-02
3.000000e-01 9.164706e-01 4.946010e-02
-3.000000e-01 9.301349e-01 4.834725e-02
-2.850000e-01 9.301349e-01 4.873719e-02
-2.700000e-01 9.301349e-01 4.921331e-02
-2.550000e-01 9.301349e-01 4.979194e-02
-2.400000e-01 9.301349e-01 5.049383e-02
-2.250000e-01 9.301349e-01 5.134524e-02
-2.100000e-01 9.301349e-01 5.237947e-02
-1.950000e-01 9.301349e-01 5.363849e-02
-1.800000e-01 9.301349e-01 5.517344e-02
-1.650000e-01 9.301349e-01 5.704090e-02
-1.500000e-01 9.301349e-01 5.928710e-02
-1.350000e-01 9.301349e-01 6.189413e-02
-1.200000e-01 9.301349e-01 6.461292e-02
-1.050000e-01 9.301349e-01 6.655277e-02
-9.000000e-02 9.301349e-01 6.607308e-02
-7.500000e-02 9.301349e-01 6.375559e-02
-6.000000e-02 9.301349e-01 6.331175e-02
-4.500000e-02 9.301349e-01 6.517328e-02
-3.000000e-02 9.301349e-01 6.767565e-02
-1.500000e-02 9.301349e-01 6.959768e-02
5.551115e-17 9.301349e-01 7.030457e-02
1.500000e-02 9.301349e-01 6.959768e-02
3.000000e-02 9.301349e-01 6.767565e-02
4.500000e-02 9.301349e-01 6.517328e-02
6.000000e-02 9.301349e-01 6.331175e-02
7.500000e-02 9.301349e-01 6.375559e-02
9.000000e-02 9.301349e-01 6.607308e-02
1.050000e-01 9.301349e-01 6.655277e-02
1.200000e-01 9.301349e-01 6.461292e-02
1.350000e-01 9.301349e-01 6.189413e-02
1.500000e-01 9.301349e-01 5.928710e-02
1.650000e-01 9.301349e-01 5.704090e-02
1.800000e-01 9.301349e-01 5.517344e-02
1.950000e-01 9.301349e-01 5.363849e-02
2.100000e-01 9.301349e-01 5.237947e-02
2.250000e-01 9.301349e-01 5.134524e-02
2.400000e-01 9.301349e-01 5.049383e-02
2.550000e-01 9.301349e-01 4.979194e-02
2.700000e-01 9.301349e-01 4.921331e-02
2.850000e-01 9.301349e-01 4.873719e-02
3.000000e-01 9.301349e-01 4.834725e-02
-3.000000e-01 9.437992e-01 4.727166e-02
-2.850000e-01 9.437992e-01 4.764898e-02
-2.700000e-01 9.437992e-01 4.810973e-02
-2.550000e-01 9.437992e-01 4.866974e-02
-2.400000e-01 9.437992e-01 4.934913e-02
-2.250000e-01 9.437992e-01 5.017343e-02
-2.100000e-01 9.437992e-01 5.117508e-02
-1.950000e-01 9.437992e-01 5.239515e-02
-1.800000e-01 9.437992e-01 5.388410e-02
-1.650000e-01 9.437992e-01 5.569888e-02
-1.500000e-01 9.437992e-01 5.788931e-02
-1.350000e-01 9.437992e-01 6.045065e-02
-1.200000e-01 9.437992e-01 6.317408e-02
-1.050000e-01 9.437992e-01 6.527658e-02
-9.000000e-02 9.437992e-01 6.530091e-02
-7.500000e-02 9.437992e-01 6.378703e-02
-6.000000e-02 9.437992e-01 6.404260e-02
-4.500000e-02 9.437992e-01 6.635889e-02
-3.000000e-02 9.437992e-01 6.914317e-02
-1.500000e-02 9.437992e-01 7.122473e-02
5.551115e-17 9.437992e-01 7.198403e-02
1.500000e-02 9.437992e-01 7.122473e-02
3.000000e-02 9.437992e-01 6.914317e-02
4.500000e-02 9.437992e-01 6.635889e-02
6.000000e-02 9.437992e-01 6.404260e-02
7.500000e-02 9.437992e-01 6.378703e-02
9.000000e-02 9.437992e-01 6.530091e-02
1.050000e-01 9.437992e-01 6.527658e-02
1.200000e-01 9.437992e-01 6.317408e-02
1.350000e-01 9.437992e-01 6.045065e-02
1.500000e-01 9.437992e-01 5.788931e-02
1.650000e-01 9.437992e-01 5.569888e-02
1.800000e-01 9.437992e-01 5.388410e-02
1.950000e-01 9.437992e-01 5.239515e-02
2.100000e-01 9.437992e-01 5.117508e-02
2.250000e-01 9.437992e-01 5.017343e-02
2.400000e-01 9.437992e-01 4.934913e-02
2.550000e-01 9.437992e-01 4.866974e-02
2.700000e-01 9.437992e-01 4.810973e-02
2.850000e-01 9.437992e-01 4.764898e-02
3.000000e-01 9.437992e-01 4.727166e-02
-3.000000e-01 9.574635e-01 4.623169e-02
-2.850000e-01 9.574635e-01 4.659697e-02
-2.700000e-01 9.574635e-01 4.704306e-02
-2.550000e-01 9.574635e-01 4.758530e-02
-2.400000e-01 9.574635e-01 4.824325e-02
-2.250000e-01 9.574635e-01 4.904175e-02
-2.100000e-01 9.574635e-01 5.001244e-02
-1.950000e-01 9.574635e-01 5.119557e-02
-1.800000e-01 9.574635e-01 5.264105e-02
-1.650000e-01 9.574635e-01 5.440631e-02
-1.500000e-01 9.574635e-01 5.654492e-02
-1.350000e-01 9.574635e-01 5.906537e-02
-1.200000e-01 9.574635e-01 6.179875e-02
-1.050000e-01 9.574635e-01 6.406821e-02
-9.000000e-02 9.574635e-01 6.459673e-02
-7.500000e-02 9.574635e-01 6.388332e-02
-6.000000e-02 9.574635e-01 6.483872e-02
-4.500000e-02 9.574635e-01 6.761468e-02
-3.000000e-02 9.574635e-01 7.068701e-02
-1.500000e-02 9.574635e-01 7.293287e-02
5.551115e-17 9.574635e-01 7.374633e-02
1.500000e-02 9.574635e-01 7.293287e-02
3.000000e-02 9.574635e-01 7.068701e-02
4.500000e-02 9.574635e-01 6.761468e-02
6.000000e-02 9.574635e-01 6.483872e-02
7.500000e-02 9.574635e-01 6.388332e-02
9.000000e-02 9.574635e-01 6.459673e-02
1.050000e-01 9.574635e-01 6.406821e-02
1.200000e-01 9.574635e-01 6.179875e-02
1.350000e-01 9.574635e-01 5.906537e-02
1.500000e-01 9.574635e-01 5.654492e-02
1.650000e-01 9.574635e-01 5.440631e-02
1.800000e-01 9.574635e-01 5.264105e-02
1.950000e-01 9.574635e-01 5.119557e-02
2.100000e-01 9.574635e-01 5.001244e-02
2.250000e-01 9.574635e-01 4.904175e-02
2.400000e-01 9.574635e-01 4.824325e-02
2.550000e-01 9.574635e-01 4.758530e-02
2.700000e-01 9.574635e-01 4.704306e-02
2.850000e-01 9.574635e-01 4.659697e-02
3.000000e-01 9.574635e-01 4.623169e-02
-3.000000e-01 9.711278e-01 4.522581e-02
-2.850000e-01 9.711278e-01 4.557959e-02
-2.700000e-01 9.711278e-01 4.601167e-02
-2.550000e-01 9.711278e-01 4.653697e-02
-2.400000e-01 9.711278e-01 4.717450e-02
-2.250000e-01 9.711278e-01 4.794843e-02
-2.100000e-01 9.711278e-01 4.888969e-02
-1.950000e-01 9.711278e-01 5.003781e-02
-1.800000e-01 9.711278e-01 5.144221e-02
-1.650000e-01 9.711278e-01 5.316095e-02
-1.500000e-01 9.711278e-01 5.525153e-02
-1.350000e-01 9.711278e-01 5.773569e-02
-1.200000e-01 9.711278e-01 6.048424e-02
-1.050000e-01 9.711278e-01 6.292516e-02
-9.000000e-02 9.711278e-01 6.395899e-02
-7.500000e-02 9.711278e-01 6.404456e-02
-6.000000e-02 9.711278e-01 6.570177e-02
-4.500000e-02 9.711278e-01 6.894343e-02
-3.000000e-02 9.711278e-01 7.231077e-02
-1.500000e-02 9.711278e-01 7.472616e-02
5.551115e-17 9.711278e-01 7.559574e-02
1.500000e-02 9.711278e-01 7.472616e-02
3.000000e-02 9.711278e-01 7.231077e-02
4.500000e-02 9.711278e-01 6.894343e-02
6.000000e-02 9.711278e-01 6.570177e-02
7.500000e-02 9.711278e-01 6.404456e-02
9.000000e-02 9.711278e-01 6.395899e-02
1.050000e-01 9.711278e-01 6.292516e-02
1.200000e-01 9.711278e-01 6.048424e-02
1.350000e-01 9.711278e-01 5.773569e-02
1.500000e-01 9.711278e-01 5.525153e-02
1.650000e-01 9.711278e-01 5.316095e-02
1.800000e-01 9.711278e-01 5.144221e-02
1.950000e-01 9.711278e-01 5.003781e-02
2.100000e-01 9.711278e-01 4.888969e-02
2.250000e-01 9.711278e-01 4.794843e-02
2.400000e-01 9.711278e-01 4.717450e-02
2.550000e-01 9.711278e-01 4.653697e-02
2.700000e-01 9.711278e-01 4.601167e-02
2.850000e-01 9.711278e-01 4.557959e-02
3.000000e-01 9.711278e-01 4.522581e-02
-3.000000e-01 9.847920e-01 4.425255e-02
-2.850000e-01 9.847920e-01 4.459533e-02
-2.700000e-01 9.847920e-01 4.501405e-02
-2.550000e-01 9.847920e-01 4.552318e-02
-2.400000e-01 9.847920e-01 4.614124e-02
-2.250000e-01 9.847920e-01 4.689179e-02
-2.100000e-01 9.847920e-01 4.780509e-02
-1.950000e-01 9.847920e-01 4.892000e-02
-1.800000e-01 9.847920e-01 5.028560e-02
-1.650000e-01 9.847920e-01 5.196071e-02
-1.500000e-01 9.847920e-01 5.400685e-02
-1.350000e-01 9.847920e-01 5.645919e-02
-1.200000e-01 9.847920e-01 5.922803e-02
-1.050000e-01 9.847920e-01 6.184514e-02
-9.000000e-02 9.847920e-01 6.338634e-02
-7.500000e-02 9.847920e-01 6.427108e-02
-6.000000e-02 9.847920e-01 6.663366e-02
-4.500000e-02 9.847920e-01 7.034821e-02
-3.000000e-02 9.847920e-01 7.401834e-02
-1.500000e-02 9.847920e-01 7.660905e-02
5.551115e-17 9.847920e-01 7.753686e-02
1.500000e-02 9.847920e-01 7.660905e-02
3.000000e-02 9.847920e-01 7.401834e-02
4.500000e-02 9.847920e-01 7.034821e-02
6.000000e-02 9.847920e-01 6.663366e-02
7.500000e-02 9.847920e-01 6.427108e-02
9.000000e-02 9.847920e-01 6.338634e-02
1.050000e-01 9.847920e-01 6.184514e-02
1.200000e-01 9.847920e-01 5.922803e-02
1.350000e-01 9.847920e-01 5.645919e-02
1.500000e-01 9.847920e-01 5.400685e-02
1.650000e-01 9.847920e-01 5.196071e-02
1.800000e-01 9.847920e-01 5.028560e-02
1.950000e-01 9.847920e-01 4.892000e-02
2.100000e-01 9.847920e-01 4.780509e-02
2.250000e-01 9.847920e-01 4.689179e-02
2.400000e-01 9.847920e-01 4.614124e-02
2.550000e-01 9.847920e-01 4.552318e-02
2.700000e-01 9.847920e-01 4.501405e-02
2.850000e-01 9.847920e-01 4.459533e-02
3.000000e-01 9.847920e-01 4.425255e-02
-3.000000e-01 9.984563e-01 4.331053e-02
-2.850000e-01 9.984563e-01 4.364280e-02
-2.700000e-01 9.984563e-01 4.404875e-02
-2.550000e-01 9.984563e-01 4.454246e-02
-2.400000e-01 9.984563e-01 4.514195e-02
-2.250000e-01 9.984563e-01 4.587024e-02
-2.100000e-01 9.984563e-01 4.675696e-02
-1.950000e-01 9.984563e-01 4.784041e-02
-1.800000e-01 9.984563e-01 4.916939e-02
-1.650000e-01 9.984563e-01 5.080361e-02
-1.500000e-01 9.984563e-01 5.280878e-02
-1.350000e-01 9.984563e-01 5.523361e-02
-1.200000e-01 9.984563e-01 5.802781e-02
-1.050000e-01 9.984563e-01 6.082608e-02
-9.000000e-02 9.984563e-01 6.287767e-02
-7.500000e-02 9.984563e-01 6.456342e-02
-6.000000e-02 9.984563e-01 6.763653e-02
-4.500000e-02 9.984563e-01 7.183236e-02
-3.000000e-02 9.984563e-01 7.581395e-02
-1.500000e-02 9.984563e-01 7.858631e-02
5.551115e-17 9.984563e-01 7.957466e-02
1.500000e-02 9.984563e-01 7.858631e-02
3.000000e-02 9.984563e-01 7.581395e-02
4.500000e-02 9.984563e-01 7.183236e-02
6.000000e-02 9.984563e-01 6.763653e-02
7.500000e-02 9.984563e-01 6.456342e-02
9.000000e-02 9.984563e-01 6.287767e-02
1.050000e-01 9.984563e-01 6.082608e-02
1.200000e-01 9.984563e-01 5.802781e-02
1.350000e-01 9.984563e-01 5.523361e-02
1.500000e-01 9.984563e-01 5.280878e-02
1.650000e-01 9.984563e-01 5.080361e-02
1.800000e-01 9.984563e-01 4.916939e-02
1.950000e-01 9.984563e-01 4.784041e-02
2.100000e-01 9.984563e-01 4.675696e-02
2.250000e-01 9.984563e-01 4.587024e-02
2.400000e-01 9.984563e-01 4.514195e-02
2.550000e-01 9.984563e-01 4.454246e-02
2.700000e-01 9.984563e-01 4.404875e-02
2.850000e-01 9.984563e-01 4.364280e-02
3.000000e-01 9.984563e-01 4.331053e-02
-3.000000e-01 1.012121e+00 4.239843e-02
-2.850000e-01 1.012121e+00 4.272067e-02
-2.700000e-01 1.012121e+00 4.311442e-02
-2.550000e-01 1.012121e+00 4.359341e-02
-2.400000e-01 1.012121e+00 4.417520e-02
-2.250000e-01 1.012121e+00 4.488229e-02
-2.100000e-01 1.012121e+00 4.574376e-02
-1.950000e-01 1.012121e+00 4.679738e-02
-1.800000e-01 1.012121e+00 4.809182e-02
-1.650000e-01 1.012121e+00 4.968778e-02
-1.500000e-01 1.012121e+00 5.165533e-02
-1.350000e-01 1.012121e+00 5.405685e-02
-1.200000e-01 1.012121e+00 5.688143e-02
-1.050000e-01 1.012121e+00 5.986610e-02
-9.000000e-02 1.012121e+00 6.243207e-02
-7.500000e-02 1.012121e+00 6.492236e-02
-6.000000e-02 1.012121e+00 6.871275e-02
-4.500000e-02 1.012121e+00 7.339954e-02
-3.000000e-02 1.012121e+00 7.770216e-02
-1.500000e-02 1.012121e+00 8.066311e-02
5.551115e-17 1.012121e+00 8.171452e-02
1.500000e-02 1.012121e+00 8.066311e-02
3.000000e-02 1.012121e+00 7.770216e-02
4.500000e-02 1.012121e+00 7.339954e-02
6.000000e-02 1.012121e+00 6.871275e-02
7.500000e-02 1.012121e+00 6.492236e-02
9.000000e-02 1.012121e+00 6.243207e-02
1.050000e-01 1.012121e+00 5.986610e-02
1.200000e-01 1.012121e+00 5.688143e-02
1.350000e-01 1.012121e+00 5.405685e-02
1.500000e-01 1.012121e+00 5.165533e-02
1.650000e-01 1.012121e+00 4.968778e-02
1.800000e-01 1.012121e+00 4.809182e-02
1.950000e-01 1.012121e+00 4.679738e-02
2.100000e-01 1.012121e+00 4.574376e-02
2.250000e-01 1.012121e+00 4.488229e-02
2.400000e-01 1.012121e+00 4.417520e-02
2.550000e-01 1.012121e+00 4.359341e-02
2.700000e-01 1.012121e+00 4.311442e-02
2.850000e-01 1.012121e+00 4.272067e-02
3.000000e-01 1.012121e+00 4.239843e-02
-3.000000e-01 1.025785e+00 4.151503e-02
-2.850000e-01 1.025785e+00 4.182766e-02
-2.700000e-01 1.025785e+00 4.220976e-02
-2.550000e-01 1.025785e+00 4.267469e-02
-2.400000e-01 1.025785e+00 4.323960e-02
-2.250000e-01 1.025785e+00 4.392652e-02
-2.100000e-01 1.025785e+00 4.476399e-02
-1.950000e-01 1.025785e+00 4.578937e-02
-1.800000e-01 1.025785e+00 4.705125e-02
-1.650000e-01 1.025785e+00 4.861148e-02
-1.500000e-01 1.025785e+00 5.054464e-02
-1.350000e-01 1.025785e+00 5.292693e-02
-1.200000e-01 1.025785e+00 5.578692e-02
-1.050000e-01 1.025785e+00 5.896351e-02
-9.000000e-02 1.025785e+00 6.204885e-02
-7.500000e-02 1.025785e+00 6.534889e-02
-6.000000e-02 1.025785e+00 6.986500e-02
-4.500000e-02 1.025785e+00 7.505368e-02
-3.000000e-02 1.025785e+00 7.968792e-02
-1.500000e-02 1.025785e+00 8.284502e-02
5.551115e-17 1.025785e+00 8.396226e-02
1.500000e-02 1.025785e+00 8.284502e-02
3.000000e-02 1.025785e+00 7.968792e-02
4.500000e-02 1.025785e+00 7.505368e-02
6.000000e-02 1.025785e+00 6.986500e-02
7.500000e-02 1.025785e+00 6.534889e-02
9.000000e-02 1.025785e+00 6.204885e-02
1.050000e-01 1.025785e+00 5.896351e-02
1.200000e-01 1.025785e+00 5.578692e-02
1.350000e-01 1.025785e+00 5.292693e-02
1.500000e-01 1.025785e+00 5.054464e-02
1.650000e-01 1.025785e+00 4.861148e-02
1.800000e-01 1.025785e+00 4.705125e-02
1.950000e-01 1.025785e+00 4.578937e-02
2.100000e-01 1.025785e+00 4.476399e-02
2.250000e-01 1.025785e+00 4.392652e-02
2.400000e-01 1.025785e+00 4.323960e-02
2.550000e-01 1.025785e+00 4.267469e-02
2.700000e-01 1.025785e+00 4.220976e-02
2.850000e-01 1.025785e+00 4.182766e-02
3.000000e-01 1.025785e+00 4.151503e-02
-3.000000e-01 1.039449e+00 4.065914e-02
-2.850000e-01 1.039449e+00 4.096259e-02
-2.700000e-01 1.039449e+00 4.133355e-02
-2.550000e-01 1.039449e+00 4.178506e-02
-2.400000e-01 1.039449e+00 4.233388e-02
-2.250000e-01 1.039449e+00 4.300158e-02
-2.100000e-01 1.039449e+00 4.381627e-02
-1.950000e-01 1.039449e+00 4.481491e-02
-1.800000e-01 1.039449e+00 4.604615e-02
-1.650000e-01 1.039449e+00 4.757308e-02
-1.500000e-01 1.039449e+00 4.947496e-02
-1.350000e-01 1.039449e+00 5.184203e-02
-1.200000e-01 1.039449e+00 5.474245e-02
-1.050000e-01 1.039449e+00 5.811681e-02
-9.000000e-02 1.039449e+00 6.172752e-02
-7.500000e-02 1.039449e+00 6.584424e-02
-6.000000e-02 1.039449e+00 7.109621e-02
-4.500000e-02 1.039449e+00 7.679911e-02
-3.000000e-02 1.039449e+00 8.177659e-02
-1.500000e-02 1.039449e+00 8.513811e-02
5.551115e-17 1.039449e+00 8.632416e-02
1.500000e-02 1.039449e+00 8.513811e-02
3.000000e-02 1.039449e+00 8.177659e-02
4.500000e-02 1.039449e+00 7.679911e-02
6.000000e-02 1.039449e+00 7.109621e-02
7.500000e-02 1.039449e+00 6.584424e-02
9.000000e-02 1.039449e+00 6.172752e-02
1.050000e-01 1.039449e+00 5.811681e-02
1.200000e-01 1.039449e+00 5.474245e-02
1.350000e-01 1.039449e+00 5.184203e-02
1.500000e-01 1.039449e+00 4.947496e-02
1.650000e-01 1.039449e+00 4.757308e-02
1.800000e-01 1.039449e+00 4.604615e-02
1.950000e-01 1.039449e+00 4.481491e-02
2.100000e-01 1.039449e+00 4.381627e-02
2.250000e-01 1.039449e+00 4.300158e-02
2.400000e-01 1.039449e+00 4.233388e-02
2.550000e-01 1.039449e+00 4.178506e-02
2.700000e-01 1.039449e+00 4.133355e-02
2.850000e-01 1.039449e+00 4.096259e-02
3.000000e-01 1.039449e+00 4.065914e-02
-3.000000e-01 1.053113e+00 3.982965e-02
-2.850000e-01 1.053113e+00 4.012432e-02
-2.700000e-01 1.053113e+00 4.048463e-02
-2.550000e-01 1.053113e+00 4.092333e-02
-2.400000e-01 1.053113e+00 4.145680e-02
-2.250000e-01 1.053113e+00 4.210622e-02
-2.100000e-01 1.053113e+00 4.289927e-02
-1.950000e-01 1.053113e+00 4.387263e-02
-1.800000e-01 1.053113e+00 4.507505e-02
-1.650000e-01 1.053113e+00 4.657103e-02
-1.500000e-01 1.053113e+00 4.844467e-02
-1.350000e-01 1.053113e+00 5.080046e-02
-1.200000e-01 1.053113e+00 5.374636e-02
-1.050000e-01 1.053113e+00 5.732469e-02
-9.000000e-02 1.053113e+00 6.146781e-02
-7.500000e-02 1.053113e+00 6.640989e-02
-6.000000e-02 1.053113e+00 7.240962e-02
-4.500000e-02 1.053113e+00 7.864051e-02
-3.000000e-02 1.053113e+00 8.397396e-02
-1.500000e-02 1.053113e+00 8.754892e-02
5.551115e-17 1.053113e+00 8.880704e-02
1.500000e-02 1.053113e+00 8.754892e-02
3.000000e-02 1.053113e+00 8.397396e-02
4.500000e-02 1.053113e+00 7.864051e-02
6.000000e-02 1.053113e+00 7.240962e-02
7.500000e-02 1.053113e+00 6.640989e-02
9.000000e-02 1.053113e+00 6.146781e-02
1.050000e-01 1.053113e+00 5.732469e-02
1.200000e-01 1.053113e+00 5.374636e-02
1.350000e-01 1.053113e+00 5.080046e-02
1.500000e-01 1.053113e+00 4.844467e-02
1.650000e-01 1.053113e+00 4.657103e-02
1.800000e-01 1.053113e+00 4.507505e-02
1.950000e-01 1.053113e+00 4.387263e-02
2.100000e-01 1.053113e+00 4.289927e-02
2.250000e-01 1.053113e+00 4.210622e-02
2.400000e-01 1.053113e+00 4.145680e-02
2.550000e-01 1.053113e+00 4.092333e-02
2.700000e-01 1.053113e+00 4.048463e-02
2.850000e-01 1.053113e+00 4.012432e-02
3.000000e-01 1.053113e+00 3.982965e-02
-3.000000e-01 1.066778e+00 3.902550e-02
-2.850000e-01 1.066778e+00 3.931176e-02
-2.700000e-01 1.066778e+00 3.966191e-02
-2.550000e-01 1.066778e+00 4.008837e-02
-2.400000e-01 1.066778e+00 4.060721e-02
-2.250000e-01 1.066778e+00 4.123924e-02
-2.100000e-01 1.066778e+00 4.201176e-02
-1.950000e-01 1.066778e+00 4.296121e-02
-1.800000e-01 1.066778e+00 4.413659e-02
-1.650000e-01 1.066778e+00 4.560388e-02
-1.500000e-01 1.066778e+00 4.745224e-02
-1.350000e-01 1.066778e+00 4.980063e-02
-1.200000e-01 1.066778e+00 5.279712e-02
-1.050000e-01 1.066778e+00 5.658598e-02
-9.000000e-02 1.066778e+00 6.126963e-02
-7.500000e-02 1.066778e+00 6.704757e-02
-6.000000e-02 1.066778e+00 7.380878e-02
-4.500000e-02 1.066778e+00 8.058294e-02
-3.000000e-02 1.066778e+00 8.628633e-02
-1.500000e-02 1.066778e+00 9.008454e-02
5.551115e-17 1.066778e+00 9.141827e-02
1.500000e-02 1.066778e+00 9.008454e-02
3.000000e-02 1.066778e+00 8.628633e-02
4.500000e-02 1.066778e+00 8.058294e-02
6.000000e-02 1.066778e+00 7.380878e-02
7.500000e-02 1.066778e+00 6.704757e-02
9.000000e-02 1.066778e+00 6.126963e-02
1.050000e-01 1.066778e+00 5.658598e-02
1.200000e-01 1.066778e+00 5.279712e-02
1.350000e-01 1.066778e+00 4.980063e-02
1.500000e-01 1.066778e+00 4.745224e-02
1.650000e-01 1.066778e+00 4.560388e-02
1.800000e-01 1.066778e+00 4.413659e-02
1.950000e-01 1.066778e+00 4.296121e-02
2.100000e-01 1.066778e+00 4.201176e-02
2.250000e-01 1.066778e+00 4.123924e-02
2.400000e-01 1.066778e+00 4.060721e-02
2.550000e-01 1.066778e+00 4.008837e-02
2.700000e-01 1.066778e+00 3.966191e-02
2.850000e-01 1.066778e+00 3.931176e-02
3.000000e-01 1.066778e+00 3.902550e-02
-3.000000e-01 1.080442e+00 3.824569e-02
-2.850000e-01 1.080442e+00 3.852391e-02
-2.700000e-01 1.080442e+00 3.886433e-02
-2.550000e-01 1.080442e+00 3.927912e-02
-2.400000e-01 1.080442e+00 3.978402e-02
-2.250000e-01 1.080442e+00 4.039949e-02
-2.100000e-01 1.080442e+00 4.115254e-02
-1.950000e-01 1.080442e+00 4.207944e-02
-1.800000e-01 1.080442e+00 4.322946e-02
-1.650000e-01 1.080442e+00 4.467028e-02
-1.500000e-01 1.080442e+00 4.649624e-02
-1.350000e-01 1.080442e+00 4.884109e-02
-1.200000e-01 1.080442e+00 5.189336e-02
-1.050000e-01 1.080442e+00 5.589971e-02
-9.000000e-02 1.080442e+00 6.113312e-02
-7.500000e-02 1.080442e+00 6.775927e-02
-6.000000e-02 1.080442e+00 7.529759e-02
-4.500000e-02 1.080442e+00 8.263195e-02
-3.000000e-02 1.080442e+00 8.872052e-02
-1.500000e-02 1.080442e+00 9.275265e-02
5.551115e-17 1.080442e+00 9.416584e-02
1.500000e-02 1.080442e+00 9.275265e-02
3.000000e-02 1.080442e+00 8.872052e-02
4.500000e-02 1.080442e+00 8.263195e-02
6.000000e-02 1.080442e+00 7.529759e-02
7.500000e-02 1.080442e+00 6.775927e-02
9.000000e-02 1.080442e+00 6.113312e-02
1.050000e-01 1.080442e+00 5.589971e-02
1.200000e-01 1.080442e+00 5.189336e-02
1.350000e-01 1.080442e+00 4.884109e-02
1.500000e-01 1.080442e+00 4.649624e-02
1.650000e-01 1.080442e+00 4.467028e-02
1.800000e-01 1.080442e+00 4.322946e-02
1.950000e-01 1.080442e+00 4.207944e-02
2.100000e-01 1.080442e+00 4.115254e-02
2.250000e-01 1.080442e+00 4.039949e-02
2.400000e-01 1.080442e+00 3.978402e-02
2.550000e-01 1.080442e+00 3.927912e-02
2.700000e-01 1.080442e+00 3.886433e-02
2.850000e-01 1.080442e+00 3.852391e-02
3.000000e-01 1.080442e+00 3.824569e-02
-3.000000e-01 1.094106e+00 3.748927e-02
-2.850000e-01 1.094106e+00 3.775979e-02
-2.700000e-01 1.094106e+00 3.809092e-02
-2.550000e-01 1.094106e+00 3.849456e-02
-2.400000e-01 1.094106e+00 3.898617e-02
-2.250000e-01 1.094106e+00 3.958591e-02
-2.100000e-01 1.094106e+00 4.032051e-02
-1.950000e-01 1.094106e+00 4.122613e-02
-1.800000e-01 1.094106e+00 4.235247e-02
-1.650000e-01 1.094106e+00 4.376895e-02
-1.500000e-01 1.094106e+00 4.557535e-02
-1.350000e-01 1.094106e+00 4.792049e-02
-1.200000e-01 1.094106e+00 5.103382e-02
-1.050000e-01 1.094106e+00 5.526506e-02
-9.000000e-02 1.094106e+00 6.105864e-02
-7.500000e-02 1.094106e+00 6.854726e-02
-6.000000e-02 1.094106e+00 7.688033e-02
-4.500000e-02 1.094106e+00 8.479351e-02
-3.000000e-02 1.094106e+00 9.128391e-02
-1.500000e-02 1.094106e+00 9.556160e-02
5.551115e-17 1.094106e+00 9.705846e-02
1.500000e-02 1.094106e+00 9.556160e-02
3.000000e-02 1.094106e+00 9.128391e-02
4.500000e-02 1.094106e+00 8.479351e-02
6.000000e-02 1.094106e+00 7.688033e-02
7.500000e-02 1.094106e+00 6.854726e-02
9.000000e-02 1.094106e+00 6.105864e-02
1.050000e-01 1.094106e+00 5.526506e-02
1.200000e-01 1.094106e+00 5.103382e-02
1.350000e-01 1.094106e+00 4.792049e-02
1.500000e-01 1.094106e+00 4.557535e-02
1.650000e-01 1.094106e+00 4.376895e-02
1.800000e-01 1.094106e+00 4.235247e-02
1.950000e-01 1.094106e+00 4.122613e-02
2.100000e-01 1.094106e+00 4.032051e-02
2.250000e-01 1.094106e+00 3.958591e-02
2.400000e-01 1.094106e+00 3.898617e-02
2.550000e-01 1.094106e+00 3.849456e-02
2.700000e-01 1.094106e+00 3.809092e-02
2.850000e-01 1.094106e+00 3.775979e-02
3.000000e-01 1.094106e+00 3.748927e-02
-3.000000e-01 1.107771e+00 3.675533e-02
-2.850000e-01 1.107771e+00 3.701849e-02
-2.700000e-01 1.107771e+00 3.734073e-02
-2.550000e-01 1.107771e+00 3.773373e-02
-2.400000e-01 1.107771e+00 3.821268e-02
-2.250000e-01 1.107771e+00 3.879747e-02
-2.100000e-01 1.107771e+00 3.951461e-02
-1.950000e-01 1.107771e+00 4.040021e-02
-1.800000e-01 1.107771e+00 4.150445e-02
-1.650000e-01 1.107771e+00 4.289870e-02
-1.500000e-01 1.107771e+00 4.468834e-02
-1.350000e-01 1.107771e+00 4.703759e-02
-1.200000e-01 1.107771e+00 5.021738e-02
-1.050000e-01 1.107771e+00 5.468138e-02
-9.000000e-02 1.107771e+00 6.104676e-02
-7.500000e-02 1.107771e+00 6.941412e-02
-6.000000e-02 1.107771e+00 7.856167e-02
-4.500000e-02 1.107771e+00 8.707416e-02
-3.000000e-02 1.107771e+00 9.398453e-02
-1.500000e-02 1.107771e+00 9.852045e-02
5.551115e-17 1.107771e+00 1.001055e-01
1.500000e-02 1.107771e+00 9.852045e-02
3.000000e-02 1.107771e+00 9.398453e-02
4.500000e-02 1.107771e+00 8.707416e-02
6.000000e-02 1.107771e+00 7.856167e-02
7.500000e-02 1.107771e+00 6.941412e-02
9.000000e-02 1.107771e+00 6.104676e-02
1.050000e-01 1.107771e+00 5.468138e-02
1.200000e-01 1.107771e+00 5.021738e-02
1.350000e-01 1.107771e+00 4.703759e-02
1.500000e-01 1.107771e+00 4.468834e-02
1.650000e-01 1.107771e+00 4.289870e-02
1.800000e-01 1.107771e+00 4.150445e-02
1.950000e-01 1.107771e+00 4.040021e-02
2.100000e-01 1.107771e+00 3.951461e-02
2.250000e-01 1.107771e+00 3.879747e-02
2.400000e-01 1.107771e+00 3.821268e-02
2.550000e-01 1.107771e+00 3.773373e-02
2.700000e-01 1.107771e+00 3.734073e-02
2.850000e-01 1.107771e+00 3.701849e-02
3.000000e-01 1.107771e+00 3.675533e-02
-3.000000e-01 1.121435e+00 3.604300e-02
-2.850000e-01 1.121435e+00 3.629912e-02
-2.700000e-01 1.121435e+00 3.661287e-02
-2.550000e-01 1.121435e+00 3.699573e-02
-2.400000e-01 1.121435e+00 3.746263e-02
-2.250000e-01 1.121435e+00 3.803322e-02
-2.100000e-01 1.121435e+00 3.873385e-02
-1.950000e-01 1.121435e+00 3.960063e-02
-1.800000e-01 1.121435e+00 4.068435e-02
-1.650000e-01 1.121435e+00 4.205840e-02
-1.500000e-01 1.121435e+00 4.383405e-02
-1.350000e-01 1.121435e+00 4.619125e-02
-1.200000e-01 1.121435e+00 4.944305e-02
-1.050000e-01 1.121435e+00 5.414819e-02
-9.000000e-02 1.121435e+00 6.109825e-02
-7.500000e-02 1.121435e+00 7.036272e-02
-6.000000e-02 1.121435e+00 8.034671e-02
-4.500000e-02 1.121435e+00 8.948095e-02
-3.000000e-02 1.121435e+00 9.683111e-02
-1.500000e-02 1.121435e+00 1.016391e-01
5.551115e-17 1.121435e+00 1.033173e-01
1.500000e-02 1.121435e+00 1.016391e-01
3.000000e-02 1.121435e+00 9.683111e-02
4.500000e-02 1.121435e+00 8.948095e-02
6.000000e-02 1.121435e+00 8.034671e-02
7.500000e-02 1.121435e+00 7.036272e-02
9.000000e-02 1.121435e+00 6.109825e-02
1.050000e-01 1.121435e+00 5.414819e-02
1.200000e-01 1.121435e+00 4.944305e-02
1.350000e-01 1.121435e+00 4.619125e-02
1.500000e-01 1.121435e+00 4.383405e-02
1.650000e-01 1.121435e+00 4.205840e-02
1.800000e-01 1.121435e+00 4.068435e-02
1.950000e-01 1.121435e+00 3.960063e-02
2.100000e-01 1.121435e+00 3.873385e-02
2.250000e-01 1.121435e+00 3.803322e-02
2.400000e-01 1.121435e+00 3.746263e-02
2.550000e-01 1.121435e+00 3.699573e-02
2.700000e-01 1.121435e+00 3.661287e-02
2.850000e-01 1.121435e+00 3.629912e-02
3.000000e-01 1.121435e+00 3.604300e-02
-3.000000e-01 1.135099e+00 3.535148e-02
-2.850000e-01 1.135099e+00 3.560086e-02
-2.700000e-01 1.135099e+00 3.590650e-02
-2.550000e-01 1.135099e+00 3.627968e-02
-2.400000e-01 1.135099e+00 3.673511e-02
-2.250000e-01 1.135099e+00 3.729225e-02
-2.100000e-01 1.135099e+00 3.797728e-02
-1.950000e-01 1.135099e+00 3.882643e-02
-1.800000e-01 1.135099e+00 3.989113e-02
-1.650000e-01 1.135099e+00 4.124702e-02
-1.500000e-01 1.135099e+00 4.301141e-02
-1.350000e-01 1.135099e+00 4.538043e-02
-1.200000e-01 1.135099e+00 4.870996e-02
-1.050000e-01 1.135099e+00 5.366516e-02
-9.000000e-02 1.135099e+00 6.121416e-02
-7.500000e-02 1.135099e+00 7.139628e-02
-6.000000e-02 1.135099e+00 8.224103e-02
-4.500000e-02 1.135099e+00 9.202161e-02
-3.000000e-02 1.135099e+00 9.983314e-02
-1.500000e-02 1.135099e+00 1.049281e-01
5.551115e-17 1.135099e+00 1.067050e-01
1.500000e-02 1.135099e+00 1.049281e-01
3.000000e-02 1.135099e+00 9.983314e-02
4.500000e-02 1.135099e+00 9.202161e-02
6.000000e-02 1.135099e+00 8.224103e-02
7.500000e-02 1.135099e+00 7.139628e-02
9.000000e-02 1.135099e+00 6.121416e-02
1.050000e-01 1.135099e+00 5.366516e-02
1.200000e-01 1.135099e+00 4.870996e-02
1.350000e-01 1.135099e+00 4.538043e-02
1.500000e-01 1.135099e+00 4.301141e-02
1.650000e-01 1.135099e+00 4.124702e-02
1.800000e-01 1.135099e+00 3.989113e-02
1.950000e-01 1.135099e+00 3.882643e-02
2.100000e-01 1.135099e+00 3.797728e-02
2.250000e-01 1.135099e+00 3.729225e-02
2.400000e-01 1.135099e+00 3.673511e-02
2.550000e-01 1.135099e+00 3.627968e-02
2.700000e-01 1.135099e+00 3.590650e-02
2.850000e-01 1.135099e+00 3.560086e-02
3.000000e-01 1.135099e+00 3.535148e-02
-3.000000e-01 1.148763e+00 3.467999e-02
-2.850000e-01 1.148763e+00 3.492292e-02
-2.700000e-01 1.148763e+00 3.522082e-02
-2.550000e-01 1.148763e+00 3.558477e-02
-2.400000e-01 1.148763e+00 3.602930e-02
-2.250000e-01 1.148763e+00 3.657369e-02
-2.100000e-01 1.148763e+00 3.724402e-02
-1.950000e-01 1.148763e+00 3.807667e-02
-1.800000e-01 1.148763e+00 3.912386e-02
-1.650000e-01 1.148763e+00 4.046357e-02
-1.500000e-01 1.148763e+00 4.221944e-02
-1.350000e-01 1.148763e+00 4.460420e-02
-1.200000e-01 1.148763e+00 4.801738e-02
-1.050000e-01 1.148763e+00 5.323216e-02
-9.000000e-02 1.148763e+00 6.139573e-02
-7.500000e-02 1.148763e+00 7.251837e-02
-6.000000e-02 1.148763e+00 8.425069e-02
-4.500000e-02 1.148763e+00 9.470451e-02
-3.000000e-02 1.148763e+00 1.030009e-01
-1.500000e-02 1.148763e+00 1.083993e-01
5.551115e-17 1.148763e+00 1.102807e-01
1.500000e-02 1.148763e+00 1.083993e-01
3.000000e-02 1.148763e+00 1.030009e-01
4.500000e-02 1.148763e+00 9.470451e-02
6.000000e-02 1.148763e+00 8.425069e-02
7.500000e-02 1.148763e+00 7.251837e-02
9.000000e-02 1.148763e+00 6.139573e-02
1.050000e-01 1.148763e+00 5.323216e-02
1.200000e-01 1.148763e+00 4.801738e-02
1.350000e-01 1.148763e+00 4.460420e-02
1.500000e-01 1.148763e+00 4.221944e-02
1.650000e-01 1.148763e+00 4.046357e-02
1.800000e-01 1.148763e+00 3.912386e-02
1.950000e-01 1.148763e+00 3.807667e-02
2.100000e-01 1.148763e+00 3.724402e-02
2.250000e-01 1.148763e+00 3.657369e-02
2.400000e-01 1.148763e+00 3.602930e-02
2.550000e-01 1.148763e+00 3.558477e-02
2.700000e-01 1.148763e+00 3.522082e-02
2.850000e-01 1.148763e+00 3.492292e-02
3.000000e-01 1.148763e+00 3.467999e-02
-3.000000e-01 1.162428e+00 3.402778e-02
-2.850000e-01 1.162428e+00 3.426455e-02
-2.700000e-01 1.162428e+00 3.455506e-02
-2.550000e-01 1.162428e+00 3.491022e-02
-2.400000e-01 1.162428e+00 3.534440e-02
-2.250000e-01 1.162428e+00 3.587672e-02
-2.100000e-01 1.162428e+00 3.653322e-02
-1.950000e-01 1.162428e+00 3.735050e-02
-1.800000e-01 1.162428e+00 3.838164e-02
-1.650000e-01 1.162428e+00 3.970715e-02
-1.500000e-01 1.162428e+00 4.145724e-02
-1.350000e-01 1.162428e+00 4.386172e-02
-1.200000e-01 1.162428e+00 4.736469e-02
-1.050000e-01 1.162428e+00 5.284919e-02
-9.000000e-02 1.162428e+00 6.164451e-02
-7.500000e-02 1.162428e+00 7.373297e-02
-6.000000e-02 1.162428e+00 8.638235e-02
-4.500000e-02 1.162428e+00 9.753877e-02
-3.000000e-02 1.162428e+00 1.063458e-01
-1.500000e-02 1.162428e+00 1.120654e-01
5.551115e-17 1.162428e+00 1.140577e-01
1.500000e-02 1.162428e+00 1.120654e-01
3.000000e-02 1.162428e+00 1.063458e-01
4.500000e-02 1.162428e+00 9.753877e-02
6.000000e-02 1.162428e+00 8.638235e-02
7.500000e-02 1.162428e+00 7.373297e-02
9.000000e-02 1.162428e+00 6.164451e-02
1.050000e-01 1.162428e+00 5.284919e-02
1.200000e-01 1.162428e+00 4.736469e-02
1.350000e-01 1.162428e+00 4.386172e-02
1.500000e-01 1.162428e+00 4.145724e-02
1.650000e-01 1.162428e+00 3.970715e-02
1.800000e-01 1.162428e+00 3.838164e-02
1.950000e-01 1.162428e+00 3.735050e-02
2.100000e-01 1.162428e+00 3.653322e-02
2.250000e-01 1.162428e+00 3.587672e-02
2.400000e-01 1.162428e+00 3.534440e-02
2.550000e-01 1.162428e+00 3.491022e-02
2.700000e-01 1.162428e+00 3.455506e-02
2.850000e-01 1.162428e+00 3.426455e-02
3.000000e-01 1.162428e+00 3.402778e-02
-3.000000e-01 1.176092e+00 3.339416e-02
-2.850000e-01 1.176092e+00 3.362504e-02
-2.700000e-01 1.176092e+00 3.390849e-02
-2.550000e-01 1.176092e+00 3.425529e-02
-2.400000e-01 1.176092e+00 3.467965e-02
-2.250000e-01 1.176092e+00 3.520057e-02
-2.100000e-01 1.176092e+00 3.584410e-02
-1.950000e-01 1.176092e+00 3.664710e-02
-1.800000e-01 1.176092e+00 3.766365e-02
-1.650000e-01 1.176092e+00 3.897691e-02
-1.500000e-01 1.176092e+00 4.072398e-02
-1.350000e-01 1.176092e+00 4.315224e-02
-1.200000e-01 1.176092e+00 4.675139e-02
-1.050000e-01 1.176092e+00 5.251647e-02
-9.000000e-02 1.176092e+00 6.196227e-02
-7.500000e-02 1.176092e+00 7.504445e-02
-6.000000e-02 1.176092e+00 8.864324e-02
-4.500000e-02 1.176092e+00 1.005343e-01
-3.000000e-02 1.176092e+00 1.098799e-01
-1.500000e-02 1.176092e+00 1.159403e-01
5.551115e-17 1.176092e+00 1.180506e-01
1.500000e-02 1.176092e+00 1.159403e-01
3.000000e-02 1.176092e+00 1.098799e-01
4.500000e-02 1.176092e+00 1.005343e-01
6.000000e-02 1.176092e+00 8.864324e-02
7.500000e-02 1.176092e+00 7.504445e-02
9.000000e-02 1.176092e+00 6.196227e-02
1.050000e-01 1.176092e+00 5.251647e-02
1.200000e-01 1.176092e+00 4.675139e-02
1.350000e-01 1.176092e+00 4.315224e-02
1.500000e-01 1.176092e+00 4.072398e-02
1.650000e-01 1.176092e+00 3.897691e-02
1.800000e-01 1.176092e+00 3.766365e-02
1.950000e-01 1.176092e+00 3.664710e-02
2.100000e-01 1.176092e+00 3.584410e-02
2.250000e-01 1.176092e+00 3.520057e-02
2.400000e-01 1.176092e+00 3.467965e-02
2.550000e-01 1.176092e+00 3.425529e-02
2.700000e-01 1.176092e+00 3.390849e-02
2.850000e-01 1.176092e+00 3.362504e-02
3.000000e-01 1.176092e+00 3.339416e-02
-3.000000e-01 1.189756e+00 3.277846e-02
-2.850000e-01 1.189756e+00 3.300371e-02
-2.700000e-01 1.189756e+00 3.328044e-02
-2.550000e-01 1.189756e+00 3.361929e-02
-2.400000e-01 1.189756e+00 3.403434e-02
-2.250000e-01 1.189756e+00 3.454451e-02
-2.100000e-01 1.189756e+00 3.517590e-02
-1.950000e-01 1.189756e+00 3.596571e-02
-1.800000e-01 1.189756e+00 3.696910e-02
-1.650000e-01 1.189756e+00 3.827208e-02
-1.500000e-01 1.189756e+00 4.001891e-02
-1.350000e-01 1.189756e+00 4.247511e-02
-1.200000e-01 1.189756e+00 4.617712e-02
-1.050000e-01 1.189756e+00 5.223437e-02
-9.000000e-02 1.189756e+00 6.235111e-02
-7.500000e-02 1.189756e+00 7.645764e-02
-6.000000e-02 1.189756e+00 9.104130e-02
-4.500000e-02 1.189756e+00 1.037021e-01
-3.000000e-02 1.189756e+00 1.136167e-01
-1.500000e-02 1.189756e+00 1.200392e-01
5.551115e-17 1.189756e+00 1.222752e-01
1.500000e-02 1.189756e+00 1.200392e-01
3.000000e-02 1.189756e+00 1.136167e-01
4.500000e-02 1.189756e+00 1.037021e-01
6.000000e-02 1.189756e+00 9.104130e-02
7.500000e-02 1.189756e+00 7.645764e-02
9.000000e-02 1.189756e+00 6.235111e-02
1.050000e-01 1.189756e+00 5.223437e-02
1.200000e-01 1.189756e+00 4.617712e-02
1.350000e-01 1.189756e+00 4.247511e-02
1.500000e-01 1.189756e+00 4.001891e-02
1.650000e-01 1.189756e+00 3.827208e-02
1.800000e-01 1.189756e+00 3.696910e-02
1.950000e-01 1.189756e+00 3.596571e-02
2.100000e-01 1.189756e+00 3.517590e-02
2.250000e-01 1.189756e+00 3.454451e-02
2.400000e-01 1.189756e+00 3.403434e-02
2.550000e-01 1.189756e+00 3.361929e-02
2.700000e-01 1.189756e+00 3.328044e-02
2.850000e-01 1.189756e+00 3.300371e-02
3.000000e-01 1.189756e+00 3.277846e-02
-3.000000e-01 1.203421e+00 3.218005e-02
-2.850000e-01 1.203421e+00 3.239992e-02
-2.700000e-01 1.203421e+00 3.267025e-02
-2.550000e-01 1.203421e+00 3.300155e-02
-2.400000e-01 1.203421e+00 3.340779e-02
-2.250000e-01 1.203421e+00 3.390785e-02
-2.100000e-01 1.203421e+00 3.452792e-02
-1.950000e-01 1.203421e+00 3.530561e-02
-1.800000e-01 1.203421e+00 3.629727e-02
-1.650000e-01 1.203421e+00 3.759194e-02
-1.500000e-01 1.203421e+00 3.934135e-02
-1.350000e-01 1.203421e+00 4.182977e-02
-1.200000e-01 1.203421e+00 4.564165e-02
-1.050000e-01 1.203421e+00 5.200347e-02
-9.000000e-02 1.203421e+00 6.281341e-02
-7.500000e-02 1.203421e+00 7.797788e-02
-6.000000e-02 1.203421e+00 9.358516e-02
-4.500000e-02 1.203421e+00 1.070538e-01
-3.000000e-02 1.203421e+00 1.175709e-01
-1.500000e-02 1.203421e+00 1.243788e-01
5.551115e-17 1.203421e+00 1.267489e-01
1.500000e-02 1.203421e+00 1.243788e-01
3.000000e-02 1.203421e+00 1.175709e-01
4.500000e-02 1.203421e+00 1.070538e-01
6.000000e-02 1.203421e+00 9.358516e-02
7.500000e-02 1.203421e+00 7.797788e-02
9.000000e-02 1.203421e+00 6.281341e-02
1.050000e-01 1.203421e+00 5.200347e-02
1.200000e-01 1.203421e+00 4.564165e-02
1.350000e-01 1.203421e+00 4.182977e-02
1.500000e-01 1.203421e+00 3.934135e-02
1.650000e-01 1.203421e+00 3.759194e-02
1.800000e-01 1.203421e+00 3.629727e-02
1.950000e-01 1.203421e+00 3.530561e-02
2.100000e-01 1.203421e+00 3.452792e-02
2.250000e-01 1.203421e+00 3.390785e-02
2.400000e-01 1.203421e+00 3.340779e-02
2.550000e-01 1.203421e+00 3.300155e-02
2.700000e-01 1.203421e+00 3.267025e-02
2.850000e-01 1.203421e+00 3.239992e-02
3.000000e-01 1.203421e+00 3.218005e-02
-3.000000e-01 1.217085e+00 3.159832e-02
-2.850000e-01 1.217085e+00 3.181306e-02
-2.700000e-01 1.217085e+00 3.207730e-02
-2.550000e-01 1.217085e+00 3.240143e-02
-2.400000e-01 1.217085e+00 3.279937e-02
-2.250000e-01 1.217085e+00 3.328995e-02
-2.100000e-01 1.217085e+00 3.389950e-02
-1.950000e-01 1.217085e+00 3.466613e-02
-1.800000e-01 1.217085e+00 3.564749e-02
-1.650000e-01 1.217085e+00 3.693583e-02
-1.500000e-01 1.217085e+00 3.869070e-02
-1.350000e-01 1.217085e+00 4.121577e-02
-1.200000e-01 1.217085e+00 4.514487e-02
-1.050000e-01 1.217085e+00 5.182454e-02
-9.000000e-02 1.217085e+00 6.335188e-02
-7.500000e-02 1.217085e+00 7.961104e-02
-6.000000e-02 1.217085e+00 9.628430e-02
-4.500000e-02 1.217085e+00 1.106026e-01
-3.000000e-02 1.217085e+00 1.217586e-01
-1.500000e-02 1.217085e+00 1.289774e-01
5.551115e-17 1.217085e+00 1.314909e-01
1.500000e-02 1.217085e+00 1.289774e-01
3.000000e-02 1.217085e+00 1.217586e-01
4.500000e-02 1.217085e+00 1.106026e-01
6.000000e-02 1.217085e+00 9.628430e-02
7.500000e-02 1.217085e+00 7.961104e-02
9.000000e-02 1.217085e+00 6.335188e-02
1.050000e-01 1.217085e+00 5.182454e-02
1.200000e-01 1.217085e+00 4.514487e-02
1.350000e-01 1.217085e+00 4.121577e-02
1.500000e-01 1.217085e+00 3.869070e-02
1.650000e-01 1.217085e+00 3.693583e-02
1.800000e-01 1.217085e+00 3.564749e-02
1.950000e-01 1.217085e+00 3.466613e-02
2.100000e-01 1.217085e+00 3.389950e-02
2.250000e-01 1.217085e+00 3.328995e-02
2.400000e-01 1.217085e+00 3.279937e-02
2.550000e-01 1.217085e+00 3.240143e-02
2.700000e-01 1.217085e+00 3.207730e-02
2.850000e-01 1.217085e+00 3.181306e-02
3.000000e-01 1.217085e+00 3.159832e-02
-3.000000e-01 1.230749e+00 3.103270e-02
-2.850000e-01 1.230749e+00 3.124256e-02
-2.700000e-01 1.230749e+00 3.150100e-02
-2.550000e-01 1.230749e+00 3.181835e-02
-2.400000e-01 1.230749e+00 3.220846e-02
-2.250000e-01 1.230749e+00 3.269018e-02
-2.100000e-01 1.230749e+00 3.329002e-02
-1.950000e-01 1.230749e+00 3.404666e-02
-1.800000e-01 1.230749e+00 3.501915e-02
-1.650000e-01 1.230749e+00 3.630316e-02
-1.500000e-01 1.230749e+00 3.806644e-02
-1.350000e-01 1.230749e+00 4.063274e-02
-1.200000e-01 1.230749e+00 4.468682e-02
-1.050000e-01 1.230749e+00 5.169857e-02
-9.000000e-02 1.230749e+00 6.396960e-02
-7.500000e-02 1.230749e+00 8.136357e-02
-6.000000e-02 1.230749e+00 9.914906e-02
-4.500000e-02 1.230749e+00 1.143625e-01
-3.000000e-02 1.230749e+00 1.261975e-01
-1.500000e-02 1.230749e+00 1.338551e-01
5.551115e-17 1.230749e+00 1.365220e-01
1.500000e-02 1.230749e+00 1.338551e-01
3.000000e-02 1.230749e+00 1.261975e-01
4.500000e-02 1.230749e+00 1.143625e-01
6.000000e-02 1.230749e+00 9.914906e-02
7.500000e-02 1.230749e+00 8.136357e-02
9.000000e-02 1.230749e+00 6.396960e-02
1.050000e-01 1.230749e+00 5.169857e-02
1.200000e-01 1.230749e+00 4.468682e-02
1.350000e-01 1.230749e+00 4.063274e-02
1.500000e-01 1.230749e+00 3.806644e-02
1.650000e-01 1.230749e+00 3.630316e-02
1.800000e-01 1.230749e+00 3.501915e-02
1.950000e-01 1.230749e+00 3.404666e-02
2.100000e-01 1.230749e+00 3.329002e-02
2.250000e-01 1.230749e+00 3.269018e-02
2.400000e-01 1.230749e+00 3.220846e-02
2.550000e-01 1.230749e+00 3.181835e-02
2.700000e-01 1.230749e+00 3.150100e-02
2.850000e-01 1.230749e+00 3.124256e-02
3.000000e-01 1.230749e+00 3.103270e-02
-3.000000e-01 1.244413e+00 3.048264e-02
-2.850000e-01 1.244413e+00 3.068785e-02
-2.700000e-01 1.244413e+00 3.094079e-02
-2.550000e-01 1.244413e+00 3.125175e-02
-2.400000e-01 1.244413e+00 3.163450e-02
-2.250000e-01 1.244413e+00 3.210798e-02
-2.100000e-01 1.244413e+00 3.269891e-02
-1.950000e-01 1.244413e+00 3.344660e-02
-1.800000e-01 1.244413e+00 3.441167e-02
-1.650000e-01 1.244413e+00 3.569341e-02
-1.500000e-01 1.244413e+00 3.746811e-02
-1.350000e-01 1.244413e+00 4.008042e-02
-1.200000e-01 1.244413e+00 4.426768e-02
-1.050000e-01 1.244413e+00 5.162678e-02
-9.000000e-02 1.244413e+00 6.467003e-02
-7.500000e-02 1.244413e+00 8.324257e-02
-6.000000e-02 1.244413e+00 1.021908e-01
-4.500000e-02 1.244413e+00 1.183493e-01
-3.000000e-02 1.244413e+00 1.309067e-01
-1.500000e-02 1.244413e+00 1.390339e-01
5.551115e-17 1.244413e+00 1.418655e-01
1.500000e-02 1.244413e+00 1.390339e-01
3.000000e-02 1.244413e+00 1.309067e-01
4.500000e-02 1.244413e+00 1.183493e-01
6.000000e-02 1.244413e+00 1.021908e-01
7.500000e-02 1.244413e+00 8.324257e-02
9.000000e-02 1.244413e+00 6.467003e-02
1.050000e-01 1.244413e+00 5.162678e-02
1.200000e-01 1.244413e+00 4.426768e-02
1.350000e-01 1.244413e+00 4.008042e-02
1.500000e-01 1.244413e+00 3.746811e-02
1.650000e-01 1.244413e+00 3.569341e-02
1.800000e-01 1.244413e+00 3.441167e-02
1.950000e-01 1.244413e+00 3.344660e-02
2.100000e-01 1.244413e+00 3.269891e-02
2.250000e-01 1.244413e+00 3.210798e-02
2.400000e-01 1.244413e+00 3.163450e-02
2.550000e-01 1.244413e+00 3.125175e-02
2.700000e-01 1.244413e+00 3.094079e-02
2.850000e-01 1.244413e+00 3.068785e-02
3.000000e-01 1.244413e+00 3.048264e-02
-3.000000e-01 1.258078e+00 2.994764e-02
-2.850000e-01 1.258078e+00 3.014842e-02
-2.700000e-01 1.258078e+00 3.039616e-02
-2.550000e-01 1.258078e+00 3.070108e-02
-2.400000e-01 1.258078e+00 3.107696e-02
-2.250000e-01 1.258078e+00 3.154280e-02
-2.100000e-01 1.258078e+00 3.212562e-02
-1.950000e-01 1.258078e+00 3.286544e-02
-1.800000e-01 1.258078e+00 3.382455e-02
-1.650000e-01 1.258078e+00 3.510610e-02
-1.500000e-01 1.258078e+00 3.689535e-02
-1.350000e-01 1.258078e+00 3.955867e-02
-1.200000e-01 1.258078e+00 4.388779e-02
-1.050000e-01 1.258078e+00 5.161062e-02
-9.000000e-02 1.258078e+00 6.545705e-02
-7.500000e-02 1.258078e+00 8.525587e-02
-6.000000e-02 1.258078e+00 1.054219e-01
-4.500000e-02 1.258078e+00 1.225798e-01
-3.000000e-02 1.258078e+00 1.359078e-01
-1.500000e-02 1.258078e+00 1.445384e-01
5.551115e-17 1.258078e+00 1.475469e-01
1.500000e-02 1.258078e+00 1.445384e-01
3.000000e-02 1.258078e+00 1.359078e-01
4.500000e-02 1.258078e+00 1.225798e-01
6.000000e-02 1.258078e+00 1.054219e-01
7.500000e-02 1.258078e+00 8.525587e-02
9.000000e-02 1.258078e+00 6.545705e-02
1.050000e-01 1.258078e+00 5.161062e-02
1.200000e-01 1.258078e+00 4.388779e-02
1.350000e-01 1.258078e+00 3.955867e-02
1.500000e-01 1.258078e+00 3.689535e-02
1.650000e-01 1.258078e+00 3.510610e-02
1.800000e-01 1.258078e+00 3.382455e-02
1.950000e-01 1.258078e+00 3.286544e-02
2.100000e-01 1.258078e+00 3.212562e-02
2.250000e-01 1.258078e+00 3.154280e-02
2.400000e-01 1.258078e+00 3.107696e-02
2.550000e-01 1.258078e+00 3.070108e-02
2.700000e-01 1.258078e+00 3.039616e-02
2.850000e-01 1.258078e+00 3.014842e-02
3.000000e-01 1.258078e+00 2.994764e-02
-3.000000e-01 1.271742e+00 2.942721e-02
-2.850000e-01 1.271742e+00 2.962378e-02
-2.700000e-01 1.271742e+00 2.986661e-02
-2.550000e-01 1.271742e+00 3.016586e-02
-2.400000e-01 1.271742e+00 3.053533e-02
-2.250000e-01 1.271742e+00 3.099414e-02
-2.100000e-01 1.271742e+00 3.156964e-02
-1.950000e-01 1.271742e+00 3.230267e-02
-1.800000e-01 1.271742e+00 3.325733e-02
-1.650000e-01 1.271742e+00 3.454082e-02
-1.500000e-01 1.271742e+00 3.634786e-02
-1.350000e-01 1.271742e+00 3.906743e-02
-1.200000e-01 1.271742e+00 4.354762e-02
-1.050000e-01 1.271742e+00 5.165181e-02
-9.000000e-02 1.271742e+00 6.633499e-02
-7.500000e-02 1.271742e+00 8.741208e-02
-6.000000e-02 1.271742e+00 1.088561e-01
-4.500000e-02 1.271742e+00 1.270730e-01
-3.000000e-02 1.271742e+00 1.412243e-01
-1.500000e-02 1.271742e+00 1.503954e-01
5.551115e-17 1.271742e+00 1.535944e-01
1.500000e-02 1.271742e+00 1.503954e-01
3.000000e-02 1.271742e+00 1.412243e-01
4.500000e-02 1.271742e+00 1.270730e-01
6.000000e-02 1.271742e+00 1.088561e-01
7.500000e-02 1.271742e+00 8.741208e-02
9.000000e-02 1.271742e+00 6.633499e-02
1.050000e-01 1.271742e+00 5.165181e-02
1.200000e-01 1.271742e+00 4.354762e-02
1.350000e-01 1.271742e+00 3.906743e-02
1.500000e-01 1.271742e+00 3.634786e-02
1.650000e-01 1.271742e+00 3.454082e-02
1.800000e-01 1.271742e+00 3.325733e-02
1.950000e-01 1.271742e+00 3.230267e-02
2.100000e-01 1.271742e+00 3.156964e-02
2.250000e-01 1.271742e+00 3.099414e-02
2.400000e-01 1.271742e+00 3.053533e-02
2.550000e-01 1.271742e+00 3.016586e-02
2.700000e-01 1.271742e+00 2.986661e-02
2.850000e-01 1.271742e+00 2.962378e-02
3.000000e-01 1.271742e+00 2.942721e-02
-3.000000e-01 1.285406e+00 2.892087e-02
-2.850000e-01 1.285406e+00 2.911347e-02
-2.700000e-01 1.285406e+00 2.935166e-02
-2.550000e-01 1.285406e+00 2.964561e-02
-2.400000e-01 1.285406e+00 3.000914e-02
-2.250000e-01 1.285406e+00 3.046153e-02
-2.100000e-01 1.285406e+00 3.103053e-02
-1.950000e-01 1.285406e+00 3.175787e-02
-1.800000e-01 1.285406e+00 3.270958e-02
-1.650000e-01 1.285406e+00 3.399724e-02
-1.500000e-01 1.285406e+00 3.582545e-02
-1.350000e-01 1.285406e+00 3.860678e-02
-1.200000e-01 1.285406e+00 4.324786e-02
-1.050000e-01 1.285406e+00 5.175236e-02
-9.000000e-02 1.285406e+00 6.730871e-02
-7.500000e-02 1.285406e+00 8.972067e-02
-6.000000e-02 1.285406e+00 1.125083e-01
-4.500000e-02 1.285406e+00 1.318496e-01
-3.000000e-02 1.285406e+00 1.468820e-01
-1.500000e-02 1.285406e+00 1.566347e-01
5.551115e-17 1.285406e+00 1.600391e-01
1.500000e-02 1.285406e+00 1.566347e-01
3.000000e-02 1.285406e+00 1.468820e-01
4.500000e-02 1.285406e+00 1.318496e-01
6.000000e-02 1.285406e+00 1.125083e-01
7.500000e-02 1.285406e+00 8.972067e-02
9.000000e-02 1.285406e+00 6.730871e-02
1.050000e-01 1.285406e+00 5.175236e-02
1.200000e-01 1.285406e+00 4.324786e-02
1.350000e-01 1.285406e+00 3.860678e-02
1.500000e-01 1.285406e+00 3.582545e-02
1.650000e-01 1.285406e+00 3.399724e-02
1.800000e-01 1.285406e+00 3.270958e-02
1.950000e-01 1.285406e+00 3.175787e-02
2.100000e-01 1.285406e+00 3.103053e-02
2.250000e-01 1.285406e+00 3.046153e-02
2.400000e-01 1.285406e+00 3.000914e-02
2.550000e-01 1.285406e+00 2.964561e-02
2.700000e-01 1.285406e+00 2.935166e-02
2.850000e-01 1.285406e+00 2.911347e-02
3.000000e-01 1.285406e+00 2.892087e-02
-3.000000e-01 1.299070e+00 2.842820e-02
-2.850000e-01 1.299070e+00 2.861704e-02
-2.700000e-01 1.299070e+00 2.885087e-02
-2.550000e-01 1.299070e+00 2.913988e-02
-2.400000e-01 1.299070e+00 2.949795e-02
-2.250000e-01 1.299070e+00 2.994454e-02
-2.100000e-01 1.299070e+00 3.050786e-02
-1.950000e-01 1.299070e+00 3.123061e-02
-1.800000e-01 1.299070e+00 3.218097e-02
-1.650000e-01 1.299070e+00 3.347509e-02
-1.500000e-01 1.299070e+00 3.532799e-02
-1.350000e-01 1.299070e+00 3.817691e-02
-1.200000e-01 1.299070e+00 4.298935e-02
-1.050000e-01 1.299070e+00 5.191457e-02
-9.000000e-02 1.299070e+00 6.838359e-02
-7.500000e-02 1.299070e+00 9.219209e-02
-6.000000e-02 1.299070e+00 1.163951e-01
-4.500000e-02 1.299070e+00 1.369324e-01
-3.000000e-02 1.299070e+00 1.529097e-01
-1.500000e-02 1.299070e+00 1.632894e-01
5.551115e-17 1.299070e+00 1.669158e-01
1.500000e-02 1.299070e+00 1.632894e-01
3.000000e-02 1.299070e+00 1.529097e-01
4.500000e-02 1.299070e+00 1.369324e-01
6.000000e-02 1.299070e+00 1.163951e-01
7.500000e-02 1.299070e+00 9.219209e-02
9.000000e-02 1.299070e+00 6.838359e-02
1.050000e-01 1.299070e+00 5.191457e-02
1.200000e-01 1.299070e+00 4.298935e-02
1.350000e-01 1.299070e+00 3.817691e-02
1.500000e-01 1.299070e+00 3.532799e-02
1.650000e-01 1.299070e+00 3.347509e-02
1.800000e-01 1.299070e+00 3.218097e-02
1.950000e-01 1.299070e+00 3.123061e-02
2.100000e-01 1.299070e+00 3.050786e-02
2.250000e-01 1.299070e+00 2.994454e-02
2.400000e-01 1.299070e+00 2.949795e-02
2.550000e-01 1.299070e+00 2.913988e-02
2.700000e-01 1.299070e+00 2.885087e-02
2.850000e-01 1.299070e+00 2.861704e-02
3.000000e-01 1.299070e+00 2.842820e-02
-3.000000e-01 1.312735e+00 2.794879e-02
-2.850000e-01 1.312735e+00 2.813408e-02
-2.700000e-01 1.312735e+00 2.836385e-02
-2.550000e-01 1.312735e+00 2.864827e-02
-2.400000e-01 1.312735e+00 2.900135e-02
-2.250000e-01 1.312735e+00 2.944276e-02
-2.100000e-01 1.312735e+00 3.000124e-02
-1.950000e-01 1.312735e+00 3.072057e-02
-1.800000e-01 1.312735e+00 3.167118e-02
-1.650000e-01 1.312735e+00 3.297415e-02
-1.500000e-01 1.312735e+00 3.485546e-02
-1.350000e-01 1.312735e+00 3.777815e-02
-1.200000e-01 1.312735e+00 4.277314e-02
-1.050000e-01 1.312735e+00 5.214110e-02
-9.000000e-02 1.312735e+00 6.956564e-02
-7.500000e-02 1.312735e+00 9.483785e-02
-6.000000e-02 1.312735e+00 1.205348e-01
-4.500000e-02 1.312735e+00 1.423467e-01
-3.000000e-02 1.312735e+00 1.593393e-01
-1.500000e-02 1.312735e+00 1.703962e-01
5.551115e-17 1.312735e+00 1.742630e-01
1.500000e-02 1.312735e+00 1.703962e-01
3.000000e-02 1.312735e+00 1.593393e-01
4.500000e-02 1.312735e+00 1.423467e-01
6.000000e-02 1.312735e+00 1.205348e-01
7.500000e-02 1.312735e+00 9.483785e-02
9.000000e-02 1.312735e+00 6.956564e-02
1.050000e-01 1.312735e+00 5.214110e-02
1.200000e-01 1.312735e+00 4.277314e-02
1.350000e-01 1.312735e+00 3.777815e-02
1.500000e-01 1.312735e+00 3.485546e-02
1.650000e-01 1.312735e+00 3.297415e-02
1.800000e-01 1.312735e+00 3.167118e-02
1.950000e-01 1.312735e+00 3.072057e-02
2.100000e-01 1.312735e+00 3.000124e-02
2.250000e-01 1.312735e+00 2.944276e-02
2.400000e-01 1.312735e+00 2.900135e-02
2.550000e-01 1.312735e+00 2.864827e-02
2.700000e-01 1.312735e+00 2.836385e-02
2.850000e-01 1.312735e+00 2.813408e-02
3.000000e-01 1.312735e+00 2.794879e-02
-3.000000e-01 1.326399e+00 2.748225e-02
-2.850000e-01 1.326399e+00 2.766421e-02
-2.700000e-01 1.326399e+00 2.789018e-02
-2.550000e-01 1.326399e+00 2.817040e-02
-2.400000e-01 1.326399e+00 2.851896e-02
-2.250000e-01 1.326399e+00 2.895584e-02
-2.100000e-01 1.326399e+00 2.951034e-02
-1.950000e-01 1.326399e+00 3.022743e-02
-1.800000e-01 1.326399e+00 3.117999e-02
-1.650000e-01 1.326399e+00 3.249431e-02
-1.500000e-01 1.326399e+00 3.440794e-02
-1.350000e-01 1.326399e+00 3.741095e-02
-1.200000e-01 1.326399e+00 4.260051e-02
-1.050000e-01 1.326399e+00 5.243498e-02
-9.000000e-02 1.326399e+00 7.086156e-02
-7.500000e-02 1.326399e+00 9.767068e-02
-6.000000e-02 1.326399e+00 1.249473e-01
-4.500000e-02 1.326399e+00 1.481204e-01
-3.000000e-02 1.326399e+00 1.662061e-01
-1.500000e-02 1.326399e+00 1.779960e-01
5.551115e-17 1.326399e+00 1.821237e-01
1.500000e-02 1.326399e+00 1.779960e-01
3.000000e-02 1.326399e+00 1.662061e-01
4.500000e-02 1.326399e+00 1.481204e-01
6.000000e-02 1.326399e+00 1.249473e-01
7.500000e-02 1.326399e+00 9.767068e-02
9.000000e-02 1.326399e+00 7.086156e-02
1.050000e-01 1.326399e+00 5.243498e-02
1.200000e-01 1.326399e+00 4.260051e-02
1.350000e-01 1.326399e+00 3.741095e-02
1.500000e-01 1.326399e+00 3.440794e-02
1.650000e-01 1.326399e+00 3.249431e-02
1.800000e-01 1.326399e+00 3.117999e-02
1.950000e-01 1.326399e+00 3.022743e-02
2.100000e-01 1.326399e+00 2.951034e-02
2.250000e-01 1.326399e+00 2.895584e-02
2.400000e-01 1.326399e+00 2.851896e-02
2.550000e-01 1.326399e+00 2.817040e-02
2.700000e-01 1.326399e+00 2.789018e-02
2.850000e-01 1.326399e+00 2.766421e-02
3.000000e-01 1.326399e+00 2.748225e-02
-3.000000e-01 1.340063e+00 2.702822e-02
-2.850000e-01 1.340063e+00 2.720707e-02
-2.700000e-01 1.340063e+00 2.742953e-02
-2.550000e-01 1.340063e+00 2.770591e-02
-2.400000e-01 1.340063e+00 2.805045e-02
-2.250000e-01 1.340063e+00 2.848345e-02
-2.100000e-01 1.340063e+00 2.903486e-02
-1.950000e-01 1.340063e+00 2.975093e-02
-1.800000e-01 1.340063e+00 3.070721e-02
-1.650000e-01 1.340063e+00 3.203551e-02
-1.500000e-01 1.340063e+00 3.398561e-02
-1.350000e-01 1.340063e+00 3.707595e-02
-1.200000e-01 1.340063e+00 4.247296e-02
-1.050000e-01 1.340063e+00 5.279963e-02
-9.000000e-02 1.340063e+00 7.227879e-02
-7.500000e-02 1.340063e+00 1.007046e-01
-6.000000e-02 1.340063e+00 1.296550e-01
-4.500000e-02 1.340063e+00 1.542845e-01
-3.000000e-02 1.340063e+00 1.735496e-01
-1.500000e-02 1.340063e+00 1.861345e-01
5.551115e-17 1.340063e+00 1.905457e-01
1.500000e-02 1.340063e+00 1.861345e-01
3.000000e-02 1.340063e+00 1.735496e-01
4.500000e-02 1.340063e+00 1.542845e-01
6.000000e-02 1.340063e+00 1.296550e-01
7.500000e-02 1.340063e+00 1.007046e-01
9.000000e-02 1.340063e+00 7.227879e-02
1.050000e-01 1.340063e+00 5.279963e-02
1.200000e-01 1.340063e+00 4.247296e-02
1.350000e-01 1.340063e+00 3.707595e-02
1.500000e-01 1.340063e+00 3.398561e-02
1.650000e-01 1.340063e+00 3.203551e-02
1.800000e-01 1.340063e+00 3.070721e-02
1.950000e-01 1.340063e+00 2.975093e-02
2.100000e-01 1.340063e+00 2.903486e-02
2.250000e-01 1.340063e+00 2.848345e-02
2.400000e-01 1.340063e+00 2.805045e-02
2.550000e-01 1.340063e+00 2.770591e-02
2.700000e-01 1.340063e+00 2.742953e-02
2.850000e-01 1.340063e+00 2.720707e-02
3.000000e-01 1.340063e+00 2.702822e-02
-3.000000e-01 1.353728e+00 2.658636e-02
-2.850000e-01 1.353728e+00 2.676232e-02
-2.700000e-01 1.353728e+00 2.698157e-02
-2.550000e-01 1.353728e+00 2.725449e-02
-2.400000e-01 1.353728e+00 2.759551e-02
-2.250000e-01 1.353728e+00 2.802531e-02
-2.100000e-01 1.353728e+00 2.857454e-02
-1.950000e-01 1.353728e+00 2.929089e-02
-1.800000e-01 1.353728e+00 3.025273e-02
-1.650000e-01 1.353728e+00 3.159781e-02
-1.500000e-01 1.353728e+00 3.358878e-02
-1.350000e-01 1.353728e+00 3.677394e-02
-1.200000e-01 1.353728e+00 4.239228e-02
-1.050000e-01 1.353728e+00 5.323894e-02
-9.000000e-02 1.353728e+00 7.382562e-02
-7.500000e-02 1.353728e+00 1.039553e-01
-6.000000e-02 1.353728e+00 1.346824e-01
-4.500000e-02 1.353728e+00 1.608736e-01
-3.000000e-02 1.353728e+00 1.814136e-01
-1.500000e-02 1.353728e+00 1.948625e-01
5.551115e-17 1.353728e+00 1.995829e-01
1.500000e-02 1.353728e+00 1.948625e-01
3.000000e-02 1.353728e+00 1.814136e-01
4.500000e-02 1.353728e+00 1.608736e-01
6.000000e-02 1.353728e+00 1.346824e-01
7.500000e-02 1.353728e+00 1.039553e-01
9.000000e-02 1.353728e+00 7.382562e-02
1.050000e-01 1.353728e+00 5.323894e-02
1.200000e-01 1.353728e+00 4.239228e-02
1.350000e-01 1.353728e+00 3.677394e-02
1.500000e-01 1.353728e+00 3.358878e-02
1.650000e-01 1.353728e+00 3.159781e-02
1.800000e-01 1.353728e+00 3.025273e-02
1.950000e-01 1.353728e+00 2.929089e-02
2.100000e-01 1.353728e+00 2.857454e-02
2.250000e-01 1.353728e+00 2.802531e-02
2.400000e-01 1.353728e+00 2.759551e-02
2.550000e-01 1.353728e+00 2.725449e-02
2.700000e-01 1.353728e+00 2.698157e-02
2.850000e-01 1.353728e+00 2.676232e-02
3.000000e-01 1.353728e+00 2.658636e-02
-3.000000e-01 1.367392e+00 2.615637e-02
-2.850000e-01 1.367392e+00 2.632965e-02
-2.700000e-01 1.367392e+00 2.654598e-02
-2.550000e-01 1.367392e+00 2.681584e-02
-2.400000e-01 1.367392e+00 2.715387e-02
-2.250000e-01 1.367392e+00 2.758115e-02
-2.100000e-01 1.367392e+00 2.812918e-02
-1.950000e-01 1.367392e+00 2.884717e-02
-1.800000e-01 1.367392e+00 2.981653e-02
-1.650000e-01 1.367392e+00 3.118132e-02
-1.500000e-01 1.367392e+00 3.321786e-02
-1.350000e-01 1.367392e+00 3.650589e-02
-1.200000e-01 1.367392e+00 4.236053e-02
-1.050000e-01 1.367392e+00 5.375732e-02
-9.000000e-02 1.367392e+00 7.551128e-02
-7.500000e-02 1.367392e+00 1.074399e-01
-6.000000e-02 1.367392e+00 1.400571e-01
-4.500000e-02 1.367392e+00 1.679261e-01
-3.000000e-02 1.367392e+00 1.898474e-01
-1.500000e-02 1.367392e+00 2.042375e-01
5.551115e-17 1.367392e+00 2.092955e-01
1.500000e-02 1.367392e+00 2.042375e-01
3.000000e-02 1.367392e+00 1.898474e-01
4.500000e-02 1.367392e+00 1.679261e-01
6.000000e-02 1.367392e+00 1.400571e-01
7.500000e-02 1.367392e+00 1.074399e-01
9.000000e-02 1.367392e+00 7.551128e-02
1.050000e-01 1.367392e+00 5.375732e-02
1.200000e-01 1.367392e+00 4.236053e-02
1.350000e-01 1.367392e+00 3.650589e-02
1.500000e-01 1.367392e+00 3.321786e-02
1.650000e-01 1.367392e+00 3.118132e-02
1.800000e-01 1.367392e+00 2.981653e-02
1.950000e-01 1.367392e+00 2.884717e-02
2.100000e-01 1.367392e+00 2.812918e-02
2.250000e-01 1.367392e+00 2.758115e-02
2.400000e-01 1.367392e+00 2.715387e-02
2.550000e-01 1.367392e+00 2.681584e-02
2.700000e-01 1.367392e+00 2.654598e-02
2.850000e-01 1.367392e+00 2.632965e-02
3.000000e-01 1.367392e+00 2.615637e-02
-3.000000e-01 1.381056e+00 2.573796e-02
-2.850000e-01 1.381056e+00 2.590880e-02
-2.700000e-01 1.381056e+00 2.612251e-02
-2.550000e-01 1.381056e+00 2.638970e-02
-2.400000e-01 1.381056e+00 2.672528e-02
-2.250000e-01 1.381056e+00 2.715080e-02
-2.100000e-01 1.381056e+00 2.769863e-02
-1.950000e-01 1.381056e+00 2.841967e-02
-1.800000e-01 1.381056e+00 2.939864e-02
-1.650000e-01 1.381056e+00 3.078629e-02
-1.500000e-01 1.381056e+00 3.287345e-02
-1.350000e-01 1.381056e+00 3.627299e-02
-1.200000e-01 1.381056e+00 4.238012e-02
-1.050000e-01 1.381056e+00 5.435973e-02
-9.000000e-02 1.381056e+00 7.734606e-02
-7.500000e-02 1.381056e+00 1.111776e-01
-6.000000e-02 1.381056e+00 1.458093e-01
-4.500000e-02 1.381056e+00 1.754848e-01
-3.000000e-02 1.381056e+00 1.989061e-01
-1.500000e-02 1.381056e+00 2.143238e-01
5.551115e-17 1.381056e+00 2.197513e-01
1.500000e-02 1.381056e+00 2.143238e-01
3.000000e-02 1.381056e+00 1.989061e-01
4.500000e-02 1.381056e+00 1.754848e-01
6.000000e-02 1.381056e+00 1.458093e-01
7.500000e-02 1.381056e+00 1.111776e-01
9.000000e-02 1.381056e+00 7.734606e-02
1.050000e-01 1.381056e+00 5.435973e-02
1.200000e-01 1.381056e+00 4.238012e-02
1.350000e-01 1.381056e+00 3.627299e-02
1.500000e-01 1.381056e+00 3.287345e-02
1.650000e-01 1.381056e+00 3.078629e-02
1.800000e-01 1.381056e+00 2.939864e-02
1.950000e-01 1.381056e+00 2.841967e-02
2.100000e-01 1.381056e+00 2.769863e-02
2.250000e-01 1.381056e+00 2.715080e-02
2.400000e-01 1.381056e+00 2.672528e-02
2.550000e-01 1.381056e+00 2.638970e-02
2.700000e-01 1.381056e+00 2.612251e-02
2.850000e-01 1.381056e+00 2.590880e-02
3.000000e-01 1.381056e+00 2.573796e-02
-3.000000e-01 1.394720e+00 2.533089e-02
-2.850000e-01 1.394720e+00 2.549951e-02
-2.700000e-01 1.394720e+00 2.571091e-02
-2.550000e-01 1.394720e+00 2.597587e-02
-2.400000e-01 1.394720e+00 2.630955e-02
-2.250000e-01 1.394720e+00 2.673408e-02
-2.100000e-01 1.394720e+00 2.728278e-02
-1.950000e-01 1.394720e+00 2.800840e-02
-1.800000e-01 1.394720e+00 2.899918e-02
-1.650000e-01 1.394720e+00 3.041307e-02
-1.500000e-01 1.394720e+00 3.255627e-02
-1.350000e-01 1.394720e+00 3.607667e-02
-1.200000e-01 1.394720e+00 4.245381e-02
-1.050000e-01 1.394720e+00 5.505179e-02
-9.000000e-02 1.394720e+00 7.934144e-02
-7.500000e-02 1.394720e+00 1.151898e-01
-6.000000e-02 1.394720e+00 1.519730e-01
-4.500000e-02 1.394720e+00 1.835980e-01
-3.000000e-02 1.394720e+00 2.086515e-01
-1.500000e-02 1.394720e+00 2.251938e-01
5.551115e-17 1.394720e+00 2.310269e-01
1.500000e-02 1.394720e+00 2.251938e-01
3.000000e-02 1.394720e+00 2.086515e-01
4.500000e-02 1.394720e+00 1.835980e-01
6.000000e-02 1.394720e+00 1.519730e-01
7.500000e-02 1.394720e+00 1.151898e-01
9.000000e-02 1.394720e+00 7.934144e-02
1.050000e-01 1.394720e+00 5.505179e-02
1.200000e-01 1.394720e+00 4.245381e-02
1.350000e-01 1.394720e+00 3.607667e-02
1.500000e-01 1.394720e+00 3.255627e-02
1.650000e-01 1.394720e+00 3.041307e-02
1.800000e-01 1.394720e+00 2.899918e-02
1.950000e-01 1.394720e+00 2.800840e-02
2.100000e-01 1.394720e+00 2.728278e-02
2.250000e-01 1.394720e+00 2.673408e-02
2.400000e-01 1.394720e+00 2.630955e-02
2.550000e-01 1.394720e+00 2.597587e-02
2.700000e-01 1.394720e+00 2.571091e-02
2.850000e-01 1.394720e+00 2.549951e-02
3.000000e-01 1.394720e+00 2.533089e-02
-3.000000e-01 1.408385e+00 2.493492e-02
-2.850000e-01 1.408385e+00 2.510157e-02
-2.700000e-01 1.408385e+00 2.531099e-02
-2.550000e-01 1.408385e+00 2.557415e-02
-2.400000e-01 1.408385e+00 2.590654e-02
-2.250000e-01 1.408385e+00 2.633089e-02
-2.100000e-01 1.408385e+00 2.688161e-02
-1.950000e-01 1.408385e+00 2.761342e-02
-1.800000e-01 1.408385e+00 2.861839e-02
-1.650000e-01 1.408385e+00 3.006215e-02
-1.500000e-01 1.408385e+00 3.226722e-02
-1.350000e-01 1.408385e+00 3.591859e-02
-1.200000e-01 1.408385e+00 4.258479e-02
-1.050000e-01 1.408385e+00 5.583982e-02
-9.000000e-02 1.408385e+00 8.151025e-02
-7.500000e-02 1.408385e+00 1.195000e-01
-6.000000e-02 1.408385e+00 1.585861e-01
-4.500000e-02 1.408385e+00 1.923193e-01
-3.000000e-02 1.408385e+00 2.191536e-01
-1.500000e-02 1.408385e+00 2.369297e-01
5.551115e-17 1.408385e+00 2.432089e-01
1.500000e-02 1.408385e+00 2.369297e-01
3.000000e-02 1.408385e+00 2.191536e-01
4.500000e-02 1.408385e+00 1.923193e-01
6.000000e-02 1.408385e+00 1.585861e-01
7.500000e-02 1.408385e+00 1.195000e-01
9.000000e-02 1.408385e+00 8.151025e-02
1.050000e-01 1.408385e+00 5.583982e-02
1.200000e-01 1.408385e+00 4.258479e-02
1.350000e-01 1.408385e+00 3.591859e-02
1.500000e-01 1.408385e+00 3.226722e-02
1.650000e-01 1.408385e+00 3.006215e-02
1.800000e-01 1.408385e+00 2.861839e-02
1.950000e-01 1.408385e+00 2.761342e-02
2.100000e-01 1.408385e+00 2.688161e-02
2.250000e-01 1.408385e+00 2.633089e-02
2.400000e-01 1.408385e+00 2.590654e-02
2.550000e-01 1.408385e+00 2.557415e-02
2.700000e-01 1.408385e+00 2.531099e-02
2.850000e-01 1.408385e+00 2.510157e-02
3.000000e-01 1.408385e+00 2.493492e-02
-3.000000e-01 1.422049e+00 2.454986e-02
-2.850000e-01 1.422049e+00 2.471480e-02
-2.700000e-01 1.422049e+00 2.492258e-02
-2.550000e-01 1.422049e+00 2.518440e-02
-2.400000e-01 1.422049e+00 2.551615e-02
-2.250000e-01 1.422049e+00 2.594119e-02
-2.100000e-01 1.422049e+00 2.649514e-02
-1.950000e-01 1.422049e+00 2.723489e-02
-1.800000e-01 1.422049e+00 2.825661e-02
-1.650000e-01 1.422049e+00 2.973415e-02
-1.500000e-01 1.422049e+00 3.200743e-02
-1.350000e-01 1.422049e+00 3.580075e-02
-1.200000e-01 1.422049e+00 4.277671e-02
-1.050000e-01 1.422049e+00 5.673098e-02
-9.000000e-02 1.422049e+00 8.386684e-02
-7.500000e-02 1.422049e+00 1.241350e-01
-6.000000e-02 1.422049e+00 1.656909e-01
-4.500000e-02 1.422049e+00 2.017096e-01
-3.000000e-02 1.422049e+00 2.304911e-01
-1.500000e-02 1.422049e+00 2.496243e-01
5.551115e-17 1.422049e+00 2.563957e-01
1.500000e-02 1.422049e+00 2.496243e-01
3.000000e-02 1.422049e+00 2.304911e-01
4.500000e-02 1.422049e+00 2.017096e-01
6.000000e-02 1.422049e+00 1.656909e-01
7.500000e-02 1.422049e+00 1.241350e-01
9.000000e-02 1.422049e+00 8.386684e-02
1.050000e-01 1.422049e+00 5.673098e-02
1.200000e-01 1.422049e+00 4.277671e-02
1.350000e-01 1.422049e+00 3.580075e-02
1.500000e-01 1.422049e+00 3.200743e-02
1.650000e-01 1.422049e+00 2.973415e-02
1.800000e-01 1.422049e+00 2.825661e-02
1.950000e-01 1.422049e+00 2.723489e-02
2.100000e-01 1.422049e+00 2.649514e-02
2.250000e-01 1.422049e+00 2.594119e-02
2.400000e-01 1.422049e+00 2.551615e-02
2.550000e-01 1.422049e+00 2.518440e-02
2.700000e-01 1.422049e+00 2.492258e-02
2.850000e-01 1.422049e+00 2.471480e-02
3.000000e-01 1.422049e+00 2.454986e-02
-3.000000e-01 1.435713e+00 2.417557e-02
-2.850000e-01 1.435713e+00 2.433904e-02
-2.700000e-01 1.435713e+00 2.454556e-02
-2.550000e-01 1.435713e+00 2.480654e-02
-2.400000e-01 1.435713e+00 2.513831e-02
-2.250000e-01 1.435713e+00 2.556499e-02
-2.100000e-01 1.435713e+00 2.612349e-02
-1.950000e-01 1.435713e+00 2.687305e-02
-1.800000e-01 1.435713e+00 2.791429e-02
-1.650000e-01 1.435713e+00 2.942987e-02
-1.500000e-01 1.435713e+00 3.177824e-02
-1.350000e-01 1.435713e+00 3.572546e-02
-1.200000e-01 1.435713e+00 4.303375e-02
-1.050000e-01 1.435713e+00 5.773334e-02
-9.000000e-02 1.435713e+00 8.642729e-02
-7.500000e-02 1.435713e+00 1.291243e-01
-6.000000e-02 1.435713e+00 1.733352e-01
-4.500000e-02 1.435713e+00 2.118371e-01
-3.000000e-02 1.435713e+00 2.427535e-01
-1.500000e-02 1.435713e+00 2.633834e-01
5.551115e-17 1.435713e+00 2.706992e-01
1.500000e-02 1.435713e+00 2.633834e-01
3.000000e-02 1.435713e+00 2.427535e-01
4.500000e-02 1.435713e+00 2.118371e-01
6.000000e-02 1.435713e+00 1.733352e-01
7.500000e-02 1.435713e+00 1.291243e-01
9.000000e-02 1.435713e+00 8.642729e-02
1.050000e-01 1.435713e+00 5.773334e-02
1.200000e-01 1.435713e+00 4.303375e-02
1.350000e-01 1.435713e+00 3.572546e-02
1.500000e-01 1.435713e+00 3.177824e-02
1.650000e-01 1.435713e+00 2.942987e-02
1.800000e-01 1.435713e+00 2.791429e-02
1.950000e-01 1.435713e+00 2.687305e-02
2.100000e-01 1.435713e+00 2.612349e-02
2.250000e-01 1.435713e+00 2.556499e-02
2.400000e-01 1.435713e+00 2.513831e-02
2.550000e-01 1.435713e+00 2.480654e-02
2.700000e-01 1.435713e+00 2.454556e-02
2.850000e-01 1.435713e+00 2.433904e-02
3.000000e-01 1.435713e+00 2.417557e-02
-3.000000e-01 1.449378e+00 2.381192e-02
-2.850000e-01 1.449378e+00 2.397422e-02
-2.700000e-01 1.449378e+00 2.417984e-02
-2.550000e-01 1.449378e+00 2.444052e-02
-2.400000e-01 1.449378e+00 2.477305e-02
-2.250000e-01 1.449378e+00 2.520238e-02
-2.100000e-01 1.449378e+00 2.576685e-02
-1.950000e-01 1.449378e+00 2.652827e-02
-1.800000e-01 1.449378e+00 2.759204e-02
-1.650000e-01 1.449378e+00 2.915028e-02
-1.500000e-01 1.449378e+00 3.158126e-02
-1.350000e-01 1.449378e+00 3.569541e-02
-1.200000e-01 1.449378e+00 4.336072e-02
-1.050000e-01 1.449378e+00 5.885602e-02
-9.000000e-02 1.449378e+00 8.920966e-02
-7.500000e-02 1.449378e+00 1.345011e-01
-6.000000e-02 1.449378e+00 1.815725e-01
-4.500000e-02 1.449378e+00 2.227792e-01
-3.000000e-02 1.449378e+00 2.560424e-01
-1.500000e-02 1.449378e+00 2.783277e-01
5.551115e-17 1.449378e+00 2.862475e-01
1.500000e-02 1.449378e+00 2.783277e-01
3.000000e-02 1.449378e+00 2.560424e-01
4.500000e-02 1.449378e+00 2.227792e-01
6.000000e-02 1.449378e+00 1.815725e-01
7.500000e-02 1.449378e+00 1.345011e-01
9.000000e-02 1.449378e+00 8.920966e-02
1.050000e-01 1.449378e+00 5.885602e-02
1.200000e-01 1.449378e+00 4.336072e-02
1.350000e-01 1.449378e+00 3.569541e-02
1.500000e-01 1.449378e+00 3.158126e-02
1.650000e-01 1.449378e+00 2.915028e-02
1.800000e-01 1.449378e+00 2.759204e-02
1.950000e-01 1.449378e+00 2.652827e-02
2.100000e-01 1.449378e+00 2.576685e-02
2.250000e-01 1.449378e+00 2.520238e-02
2.400000e-01 1.449378e+00 2.477305e-02
2.550000e-01 1.449378e+00 2.444052e-02
2.700000e-01 1.449378e+00 2.417984e-02
2.850000e-01 1.449378e+00 2.397422e-02
3.000000e-01 1.449378e+00 2.381192e-02
-3.000000e-01 1.463042e+00 2.345884e-02
-2.850000e-01 1.463042e+00 2.362026e-02
-2.700000e-01 1.463042e+00 2.382542e-02
-2.550000e-01 1.463042e+00 2.408637e-02
-2.400000e-01 1.463042e+00 2.442045e-02
-2.250000e-01 1.463042e+00 2.485353e-02
-2.100000e-01 1.463042e+00 2.542553e-02
-1.950000e-01 1.463042e+00 2.620103e-02
-1.800000e-01 1.463042e+00 2.729063e-02
-1.650000e-01 1.463042e+00 2.889660e-02
-1.500000e-01 1.463042e+00 3.141839e-02
-1.350000e-01 1.463042e+00 3.571376e-02
-1.200000e-01 1.463042e+00 4.376311e-02
-1.050000e-01 1.463042e+00 6.010937e-02
-9.000000e-02 1.463042e+00 9.223427e-02
-7.500000e-02 1.463042e+00 1.403030e-01
-6.000000e-02 1.463042e+00 1.904632e-01
-4.500000e-02 1.463042e+00 2.346237e-01
-3.000000e-02 1.463042e+00 2.704738e-01
-1.500000e-02 1.463042e+00 2.945953e-01
5.551115e-17 1.463042e+00 3.031871e-01
1.500000e-02 1.463042e+00 2.945953e-01
3.000000e-02 1.463042e+00 2.704738e-01
4.500000e-02 1.463042e+00 2.346237e-01
6.000000e-02 1.463042e+00 1.904632e-01
7.500000e-02 1.463042e+00 1.403030e-01
9.000000e-02 1.463042e+00 9.223427e-02
1.050000e-01 1.463042e+00 6.010937e-02
1.200000e-01 1.463042e+00 4.376311e-02
1.350000e-01 1.463042e+00 3.571376e-02
1.500000e-01 1.463042e+00 3.141839e-02
1.650000e-01 1.463042e+00 2.889660e-02
1.800000e-01 1.463042e+00 2.729063e-02
1.950000e-01 1.463042e+00 2.620103e-02
2.100000e-01 1.463042e+00 2.542553e-02
2.250000e-01 1.463042e+00 2.485353e-02
2.400000e-01 1.463042e+00 2.442045e-02
2.550000e-01 1.463042e+00 2.408637e-02
2.700000e-01 1.463042e+00 2.382542e-02
2.850000e-01 1.463042e+00 2.362026e-02
3.000000e-01 1.463042e+00 2.345884e-02
-3.000000e-01 1.476706e+00 2.311631e-02
-2.850000e-01 1.476706e+00 2.327718e-02
-2.700000e-01 1.476706e+00 2.348232e-02
-2.550000e-01 1.476706e+00 2.374417e-02
-2.400000e-01 1.476706e+00 2.408068e-02
-2.250000e-01 1.476706e+00 2.451872e-02
-2.100000e-01 1.476706e+00 2.509994e-02
-1.950000e-01 1.476706e+00 2.589198e-02
-1.800000e-01 1.476706e+00 2.701103e-02
-1.650000e-01 1.476706e+00 2.867028e-02
-1.500000e-01 1.476706e+00 3.129190e-02
-1.350000e-01 1.476706e+00 3.578417e-02
-1.200000e-01 1.476706e+00 4.424722e-02
-1.050000e-01 1.476706e+00 6.150512e-02
-9.000000e-02 1.476706e+00 9.552401e-02
-7.500000e-02 1.476706e+00 1.465719e-01
-6.000000e-02 1.476706e+00 2.000758e-01
-4.500000e-02 1.476706e+00 2.474705e-01
-3.000000e-02 1.476706e+00 2.861803e-01
-1.500000e-02 1.476706e+00 3.123448e-01
5.551115e-17 1.476706e+00 3.216868e-01
1.500000e-02 1.476706e+00 3.123448e-01
3.000000e-02 1.476706e+00 2.861803e-01
4.500000e-02 1.476706e+00 2.474705e-01
6.000000e-02 1.476706e+00 2.000758e-01
7.500000e-02 1.476706e+00 1.465719e-01
9.000000e-02 1.476706e+00 9.552401e-02
1.050000e-01 1.476706e+00 6.150512e-02
1.200000e-01 1.476706e+00 4.424722e-02
1.350000e-01 1.476706e+00 3.578417e-02
1.500000e-01 1.476706e+00 3.129190e-02
1.650000e-01 1.476706e+00 2.867028e-02
1.800000e-01 1.476706e+00 2.701103e-02
1.950000e-01 1.476706e+00 2.589198e-02
2.100000e-01 1.476706e+00 2.509994e-02
2.250000e-01 1.476706e+00 2.451872e-02
2.400000e-01 1.476706e+00 2.408068e-02
2.550000e-01 1.476706e+00 2.374417e-02
2.700000e-01 1.476706e+00 2.348232e-02
2.850000e-01 1.476706e+00 2.327718e-02
3.000000e-01 1.476706e+00 2.311631e-02
-3.000000e-01 1.490370e+00 2.278438e-02
-2.850000e-01 1.490370e+00 2.294504e-02
-2.700000e-01 1.490370e+00 2.315067e-02
-2.550000e-01 1.490370e+00 2.341411e-02
-2.400000e-01 1.490370e+00 2.375399e-02
-2.250000e-01 1.490370e+00 2.419833e-02
-2.100000e-01 1.490370e+00 2.479066e-02
-1.950000e-01 1.490370e+00 2.560193e-02
-1.800000e-01 1.490370e+00 2.675441e-02
-1.650000e-01 1.490370e+00 2.847309e-02
-1.500000e-01 1.490370e+00 3.120447e-02
-1.350000e-01 1.490370e+00 3.591089e-02
-1.200000e-01 1.490370e+00 4.482028e-02
-1.050000e-01 1.490370e+00 6.305661e-02
-9.000000e-02 1.490370e+00 9.910476e-02
-7.500000e-02 1.490370e+00 1.533556e-01
-6.000000e-02 1.490370e+00 2.104877e-01
-4.500000e-02 1.490370e+00 2.614337e-01
-3.000000e-02 1.490370e+00 3.033144e-01
-1.500000e-02 1.490370e+00 3.317593e-01
5.551115e-17 1.490370e+00 3.419415e-01
1.500000e-02 1.490370e+00 3.317593e-01
3.000000e-02 1.490370e+00 3.033144e-01
4.500000e-02 1.490370e+00 2.614337e-01
6.000000e-02 1.490370e+00 2.104877e-01
7.500000e-02 1.490370e+00 1.533556e-01
9.000000e-02 1.490370e+00 9.910476e-02
1.050000e-01 1.490370e+00 6.305661e-02
1.200000e-01 1.490370e+00 4.482028e-02
1.350000e-01 1.490370e+00 3.591089e-02
1.500000e-01 1.490370e+00 3.120447e-02
1.650000e-01 1.490370e+00 2.847309e-02
1.800000e-01 1.490370e+00 2.675441e-02
1.950000e-01 1.490370e+00 2.560193e-02
2.100000e-01 1.490370e+00 2.479066e-02
2.250000e-01 1.490370e+00 2.419833e-02
2.400000e-01 1.490370e+00 2.375399e-02
2.550000e-01 1.490370e+00 2.341411e-02
2.700000e-01 1.490370e+00 2.315067e-02
2.850000e-01 1.490370e+00 2.294504e-02
3.000000e-01 1.490370e+00 2.278438e-02
-3.000000e-01 1.504035e+00 2.246316e-02
-2.850000e-01 1.504035e+00 2.262400e-02
-2.700000e-01 1.504035e+00 2.283065e-02
-2.550000e-01 1.504035e+00 2.309644e-02
-2.400000e-01 1.504035e+00 2.344077e-02
-2.250000e-01 1.504035e+00 2.389288e-02
-2.100000e-01 1.504035e+00 2.449840e-02
-1.950000e-01 1.504035e+00 2.533191e-02
-1.800000e-01 1.504035e+00 2.652225e-02
-1.650000e-01 1.504035e+00 2.830714e-02
-1.500000e-01 1.504035e+00 3.115925e-02
-1.350000e-01 1.504035e+00 3.609887e-02
-1.200000e-01 1.504035e+00 4.549062e-02
-1.050000e-01 1.504035e+00 6.477900e-02
-9.000000e-02 1.504035e+00 1.030058e-01
-7.500000e-02 1.504035e+00 1.607079e-01
-6.000000e-02 1.504035e+00 2.217873e-01
-4.500000e-02 1.504035e+00 2.766438e-01
-3.000000e-02 1.504035e+00 3.220517e-01
-1.500000e-02 1.504035e+00 3.530507e-01
5.551115e-17 1.504035e+00 3.641773e-01
1.500000e-02 1.504035e+00 3.530507e-01
3.000000e-02 1.504035e+00 3.220517e-01
4.500000e-02 1.504035e+00 2.766438e-01
6.000000e-02 1.504035e+00 2.217873e-01
7.500000e-02 1.504035e+00 1.607079e-01
9.000000e-02 1.504035e+00 1.030058e-01
1.050000e-01 1.504035e+00 6.477900e-02
1.200000e-01 1.504035e+00 4.549062e-02
1.350000e-01 1.504035e+00 3.609887e-02
1.500000e-01 1.504035e+00 3.115925e-02
1.650000e-01 1.504035e+00 2.830714e-02
1.800000e-01 1.504035e+00 2.652225e-02
1.950000e-01 1.504035e+00 2.533191e-02
2.100000e-01 1.504035e+00 2.449840e-02
2.250000e-01 1.504035e+00 2.389288e-02
2.400000e-01 1.504035e+00 2.344077e-02
2.550000e-01 1.504035e+00 2.309644e-02
2.700000e-01 1.504035e+00 2.283065e-02
2.850000e-01 1.504035e+00 2.262400e-02
3.000000e-01 1.504035e+00 2.246316e-02
-3.000000e-01 1.517699e+00 2.215285e-02
-2.850000e-01 1.517699e+00 2.231430e-02
-2.700000e-01 1.517699e+00 2.252258e-02
-2.550000e-01 1.517699e+00 2.279158e-02
-2.400000e-01 1.517699e+00 2.314153e-02
-2.250000e-01 1.517699e+00 2.360306e-02
-2.100000e-01 1.517699e+00 2.422411e-02
-1.950000e-01 1.517699e+00 2.508319e-02
-1.800000e-01 1.517699e+00 2.631632e-02
-1.650000e-01 1.517699e+00 2.817495e-02
-1.500000e-01 1.517699e+00 3.115999e-02
-1.350000e-01 1.517699e+00 3.635390e-02
-1.200000e-01 1.517699e+00 4.626782e-02
-1.050000e-01 1.517699e+00 6.668965e-02
-9.000000e-02 1.517699e+00 1.072605e-01
-7.500000e-02 1.517699e+00 1.686901e-01
-6.000000e-02 1.517699e+00 2.340755e-01
-4.500000e-02 1.517699e+00 2.932512e-01
-3.000000e-02 1.517699e+00 3.425955e-01
-1.500000e-02 1.517699e+00 3.764655e-01
5.551115e-17 1.517699e+00 3.886574e-01
1.500000e-02 1.517699e+00 3.764655e-01
3.000000e-02 1.517699e+00 3.425955e-01
4.500000e-02 1.517699e+00 2.932512e-01
6.000000e-02 1.517699e+00 2.340755e-01
7.500000e-02 1.517699e+00 1.686901e-01
9.000000e-02 1.517699e+00 1.072605e-01
1.050000e-01 1.517699e+00 6.668965e-02
1.200000e-01 1.517699e+00 4.626782e-02
1.350000e-01 1.517699e+00 3.635390e-02
1.500000e-01 1.517699e+00 3.115999e-02
1.650000e-01 1.517699e+00 2.817495e-02
1.800000e-01 1.517699e+00 2.631632e-02
1.950000e-01 1.517699e+00 2.508319e-02
2.100000e-01 1.517699e+00 2.422411e-02
2.250000e-01 1.517699e+00 2.360306e-02
2.400000e-01 1.517699e+00 2.314153e-02
2.550000e-01 1.517699e+00 2.279158e-02
2.700000e-01 1.517699e+00 2.252258e-02
2.850000e-01 1.517699e+00 2.231430e-02
3.000000e-01 1.517699e+00 2.215285e-02
-3.000000e-01 1.531363e+00 2.185377e-02
-2.850000e-01 1.531363e+00 2.201630e-02
-2.700000e-01 1.531363e+00 2.222689e-02
-2.550000e-01 1.531363e+00 2.250005e-02
-2.400000e-01 1.531363e+00 2.285695e-02
-2.250000e-01 1.531363e+00 2.332977e-02
-2.100000e-01 1.531363e+00 2.396896e-02
-1.950000e-01 1.531363e+00 2.485736e-02
-1.800000e-01 1.531363e+00 2.613878e-02
-1.650000e-01 1.531363e+00 2.807958e-02
-1.500000e-01 1.531363e+00 3.121108e-02
-1.350000e-01 1.531363e+00 3.668272e-02
-1.200000e-01 1.531363e+00 4.716293e-02
-1.050000e-01 1.531363e+00 6.880839e-02
-9.000000e-02 1.531363e+00 1.119068e-01
-7.500000e-02 1.531363e+00 1.773721e-01
-6.000000e-02 1.531363e+00 2.474679e-01
-4.500000e-02 1.531363e+00 3.114292e-01
-3.000000e-02 1.531363e+00 3.651822e-01
-1.500000e-02 1.531363e+00 4.022913e-01
5.551115e-17 1.531363e+00 4.156896e-01
1.500000e-02 1.531363e+00 4.022913e-01
3.000000e-02 1.531363e+00 3.651822e-01
4.500000e-02 1.531363e+00 3.114292e-01
6.000000e-02 1.531363e+00 2.474679e-01
7.500000e-02 1.531363e+00 1.773721e-01
9.000000e-02 1.531363e+00 1.119068e-01
1.050000e-01 1.531363e+00 6.880839e-02
1.200000e-01 1.531363e+00 4.716293e-02
1.350000e-01 1.531363e+00 3.668272e-02
1.500000e-01 1.531363e+00 3.121108e-02
1.650000e-01 1.531363e+00 2.807958e-02
1.800000e-01 1.531363e+00 2.613878e-02
1.950000e-01 1.531363e+00 2.485736e-02
2.100000e-01 1.531363e+00 2.396896e-02
2.250000e-01 1.531363e+00 2.332977e-02
2.400000e-01 1.531363e+00 2.285695e-02
2.550000e-01 1.531363e+00 2.250005e-02
2.700000e-01 1.531363e+00 2.222689e-02
2.850000e-01 1.531363e+00 2.201630e-02
3.000000e-01 1.531363e+00 2.185377e-02
-3.000000e-01 1.545028e+00 2.156636e-02
-2.850000e-01 1.545028e+00 2.173050e-02
-2.700000e-01 1.545028e+00 2.194417e-02
-2.550000e-01 1.545028e+00 2.222257e-02
-2.400000e-01 1.545028e+00 2.258794e-02
-2.250000e-01 1.545028e+00 2.307414e-02
-2.100000e-01 1.545028e+00 2.373443e-02
-1.950000e-01 1.545028e+00 2.465637e-02
-1.800000e-01 1.545028e+00 2.599228e-02
-1.650000e-01 1.545028e+00 2.802466e-02
-1.500000e-01 1.545028e+00 3.131776e-02
-1.350000e-01 1.545028e+00 3.709321e-02
-1.200000e-01 1.545028e+00 4.818878e-02
-1.050000e-01 1.545028e+00 7.115802e-02
-9.000000e-02 1.545028e+00 1.169880e-01
-7.500000e-02 1.545028e+00 1.868337e-01
-6.000000e-02 1.545028e+00 2.620973e-01
-4.500000e-02 1.545028e+00 3.313788e-01
-3.000000e-02 1.545028e+00 3.900875e-01
-1.500000e-02 1.545028e+00 4.308657e-01
5.551115e-17 1.545028e+00 4.456361e-01
1.500000e-02 1.545028e+00 4.308657e-01
3.000000e-02 1.545028e+00 3.900875e-01
4.500000e-02 1.545028e+00 3.313788e-01
6.000000e-02 1.545028e+00 2.620973e-01
7.500000e-02 1.545028e+00 1.868337e-01
9.000000e-02 1.545028e+00 1.169880e-01
1.050000e-01 1.545028e+00 7.115802e-02
1.200000e-01 1.545028e+00 4.818878e-02
1.350000e-01 1.545028e+00 3.709321e-02
1.500000e-01 1.545028e+00 3.131776e-02
1.650000e-01 1.545028e+00 2.802466e-02
1.800000e-01 1.545028e+00 2.599228e-02
1.950000e-01 1.545028e+00 2.465637e-02
2.100000e-01 1.545028e+00 2.373443e-02
2.250000e-01 1.545028e+00 2.307414e-02
2.400000e-01 1.545028e+00 2.258794e-02
2.550000e-01 1.545028e+00 2.222257e-02
2.700000e-01 1.545028e+00 2.194417e-02
2.850000e-01 1.545028e+00 2.173050e-02
3.000000e-01 1.545028e+00 2.156636e-02
-3.000000e-01 1.558692e+00 2.129122e-02
-2.850000e-01 1.558692e+00 2.145757e-02
-2.700000e-01 1.558692e+00 2.167521e-02
-2.550000e-01 1.558692e+00 2.196008e-02
-2.400000e-01 1.558692e+00 2.233563e-02
-2.250000e-01 1.558692e+00 2.283762e-02
-2.100000e-01 1.558692e+00 2.352236e-02
-1.950000e-01 1.558692e+00 2.448263e-02
-1.800000e-01 1.558692e+00 2.588001e-02
-1.650000e-01 1.558692e+00 2.801457e-02
-1.500000e-01 1.558692e+00 3.148623e-02
-1.350000e-01 1.558692e+00 3.759463e-02
-1.200000e-01 1.558692e+00 4.936024e-02
-1.050000e-01 1.558692e+00 7.376476e-02
-9.000000e-02 1.558692e+00 1.225538e-01
-7.500000e-02 1.558692e+00 1.971667e-01
-6.000000e-02 1.558692e+00 2.781172e-01
-4.500000e-02 1.558692e+00 3.533337e-01
-3.000000e-02 1.558692e+00 4.176349e-01
-1.500000e-02 1.558692e+00 4.625867e-01
5.551115e-17 1.558692e+00 4.789244e-01
1.500000e-02 1.558692e+00 4.625867e-01
3.000000e-02 1.558692e+00 4.176349e-01
4.500000e-02 1.558692e+00 3.533337e-01
6.000000e-02 1.558692e+00 2.781172e-01
7.500000e-02 1.558692e+00 1.971667e-01
9.000000e-02 1.558692e+00 1.225538e-01
1.050000e-01 1.558692e+00 7.376476e-02
1.200000e-01 1.558692e+00 4.936024e-02
1.350000e-01 1.558692e+00 3.759463e-02
1.500000e-01 1.558692e+00 3.148623e-02
1.650000e-01 1.558692e+00 2.801457e-02
1.800000e-01 1.558692e+00 2.588001e-02
1.950000e-01 1.558692e+00 2.448263e-02
2.100000e-01 1.558692e+00 2.352236e-02
2.250000e-01 1.558692e+00 2.283762e-02
2.400000e-01 1.558692e+00 2.233563e-02
2.550000e-01 1.558692e+00 2.196008e-02
2.700000e-01 1.558692e+00 2.167521e-02
2.850000e-01 1.558692e+00 2.145757e-02
3.000000e-01 1.558692e+00 2.129122e-02
-3.000000e-01 1.572356e+00 2.102918e-02
-2.850000e-01 1.572356e+00 2.119844e-02
-2.700000e-01 1.572356e+00 2.142104e-02
-2.550000e-01 1.572356e+00 2.171381e-02
-2.400000e-01 1.572356e+00 2.210152e-02
-2.250000e-01 1.572356e+00 2.262203e-02
-2.100000e-01 1.572356e+00 2.333507e-02
-1.950000e-01 1.572356e+00 2.433911e-02
-1.800000e-01 1.572356e+00 2.580587e-02
-1.650000e-01 1.572356e+00 2.805458e-02
-1.500000e-01 1.572356e+00 3.172387e-02
-1.350000e-01 1.572356e+00 3.819788e-02
-1.200000e-01 1.572356e+00 5.069466e-02
-1.050000e-01 1.572356e+00 7.665896e-02
-9.000000e-02 1.572356e+00 1.286614e-01
-7.500000e-02 1.572356e+00 2.084766e-01
-6.000000e-02 1.572356e+00 2.957053e-01
-4.500000e-02 1.572356e+00 3.775672e-01
-3.000000e-02 1.572356e+00 4.482053e-01
-1.500000e-02 1.572356e+00 4.979259e-01
5.551115e-17 1.572356e+00 5.160621e-01
1.500000e-02 1.572356e+00 4.979259e-01
3.000000e-02 1.572356e+00 4.482053e-01
4.500000e-02 1.572356e+00 3.775672e-01
6.000000e-02 1.572356e+00 2.957053e-01
7.500000e-02 1.572356e+00 2.084766e-01
9.000000e-02 1.572356e+00 1.286614e-01
1.050000e-01 1.572356e+00 7.665896e-02
1.200000e-01 1.572356e+00 5.069466e-02
1.350000e-01 1.572356e+00 3.819788e-02
1.500000e-01 1.572356e+00 3.172387e-02
1.650000e-01 1.572356e+00 2.805458e-02
1.800000e-01 1.572356e+00 2.580587e-02
1.950000e-01 1.572356e+00 2.433911e-02
2.100000e-01 1.572356e+00 2.333507e-02
2.250000e-01 1.572356e+00 2.262203e-02
2.400000e-01 1.572356e+00 2.210152e-02
2.550000e-01 1.572356e+00 2.171381e-02
2.700000e-01 1.572356e+00 2.142104e-02
2.850000e-01 1.572356e+00 2.119844e-02
3.000000e-01 1.572356e+00 2.102918e-02
-3.000000e-01 1.586020e+00 2.078133e-02
-2.850000e-01 1.586020e+00 2.095431e-02
-2.700000e-01 1.586020e+00 2.118303e-02
-2.550000e-01 1.586020e+00 2.148533e-02
-2.400000e-01 1.586020e+00 2.188749e-02
-2.250000e-01 1.586020e+00 2.242969e-02
-2.100000e-01 1.586020e+00 2.317543e-02
-1.950000e-01 1.586020e+00 2.422948e-02
-1.800000e-01 1.586020e+00 2.577464e-02
-1.650000e-01 1.586020e+00 2.815105e-02
-1.500000e-01 1.586020e+00 3.203950e-02
-1.350000e-01 1.586020e+00 3.891584e-02
-1.200000e-01 1.586020e+00 5.221232e-02
-1.050000e-01 1.586020e+00 7.987577e-02
-9.000000e-02 1.586020e+00 1.353768e-01
-7.500000e-02 1.586020e+00 2.208855e-01
-6.000000e-02 1.586020e+00 3.150686e-01
-4.500000e-02 1.586020e+00 4.044003e-01
-3.000000e-02 1.586020e+00 4.822502e-01
-1.500000e-02 1.586020e+00 5.374454e-01
5.551115e-17 1.586020e+00 5.576555e-01
1.500000e-02 1.586020e+00 5.374454e-01
3.000000e-02 1.586020e+00 4.822502e-01
4.500000e-02 1.586020e+00 4.044003e-01
6.000000e-02 1.586020e+00 3.150686e-01
7.500000e-02 1.586020e+00 2.208855e-01
9.000000e-02 1.586020e+00 1.353768e-01
1.050000e-01 1.586020e+00 7.987577e-02
1.200000e-01 1.586020e+00 5.221232e-02
1.350000e-01 1.586020e+00 3.891584e-02
1.500000e-01 1.586020e+00 3.203950e-02
1.650000e-01 1.586020e+00 2.815105e-02
1.800000e-01 1.586020e+00 2.577464e-02
1.950000e-01 1.586020e+00 2.422948e-02
2.100000e-01 1.586020e+00 2.317543e-02
2.250000e-01 1.586020e+00 2.242969e-02
2.400000e-01 1.586020e+00 2.188749e-02
2.550000e-01 1.586020e+00 2.148533e-02
2.700000e-01 1.586020e+00 2.118303e-02
2.850000e-01 1.586020e+00 2.095431e-02
3.000000e-01 1.586020e+00 2.078133e-02
-3.000000e-01 1.599685e+00 2.054913e-02
-2.850000e-01 1.599685e+00 2.072674e-02
-2.700000e-01 1.599685e+00 2.096294e-02
-2.550000e-01 1.599685e+00 2.127670e-02
-2.400000e-01 1.599685e+00 2.169596e-02
-2.250000e-01 1.599685e+00 2.226353e-02
-2.100000e-01 1.599685e+00 2.304708e-02
-1.950000e-01 1.599685e+00 2.415829e-02
-1.800000e-01 1.599685e+00 2.579217e-02
-1.650000e-01 1.599685e+00 2.831173e-02
-1.500000e-01 1.599685e+00 3.244370e-02
-1.350000e-01 1.599685e+00 3.976381e-02
-1.200000e-01 1.599685e+00 5.393706e-02
-1.050000e-01 1.599685e+00 8.345617e-02
-9.000000e-02 1.599685e+00 1.427765e-01
-7.500000e-02 1.599685e+00 2.345351e-01
-6.000000e-02 1.599685e+00 3.364488e-01
-4.500000e-02 1.599685e+00 4.342117e-01
-3.000000e-02 1.599685e+00 5.203069e-01
-1.500000e-02 1.599685e+00 5.818185e-01
5.551115e-17 1.599685e+00 6.044330e-01
1.500000e-02 1.599685e+00 5.818185e-01
3.000000e-02 1.599685e+00 5.203069e-01
4.500000e-02 1.599685e+00 4.342117e-01
6.000000e-02 1.599685e+00 3.364488e-01
7.500000e-02 1.599685e+00 2.345351e-01
9.000000e-02 1.599685e+00 1.427765e-01
1.050000e-01 1.599685e+00 8.345617e-02
1.200000e-01 1.599685e+00 5.393706e-02
1.350000e-01 1.599685e+00 3.976381e-02
1.500000e-01 1.599685e+00 3.244370e-02
1.650000e-01 1.599685e+00 2.831173e-02
1.800000e-01 1.599685e+00 2.579217e-02
1.950000e-01 1.599685e+00 2.415829e-02
2.100000e-01 1.599685e+00 2.304708e-02
2.250000e-01 1.599685e+00 2.226353e-02
2.400000e-01 1.599685e+00 2.169596e-02
2.550000e-01 1.599685e+00 2.127670e-02
2.700000e-01 1.599685e+00 2.096294e-02
2.850000e-01 1.599685e+00 2.072674e-02
3.000000e-01 1.599685e+00 2.054913e-02
-3.000000e-01 1.613349e+00 2.033448e-02
-2.850000e-01 1.613349e+00 2.051782e-02
-2.700000e-01 1.613349e+00 2.076310e-02
-2.550000e-01 1.613349e+00 2.109056e-02
-2.400000e-01 1.613349e+00 2.153004e-02
-2.250000e-01 1.613349e+00 2.212728e-02
-2.100000e-01 1.613349e+00 2.295456e-02
-1.950000e-01 1.613349e+00 2.413122e-02
-1.800000e-01 1.613349e+00 2.586569e-02
-1.650000e-01 1.613349e+00 2.854604e-02
-1.500000e-01 1.613349e+00 3.294925e-02
-1.350000e-01 1.613349e+00 4.076000e-02
-1.200000e-01 1.613349e+00 5.589696e-02
-1.050000e-01 1.613349e+00 8.744805e-02
-9.000000e-02 1.613349e+00 1.509496e-01
-7.500000e-02 1.613349e+00 2.495905e-01
-6.000000e-02 1.613349e+00 3.601302e-01
-4.500000e-02 1.613349e+00 4.674505e-01
-3.000000e-02 1.613349e+00 5.630190e-01
-1.500000e-02 1.613349e+00 6.318574e-01
5.551115e-17 1.613349e+00 6.572747e-01
1.500000e-02 1.613349e+00 6.318574e-01
3.000000e-02 1.613349e+00 5.630190e-01
4.500000e-02 1.613349e+00 4.674505e-01
6.000000e-02 1.613349e+00 3.601302e-01
7.500000e-02 1.613349e+00 2.495905e-01
9.000000e-02 1.613349e+00 1.509496e-01
1.050000e-01 1.613349e+00 8.744805e-02
1.200000e-01 1.613349e+00 5.589696e-02
1.350000e-01 1.613349e+00 4.076000e-02
1.500000e-01 1.613349e+00 3.294925e-02
1.650000e-01 1.613349e+00 2.854604e-02
1.800000e-01 1.613349e+00 2.586569e-02
1.950000e-01 1.613349e+00 2.413122e-02
2.100000e-01 1.613349e+00 2.295456e-02
2.250000e-01 1.613349e+00 2.212728e-02
2.400000e-01 1.613349e+00 2.153004e-02
2.550000e-01 1.613349e+00 2.109056e-02
2.700000e-01 1.613349e+00 2.076310e-02
2.850000e-01 1.613349e+00 2.051782e-02
3.000000e-01 1.613349e+00 2.033448e-02
-3.000000e-01 1.627013e+00 2.013992e-02
-2.850000e-01 1.627013e+00 2.033026e-02
-2.700000e-01 1.627013e+00 2.058651e-02
-2.550000e-01 1.627013e+00 2.093036e-02
-2.400000e-01 1.627013e+00 2.139374e-02
-2.250000e-01 1.627013e+00 2.202569e-02
-2.100000e-01 1.627013e+00 2.290364e-02
-1.950000e-01 1.627013e+00 2.415538e-02
-1.800000e-01 1.627013e+00 2.600415e-02
-1.650000e-01 1.627013e+00 2.886553e-02
-1.500000e-01 1.627013e+00 3.357162e-02
-1.350000e-01 1.627013e+00 4.192626e-02
-1.200000e-01 1.627013e+00 5.812534e-02
-1.050000e-01 1.627013e+00 9.190764e-02
-9.000000e-02 1.627013e+00 1.600001e-01
-7.500000e-02 1.627013e+00 2.662452e-01
-6.000000e-02 1.627013e+00 3.864479e-01
-4.500000e-02 1.627013e+00 5.046526e-01
-3.000000e-02 1.627013e+00 6.111622e-01
-1.500000e-02 1.627013e+00 6.885474e-01
5.551115e-17 1.627013e+00 7.172515e-01
1.500000e-02 1.627013e+00 6.885474e-01
3.000000e-02 1.627013e+00 6.111622e-01
4.500000e-02 1.627013e+00 5.046526e-01
6.000000e-02 1.627013e+00 3.864479e-01
7.500000e-02 1.627013e+00 2.662452e-01
9.000000e-02 1.627013e+00 1.600001e-01
1.050000e-01 1.627013e+00 9.190764e-02
1.200000e-01 1.627013e+00 5.812534e-02
1.350000e-01 1.627013e+00 4.192626e-02
1.500000e-01 1.627013e+00 3.357162e-02
1.650000e-01 1.627013e+00 2.886553e-02
1.800000e-01 1.627013e+00 2.600415e-02
1.950000e-01 1.627013e+00 2.415538e-02
2.100000e-01 1.627013e+00 2.290364e-02
2.250000e-01 1.627013e+00 2.202569e-02
2.400000e-01 1.627013e+00 2.139374e-02
2.550000e-01 1.627013e+00 2.093036e-02
2.700000e-01 1.627013e+00 2.058651e-02
2.850000e-01 1.627013e+00 2.033026e-02
3.000000e-01 1.627013e+00 2.013992e-02
-3.000000e-01 1.640677e+00 1.996877e-02
-2.850000e-01 1.640677e+00 2.016767e-02
-2.700000e-01 1.640677e+00 2.043715e-02
-2.550000e-01 1.640677e+00 2.080055e-02
-2.400000e-01 1.640677e+00 2.129224e-02
-2.250000e-01 1.640677e+00 2.196488e-02
-2.100000e-01 1.640677e+00 2.290166e-02
-1.950000e-01 1.640677e+00 2.423976e-02
-1.800000e-01 1.640677e+00 2.621872e-02
-1.650000e-01 1.640677e+00 2.928447e-02
-1.500000e-01 1.640677e+00 3.432966e-02
-1.350000e-01 1.640677e+00 4.328889e-02
-1.200000e-01 1.640677e+00 6.066186e-02
-1.050000e-01 1.640677e+00 9.690131e-02
-9.000000e-02 1.640677e+00 1.700502e-01
-7.500000e-02 1.640677e+00 2.847268e-01
-6.000000e-02 1.640677e+00 4.157997e-01
-4.500000e-02 1.640677e+00 5.464610e-01
-3.000000e-02 1.640677e+00 6.656767e-01
-1.500000e-02 1.640677e+00 7.530924e-01
5.551115e-17 1.640677e+00 7.856754e-01
1.500000e-02 1.640677e+00 7.530924e-01
3.000000e-02 1.640677e+00 6.656767e-01
4.500000e-02 1.640677e+00 5.464610e-01
6.000000e-02 1.640677e+00 4.157997e-01
7.500000e-02 1.640677e+00 2.847268e-01
9.000000e-02 1.640677e+00 1.700502e-01
1.050000e-01 1.640677e+00 9.690131e-02
1.200000e-01 1.640677e+00 6.066186e-02
1.350000e-01 1.640677e+00 4.328889e-02
1.500000e-01 1.640677e+00 3.432966e-02
1.650000e-01 1.640677e+00 2.928447e-02
1.800000e-01 1.640677e+00 2.621872e-02
1.950000e-01 1.640677e+00 2.423976e-02
2.100000e-01 1.640677e+00 2.290166e-02
2.250000e-01 1.640677e+00 2.196488e-02
2.400000e-01 1.640677e+00 2.129224e-02
2.550000e-01 1.640677e+00 2.080055e-02
2.700000e-01 1.640677e+00 2.043715e-02
2.850000e-01 1.640677e+00 2.016767e-02
3.000000e-01 1.640677e+00 1.996877e-02
-3.000000e-01 1.654342e+00 1.982548e-02
-2.850000e-01 1.654342e+00 2.003477e-02
-2.700000e-01 1.654342e+00 2.032021e-02
-2.550000e-01 1.654342e+00 2.070702e-02
-2.400000e-01 1.654342e+00 2.123226e-02
-2.250000e-01 1.654342e+00 2.195274e-02
-2.100000e-01 1.654342e+00 2.295802e-02
-1.950000e-01 1.654342e+00 2.439571e-02
-1.800000e-01 1.654342e+00 2.652342e-02
-1.650000e-01 1.654342e+00 2.982056e-02
-1.500000e-01 1.654342e+00 3.524651e-02
-1.350000e-01 1.654342e+00 4.487976e-02
-1.200000e-01 1.654342e+00 6.355401e-02
-1.050000e-01 1.654342e+00 1.025078e-01
-9.000000e-02 1.654342e+00 1.812441e-01
-7.500000e-02 1.654342e+00 3.053043e-01
-6.000000e-02 1.654342e+00 4.486601e-01
-4.500000e-02 1.654342e+00 5.936517e-01
-3.000000e-02 1.654342e+00 7.277108e-01
-1.500000e-02 1.654342e+00 8.269742e-01
5.551115e-17 1.654342e+00 8.641655e-01
1.500000e-02 1.654342e+00 8.269742e-01
3.000000e-02 1.654342e+00 7.277108e-01
4.500000e-02 1.654342e+00 5.936517e-01
6.000000e-02 1.654342e+00 4.486601e-01
7.500000e-02 1.654342e+00 3.053043e-01
9.000000e-02 1.654342e+00 1.812441e-01
1.050000e-01 1.654342e+00 1.025078e-01
1.200000e-01 1.654342e+00 6.355401e-02
1.350000e-01 1.654342e+00 4.487976e-02
1.500000e-01 1.654342e+00 3.524651e-02
1.650000e-01 1.654342e+00 2.982056e-02
1.800000e-01 1.654342e+00 2.652342e-02
1.950000e-01 1.654342e+00 2.439571e-02
2.100000e-01 1.654342e+00 2.295802e-02
2.250000e-01 1.654342e+00 2.195274e-02
2.400000e-01 1.654342e+00 2.123226e-02
2.550000e-01 1.654342e+00 2.070702e-02
2.700000e-01 1.654342e+00 2.032021e-02
2.850000e-01 1.654342e+00 2.003477e-02
3.000000e-01 1.654342e+00 1.982548e-02
-3.000000e-01 1.668006e+00 1.971593e-02
-2.850000e-01 1.668006e+00 1.993787e-02
-2.700000e-01 1.668006e+00 2.024259e-02
-2.550000e-01 1.668006e+00 2.065748e-02
-2.400000e-01 1.668006e+00 2.122265e-02
-2.250000e-01 1.668006e+00 2.199954e-02
-2.100000e-01 1.668006e+00 2.308486e-02
-1.950000e-01 1.668006e+00 2.463781e-02
-1.800000e-01 1.668006e+00 2.693601e-02
-1.650000e-01 1.668006e+00 3.049594e-02
-1.500000e-01 1.668006e+00 3.635073e-02
-1.350000e-01 1.668006e+00 4.673772e-02
-1.200000e-01 1.668006e+00 6.685902e-02
-1.050000e-01 1.668006e+00 1.088209e-01
-9.000000e-02 1.668006e+00 1.937529e-01
-7.500000e-02 1.668006e+00 3.282977e-01
-6.000000e-02 1.668006e+00 4.855985e-01
-4.500000e-02 1.668006e+00 6.471677e-01
-3.000000e-02 1.668006e+00 7.986761e-01
-1.500000e-02 1.668006e+00 9.120297e-01
5.551115e-17 1.668006e+00 9.547353e-01
1.500000e-02 1.668006e+00 9.120297e-01
3.000000e-02 1.668006e+00 7.986761e-01
4.500000e-02 1.668006e+00 6.471677e-01
6.000000e-02 1.668006e+00 4.855985e-01
7.500000e-02 1.668006e+00 3.282977e-01
9.000000e-02 1.668006e+00 1.937529e-01
1.050000e-01 1.668006e+00 1.088209e-01
1.200000e-01 1.668006e+00 6.685902e-02
1.350000e-01 1.668006e+00 4.673772e-02
1.500000e-01 1.668006e+00 3.635073e-02
1.650000e-01 1.668006e+00 3.049594e-02
1.800000e-01 1.668006e+00 2.693601e-02
1.950000e-01 1.668006e+00 2.463781e-02
2.100000e-01 1.668006e+00 2.308486e-02
2.250000e-01 1.668006e+00 2.199954e-02
2.400000e-01 1.668006e+00 2.122265e-02
2.550000e-01 1.668006e+00 2.065748e-02
2.700000e-01 1.668006e+00 2.024259e-02
2.850000e-01 1.668006e+00 1.993787e-02
3.000000e-01 1.668006e+00 1.971593e-02
-3.000000e-01 1.681670e+00 1.964794e-02
-2.850000e-01 1.681670e+00 1.988531e-02
-2.700000e-01 1.681670e+00 2.021343e-02
-2.550000e-01 1.681670e+00 2.066212e-02
-2.400000e-01 1.681670e+00 2.127502e-02
-2.250000e-01 1.681670e+00 2.211873e-02
-2.100000e-01 1.681670e+00 2.329796e-02
-1.950000e-01 1.681670e+00 2.498479e-02
-1.800000e-01 1.681670e+00 2.747909e-02
-1.650000e-01 1.681670e+00 3.133849e-02
-1.500000e-01 1.681670e+00 3.767787e-02
-1.350000e-01 1.681670e+00 4.891048e-02
-1.200000e-01 1.681670e+00 7.064619e-02
-1.050000e-01 1.681670e+00 1.159532e-01
-9.000000e-02 1.681670e+00 2.077805e-01
-7.500000e-02 1.681670e+00 3.540894e-01
-6.000000e-02 1.681670e+00 5.273024e-01
-4.500000e-02 1.681670e+00 7.081627e-01
-3.000000e-02 1.681670e+00 8.803215e-01
-1.500000e-02 1.681670e+00 1.010555e+00
5.551115e-17 1.681670e+00 1.059909e+00
1.500000e-02 1.681670e+00 1.010555e+00
3.000000e-02 1.681670e+00 8.803215e-01
4.500000e-02 1.681670e+00 7.081627e-01
6.000000e-02 1.681670e+00 5.273024e-01
7.500000e-02 1.681670e+00 3.540894e-01
9.000000e-02 1.681670e+00 2.077805e-01
1.050000e-01 1.681670e+00 1.159532e-01
1.200000e-01 1.681670e+00 7.064619e-02
1.350000e-01 1.681670e+00 4.891048e-02
1.500000e-01 1.681670e+00 3.767787e-02
1.650000e-01 1.681670e+00 3.133849e-02
1.800000e-01 1.681670e+00 2.747909e-02
1.950000e-01 1.681670e+00 2.498479e-02
2.100000e-01 1.681670e+00 2.329796e-02
2.250000e-01 1.681670e+00 2.211873e-02
2.400000e-01 1.681670e+00 2.127502e-02
2.550000e-01 1.681670e+00 2.066212e-02
2.700000e-01 1.681670e+00 2.021343e-02
2.850000e-01 1.681670e+00 1.988531e-02
3.000000e-01 1.681670e+00 1.964794e-02
-3.000000e-01 1.695335e+00 1.963181e-02
-2.850000e-01 1.695335e+00 1.988813e-02
-2.700000e-01 1.695335e+00 2.024479e-02
-2.550000e-01 1.695335e+00 2.073446e-02
-2.400000e-01 1.695335e+00 2.140470e-02
-2.250000e-01 1.695335e+00 2.232798e-02
-2.100000e-01 1.695335e+00 2.361793e-02
-1.950000e-01 1.695335e+00 2.546098e-02
-1.800000e-01 1.695335e+00 2.818175e-02
-1.650000e-01 1.695335e+00 3.238363e-02
-1.500000e-01 1.695335e+00 3.927245e-02
-1.350000e-01 1.695335e+00 5.145697e-02
-1.200000e-01 1.695335e+00 7.500009e-02
-1.050000e-01 1.695335e+00 1.240404e-01
-9.000000e-02 1.695335e+00 2.235715e-01
-7.500000e-02 1.695335e+00 3.831394e-01
-6.000000e-02 1.695335e+00 5.746070e-01
-4.500000e-02 1.695335e+00 7.780584e-01
-3.000000e-02 1.695335e+00 9.748305e-01
-1.500000e-02 1.695335e+00 1.125442e+00
5.551115e-17 1.695335e+00 1.182877e+00
1.500000e-02 1.695335e+00 1.125442e+00
3.000000e-02 1.695335e+00 9.748305e-01
4.500000e-02 1.695335e+00 7.780584e-01
6.000000e-02 1.695335e+00 5.746070e-01
7.500000e-02 1.695335e+00 3.831394e-01
9.000000e-02 1.695335e+00 2.235715e-01
1.050000e-01 1.695335e+00 1.240404e-01
1.200000e-01 1.695335e+00 7.500009e-02
1.350000e-01 1.695335e+00 5.145697e-02
1.500000e-01 1.695335e+00 3.927245e-02
1.650000e-01 1.695335e+00 3.238363e-02
1.800000e-01 1.695335e+00 2.818175e-02
1.950000e-01 1.695335e+00 2.546098e-02
2.100000e-01 1.695335e+00 2.361793e-02
2.250000e-01 1.695335e+00 2.232798e-02
2.400000e-01 1.695335e+00 2.140470e-02
2.550000e-01 1.695335e+00 2.073446e-02
2.700000e-01 1.695335e+00 2.024479e-02
2.850000e-01 1.695335e+00 1.988813e-02
3.000000e-01 1.695335e+00 1.963181e-02
-3.000000e-01 1.708999e+00 1.968088e-02
-2.850000e-01 1.708999e+00 1.996072e-02
-2.700000e-01 1.708999e+00 2.035255e-02
-2.550000e-01 1.708999e+00 2.089229e-02
-2.400000e-01 1.708999e+00 2.163198e-02
-2.250000e-01 1.708999e+00 2.265066e-02
-2.100000e-01 1.708999e+00 2.407192e-02
-1.950000e-01 1.708999e+00 2.609819e-02
-1.800000e-01 1.708999e+00 2.908163e-02
-1.650000e-01 1.708999e+00 3.367670e-02
-1.500000e-01 1.708999e+00 4.119072e-02
-1.350000e-01 1.708999e+00 5.445061e-02
-1.200000e-01 1.708999e+00 8.002457e-02
-1.050000e-01 1.708999e+00 1.332472e-01
-9.000000e-02 1.708999e+00 2.414209e-01
-7.500000e-02 1.708999e+00 4.160043e-01
-6.000000e-02 1.708999e+00 6.285346e-01
-4.500000e-02 1.708999e+00 8.586199e-01
-3.000000e-02 1.708999e+00 1.084952e+00
-1.500000e-02 1.708999e+00 1.260366e+00
5.551115e-17 1.708999e+00 1.327707e+00
1.500000e-02 1.708999e+00 1.260366e+00
3.000000e-02 1.708999e+00 1.084952e+00
4.500000e-02 1.708999e+00 8.586199e-01
6.000000e-02 1.708999e+00 6.285346e-01
7.500000e-02 1.708999e+00 4.160043e-01
9.000000e-02 1.708999e+00 2.414209e-01
1.050000e-01 1.708999e+00 1.332472e-01
1.200000e-01 1.708999e+00 8.002457e-02
1.350000e-01 1.708999e+00 5.445061e-02
1.500000e-01 1.708999e+00 4.119072e-02
1.650000e-01 1.708999e+00 3.367670e-02
1.800000e-01 1.708999e+00 2.908163e-02
1.950000e-01 1.708999e+00 2.609819e-02
2.100000e-01 1.708999e+00 2.407192e-02
2.250000e-01 1.708999e+00 2.265066e-02
2.400000e-01 1.708999e+00 2.163198e-02
2.550000e-01 1.708999e+00 2.089229e-02
2.700000e-01 1.708999e+00 2.035255e-02
2.850000e-01 1.708999e+00 1.996072e-02
3.000000e-01 1.708999e+00 1.968088e-02
-3.000000e-01 1.722663e+00 1.981172e-02
-2.850000e-01 1.722663e+00 2.012127e-02
-2.700000e-01 1.722663e+00 2.055706e-02
-2.550000e-01 1.722663e+00 2.115877e-02
-2.400000e-01 1.722663e+00 2.198347e-02
-2.250000e-01 1.722663e+00 2.311757e-02
-2.100000e-01 1.722663e+00 2.469576e-02
-1.950000e-01 1.722663e+00 2.693822e-02
-1.800000e-01 1.722663e+00 3.022786e-02
-1.650000e-01 1.722663e+00 3.527622e-02
-1.500000e-01 1.722663e+00 4.350436e-02
-1.350000e-01 1.722663e+00 5.798358e-02
-1.200000e-01 1.722663e+00 8.584811e-02
-1.050000e-01 1.722663e+00 1.437752e-01
-9.000000e-02 1.722663e+00 2.616873e-01
-7.500000e-02 1.722663e+00 4.533621e-01
-6.000000e-02 1.722663e+00 6.903450e-01
-4.500000e-02 1.722663e+00 9.520568e-01
-3.000000e-02 1.722663e+00 1.214175e+00
-1.500000e-02 1.722663e+00 1.420038e+00
5.551115e-17 1.722663e+00 1.499629e+00
1.500000e-02 1.722663e+00 1.420038e+00
3.000000e-02 1.722663e+00 1.214175e+00
4.500000e-02 1.722663e+00 9.520568e-01
6.000000e-02 1.722663e+00 6.903450e-01
7.500000e-02 1.722663e+00 4.533621e-01
9.000000e-02 1.722663e+00 2.616873e-01
1.050000e-01 1.722663e+00 1.437752e-01
1.200000e-01 1.722663e+00 8.584811e-02
1.350000e-01 1.722663e+00 5.798358e-02
1.500000e-01 1.722663e+00 4.350436e-02
1.650000e-01 1.722663e+00 3.527622e-02
1.800000e-01 1.722663e+00 3.022786e-02
1.950000e-01 1.722663e+00 2.693822e-02
2.100000e-01 1.722663e+00 2.469576e-02
2.250000e-01 1.722663e+00 2.311757e-02
2.400000e-01 1.722663e+00 2.198347e-02
2.550000e-01 1.722663e+00 2.115877e-02
2.700000e-01 1.722663e+00 2.055706e-02
2.850000e-01 1.722663e+00 2.012127e-02
3.000000e-01 1.722663e+00 1.981172e-02
-3.000000e-01 1.736327e+00 2.004302e-02
-2.850000e-01 1.736327e+00 2.039122e-02
-2.700000e-01 1.736327e+00 2.088322e-02
-2.550000e-01 1.736327e+00 2.156303e-02
-2.400000e-01 1.736327e+00 2.249341e-02
-2.250000e-01 1.736327e+00 2.376896e-02
-2.100000e-01 1.736327e+00 2.553662e-02
-1.950000e-01 1.736327e+00 2.803621e-02
-1.800000e-01 1.736327e+00 3.168492e-02
-1.650000e-01 1.736327e+00 3.725832e-02
-1.500000e-01 1.736327e+00 4.630539e-02
-1.350000e-01 1.736327e+00 6.217248e-02
-1.200000e-01 1.736327e+00 9.263087e-02
-1.050000e-01 1.736327e+00 1.558721e-01
-9.000000e-02 1.736327e+00 2.848090e-01
-7.500000e-02 1.736327e+00 4.960447e-01
-6.000000e-02 1.736327e+00 7.616028e-01
-4.500000e-02 1.736327e+00 1.061157e+00
-3.000000e-02 1.736327e+00 1.366967e+00
-1.500000e-02 1.736327e+00 1.610546e+00
5.551115e-17 1.736327e+00 1.705422e+00
1.500000e-02 1.736327e+00 1.610546e+00
3.000000e-02 1.736327e+00 1.366967e+00
4.500000e-02 1.736327e+00 1.061157e+00
6.000000e-02 1.736327e+00 7.616028e-01
7.500000e-02 1.736327e+00 4.960447e-01
9.000000e-02 1.736327e+00 2.848090e-01
1.050000e-01 1.736327e+00 1.558721e-01
1.200000e-01 1.736327e+00 9.263087e-02
1.350000e-01 1.736327e+00 6.217248e-02
1.500000e-01 1.736327e+00 4.630539e-02
1.650000e-01 1.736327e+00 3.725832e-02
1.800000e-01 1.736327e+00 3.168492e-02
1.950000e-01 1.736327e+00 2.803621e-02
2.100000e-01 1.736327e+00 2.553662e-02
2.250000e-01 1.736327e+00 2.376896e-02
2.400000e-01 1.736327e+00 2.249341e-02
2.550000e-01 1.736327e+00 2.156303e-02
2.700000e-01 1.736327e+00 2.088322e-02
2.850000e-01 1.736327e+00 2.039122e-02
3.000000e-01 1.736327e+00 2.004302e-02
-3.000000e-01 1.749992e+00 2.039120e-02
-2.850000e-01 1.749992e+00 2.079183e-02
-2.700000e-01 1.749992e+00 2.135814e-02
-2.550000e-01 1.749992e+00 2.213914e-02
-2.400000e-01 1.749992e+00 2.320395e-02
-2.250000e-01 1.749992e+00 2.465614e-02
-2.100000e-01 1.749992e+00 2.665595e-02
-1.950000e-01 1.749992e+00 2.946476e-02
-1.800000e-01 1.749992e+00 3.353783e-02
-1.650000e-01 1.749992e+00 3.972272e-02
-1.500000e-01 1.749992e+00 4.971298e-02
-1.350000e-01 1.749992e+00 6.716617e-02
-1.200000e-01 1.749992e+00 1.005742e-01
-1.050000e-01 1.749992e+00 1.698454e-01
-9.000000e-02 1.749992e+00 3.113258e-01
-7.500000e-02 1.749992e+00 5.450800e-01
-6.000000e-02 1.749992e+00 8.442666e-01
-4.500000e-02 1.749992e+00 1.189470e+00
-3.000000e-02 1.749992e+00 1.549098e+00
-1.500000e-02 1.749992e+00 1.839817e+00
5.551115e-17 1.749992e+00 1.953941e+00
1.500000e-02 1.749992e+00 1.839817e+00
3.000000e-02 1.749992e+00 1.549098e+00
4.500000e-02 1.749992e+00 1.189470e+00
6.000000e-02 1.749992e+00 8.442666e-01
7.500000e-02 1.749992e+00 5.450800e-01
9.000000e-02 1.749992e+00 3.113258e-01
1.050000e-01 1.749992e+00 1.698454e-01
1.200000e-01 1.749992e+00 1.005742e-01
1.350000e-01 1.749992e+00 6.716617e-02
1.500000e-01 1.749992e+00 4.971298e-02
1.650000e-01 1.749992e+00 3.972272e-02
1.800000e-01 1.749992e+00 3.353783e-02
1.950000e-01 1.749992e+00 2.946476e-02
2.100000e-01 1.749992e+00 2.665595e-02
2.250000e-01 1.749992e+00 2.465614e-02
2.400000e-01 1.749992e+00 2.320395e-02
2.550000e-01 1.749992e+00 2.213914e-02
2.700000e-01 1.749992e+00 2.135814e-02
2.850000e-01 1.749992e+00 2.079183e-02
3.000000e-01 1.749992e+00 2.039120e-02
-3.000000e-01 1.763656e+00 2.085876e-02
-2.850000e-01 1.763656e+00 2.133416e-02
-2.700000e-01 1.763656e+00 2.200302e-02
-2.550000e-01 1.763656e+00 2.292019e-02
-2.400000e-01 1.763656e+00 2.416179e-02
-2.250000e-01 1.763656e+00 2.584085e-02
-2.100000e-01 1.763656e+00 2.813157e-02
-1.950000e-01 1.763656e+00 3.131838e-02
-1.800000e-01 1.763656e+00 3.589853e-02
-1.650000e-01 1.763656e+00 4.280067e-02
-1.500000e-01 1.763656e+00 5.388266e-02
-1.350000e-01 1.763656e+00 7.315622e-02
-1.200000e-01 1.763656e+00 1.099330e-01
-1.050000e-01 1.763656e+00 1.860795e-01
-9.000000e-02 1.763656e+00 3.419076e-01
-7.500000e-02 1.763656e+00 6.017484e-01
-6.000000e-02 1.763656e+00 9.408084e-01
-4.500000e-02 1.763656e+00 1.341550e+00
-3.000000e-02 1.763656e+00 1.768073e+00
-1.500000e-02 1.763656e+00 2.118250e+00
5.551115e-17 1.763656e+00 2.256821e+00
1.500000e-02 1.763656e+00 2.118250e+00
3.000000e-02 1.763656e+00 1.768073e+00
4.500000e-02 1.763656e+00 1.341550e+00
6.000000e-02 1.763656e+00 9.408084e-01
7.500000e-02 1.763656e+00 6.017484e-01
9.000000e-02 1.763656e+00 3.419076e-01
1.050000e-01 1.763656e+00 1.860795e-01
1.200000e-01 1.763656e+00 1.099330e-01
1.350000e-01 1.763656e+00 7.315622e-02
1.500000e-01 1.763656e+00 5.388266e-02
1.650000e-01 1.763656e+00 4.280067e-02
1.800000e-01 1.763656e+00 3.589853e-02
1.950000e-01 1.763656e+00 3.131838e-02
2.100000e-01 1.763656e+00 2.813157e-02
2.250000e-01 1.763656e+00 2.584085e-02
2.400000e-01 1.763656e+00 2.416179e-02
2.550000e-01 1.763656e+00 2.292019e-02
2.700000e-01 1.763656e+00 2.200302e-02
2.850000e-01 1.763656e+00 2.133416e-02
3.000000e-01 1.763656e+00 2.085876e-02
-3.000000e-01 1.777320e+00 2.141122e-02
-2.850000e-01 1.777320e+00 2.199698e-02
-2.700000e-01 1.777320e+00 2.281308e-02
-2.550000e-01 1.777320e+00 2.392145e-02
-2.400000e-01 1.777320e+00 2.540569e-02
-2.250000e-01 1.777320e+00 2.738798e-02
-2.100000e-01 1.777320e+00 3.005576e-02
-1.950000e-01 1.777320e+00 3.371663e-02
-1.800000e-01 1.777320e+00 3.891313e-02
-1.650000e-01 1.777320e+00 4.666518e-02
-1.500000e-01 1.777320e+00 5.901859e-02
-1.350000e-01 1.777320e+00 8.039116e-02
-1.200000e-01 1.777320e+00 1.210335e-01
-1.050000e-01 1.777320e+00 2.050586e-01
-9.000000e-02 1.777320e+00 3.773924e-01
-7.500000e-02 1.777320e+00 6.676573e-01
-6.000000e-02 1.777320e+00 1.054375e+00
-4.500000e-02 1.777320e+00 1.523292e+00
-3.000000e-02 1.777320e+00 2.033731e+00
-1.500000e-02 1.777320e+00 2.459534e+00
5.551115e-17 1.777320e+00 2.629391e+00
1.500000e-02 1.777320e+00 2.459534e+00
3.000000e-02 1.777320e+00 2.033731e+00
4.500000e-02 1.777320e+00 1.523292e+00
6.000000e-02 1.777320e+00 1.054375e+00
7.500000e-02 1.777320e+00 6.676573e-01
9.000000e-02 1.777320e+00 3.773924e-01
1.050000e-01 1.777320e+00 2.050586e-01
1.200000e-01 1.777320e+00 1.210335e-01
1.350000e-01 1.777320e+00 8.039116e-02
1.500000e-01 1.777320e+00 5.901859e-02
1.650000e-01 1.777320e+00 4.666518e-02
1.800000e-01 1.777320e+00 3.891313e-02
1.950000e-01 1.777320e+00 3.371663e-02
2.100000e-01 1.777320e+00 3.005576e-02
2.250000e-01 1.777320e+00 2.738798e-02
2.400000e-01 1.777320e+00 2.540569e-02
2.550000e-01 1.777320e+00 2.392145e-02
2.700000e-01 1.777320e+00 2.281308e-02
2.850000e-01 1.777320e+00 2.199698e-02
3.000000e-01 1.777320e+00 2.141122e-02
-3.000000e-01 1.790985e+00 2.194584e-02
-2.850000e-01 1.790985e+00 2.269156e-02
-2.700000e-01 1.790985e+00 2.372028e-02
-2.550000e-01 1.790985e+00 2.510401e-02
-2.400000e-01 1.790985e+00 2.693479e-02
-2.250000e-01 1.790985e+00 2.934199e-02
-2.100000e-01 1.790985e+00 3.252193e-02
-1.950000e-01 1.790985e+00 3.680112e-02
-1.800000e-01 1.790985e+00 4.276760e-02
-1.650000e-01 1.790985e+00 5.154298e-02
-1.500000e-01 1.790985e+00 6.538977e-02
-1.350000e-01 1.790985e+00 8.919589e-02
-1.200000e-01 1.790985e+00 1.342957e-01
-1.050000e-01 1.790985e+00 2.273983e-01
-9.000000e-02 1.790985e+00 4.188369e-01
-7.500000e-02 1.790985e+00 7.448419e-01
-6.000000e-02 1.790985e+00 1.189006e+00
-4.500000e-02 1.790985e+00 1.742388e+00
-3.000000e-02 1.790985e+00 2.359021e+00
-1.500000e-02 1.790985e+00 2.881697e+00
5.551115e-17 1.790985e+00 3.091797e+00
1.500000e-02 1.790985e+00 2.881697e+00
3.000000e-02 1.790985e+00 2.359021e+00
4.500000e-02 1.790985e+00 1.742388e+00
6.000000e-02 1.790985e+00 1.189006e+00
7.500000e-02 1.790985e+00 7.448419e-01
9.000000e-02 1.790985e+00 4.188369e-01
1.050000e-01 1.790985e+00 2.273983e-01
1.200000e-01 1.790985e+00 1.342957e-01
1.350000e-01 1.790985e+00 8.919589e-02
1.500000e-01 1.790985e+00 6.538977e-02
1.650000e-01 1.790985e+00 5.154298e-02
1.800000e-01 1.790985e+00 4.276760e-02
1.950000e-01 1.790985e+00 3.680112e-02
2.100000e-01 1.790985e+00 3.252193e-02
2.250000e-01 1.790985e+00 2.934199e-02
2.400000e-01 1.790985e+00 2.693479e-02
2.550000e-01 1.790985e+00 2.510401e-02
2.700000e-01 1.790985e+00 2.372028e-02
2.850000e-01 1.790985e+00 2.269156e-02
3.000000e-01 1.790985e+00 2.194584e-02
-3.000000e-01 1.804649e+00 2.228305e-02
-2.850000e-01 1.804649e+00 2.323532e-02
-2.700000e-01 1.804649e+00 2.454988e-02
-2.550000e-01 1.804649e+00 2.631846e-02
-2.400000e-01 1.804649e+00 2.864755e-02
-2.250000e-01 1.804649e+00 3.167164e-02
-2.100000e-01 1.804649e+00 3.558437e-02
-1.950000e-01 1.804649e+00 4.071470e-02
-1.800000e-01 1.804649e+00 4.768530e-02
-1.650000e-01 1.804649e+00 5.772587e-02
-1.500000e-01 1.804649e+00 7.335021e-02
-1.350000e-01 1.804649e+00 9.999745e-02
-1.200000e-01 1.804649e+00 1.502655e-01
-1.050000e-01 1.804649e+00 2.538873e-01
-9.000000e-02 1.804649e+00 4.675851e-01
-7.500000e-02 1.804649e+00 8.359008e-01
-6.000000e-02 1.804649e+00 1.349933e+00
-4.500000e-02 1.804649e+00 2.008930e+00
-3.000000e-02 1.804649e+00 2.761001e+00
-1.500000e-02 1.804649e+00 3.408279e+00
5.551115e-17 1.804649e+00 3.670175e+00
1.500000e-02 1.804649e+00 3.408279e+00
3.000000e-02 1.804649e+00 2.761001e+00
4.500000e-02 1.804649e+00 2.008930e+00
6.000000e-02 1.804649e+00 1.349933e+00
7.500000e-02 1.804649e+00 8.359008e-01
9.000000e-02 1.804649e+00 4.675851e-01
1.050000e-01 1.804649e+00 2.538873e-01
1.200000e-01 1.804649e+00 1.502655e-01
1.350000e-01 1.804649e+00 9.999745e-02
1.500000e-01 1.804649e+00 7.335021e-02
1.650000e-01 1.804649e+00 5.772587e-02
1.800000e-01 1.804649e+00 4.768530e-02
1.950000e-01 1.804649e+00 4.071470e-02
2.100000e-01 1.804649e+00 3.558437e-02
2.250000e-01 1.804649e+00 3.167164e-02
2.400000e-01 1.804649e+00 2.864755e-02
2.550000e-01 1.804649e+00 2.631846e-02
2.700000e-01 1.804649e+00 2.454988e-02
2.850000e-01 1.804649e+00 2.323532e-02
3.000000e-01 1.804649e+00 2.228305e-02
-3.000000e-01 1.818313e+00 2.223423e-02
-2.850000e-01 1.818313e+00 2.339421e-02
-2.700000e-01 1.818313e+00 2.502637e-02
-2.550000e-01 1.818313e+00 2.726754e-02
-2.400000e-01 1.818313e+00 3.026538e-02
-2.250000e-01 1.818313e+00 3.417318e-02
-2.100000e-01 1.818313e+00 3.916767e-02
-1.950000e-01 1.818313e+00 4.553895e-02
-1.800000e-01 1.818313e+00 5.389987e-02
-1.650000e-01 1.818313e+00 6.557329e-02
-1.500000e-01 1.818313e+00 8.336092e-02
-1.350000e-01 1.818313e+00 1.133586e-01
-1.200000e-01 1.818313e+00 1.696573e-01
-1.050000e-01 1.818313e+00 2.855454e-01
-9.000000e-02 1.818313e+00 5.253610e-01
-7.500000e-02 1.818313e+00 9.441802e-01
-6.000000e-02 1.818313e+00 1.543976e+00
-4.500000e-02 1.818313e+00 2.336215e+00
-3.000000e-02 1.818313e+00 3.261978e+00
-1.500000e-02 1.818313e+00 4.069309e+00
5.551115e-17 1.818313e+00 4.397337e+00
1.500000e-02 1.818313e+00 4.069309e+00
3.000000e-02 1.818313e+00 3.261978e+00
4.500000e-02 1.818313e+00 2.336215e+00
6.000000e-02 1.818313e+00 1.543976e+00
7.500000e-02 1.818313e+00 9.441802e-01
9.000000e-02 1.818313e+00 5.253610e-01
1.050000e-01 1.818313e+00 2.855454e-01
1.200000e-01 1.818313e+00 1.696573e-01
1.350000e-01 1.818313e+00 1.133586e-01
1.500000e-01 1.818313e+00 8.336092e-02
1.650000e-01 1.818313e+00 6.557329e-02
1.800000e-01 1.818313e+00 5.389987e-02
1.950000e-01 1.818313e+00 4.553895e-02
2.100000e-01 1.818313e+00 3.916767e-02
2.250000e-01 1.818313e+00 3.417318e-02
2.400000e-01 1.818313e+00 3.026538e-02
2.550000e-01 1.818313e+00 2.726754e-02
2.700000e-01 1.818313e+00 2.502637e-02
2.850000e-01 1.818313e+00 2.339421e-02
3.000000e-01 1.818313e+00 2.223423e-02
-3.000000e-01 1.831977e+00 2.173407e-02
-2.850000e-01 1.831977e+00 2.302411e-02
-2.700000e-01 1.831977e+00 2.490096e-02
-2.550000e-01 1.831977e+00 2.758427e-02
-2.400000e-01 1.831977e+00 3.132693e-02
-2.250000e-01 1.831977e+00 3.637389e-02
-2.100000e-01 1.831977e+00 4.291744e-02
-1.950000e-01 1.831977e+00 5.115431e-02
-1.800000e-01 1.831977e+00 6.156873e-02
-1.650000e-01 1.831977e+00 7.548553e-02
-1.500000e-01 1.831977e+00 9.600591e-02
-1.350000e-01 1.831977e+00 1.300187e-01
-1.200000e-01 1.831977e+00 1.934105e-01
-1.050000e-01 1.831977e+00 3.237008e-01
-9.000000e-02 1.831977e+00 5.943945e-01
-7.500000e-02 1.831977e+00 1.074025e+00
-6.000000e-02 1.831977e+00 1.780092e+00
-4.500000e-02 1.831977e+00 2.741737e+00
-3.000000e-02 1.831977e+00 3.890517e+00
-1.500000e-02 1.831977e+00 4.901050e+00
5.551115e-17 1.831977e+00 5.311481e+00
1.500000e-02 1.831977e+00 4.901050e+00
3.000000e-02 1.831977e+00 3.890517e+00
4.500000e-02 1.831977e+00 2.741737e+00
6.000000e-02 1.831977e+00 1.780092e+00
7.500000e-02 1.831977e+00 1.074025e+00
9.000000e-02 1.831977e+00 5.943945e-01
1.050000e-01 1.831977e+00 3.237008e-01
1.200000e-01 1.831977e+00 1.934105e-01
1.350000e-01 1.831977e+00 1.300187e-01
1.500000e-01 1.831977e+00 9.600591e-02
1.650000e-01 1.831977e+00 7.548553e-02
1.800000e-01 1.831977e+00 6.156873e-02
1.950000e-01 1.831977e+00 5.115431e-02
2.100000e-01 1.831977e+00 4.291744e-02
2.250000e-01 1.831977e+00 3.637389e-02
2.400000e-01 1.831977e+00 3.132693e-02
2.550000e-01 1.831977e+00 2.758427e-02
2.700000e-01 1.831977e+00 2.490096e-02
2.850000e-01 1.831977e+00 2.302411e-02
3.000000e-01 1.831977e+00 2.173407e-02
-3.000000e-01 1.845642e+00 2.089689e-02
-2.850000e-01 1.845642e+00 2.219004e-02
-2.700000e-01 1.845642e+00 2.413916e-02
-2.550000e-01 1.845642e+00 2.706163e-02
-2.400000e-01 1.845642e+00 3.138361e-02
-2.250000e-01 1.845642e+00 3.759029e-02
-2.100000e-01 1.845642e+00 4.607610e-02
-1.950000e-01 1.845642e+00 5.701056e-02
-1.800000e-01 1.845642e+00 7.057110e-02
-1.650000e-01 1.845642e+00 8.780060e-02
-1.500000e-01 1.845642e+00 1.119793e-01
-1.350000e-01 1.845642e+00 1.509350e-01
-1.200000e-01 1.845642e+00 2.227635e-01
-1.050000e-01 1.845642e+00 3.700954e-01
-9.000000e-02 1.845642e+00 6.775925e-01
-7.500000e-02 1.845642e+00 1.231116e+00
-6.000000e-02 1.845642e+00 2.070080e+00
-4.500000e-02 1.845642e+00 3.248276e+00
-3.000000e-02 1.845642e+00 4.681406e+00
-1.500000e-02 1.845642e+00 5.941970e+00
5.551115e-17 1.845642e+00 6.449429e+00
1.500000e-02 1.845642e+00 5.941970e+00
3.000000e-02 1.845642e+00 4.681406e+00
4.500000e-02 1.845642e+00 3.248276e+00
6.000000e-02 1.845642e+00 2.070080e+00
7.500000e-02 1.845642e+00 1.231116e+00
9.000000e-02 1.845642e+00 6.775925e-01
1.050000e-01 1.845642e+00 3.700954e-01
1.200000e-01 1.845642e+00 2.227635e-01
1.350000e-01 1.845642e+00 1.509350e-01
1.500000e-01 1.845642e+00 1.119793e-01
1.650000e-01 1.845642e+00 8.780060e-02
1.800000e-01 1.845642e+00 7.057110e-02
1.950000e-01 1.845642e+00 5.701056e-02
2.100000e-01 1.845642e+00 4.607610e-02
2.250000e-01 1.845642e+00 3.759029e-02
2.400000e-01 1.845642e+00 3.138361e-02
2.550000e-01 1.845642e+00 2.706163e-02
2.700000e-01 1.845642e+00 2.413916e-02
2.850000e-01 1.845642e+00 2.219004e-02
3.000000e-01 1.845642e+00 2.089689e-02
-3.000000e-01 1.859306e+00 1.992109e-02
-2.850000e-01 1.859306e+00 2.110970e-02
-2.700000e-01 1.859306e+00 2.295078e-02
-2.550000e-01 1.859306e+00 2.582567e-02
-2.400000e-01 1.859306e+00 3.032729e-02
-2.250000e-01 1.859306e+00 3.728860e-02
-2.100000e-01 1.859306e+00 4.763235e-02
-1.950000e-01 1.859306e+00 6.193930e-02
-1.800000e-01 1.859306e+00 8.015667e-02
-1.650000e-01 1.859306e+00 1.025305e-01
-1.500000e-01 1.859306e+00 1.319879e-01
-1.350000e-01 1.859306e+00 1.773047e-01
-1.200000e-01 1.859306e+00 2.593399e-01
-1.050000e-01 1.859306e+00 4.270228e-01
-9.000000e-02 1.859306e+00 7.787686e-01
-7.500000e-02 1.859306e+00 1.422924e+00
-6.000000e-02 1.859306e+00 2.429461e+00
-4.500000e-02 1.859306e+00 3.884679e+00
-3.000000e-02 1.859306e+00 5.672341e+00
-1.500000e-02 1.859306e+00 7.219484e+00
5.551115e-17 1.859306e+00 7.827422e+00
1.500000e-02 1.859306e+00 7.219484e+00
3.000000e-02 1.859306e+00 5.672341e+00
4.500000e-02 1.859306e+00 3.884679e+00
6.000000e-02 1.859306e+00 2.429461e+00
7.500000e-02 1.859306e+00 1.422924e+00
9.000000e-02 1.859306e+00 7.787686e-01
1.050000e-01 1.859306e+00 4.270228e-01
1.200000e-01 1.859306e+00 2.593399e-01
1.350000e-01 1.859306e+00 1.773047e-01
1.500000e-01 1.859306e+00 1.319879e-01
1.650000e-01 1.859306e+00 1.025305e-01
1.800000e-01 1.859306e+00 8.015667e-02
1.950000e-01 1.859306e+00 6.193930e-02
2.100000e-01 1.859306e+00 4.763235e-02
2.250000e-01 1.859306e+00 3.728860e-02
2.400000e-01 1.859306e+00 3.032729e-02
2.550000e-01 1.859306e+00 2.582567e-02
2.700000e-01 1.859306e+00 2.295078e-02
2.850000e-01 1.859306e+00 2.110970e-02
3.000000e-01 1.859306e+00 1.992109e-02
-3.000000e-01 1.872970e+00 1.896592e-02
-2.850000e-01 1.872970e+00 1.999762e-02
-2.700000e-01 1.872970e+00 2.162163e-02
-2.550000e-01 1.872970e+00 2.422675e-02
-2.400000e-01 1.872970e+00 2.848429e-02
-2.250000e-01 1.872970e+00 3.550625e-02
-2.100000e-01 1.872970e+00 4.690801e-02
-1.950000e-01 1.872970e+00 6.439173e-02
-1.800000e-01 1.872970e+00 8.860278e-02
-1.650000e-01 1.872970e+00 1.188475e-01
-1.500000e-01 1.872970e+00 1.564550e-01
-1.350000e-01 1.872970e+00 2.105087e-01
-1.200000e-01 1.872970e+00 3.052327e-01
-1.050000e-01 1.872970e+00 4.975034e-01
-9.000000e-02 1.872970e+00 9.029462e-01
-7.500000e-02 1.872970e+00 1.659294e+00
-6.000000e-02 1.872970e+00 2.878439e+00
-4.500000e-02 1.872970e+00 4.685218e+00
-3.000000e-02 1.872970e+00 6.892375e+00
-1.500000e-02 1.872970e+00 8.718454e+00
5.551115e-17 1.872970e+00 9.399926e+00
1.500000e-02 1.872970e+00 8.718454e+00
3.000000e-02 1.872970e+00 6.892375e+00
4.500000e-02 1.872970e+00 4.685218e+00
6.000000e-02 1.872970e+00 2.878439e+00
7.500000e-02 1.872970e+00 1.659294e+00
9.000000e-02 1.872970e+00 9.029462e-01
1.050000e-01 1.872970e+00 4.975034e-01
1.200000e-01 1.872970e+00 3.052327e-01
1.350000e-01 1.872970e+00 2.105087e-01
1.500000e-01 1.872970e+00 1.564550e-01
1.650000e-01 1.872970e+00 1.188475e-01
1.800000e-01 1.872970e+00 8.860278e-02
1.950000e-01 1.872970e+00 6.439173e-02
2.100000e-01 1.872970e+00 4.690801e-02
2.250000e-01 1.872970e+00 3.550625e-02
2.400000e-01 1.872970e+00 2.848429e-02
2.550000e-01 1.872970e+00 2.422675e-02
2.700000e-01 1.872970e+00 2.162163e-02
2.850000e-01 1.872970e+00 1.999762e-02
3.000000e-01 1.872970e+00 1.896592e-02
-3.000000e-01 1.886635e+00 1.811073e-02
-2.850000e-01 1.886635e+00 1.897949e-02
-2.700000e-01 1.886635e+00 2.035612e-02
-2.550000e-01 1.886635e+00 2.259494e-02
-2.400000e-01 1.886635e+00 2.634825e-02
-2.250000e-01 1.886635e+00 3.281907e-02
-2.100000e-01 1.886635e+00 4.411168e-02
-1.950000e-01 1.886635e+00 6.334416e-02
-1.800000e-01 1.886635e+00 9.344277e-02
-1.650000e-01 1.886635e+00 1.344281e-01
-1.500000e-01 1.886635e+00 1.848498e-01
-1.350000e-01 1.886635e+00 2.518437e-01
-1.200000e-01 1.886635e+00 3.630318e-01
-1.050000e-01 1.886635e+00 5.854805e-01
-9.000000e-02 1.886635e+00 1.056737e+00
-7.500000e-02 1.886635e+00 1.953144e+00
-6.000000e-02 1.886635e+00 3.442578e+00
-4.500000e-02 1.886635e+00 5.684756e+00
-3.000000e-02 1.886635e+00 8.333655e+00
-1.500000e-02 1.886635e+00 1.032507e+01
5.551115e-17 1.886635e+00 1.099657e+01
1.500000e-02 1.886635e+00 1.032507e+01
3.000000e-02 1.886635e+00 8.333655e+00
4.500000e-02 1.886635e+00 5.684756e+00
6.000000e-02 1.886635e+00 3.442578e+00
7.500000e-02 1.886635e+00 1.953144e+00
9.000000e-02 1.886635e+00 1.056737e+00
1.050000e-01 1.886635e+00 5.854805e-01
1.200000e-01 1.886635e+00 3.630318e-01
1.350000e-01 1.886635e+00 2.518437e-01
1.500000e-01 1.886635e+00 1.848498e-01
1.650000e-01 1.886635e+00 1.344281e-01
1.800000e-01 1.886635e+00 9.344277e-02
1.950000e-01 1.886635e+00 6.334416e-02
2.100000e-01 1.886635e+00 4.411168e-02
2.250000e-01 1.886635e+00 3.281907e-02
2.400000e-01 1.886635e+00 2.634825e-02
2.550000e-01 1.886635e+00 2.259494e-02
2.700000e-01 1.886635e+00 2.035612e-02
2.850000e-01 1.886635e+00 1.897949e-02
3.000000e-01 1.886635e+00 1.811073e-02
-3.000000e-01 1.900299e+00 1.737564e-02
-2.850000e-01 1.900299e+00 1.809908e-02
-2.700000e-01 1.900299e+00 1.924549e-02
-2.550000e-01 1.900299e+00 2.111744e-02
-2.400000e-01 1.900299e+00 2.429145e-02
-2.250000e-01 1.900299e+00 2.989880e-02
-2.100000e-01 1.900299e+00 4.015693e-02
-1.950000e-01 1.900299e+00 5.913586e-02
-1.800000e-01 1.900299e+00 9.278385e-02
-1.650000e-01 1.900299e+00 1.453637e-01
-1.500000e-01 1.900299e+00 2.145703e-01
-1.350000e-01 1.900299e+00 3.017818e-01
-1.200000e-01 1.900299e+00 4.356510e-01
-1.050000e-01 1.900299e+00 6.959830e-01
-9.000000e-02 1.900299e+00 1.248761e+00
-7.500000e-02 1.900299e+00 2.321165e+00
-6.000000e-02 1.900299e+00 4.152189e+00
-4.500000e-02 1.900299e+00 6.904070e+00
-3.000000e-02 1.900299e+00 9.899144e+00
-1.500000e-02 1.900299e+00 1.176850e+01
5.551115e-17 1.900299e+00 1.228232e+01
1.500000e-02 1.900299e+00 1.176850e+01
3.000000e-02 1.900299e+00 9.899144e+00
4.500000e-02 1.900299e+00 6.904070e+00
6.000000e-02 1.900299e+00 4.152189e+00
7.500000e-02 1.900299e+00 2.321165e+00
9.000000e-02 1.900299e+00 1.248761e+00
1.050000e-01 1.900299e+00 6.959830e-01
1.200000e-01 1.900299e+00 4.356510e-01
1.350000e-01 1.900299e+00 3.017818e-01
1.500000e-01 1.900299e+00 2.145703e-01
1.650000e-01 1.900299e+00 1.453637e-01
1.800000e-01 1.900299e+00 9.278385e-02
1.950000e-01 1.900299e+00 5.913586e-02
2.100000e-01 1.900299e+00 4.015693e-02
2.250000e-01 1.900299e+00 2.989880e-02
2.400000e-01 1.900299e+00 2.429145e-02
2.550000e-01 1.900299e+00 2.111744e-02
2.700000e-01 1.900299e+00 1.924549e-02
2.850000e-01 1.900299e+00 1.809908e-02
3.000000e-01 1.900299e+00 1.737564e-02
-3.000000e-01 1.913963e+00 1.675194e-02
-2.850000e-01 1.913963e+00 1.735471e-02
-2.700000e-01 1.913963e+00 1.830605e-02
-2.550000e-01 1.913963e+00 1.985616e-02
-2.400000e-01 1.913963e+00 2.248912e-02
-2.250000e-01 1.913963e+00 2.718531e-02
-2.100000e-01 1.913963e+00 3.599193e-02
-1.950000e-01 1.913963e+00 5.317367e-02
-1.800000e-01 1.913963e+00 8.680892e-02
-1.650000e-01 1.913963e+00 1.477680e-01
-1.500000e-01 1.913963e+00 2.399856e-01
-1.350000e-01 1.913963e+00 3.584164e-01
-1.200000e-01 1.913963e+00 5.256332e-01
-1.050000e-01 1.913963e+00 8.350789e-01
-9.000000e-02 1.913963e+00 1.489973e+00
-7.500000e-02 1.913963e+00 2.784105e+00
-6.000000e-02 1.913963e+00 5.037951e+00
-4.500000e-02 1.913963e+00 8.316660e+00
-3.000000e-02 1.913963e+00 1.134302e+01
-1.500000e-02 1.913963e+00 1.264815e+01
5.551115e-17 1.913963e+00 1.284923e+01
1.500000e-02 1.913963e+00 1.264815e+01
3.000000e-02 1.913963e+00 1.134302e+01
4.500000e-02 1.913963e+00 8.316660e+00
6.000000e-02 1.913963e+00 5.037951e+00
7.500000e-02 1.913963e+00 2.784105e+00
9.000000e-02 1.913963e+00 1.489973e+00
1.050000e-01 1.913963e+00 8.350789e-01
1.200000e-01 1.913963e+00 5.256332e-01
1.350000e-01 1.913963e+00 3.584164e-01
1.500000e-01 1.913963e+00 2.399856e-01
1.650000e-01 1.913963e+00 1.477680e-01
1.800000e-01 1.913963e+00 8.680892e-02
1.950000e-01 1.913963e+00 5.317367e-02
2.100000e-01 1.913963e+00 3.599193e-02
2.250000e-01 1.913963e+00 2.718531e-02
2.400000e-01 1.913963e+00 2.248912e-02
2.550000e-01 1.913963e+00 1.985616e-02
2.700000e-01 1.913963e+00 1.830605e-02
2.850000e-01 1.913963e+00 1.735471e-02
3.000000e-01 1.913963e+00 1.675194e-02
-3.000000e-01 1.927627e+00 1.622155e-02
-2.850000e-01 1.927627e+00 1.672728e-02
-2.700000e-01 1.927627e+00 1.752043e-02
-2.550000e-01 1.927627e+00 1.880536e-02
-2.400000e-01 1.927627e+00 2.097919e-02
-2.250000e-01 1.927627e+00 2.485664e-02
-2.100000e-01 1.927627e+00 3.219263e-02
-1.950000e-01 1.927627e+00 4.690409e-02
-1.800000e-01 1.927627e+00 7.761641e-02
-1.650000e-01 1.927627e+00 1.405863e-01
-1.500000e-01 1.927627e+00 2.534835e-01
-1.350000e-01 1.927627e+00 4.151720e-01
-1.200000e-01 1.927627e+00 6.333350e-01
-1.050000e-01 1.927627e+00 1.009193e+00
-9.000000e-02 1.927627e+00 1.793487e+00
-7.500000e-02 1.927627e+00 3.365585e+00
-6.000000e-02 1.927627e+00 6.117712e+00
-4.500000e-02 1.927627e+00 9.793583e+00
-3.000000e-02 1.927627e+00 1.228201e+01
-1.500000e-02 1.927627e+00 1.263854e+01
5.551115e-17 1.927627e+00 1.247486e+01
1.500000e-02 1.927627e+00 1.263854e+01
3.000000e-02 1.927627e+00 1.228201e+01
4.500000e-02 1.927627e+00 9.793583e+00
6.000000e-02 1.927627e+00 6.117712e+00
7.500000e-02 1.927627e+00 3.365585e+00
9.000000e-02 1.927627e+00 1.793487e+00
1.050000e-01 1.927627e+00 1.009193e+00
1.200000e-01 1.927627e+00 6.333350e-01
1.350000e-01 1.927627e+00 4.151720e-01
1.500000e-01 1.927627e+00 2.534835e-01
1.650000e-01 1.927627e+00 1.405863e-01
1.800000e-01 1.927627e+00 7.761641e-02
1.950000e-01 1.927627e+00 4.690409e-02
2.100000e-01 1.927627e+00 3.219263e-02
2.250000e-01 1.927627e+00 2.485664e-02
2.400000e-01 1.927627e+00 2.097919e-02
2.550000e-01 1.927627e+00 1.880536e-02
2.700000e-01 1.927627e+00 1.752043e-02
2.850000e-01 1.927627e+00 1.672728e-02
3.000000e-01 1.927627e+00 1.622155e-02
-3.000000e-01 1.941292e+00 1.576591e-02
-2.850000e-01 1.941292e+00 1.619454e-02
-2.700000e-01 1.941292e+00 1.686167e-02
-2.550000e-01 1.941292e+00 1.793416e-02
-2.400000e-01 1.941292e+00 1.973552e-02
-2.250000e-01 1.941292e+00 2.293099e-02
-2.100000e-01 1.941292e+00 2.897059e-02
-1.950000e-01 1.941292e+00 4.120030e-02
-1.800000e-01 1.941292e+00 6.761666e-02
-1.650000e-01 1.941292e+00 1.265110e-01
-1.500000e-01 1.941292e+00 2.498290e-01
-1.350000e-01 1.941292e+00 4.595901e-01
-1.200000e-01 1.941292e+00 7.533155e-01
-1.050000e-01 1.941292e+00 1.222870e+00
-9.000000e-02 1.941292e+00 2.172908e+00
-7.500000e-02 1.941292e+00 4.086945e+00
-6.000000e-02 1.941292e+00 7.366788e+00
-4.500000e-02 1.941292e+00 1.105635e+01
-3.000000e-02 1.941292e+00 1.237636e+01
-1.500000e-02 1.941292e+00 1.174356e+01
5.551115e-17 1.941292e+00 1.130909e+01
1.500000e-02 1.941292e+00 1.174356e+01
3.000000e-02 1.941292e+00 1.237636e+01
4.500000e-02 1.941292e+00 1.105635e+01
6.000000e-02 1.941292e+00 7.366788e+00
7.500000e-02 1.941292e+00 4.086945e+00
9.000000e-02 1.941292e+00 2.172908e+00
1.050000e-01 1.941292e+00 1.222870e+00
1.200000e-01 1.941292e+00 7.533155e-01
1.350000e-01 1.941292e+00 4.595901e-01
1.500000e-01 1.941292e+00 2.498290e-01
1.650000e-01 1.941292e+00 1.265110e-01
1.800000e-01 1.941292e+00 6.761666e-02
1.950000e-01 1.941292e+00 4.120030e-02
2.100000e-01 1.941292e+00 2.897059e-02
2.250000e-01 1.941292e+00 2.293099e-02
2.400000e-01 1.941292e+00 1.973552e-02
2.550000e-01 1.941292e+00 1.793416e-02
2.700000e-01 1.941292e+00 1.686167e-02
2.850000e-01 1.941292e+00 1.619454e-02
3.000000e-01 1.941292e+00 1.576591e-02
-3.000000e-01 1.954956e+00 1.536917e-02
-2.850000e-01 1.954956e+00 1.573657e-02
-2.700000e-01 1.954956e+00 1.630373e-02
-2.550000e-01 1.954956e+00 1.720764e-02
-2.400000e-01 1.954956e+00 1.871244e-02
-2.250000e-01 1.954956e+00 2.135930e-02
-2.100000e-01 1.954956e+00 2.632901e-02
-1.950000e-01 1.954956e+00 3.638015e-02
-1.800000e-01 1.954956e+00 5.837317e-02
-1.650000e-01 1.954956e+00 1.097657e-01
-1.500000e-01 1.954956e+00 2.304187e-01
-1.350000e-01 1.954956e+00 4.771634e-01
-1.200000e-01 1.954956e+00 8.695220e-01
-1.050000e-01 1.954956e+00 1.473474e+00
-9.000000e-02 1.954956e+00 2.637099e+00
-7.500000e-02 1.954956e+00 4.953482e+00
-6.000000e-02 1.954956e+00 8.669012e+00
-4.500000e-02 1.954956e+00 1.172935e+01
-3.000000e-02 1.954956e+00 1.158774e+01
-1.500000e-02 1.954956e+00 1.029308e+01
5.551115e-17 1.954956e+00 9.745176e+00
1.500000e-02 1.954956e+00 1.029308e+01
3.000000e-02 1.954956e+00 1.158774e+01
4.500000e-02 1.954956e+00 1.172935e+01
6.000000e-02 1.954956e+00 8.669012e+00
7.500000e-02 1.954956e+00 4.953482e+00
9.000000e-02 1.954956e+00 2.637099e+00
1.050000e-01 1.954956e+00 1.473474e+00
1.200000e-01 1.954956e+00 8.695220e-01
1.350000e-01 1.954956e+00 4.771634e-01
1.500000e-01 1.954956e+00 2.304187e-01
1.650000e-01 1.954956e+00 1.097657e-01
1.800000e-01 1.954956e+00 5.837317e-02
1.950000e-01 1.954956e+00 3.638015e-02
2.100000e-01 1.954956e+00 2.632901e-02
2.250000e-01 1.954956e+00 2.135930e-02
2.400000e-01 1.954956e+00 1.871244e-02
2.550000e-01 1.954956e+00 1.720764e-02
2.700000e-01 1.954956e+00 1.630373e-02
2.850000e-01 1.954956e+00 1.573657e-02
3.000000e-01 1.954956e+00 1.536917e-02
-3.000000e-01 1.968620e+00 1.501871e-02
-2.850000e-01 1.968620e+00 1.533723e-02
-2.700000e-01 1.968620e+00 1.582482e-02
-2.550000e-01 1.968620e+00 1.659492e-02
-2.400000e-01 1.968620e+00 1.786467e-02
-2.250000e-01 1.968620e+00 2.007605e-02
-2.100000e-01 1.968620e+00 2.418867e-02
-1.950000e-01 1.968620e+00 3.244578e-02
-1.800000e-01 1.968620e+00 5.051171e-02
-1.650000e-01 1.968620e+00 9.359098e-02
-1.500000e-01 1.968620e+00 2.020627e-01
-1.350000e-01 1.968620e+00 4.608553e-01
-1.200000e-01 1.968620e+00 9.540652e-01
-1.050000e-01 1.968620e+00 1.741776e+00
-9.000000e-02 1.968620e+00 3.178071e+00
-7.500000e-02 1.968620e+00 5.926387e+00
-6.000000e-02 1.968620e+00 9.775983e+00
-4.500000e-02 1.968620e+00 1.155537e+01
-3.000000e-02 1.968620e+00 1.021282e+01
-1.500000e-02 1.968620e+00 8.686502e+00
5.551115e-17 1.968620e+00 8.147843e+00
1.500000e-02 1.968620e+00 8.686502e+00
3.000000e-02 1.968620e+00 1.021282e+01
4.500000e-02 1.968620e+00 1.155537e+01
6.000000e-02 1.968620e+00 9.775983e+00
7.500000e-02 1.968620e+00 5.926387e+00
9.000000e-02 1.968620e+00 3.178071e+00
1.050000e-01 1.968620e+00 1.741776e+00
1.200000e-01 1.968620e+00 9.540652e-01
1.350000e-01 1.968620e+00 4.608553e-01
1.500000e-01 1.968620e+00 2.020627e-01
1.650000e-01 1.968620e+00 9.359098e-02
1.800000e-01 1.968620e+00 5.051171e-02
1.950000e-01 1.968620e+00 3.244578e-02
2.100000e-01 1.968620e+00 2.418867e-02
2.250000e-01 1.968620e+00 2.007605e-02
2.400000e-01 1.968620e+00 1.786467e-02
2.550000e-01 1.968620e+00 1.659492e-02
2.700000e-01 1.968620e+00 1.582482e-02
2.850000e-01 1.968620e+00 1.533723e-02
3.000000e-01 1.968620e+00 1.501871e-02
-3.000000e-01 1.982284e+00 1.470479e-02
-2.850000e-01 1.982284e+00 1.498398e-02
-2.700000e-01 1.982284e+00 1.540778e-02
-2.550000e-01 1.982284e+00 1.607105e-02
-2.400000e-01 1.982284e+00 1.715398e-02
-2.250000e-01 1.982284e+00 1.902028e-02
-2.100000e-01 1.982284e+00 2.245354e-02
-1.950000e-01 1.982284e+00 2.927508e-02
-1.800000e-01 1.982284e+00 4.409034e-02
-1.650000e-01 1.982284e+00 7.953765e-02
-1.500000e-01 1.982284e+00 1.719497e-01
-1.350000e-01 1.982284e+00 4.170719e-01
-1.200000e-01 1.982284e+00 9.779232e-01
-1.050000e-01 1.982284e+00 1.982250e+00
-9.000000e-02 1.982284e+00 3.750211e+00
-7.500000e-02 1.982284e+00 6.883546e+00
-6.000000e-02 1.982284e+00 1.035608e+01
-4.500000e-02 1.982284e+00 1.060483e+01
-3.000000e-02 1.982284e+00 8.646578e+00
-1.500000e-02 1.982284e+00 7.191261e+00
5.551115e-17 1.982284e+00 6.721585e+00
1.500000e-02 1.982284e+00 7.191261e+00
3.000000e-02 1.982284e+00 8.646578e+00
4.500000e-02 1.982284e+00 1.060483e+01
6.000000e-02 1.982284e+00 1.035608e+01
7.500000e-02 1.982284e+00 6.883546e+00
9.000000e-02 1.982284e+00 3.750211e+00
1.050000e-01 1.982284e+00 1.982250e+00
1.200000e-01 1.982284e+00 9.779232e-01
1.350000e-01 1.982284e+00 4.170719e-01
1.500000e-01 1.982284e+00 1.719497e-01
1.650000e-01 1.982284e+00 7.953765e-02
1.800000e-01 1.982284e+00 4.409034e-02
1.950000e-01 1.982284e+00 2.927508e-02
2.100000e-01 1.982284e+00 2.245354e-02
2.250000e-01 1.982284e+00 1.902028e-02
2.400000e-01 1.982284e+00 1.715398e-02
2.550000e-01 1.982284e+00 1.607105e-02
2.700000e-01 1.982284e+00 1.540778e-02
2.850000e-01 1.982284e+00 1.498398e-02
3.000000e-01 1.982284e+00 1.470479e-02
-3.000000e-01 1.995949e+00 1.442000e-02
-2.850000e-01 1.995949e+00 1.466722e-02
-2.700000e-01 1.995949e+00 1.503941e-02
-2.550000e-01 1.995949e+00 1.561671e-02
-2.400000e-01 1.995949e+00 1.655010e-02
-2.250000e-01 1.995949e+00 1.814175e-02
-2.100000e-01 1.995949e+00 2.103672e-02
-1.950000e-01 1.995949e+00 2.672105e-02
-1.800000e-01 1.995949e+00 3.893007e-02
-1.650000e-01 1.995949e+00 6.795925e-02
-1.500000e-01 1.995949e+00 1.444972e-01
-1.350000e-01 1.995949e+00 3.601932e-01
-1.200000e-01 1.995949e+00 9.314259e-01
-1.050000e-01 1.995949e+00 2.127862e+00
-9.000000e-02 1.995949e+00 4.250757e+00
-7.500000e-02 1.995949e+00 7.604502e+00
-6.000000e-02 1.995949e+00 1.018692e+01
-4.500000e-02 1.995949e+00 9.214386e+00
-3.000000e-02 1.995949e+00 7.168122e+00
-1.500000e-02 1.995949e+00 5.918527e+00
5.551115e-17 1.995949e+00 5.532769e+00
1.500000e-02 1.995949e+00 5.918527e+00
3.000000e-02 1.995949e+00 7.168122e+00
4.500000e-02 1.995949e+00 9.214386e+00
6.000000e-02 1.995949e+00 1.018692e+01
7.500000e-02 1.995949e+00 7.604502e+00
9.000000e-02 1.995949e+00 4.250757e+00
1.050000e-01 1.995949e+00 2.127862e+00
1.200000e-01 1.995949e+00 9.314259e-01
1.350000e-01 1.995949e+00 3.601932e-01
1.500000e-01 1.995949e+00 1.444972e-01
1.650000e-01 1.995949e+00 6.795925e-02
1.800000e-01 1.995949e+00 3.893007e-02
1.950000e-01 1.995949e+00 2.672105e-02
2.100000e-01 1.995949e+00 2.103672e-02
2.250000e-01 1.995949e+00 1.814175e-02
2.400000e-01 1.995949e+00 1.655010e-02
2.550000e-01 1.995949e+00 1.561671e-02
2.700000e-01 1.995949e+00 1.503941e-02
2.850000e-01 1.995949e+00 1.466722e-02
3.000000e-01 1.995949e+00 1.442000e-02
-3.000000e-01 2.009613e+00 1.415867e-02
-2.850000e-01 2.009613e+00 1.437966e-02
-2.700000e-01 2.009613e+00 1.470969e-02
-2.550000e-01 2.009613e+00 1.521713e-02
-2.400000e-01 2.009613e+00 1.602977e-02
-2.250000e-01 2.009613e+00 1.740118e-02
-2.100000e-01 2.009613e+00 1.986744e-02
-1.950000e-01 2.009613e+00 2.465101e-02
-1.800000e-01 2.009613e+00 3.479500e-02
-1.650000e-01 2.009613e+00 5.864349e-02
-1.500000e-01 2.009613e+00 1.213537e-01
-1.350000e-01 2.009613e+00 3.029354e-01
-1.200000e-01 2.009613e+00 8.326147e-01
-1.050000e-01 2.009613e+00 2.124570e+00
-9.000000e-02 2.009613e+00 4.535189e+00
-7.500000e-02 2.009613e+00 7.847756e+00
-6.000000e-02 2.009613e+00 9.336891e+00
-4.500000e-02 2.009613e+00 7.738361e+00
-3.000000e-02 2.009613e+00 5.900533e+00
-1.500000e-02 2.009613e+00 4.882108e+00
5.551115e-17 2.009613e+00 4.573915e+00
1.500000e-02 2.009613e+00 4.882108e+00
3.000000e-02 2.009613e+00 5.900533e+00
4.500000e-02 2.009613e+00 7.738361e+00
6.000000e-02 2.009613e+00 9.336891e+00
7.500000e-02 2.009613e+00 7.847756e+00
9.000000e-02 2.009613e+00 4.535189e+00
1.050000e-01 2.009613e+00 2.124570e+00
1.200000e-01 2.009613e+00 8.326147e-01
1.350000e-01 2.009613e+00 3.029354e-01
1.500000e-01 2.009613e+00 1.213537e-01
1.650000e-01 2.009613e+00 5.864349e-02
1.800000e-01 2.009613e+00 3.479500e-02
1.950000e-01 2.009613e+00 2.465101e-02
2.100000e-01 2.009613e+00 1.986744e-02
2.250000e-01 2.009613e+00 1.740118e-02
2.400000e-01 2.009613e+00 1.602977e-02
2.550000e-01 2.009613e+00 1.521713e-02
2.700000e-01 2.009613e+00 1.470969e-02
2.850000e-01 2.009613e+00 1.437966e-02
3.000000e-01 2.009613e+00 1.415867e-02
-3.000000e-01 2.023277e+00 1.391650e-02
-2.850000e-01 2.023277e+00 1.411573e-02
-2.700000e-01 2.023277e+00 1.441097e-02
-2.550000e-01 2.023277e+00 1.486109e-02
-2.400000e-01 2.023277e+00 1.557530e-02
-2.250000e-01 2.023277e+00 1.676846e-02
-2.100000e-01 2.023277e+00 1.889060e-02
-1.950000e-01 2.023277e+00 2.295696e-02
-1.800000e-01 2.023277e+00 3.146649e-02
-1.650000e-01 2.023277e+00 5.120234e-02
-1.500000e-01 2.023277e+00 1.025694e-01
-1.350000e-01 2.023277e+00 2.521705e-01
-1.200000e-01 2.023277e+00 7.122170e-01
-1.050000e-01 2.023277e+00 1.973639e+00
-9.000000e-02 2.023277e+00 4.496220e+00
-7.500000e-02 2.023277e+00 7.516073e+00
-6.000000e-02 2.023277e+00 8.105642e+00
-4.500000e-02 2.023277e+00 6.394030e+00
-3.000000e-02 2.023277e+00 4.864765e+00
-1.500000e-02 2.023277e+00 4.054137e+00
5.551115e-17 2.023277e+00 3.810366e+00
1.500000e-02 2.023277e+00 4.054137e+00
3.000000e-02 2.023277e+00 4.864765e+00
4.500000e-02 2.023277e+00 6.394030e+00
6.000000e-02 2.023277e+00 8.105642e+00
7.500000e-02 2.023277e+00 7.516073e+00
9.000000e-02 2.023277e+00 4.496220e+00
1.050000e-01 2.023277e+00 1.973639e+00
1.200000e-01 2.023277e+00 7.122170e-01
1.350000e-01 2.023277e+00 2.521705e-01
1.500000e-01 2.023277e+00 1.025694e-01
1.650000e-01 2.023277e+00 5.120234e-02
1.800000e-01 2.023277e+00 3.146649e-02
1.950000e-01 2.023277e+00 2.295696e-02
2.100000e-01 2.023277e+00 1.889060e-02
2.250000e-01 2.023277e+00 1.676846e-02
2.400000e-01 2.023277e+00 1.557530e-02
2.550000e-01 2.023277e+00 1.486109e-02
2.700000e-01 2.023277e+00 1.441097e-02
2.850000e-01 2.023277e+00 1.411573e-02
3.000000e-01 2.023277e+00 1.391650e-02
-3.000000e-01 2.036942e+00 1.369016e-02
-2.850000e-01 2.036942e+00 1.387118e-02
-2.700000e-01 2.036942e+00 1.413743e-02
-2.550000e-01 2.036942e+00 1.454005e-02
-2.400000e-01 2.036942e+00 1.517322e-02
-2.250000e-01 2.036942e+00 1.622076e-02
-2.100000e-01 2.036942e+00 1.806411e-02
-1.950000e-01 2.036942e+00 2.155490e-02
-1.800000e-01 2.036942e+00 2.876468e-02
-1.650000e-01 2.036942e+00 4.524776e-02
-1.500000e-01 2.036942e+00 8.755584e-02
-1.350000e-01 2.036942e+00 2.099851e-01
-1.200000e-01 2.036942e+00 5.947015e-01
-1.050000e-01 2.036942e+00 1.730534e+00
-9.000000e-02 2.036942e+00 4.149608e+00
-7.500000e-02 2.036942e+00 6.739945e+00
-6.000000e-02 2.036942e+00 6.804159e+00
-4.500000e-02 2.036942e+00 5.262268e+00
-3.000000e-02 2.036942e+00 4.036244e+00
-1.500000e-02 2.036942e+00 3.396102e+00
5.551115e-17 2.036942e+00 3.203362e+00
1.500000e-02 2.036942e+00 3.396102e+00
3.000000e-02 2.036942e+00 4.036244e+00
4.500000e-02 2.036942e+00 5.262268e+00
6.000000e-02 2.036942e+00 6.804159e+00
7.500000e-02 2.036942e+00 6.739945e+00
9.000000e-02 2.036942e+00 4.149608e+00
1.050000e-01 2.036942e+00 1.730534e+00
1.200000e-01 2.036942e+00 5.947015e-01
1.350000e-01 2.036942e+00 2.099851e-01
1.500000e-01 2.036942e+00 8.755584e-02
1.650000e-01 2.036942e+00 4.524776e-02
1.800000e-01 2.036942e+00 2.876468e-02
1.950000e-01 2.036942e+00 2.155490e-02
2.100000e-01 2.036942e+00 1.806411e-02
2.250000e-01 2.036942e+00 1.622076e-02
2.400000e-01 2.036942e+00 1.517322e-02
2.550000e-01 2.036942e+00 1.454005e-02
2.700000e-01 2.036942e+00 1.413743e-02
2.850000e-01 2.036942e+00 1.387118e-02
3.000000e-01 2.036942e+00 1.369016e-02
-3.000000e-01 2.050606e+00 1.347708e-02
-2.850000e-01 2.050606e+00 1.364271e-02
-2.700000e-01 2.050606e+00 1.388457e-02
-2.550000e-01 2.050606e+00 1.424745e-02
-2.400000e-01 2.050606e+00 1.481327e-02
-2.250000e-01 2.050606e+00 1.574067e-02
-2.100000e-01 2.050606e+00 1.735603e-02
-1.950000e-01 2.050606e+00 2.038068e-02
-1.800000e-01 2.050606e+00 2.654897e-02
-1.650000e-01 2.050606e+00 4.045092e-02
-1.500000e-01 2.050606e+00 7.559007e-02
-1.350000e-01 2.050606e+00 1.759830e-01
-1.200000e-01 2.050606e+00 4.921788e-01
-1.050000e-01 2.050606e+00 1.461900e+00
-9.000000e-02 2.050606e+00 3.620379e+00
-7.500000e-02 2.050606e+00 5.767598e+00
-6.000000e-02 2.050606e+00 5.621376e+00
-4.500000e-02 2.050606e+00 4.345332e+00
-3.000000e-02 2.050606e+00 3.377698e+00
-1.500000e-02 2.050606e+00 2.871846e+00
5.551115e-17 2.050606e+00 2.718728e+00
1.500000e-02 2.050606e+00 2.871846e+00
3.000000e-02 2.050606e+00 3.377698e+00
4.500000e-02 2.050606e+00 4.345332e+00
6.000000e-02 2.050606e+00 5.621376e+00
7.500000e-02 2.050606e+00 5.767598e+00
9.000000e-02 2.050606e+00 3.620379e+00
1.050000e-01 2.050606e+00 1.461900e+00
1.200000e-01 2.050606e+00 4.921788e-01
1.350000e-01 2.050606e+00 1.759830e-01
1.500000e-01 2.050606e+00 7.559007e-02
1.650000e-01 2.050606e+00 4.045092e-02
1.800000e-01 2.050606e+00 2.654897e-02
1.950000e-01 2.050606e+00 2.038068e-02
2.100000e-01 2.050606e+00 1.735603e-02
2.250000e-01 2.050606e+00 1.574067e-02
2.400000e-01 2.050606e+00 1.481327e-02
2.550000e-01 2.050606e+00 1.424745e-02
2.700000e-01 2.050606e+00 1.388457e-02
2.850000e-01 2.050606e+00 1.364271e-02
3.000000e-01 2.050606e+00 1.347708e-02
-3.000000e-01 2.064270e+00 1.327525e-02
-2.850000e-01 2.064270e+00 1.342775e-02
-2.700000e-01 2.064270e+00 1.364891e-02
-2.550000e-01 2.064270e+00 1.397826e-02
-2.400000e-01 2.064270e+00 1.448758e-02
-2.250000e-01 2.064270e+00 1.531495e-02
-2.100000e-01 2.064270e+00 1.674205e-02
-1.950000e-01 2.064270e+00 1.938557e-02
-1.800000e-01 2.064270e+00 2.471182e-02
-1.650000e-01 2.064270e+00 3.655144e-02
-1.500000e-01 2.064270e+00 6.601535e-02
-1.350000e-01 2.064270e+00 1.488860e-01
-1.200000e-01 2.064270e+00 4.076793e-01
-1.050000e-01 2.064270e+00 1.212163e+00
-9.000000e-02 2.064270e+00 3.048234e+00
-7.500000e-02 2.064270e+00 4.805869e+00
-6.000000e-02 2.064270e+00 4.626711e+00
-4.500000e-02 2.064270e+00 3.614126e+00
-3.000000e-02 2.064270e+00 2.853306e+00
-1.500000e-02 2.064270e+00 2.451474e+00
5.551115e-17 2.064270e+00 2.328934e+00
1.500000e-02 2.064270e+00 2.451474e+00
3.000000e-02 2.064270e+00 2.853306e+00
4.500000e-02 2.064270e+00 3.614126e+00
6.000000e-02 2.064270e+00 4.626711e+00
7.500000e-02 2.064270e+00 4.805869e+00
9.000000e-02 2.064270e+00 3.048234e+00
1.050000e-01 2.064270e+00 1.212163e+00
1.200000e-01 2.064270e+00 4.076793e-01
1.350000e-01 2.064270e+00 1.488860e-01
1.500000e-01 2.064270e+00 6.601535e-02
1.650000e-01 2.064270e+00 3.655144e-02
1.800000e-01 2.064270e+00 2.471182e-02
1.950000e-01 2.064270e+00 1.938557e-02
2.100000e-01 2.064270e+00 1.674205e-02
2.250000e-01 2.064270e+00 1.531495e-02
2.400000e-01 2.064270e+00 1.448758e-02
2.550000e-01 2.064270e+00 1.397826e-02
2.700000e-01 2.064270e+00 1.364891e-02
2.850000e-01 2.064270e+00 1.342775e-02
3.000000e-01 2.064270e+00 1.327525e-02
-3.000000e-01 2.077934e+00 1.308307e-02
-2.850000e-01 2.077934e+00 1.322428e-02
-2.700000e-01 2.077934e+00 1.342772e-02
-2.550000e-01 2.077934e+00 1.372852e-02
-2.400000e-01 2.077934e+00 1.419004e-02
-2.250000e-01 2.077934e+00 1.493336e-02
-2.100000e-01 2.077934e+00 1.620359e-02
-1.950000e-01 2.077934e+00 1.853256e-02
-1.800000e-01 2.077934e+00 2.317156e-02
-1.650000e-01 2.077934e+00 3.334906e-02
-1.500000e-01 2.077934e+00 5.829599e-02
-1.350000e-01 2.077934e+00 1.273080e-01
-1.200000e-01 2.077934e+00 3.398311e-01
-1.050000e-01 2.077934e+00 9.996932e-01
-9.000000e-02 2.077934e+00 2.522246e+00
-7.500000e-02 2.077934e+00 3.961239e+00
-6.000000e-02 2.077934e+00 3.821250e+00
-4.500000e-02 2.077934e+00 3.032984e+00
-3.000000e-02 2.077934e+00 2.433178e+00
-1.500000e-02 2.077934e+00 2.111567e+00
5.551115e-17 2.077934e+00 2.012659e+00
1.500000e-02 2.077934e+00 2.111567e+00
3.000000e-02 2.077934e+00 2.433178e+00
4.500000e-02 2.077934e+00 3.032984e+00
6.000000e-02 2.077934e+00 3.821250e+00
7.500000e-02 2.077934e+00 3.961239e+00
9.000000e-02 2.077934e+00 2.522246e+00
1.050000e-01 2.077934e+00 9.996932e-01
1.200000e-01 2.077934e+00 3.398311e-01
1.350000e-01 2.077934e+00 1.273080e-01
1.500000e-01 2.077934e+00 5.829599e-02
1.650000e-01 2.077934e+00 3.334906e-02
1.800000e-01 2.077934e+00 2.317156e-02
1.950000e-01 2.077934e+00 1.853256e-02
2.100000e-01 2.077934e+00 1.620359e-02
2.250000e-01 2.077934e+00 1.493336e-02
2.400000e-01 2.077934e+00 1.419004e-02
2.550000e-01 2.077934e+00 1.372852e-02
2.700000e-01 2.077934e+00 1.342772e-02
2.850000e-01 2.077934e+00 1.322428e-02
3.000000e-01 2.077934e+00 1.308307e-02
-3.000000e-01 2.091599e+00 1.289927e-02
-2.850000e-01 2.091599e+00 1.303069e-02
-2.700000e-01 2.091599e+00 1.321885e-02
-2.550000e-01 2.091599e+00 1.349515e-02
-2.400000e-01 2.091599e+00 1.391589e-02
-2.250000e-01 2.091599e+00 1.458801e-02
-2.100000e-01 2.091599e+00 1.572637e-02
-1.950000e-01 2.091599e+00 1.779334e-02
-1.800000e-01 2.091599e+00 2.186612e-02
-1.650000e-01 2.091599e+00 3.069154e-02
-1.500000e-01 2.091599e+00 5.201477e-02
-1.350000e-01 2.091599e+00 1.100398e-01
-1.200000e-01 2.091599e+00 2.858400e-01
-1.050000e-01 2.091599e+00 8.266953e-01
-9.000000e-02 2.091599e+00 2.077312e+00
-7.500000e-02 2.091599e+00 3.262972e+00
-6.000000e-02 2.091599e+00 3.179043e+00
-4.500000e-02 2.091599e+00 2.569529e+00
-3.000000e-02 2.091599e+00 2.093804e+00
-1.500000e-02 2.091599e+00 1.834198e+00
5.551115e-17 2.091599e+00 1.753651e+00
1.500000e-02 2.091599e+00 1.834198e+00
3.000000e-02 2.091599e+00 2.093804e+00
4.500000e-02 2.091599e+00 2.569529e+00
6.000000e-02 2.091599e+00 3.179043e+00
7.500000e-02 2.091599e+00 3.262972e+00
9.000000e-02 2.091599e+00 2.077312e+00
1.050000e-01 2.091599e+00 8.266953e-01
1.200000e-01 2.091599e+00 2.858400e-01
1.350000e-01 2.091599e+00 1.100398e-01
1.500000e-01 2.091599e+00 5.201477e-02
1.650000e-01 2.091599e+00 3.069154e-02
1.800000e-01 2.091599e+00 2.186612e-02
1.950000e-01 2.091599e+00 1.779334e-02
2.100000e-01 2.091599e+00 1.572637e-02
2.250000e-01 2.091599e+00 1.458801e-02
2.400000e-01 2.091599e+00 1.391589e-02
2.550000e-01 2.091599e+00 1.349515e-02
2.700000e-01 2.091599e+00 1.321885e-02
2.850000e-01 2.091599e+00 1.303069e-02
3.000000e-01 2.091599e+00 1.289927e-02
-3.000000e-01 2.105263e+00 1.272282e-02
-2.850000e-01 2.105263e+00 1.284570e-02
-2.700000e-01 2.105263e+00 1.302058e-02
-2.550000e-01 2.105263e+00 1.327569e-02
-2.400000e-01 2.105263e+00 1.366138e-02
-2.250000e-01 2.105263e+00 1.427268e-02
-2.100000e-01 2.105263e+00 1.529927e-02
-1.950000e-01 2.105263e+00 1.714613e-02
-1.800000e-01 2.105263e+00 2.074815e-02
-1.650000e-01 2.105263e+00 2.846328e-02
-1.500000e-01 2.105263e+00 4.685301e-02
-1.350000e-01 2.105263e+00 9.611176e-02
-1.200000e-01 2.105263e+00 2.428561e-01
-1.050000e-01 2.105263e+00 6.884769e-01
-9.000000e-02 2.105263e+00 1.716028e+00
-7.500000e-02 2.105263e+00 2.701762e+00
-6.000000e-02 2.105263e+00 2.668623e+00
-4.500000e-02 2.105263e+00 2.197361e+00
-3.000000e-02 2.105263e+00 1.817155e+00
-1.500000e-02 2.105263e+00 1.605752e+00
5.551115e-17 2.105263e+00 1.539576e+00
1.500000e-02 2.105263e+00 1.605752e+00
3.000000e-02 2.105263e+00 1.817155e+00
4.500000e-02 2.105263e+00 2.197361e+00
6.000000e-02 2.105263e+00 2.668623e+00
7.500000e-02 2.105263e+00 2.701762e+00
9.000000e-02 2.105263e+00 1.716028e+00
1.050000e-01 2.105263e+00 6.884769e-01
1.200000e-01 2.105263e+00 2.428561e-01
1.350000e-01 2.105263e+00 9.611176e-02
1.500000e-01 2.105263e+00 4.685301e-02
1.650000e-01 2.105263e+00 2.846328e-02
1.800000e-01 2.105263e+00 2.074815e-02
1.950000e-01 2.105263e+00 1.714613e-02
2.100000e-01 2.105263e+00 1.529927e-02
2.250000e-01 2.105263e+00 1.427268e-02
2.400000e-01 2.105263e+00 1.366138e-02
2.550000e-01 2.105263e+00 1.327569e-02
2.700000e-01 2.105263e+00 1.302058e-02
2.850000e-01 2.105263e+00 1.284570e-02
3.000000e-01 2.105263e+00 1.272282e-02
-3.000000e-01 2.118927e+00 1.255289e-02
-2.850000e-01 2.118927e+00 1.266825e-02
-2.700000e-01 2.118927e+00 1.283151e-02
-2.550000e-01 2.118927e+00 1.306817e-02
-2.400000e-01 2.118927e+00 1.342352e-02
-2.250000e-01 2.118927e+00 1.398251e-02
-2.100000e-01 2.118927e+00 1.491362e-02
-1.950000e-01 2.118927e+00 1.657403e-02
-1.800000e-01 2.118927e+00 1.978125e-02
-1.650000e-01 2.118927e+00 2.657624e-02
-1.500000e-01 2.118927e+00 4.256882e-02
-1.350000e-01 2.118927e+00 8.477420e-02
-1.200000e-01 2.118927e+00 2.084469e-01
-1.050000e-01 2.118927e+00 5.785991e-01
-9.000000e-02 2.118927e+00 1.427688e+00
-7.500000e-02 2.118927e+00 2.255277e+00
-6.000000e-02 2.118927e+00 2.261517e+00
-4.500000e-02 2.118927e+00 1.895920e+00
-3.000000e-02 2.118927e+00 1.589535e+00
-1.500000e-02 2.118927e+00 1.415888e+00
5.551115e-17 2.118927e+00 1.361056e+00
1.500000e-02 2.118927e+00 1.415888e+00
3.000000e-02 2.118927e+00 1.589535e+00
4.500000e-02 2.118927e+00 1.895920e+00
6.000000e-02 2.118927e+00 2.261517e+00
7.500000e-02 2.118927e+00 2.255277e+00
9.000000e-02 2.118927e+00 1.427688e+00
1.050000e-01 2.118927e+00 5.785991e-01
1.200000e-01 2.118927e+00 2.084469e-01
1.350000e-01 2.118927e+00 8.477420e-02
1.500000e-01 2.118927e+00 4.256882e-02
1.650000e-01 2.118927e+00 2.657624e-02
1.800000e-01 2.118927e+00 1.978125e-02
1.950000e-01 2.118927e+00 1.657403e-02
2.100000e-01 2.118927e+00 1.491362e-02
2.250000e-01 2.118927e+00 1.398251e-02
2.400000e-01 2.118927e+00 1.342352e-02
2.550000e-01 2.118927e+00 1.306817e-02
2.700000e-01 2.118927e+00 1.283151e-02
2.850000e-01 2.118927e+00 1.266825e-02
3.000000e-01 2.118927e+00 1.255289e-02
-3.000000e-01 2.132592e+00 1.238878e-02
-2.850000e-01 2.132592e+00 1.249750e-02
-2.700000e-01 2.132592e+00 1.265053e-02
-2.550000e-01 2.132592e+00 1.287102e-02
-2.400000e-01 2.132592e+00 1.319992e-02
-2.250000e-01 2.132592e+00 1.371358e-02
-2.100000e-01 2.132592e+00 1.456255e-02
-1.950000e-01 2.132592e+00 1.606382e-02
-1.800000e-01 2.132592e+00 1.893721e-02
-1.650000e-01 2.132592e+00 2.496292e-02
-1.500000e-01 2.132592e+00 3.897835e-02
-1.350000e-01 2.132592e+00 7.545611e-02
-1.200000e-01 2.132592e+00 1.806800e-01
-1.050000e-01 2.132592e+00 4.910276e-01
-9.000000e-02 2.132592e+00 1.198511e+00
-7.500000e-02 2.132592e+00 1.900156e+00
-6.000000e-02 2.132592e+00 1.934543e+00
-4.500000e-02 2.132592e+00 1.649507e+00
-3.000000e-02 2.132592e+00 1.400545e+00
-1.500000e-02 2.132592e+00 1.256720e+00
5.551115e-17 2.132592e+00 1.210919e+00
1.500000e-02 2.132592e+00 1.256720e+00
3.000000e-02 2.132592e+00 1.400545e+00
4.500000e-02 2.132592e+00 1.649507e+00
6.000000e-02 2.132592e+00 1.934543e+00
7.500000e-02 2.132592e+00 1.900156e+00
9.000000e-02 2.132592e+00 1.198511e+00
1.050000e-01 2.132592e+00 4.910276e-01
1.200000e-01 2.132592e+00 1.806800e-01
1.350000e-01 2.132592e+00 7.545611e-02
1.500000e-01 2.132592e+00 3.897835e-02
1.650000e-01 2.132592e+00 2.496292e-02
1.800000e-01 2.132592e+00 1.893721e-02
1.950000e-01 2.132592e+00 1.606382e-02
2.100000e-01 2.132592e+00 1.456255e-02
2.250000e-01 2.132592e+00 1.371358e-02
2.400000e-01 2.132592e+00 1.319992e-02
2.550000e-01 2.132592e+00 1.287102e-02
2.700000e-01 2.132592e+00 1.265053e-02
2.850000e-01 2.132592e+00 1.249750e-02
3.000000e-01 2.132592e+00 1.238878e-02
-3.000000e-01 2.146256e+00 1.222994e-02
-2.850000e-01 2.146256e+00 1.233275e-02
-2.700000e-01 2.146256e+00 1.247670e-02
-2.550000e-01 2.146256e+00 1.268294e-02
-2.400000e-01 2.146256e+00 1.298864e-02
-2.250000e-01 2.146256e+00 1.346277e-02
-2.100000e-01 2.146256e+00 1.424059e-02
-1.950000e-01 2.146256e+00 1.560505e-02
-1.800000e-01 2.146256e+00 1.819401e-02
-1.650000e-01 2.146256e+00 2.357122e-02
-1.500000e-01 2.146256e+00 3.594124e-02
-1.350000e-01 2.146256e+00 6.772413e-02
-1.200000e-01 2.146256e+00 1.580678e-01
-1.050000e-01 2.146256e+00 4.207774e-01
-9.000000e-02 2.146256e+00 1.015808e+00
-7.500000e-02 2.146256e+00 1.616274e+00
-6.000000e-02 2.146256e+00 1.669655e+00
-4.500000e-02 2.146256e+00 1.446204e+00
-3.000000e-02 2.146256e+00 1.242258e+00
-1.500000e-02 2.146256e+00 1.122193e+00
5.551115e-17 2.146256e+00 1.083645e+00
1.500000e-02 2.146256e+00 1.122193e+00
3.000000e-02 2.146256e+00 1.242258e+00
4.500000e-02 2.146256e+00 1.446204e+00
6.000000e-02 2.146256e+00 1.669655e+00
7.500000e-02 2.146256e+00 1.616274e+00
9.000000e-02 2.146256e+00 1.015808e+00
1.050000e-01 2.146256e+00 4.207774e-01
1.200000e-01 2.146256e+00 1.580678e-01
1.350000e-01 2.146256e+00 6.772413e-02
1.500000e-01 2.146256e+00 3.594124e-02
1.650000e-01 2.146256e+00 2.357122e-02
1.800000e-01 2.146256e+00 1.819401e-02
1.950000e-01 2.146256e+00 1.560505e-02
2.100000e-01 2.146256e+00 1.424059e-02
2.250000e-01 2.146256e+00 1.346277e-02
2.400000e-01 2.146256e+00 1.298864e-02
2.550000e-01 2.146256e+00 1.268294e-02
2.700000e-01 2.146256e+00 1.247670e-02
2.850000e-01 2.146256e+00 1.233275e-02
3.000000e-01 2.146256e+00 1.222994e-02
-3.000000e-01 2.159920e+00 1.207589e-02
-2.850000e-01 2.159920e+00 1.217340e-02
-2.700000e-01 2.159920e+00 1.230927e-02
-2.550000e-01 2.159920e+00 1.250287e-02
-2.400000e-01 2.159920e+00 1.278810e-02
-2.250000e-01 2.159920e+00 1.322756e-02
-2.100000e-01 2.159920e+00 1.394336e-02
-1.950000e-01 2.159920e+00 1.518941e-02
-1.800000e-01 2.159920e+00 1.753427e-02
-1.650000e-01 2.159920e+00 2.236053e-02
-1.500000e-01 2.159920e+00 3.334951e-02
-1.350000e-01 2.159920e+00 6.124861e-02
-1.200000e-01 2.159920e+00 1.394784e-01
-1.050000e-01 2.159920e+00 3.639443e-01
-9.000000e-02 2.159920e+00 8.691701e-01
-7.500000e-02 2.159920e+00 1.387579e+00
-6.000000e-02 2.159920e+00 1.453078e+00
-4.500000e-02 2.159920e+00 1.276953e+00
-3.000000e-02 2.159920e+00 1.108593e+00
-1.500000e-02 2.159920e+00 1.007620e+00
5.551115e-17 2.159920e+00 9.749454e-01
1.500000e-02 2.159920e+00 1.007620e+00
3.000000e-02 2.159920e+00 1.108593e+00
4.500000e-02 2.159920e+00 1.276953e+00
6.000000e-02 2.159920e+00 1.453078e+00
7.500000e-02 2.159920e+00 1.387579e+00
9.000000e-02 2.159920e+00 8.691701e-01
1.050000e-01 2.159920e+00 3.639443e-01
1.200000e-01 2.159920e+00 1.394784e-01
1.350000e-01 2.159920e+00 6.124861e-02
1.500000e-01 2.159920e+00 3.334951e-02
1.650000e-01 2.159920e+00 2.236053e-02
1.800000e-01 2.159920e+00 1.753427e-02
1.950000e-01 2.159920e+00 1.518941e-02
2.100000e-01 2.159920e+00 1.394336e-02
2.250000e-01 2.159920e+00 1.322756e-02
2.400000e-01 2.159920e+00 1.278810e-02
2.550000e-01 2.159920e+00 1.250287e-02
2.700000e-01 2.159920e+00 1.230927e-02
2.850000e-01 2.159920e+00 1.217340e-02
3.000000e-01 2.159920e+00 1.207589e-02
-3.000000e-01 2.173584e+00 1.192621e-02
-2.850000e-01 2.173584e+00 1.201896e-02
-2.700000e-01 2.173584e+00 1.214759e-02
-2.550000e-01 2.173584e+00 1.232992e-02
-2.400000e-01 2.173584e+00 1.259700e-02
-2.250000e-01 2.173584e+00 1.300587e-02
-2.100000e-01 2.173584e+00 1.366728e-02
-1.950000e-01 2.173584e+00 1.481023e-02
-1.800000e-01 2.173584e+00 1.694421e-02
-1.650000e-01 2.173584e+00 2.129896e-02
-1.500000e-01 2.173584e+00 3.111950e-02
-1.350000e-01 2.173584e+00 5.577737e-02
-1.200000e-01 2.173584e+00 1.240529e-01
-1.050000e-01 2.173584e+00 3.175400e-01
-9.000000e-02 2.173584e+00 7.504709e-01
-7.500000e-02 2.173584e+00 1.201690e+00
-6.000000e-02 2.173584e+00 1.274354e+00
-4.500000e-02 2.173584e+00 1.134841e+00
-3.000000e-02 2.173584e+00 9.948481e-01
-1.500000e-02 2.173584e+00 9.093434e-01
5.551115e-17 2.173584e+00 8.814639e-01
1.500000e-02 2.173584e+00 9.093434e-01
3.000000e-02 2.173584e+00 9.948481e-01
4.500000e-02 2.173584e+00 1.134841e+00
6.000000e-02 2.173584e+00 1.274354e+00
7.500000e-02 2.173584e+00 1.201690e+00
9.000000e-02 2.173584e+00 7.504709e-01
1.050000e-01 2.173584e+00 3.175400e-01
1.200000e-01 2.173584e+00 1.240529e-01
1.350000e-01 2.173584e+00 5.577737e-02
1.500000e-01 2.173584e+00 3.111950e-02
1.650000e-01 2.173584e+00 2.129896e-02
1.800000e-01 2.173584e+00 1.694421e-02
1.950000e-01 2.173584e+00 1.481023e-02
2.100000e-01 2.173584e+00 1.366728e-02
2.250000e-01 2.173584e+00 1.300587e-02
2.400000e-01 2.173584e+00 1.259700e-02
2.550000e-01 2.173584e+00 1.232992e-02
2.700000e-01 2.173584e+00 1.214759e-02
2.850000e-01 2.173584e+00 1.201896e-02
3.000000e-01 2.173584e+00 1.192621e-02
-3.000000e-01 2.187249e+00 1.178059e-02
-2.850000e-01 2.187249e+00 1.186902e-02
-2.700000e-01 2.187249e+00 1.199114e-02
-2.550000e-01 2.187249e+00 1.216337e-02
-2.400000e-01 2.187249e+00 1.241425e-02
-2.250000e-01 2.187249e+00 1.279600e-02
-2.100000e-01 2.187249e+00 1.340946e-02
-1.950000e-01 2.187249e+00 1.446209e-02
-1.800000e-01 2.187249e+00 1.641275e-02
-1.650000e-01 2.187249e+00 2.036124e-02
-1.500000e-01 2.187249e+00 2.918576e-02
-1.350000e-01 2.187249e+00 5.111608e-02
-1.200000e-01 2.187249e+00 1.111374e-01
-1.050000e-01 2.187249e+00 2.792952e-01
-9.000000e-02 2.187249e+00 6.534987e-01
-7.500000e-02 2.187249e+00 1.049187e+00
-6.000000e-02 2.187249e+00 1.125537e+00
-4.500000e-02 2.187249e+00 1.014550e+00
-3.000000e-02 2.187249e+00 8.973561e-01
-1.500000e-02 2.187249e+00 8.244842e-01
5.551115e-17 2.187249e+00 8.005496e-01
1.500000e-02 2.187249e+00 8.244842e-01
3.000000e-02 2.187249e+00 8.973561e-01
4.500000e-02 2.187249e+00 1.014550e+00
6.000000e-02 2.187249e+00 1.125537e+00
7.500000e-02 2.187249e+00 1.049187e+00
9.000000e-02 2.187249e+00 6.534987e-01
1.050000e-01 2.187249e+00 2.792952e-01
1.200000e-01 2.187249e+00 1.111374e-01
1.350000e-01 2.187249e+00 5.111608e-02
1.500000e-01 2.187249e+00 2.918576e-02
1.650000e-01 2.187249e+00 2.036124e-02
1.800000e-01 2.187249e+00 1.641275e-02
1.950000e-01 2.187249e+00 1.446209e-02
2.100000e-01 2.187249e+00 1.340946e-02
2.250000e-01 2.187249e+00 1.279600e-02
2.400000e-01 2.187249e+00 1.241425e-02
2.550000e-01 2.187249e+00 1.216337e-02
2.700000e-01 2.187249e+00 1.199114e-02
2.850000e-01 2.187249e+00 1.186902e-02
3.000000e-01 2.187249e+00 1.178059e-02
-3.000000e-01 2.200913e+00 1.163871e-02
-2.850000e-01 2.200913e+00 1.172323e-02
-2.700000e-01 2.200913e+00 1.183945e-02
-2.550000e-01 2.200913e+00 1.200259e-02
-2.400000e-01 2.200913e+00 1.223897e-02
-2.250000e-01 2.200913e+00 1.259654e-02
-2.100000e-01 2.200913e+00 1.316750e-02
-1.950000e-01 2.200913e+00 1.414060e-02
-1.800000e-01 2.200913e+00 1.593095e-02
-1.650000e-01 2.200913e+00 1.952718e-02
-1.500000e-01 2.200913e+00 2.749671e-02
-1.350000e-01 2.200913e+00 4.711374e-02
-1.200000e-01 2.200913e+00 1.002309e-01
-1.050000e-01 2.200913e+00 2.474862e-01
-9.000000e-02 2.200913e+00 5.735370e-01
-7.500000e-02 2.200913e+00 9.229175e-01
-6.000000e-02 2.200913e+00 1.000558e+00
-4.500000e-02 2.200913e+00 9.119584e-01
-3.000000e-02 2.200913e+00 8.132343e-01
-1.500000e-02 2.200913e+00 7.507573e-01
5.551115e-17 2.200913e+00 7.300916e-01
1.500000e-02 2.200913e+00 7.507573e-01
3.000000e-02 2.200913e+00 8.132343e-01
4.500000e-02 2.200913e+00 9.119584e-01
6.000000e-02 2.200913e+00 1.000558e+00
7.500000e-02 2.200913e+00 9.229175e-01
9.000000e-02 2.200913e+00 5.735370e-01
1.050000e-01 2.200913e+00 2.474862e-01
1.200000e-01 2.200913e+00 1.002309e-01
1.350000e-01 2.200913e+00 4.711374e-02
1.500000e-01 2.200913e+00 2.749671e-02
1.650000e-01 2.200913e+00 1.952718e-02
1.800000e-01 2.200913e+00 1.593095e-02
1.950000e-01 2.200913e+00 1.414060e-02
2.100000e-01 2.200913e+00 1.316750e-02
2.250000e-01 2.200913e+00 1.259654e-02
2.400000e-01 2.200913e+00 1.223897e-02
2.550000e-01 2.200913e+00 1.200259e-02
2.700000e-01 2.200913e+00 1.183945e-02
2.850000e-01 2.200913e+00 1.172323e-02
3.000000e-01 2.200913e+00 1.163871e-02
-3.000000e-01 2.214577e+00 1.150033e-02
-2.850000e-01 2.214577e+00 1.158128e-02
-2.700000e-01 2.214577e+00 1.169214e-02
-2.550000e-01 2.214577e+00 1.184706e-02
-2.400000e-01 2.214577e+00 1.207039e-02
-2.250000e-01 2.214577e+00 1.240631e-02
-2.100000e-01 2.214577e+00 1.293943e-02
-1.950000e-01 2.214577e+00 1.384212e-02
-1.800000e-01 2.214577e+00 1.549155e-02
-1.650000e-01 2.214577e+00 1.878054e-02
-1.500000e-01 2.214577e+00 2.601132e-02
-1.350000e-01 2.214577e+00 4.365203e-02
-1.200000e-01 2.214577e+00 9.094693e-02
-1.050000e-01 2.214577e+00 2.207985e-01
-9.000000e-02 2.214577e+00 5.070031e-01
-7.500000e-02 2.214577e+00 8.174408e-01
-6.000000e-02 2.214577e+00 8.947498e-01
-4.500000e-02 2.214577e+00 8.238442e-01
-3.000000e-02 2.214577e+00 7.401962e-01
-1.500000e-02 2.214577e+00 6.863335e-01
5.551115e-17 2.214577e+00 6.683953e-01
1.500000e-02 2.214577e+00 6.863335e-01
3.000000e-02 2.214577e+00 7.401962e-01
4.500000e-02 2.214577e+00 8.238442e-01
6.000000e-02 2.214577e+00 8.947498e-01
7.500000e-02 2.214577e+00 8.174408e-01
9.000000e-02 2.214577e+00 5.070031e-01
1.050000e-01 2.214577e+00 2.207985e-01
1.200000e-01 2.214577e+00 9.094693e-02
1.350000e-01 2.214577e+00 4.365203e-02
1.500000e-01 2.214577e+00 2.601132e-02
1.650000e-01 2.214577e+00 1.878054e-02
1.800000e-01 2.214577e+00 1.549155e-02
1.950000e-01 2.214577e+00 1.384212e-02
2.100000e-01 2.214577e+00 1.293943e-02
2.250000e-01 2.214577e+00 1.240631e-02
2.400000e-01 2.214577e+00 1.207039e-02
2.550000e-01 2.214577e+00 1.184706e-02
2.700000e-01 2.214577e+00 1.169214e-02
2.850000e-01 2.214577e+00 1.158128e-02
3.000000e-01 2.214577e+00 1.150033e-02
-3.000000e-01 2.228242e+00 1.136522e-02
-2.850000e-01 2.228242e+00 1.144291e-02
-2.700000e-01 2.228242e+00 1.154888e-02
-2.550000e-01 2.228242e+00 1.169634e-02
-2.400000e-01 2.228242e+00 1.190787e-02
-2.250000e-01 2.228242e+00 1.222432e-02
-2.100000e-01 2.228242e+00 1.272359e-02
-1.950000e-01 2.228242e+00 1.356366e-02
-1.800000e-01 2.228242e+00 1.508857e-02
-1.650000e-01 2.228242e+00 1.810810e-02
-1.500000e-01 2.228242e+00 2.469669e-02
-1.350000e-01 2.228242e+00 4.063742e-02
-1.200000e-01 2.228242e+00 8.298463e-02
-1.050000e-01 2.228242e+00 1.982225e-01
-9.000000e-02 2.228242e+00 4.511624e-01
-7.500000e-02 2.228242e+00 7.285911e-01
-6.000000e-02 2.228242e+00 8.044944e-01
-4.500000e-02 2.228242e+00 7.476677e-01
-3.000000e-02 2.228242e+00 6.764135e-01
-1.500000e-02 2.228242e+00 6.297376e-01
5.551115e-17 2.228242e+00 6.140897e-01
1.500000e-02 2.228242e+00 6.297376e-01
3.000000e-02 2.228242e+00 6.764135e-01
4.500000e-02 2.228242e+00 7.476677e-01
6.000000e-02 2.228242e+00 8.044944e-01
7.500000e-02 2.228242e+00 7.285911e-01
9.000000e-02 2.228242e+00 4.511624e-01
1.050000e-01 2.228242e+00 1.982225e-01
1.200000e-01 2.228242e+00 8.298463e-02
1.350000e-01 2.228242e+00 4.063742e-02
1.500000e-01 2.228242e+00 2.469669e-02
1.650000e-01 2.228242e+00 1.810810e-02
1.800000e-01 2.228242e+00 1.508857e-02
1.950000e-01 2.228242e+00 1.356366e-02
2.100000e-01 2.228242e+00 1.272359e-02
2.250000e-01 2.228242e+00 1.222432e-02
2.400000e-01 2.228242e+00 1.190787e-02
2.550000e-01 2.228242e+00 1.169634e-02
2.700000e-01 2.228242e+00 1.154888e-02
2.850000e-01 2.228242e+00 1.144291e-02
3.000000e-01 2.228242e+00 1.136522e-02
-3.000000e-01 2.241906e+00 1.123321e-02
-2.850000e-01 2.241906e+00 1.130788e-02
-2.700000e-01 2.241906e+00 1.140939e-02
-2.550000e-01 2.241906e+00 1.155003e-02
-2.400000e-01 2.241906e+00 1.175086e-02
-2.250000e-01 2.241906e+00 1.204973e-02
-2.100000e-01 2.241906e+00 1.251859e-02
-1.950000e-01 2.241906e+00 1.330273e-02
-1.800000e-01 2.241906e+00 1.471708e-02
-1.650000e-01 2.241906e+00 1.749907e-02
-1.500000e-01 2.241906e+00 2.352626e-02
-1.350000e-01 2.241906e+00 3.799541e-02
-1.200000e-01 2.241906e+00 7.610790e-02
-1.050000e-01 2.241906e+00 1.789769e-01
-9.000000e-02 2.241906e+00 4.039137e-01
-7.500000e-02 2.241906e+00 6.531558e-01
-6.000000e-02 2.241906e+00 7.269628e-01
-4.500000e-02 2.241906e+00 6.814094e-01
-3.000000e-02 2.241906e+00 6.204128e-01
-1.500000e-02 2.241906e+00 5.797705e-01
5.551115e-17 2.241906e+00 5.660574e-01
1.500000e-02 2.241906e+00 5.797705e-01
3.000000e-02 2.241906e+00 6.204128e-01
4.500000e-02 2.241906e+00 6.814094e-01
6.000000e-02 2.241906e+00 7.269628e-01
7.500000e-02 2.241906e+00 6.531558e-01
9.000000e-02 2.241906e+00 4.039137e-01
1.050000e-01 2.241906e+00 1.789769e-01
1.200000e-01 2.241906e+00 7.610790e-02
1.350000e-01 2.241906e+00 3.799541e-02
1.500000e-01 2.241906e+00 2.352626e-02
1.650000e-01 2.241906e+00 1.749907e-02
1.800000e-01 2.241906e+00 1.471708e-02
1.950000e-01 2.241906e+00 1.330273e-02
2.100000e-01 2.241906e+00 1.251859e-02
2.250000e-01 2.241906e+00 1.204973e-02
2.400000e-01 2.241906e+00 1.175086e-02
2.550000e-01 2.241906e+00 1.155003e-02
2.700000e-01 2.241906e+00 1.140939e-02
2.850000e-01 2.241906e+00 1.130788e-02
3.000000e-01 2.241906e+00 1.123321e-02
-3.000000e-01 2.255570e+00 1.110410e-02
-2.850000e-01 2.255570e+00 1.117600e-02
-2.700000e-01 2.255570e+00 1.127340e-02
-2.550000e-01 2.255570e+00 1.140782e-02
-2.400000e-01 2.255570e+00 1.159890e-02
-2.250000e-01 2.255570e+00 1.188184e-02
-2.100000e-01 2.255570e+00 1.232326e-02
-1.950000e-01 2.255570e+00 1.305723e-02
-1.800000e-01 2.255570e+00 1.437300e-02
-1.650000e-01 2.255570e+00 1.694458e-02
-1.500000e-01 2.255570e+00 2.247837e-02
-1.350000e-01 2.255570e+00 3.566611e-02
-1.200000e-01 2.255570e+00 7.012985e-02
-1.050000e-01 2.255570e+00 1.624517e-01
-9.000000e-02 2.255570e+00 3.636295e-01
-7.500000e-02 2.255570e+00 5.886367e-01
-6.000000e-02 2.255570e+00 6.599245e-01
-4.500000e-02 2.255570e+00 6.234507e-01
-3.000000e-02 2.255570e+00 5.709973e-01
-1.500000e-02 2.255570e+00 5.354506e-01
5.551115e-17 2.255570e+00 5.233813e-01
1.500000e-02 2.255570e+00 5.354506e-01
3.000000e-02 2.255570e+00 5.709973e-01
4.500000e-02 2.255570e+00 6.234507e-01
6.000000e-02 2.255570e+00 6.599245e-01
7.500000e-02 2.255570e+00 5.886367e-01
9.000000e-02 2.255570e+00 3.636295e-01
1.050000e-01 2.255570e+00 1.624517e-01
1.200000e-01 2.255570e+00 7.012985e-02
1.350000e-01 2.255570e+00 3.566611e-02
1.500000e-01 2.255570e+00 2.247837e-02
1.650000e-01 2.255570e+00 1.694458e-02
1.800000e-01 2.255570e+00 1.437300e-02
1.950000e-01 2.255570e+00 1.305723e-02
2.100000e-01 2.255570e+00 1.232326e-02
2.250000e-01 2.255570e+00 1.188184e-02
2.400000e-01 2.255570e+00 1.159890e-02
2.550000e-01 2.255570e+00 1.140782e-02
2.700000e-01 2.255570e+00 1.127340e-02
2.850000e-01 2.255570e+00 1.117600e-02
3.000000e-01 2.255570e+00 1.110410e-02
-3.000000e-01 2.269234e+00 1.097776e-02
-2.850000e-01 2.269234e+00 1.104710e-02
-2.700000e-01 2.269234e+00 1.114070e-02
-2.550000e-01 2.269234e+00 1.126941e-02
-2.400000e-01 2.269234e+00 1.145157e-02
-2.250000e-01 2.269234e+00 1.172001e-02
-2.100000e-01 2.269234e+00 1.213661e-02
-1.950000e-01 2.269234e+00 1.282539e-02
-1.800000e-01 2.269234e+00 1.405288e-02
-1.650000e-01 2.269234e+00 1.643726e-02
-1.500000e-01 2.269234e+00 2.153528e-02
-1.350000e-01 2.269234e+00 3.360105e-02
-1.200000e-01 2.269234e+00 6.490134e-02
-1.050000e-01 2.269234e+00 1.481669e-01
-9.000000e-02 2.269234e+00 3.290382e-01
-7.500000e-02 2.269234e+00 5.330748e-01
-6.000000e-02 2.269234e+00 6.016057e-01
-4.500000e-02 2.269234e+00 5.724842e-01
-3.000000e-02 2.269234e+00 5.271883e-01
-1.500000e-02 2.269234e+00 4.959689e-01
5.551115e-17 2.269234e+00 4.853037e-01
1.500000e-02 2.269234e+00 4.959689e-01
3.000000e-02 2.269234e+00 5.271883e-01
4.500000e-02 2.269234e+00 5.724842e-01
6.000000e-02 2.269234e+00 6.016057e-01
7.500000e-02 2.269234e+00 5.330748e-01
9.000000e-02 2.269234e+00 3.290382e-01
1.050000e-01 2.269234e+00 1.481669e-01
1.200000e-01 2.269234e+00 6.490134e-02
1.350000e-01 2.269234e+00 3.360105e-02
1.500000e-01 2.269234e+00 2.153528e-02
1.650000e-01 2.269234e+00 1.643726e-02
1.800000e-01 2.269234e+00 1.405288e-02
1.950000e-01 2.269234e+00 1.282539e-02
2.100000e-01 2.269234e+00 1.213661e-02
2.250000e-01 2.269234e+00 1.172001e-02
2.400000e-01 2.269234e+00 1.145157e-02
2.550000e-01 2.269234e+00 1.126941e-02
2.700000e-01 2.269234e+00 1.114070e-02
2.850000e-01 2.269234e+00 1.104710e-02
3.000000e-01 2.269234e+00 1.097776e-02
-3.000000e-01 2.282899e+00 1.085406e-02
-2.850000e-01 2.282899e+00 1.092100e-02
-2.700000e-01 2.282899e+00 1.101110e-02
-2.550000e-01 2.282899e+00 1.113454e-02
-2.400000e-01 2.282899e+00 1.130853e-02
-2.250000e-01 2.282899e+00 1.156375e-02
-2.100000e-01 2.282899e+00 1.195779e-02
-1.950000e-01 2.282899e+00 1.260572e-02
-1.800000e-01 2.282899e+00 1.375385e-02
-1.650000e-01 2.282899e+00 1.597097e-02
-1.500000e-01 2.282899e+00 2.068234e-02
-1.350000e-01 2.282899e+00 3.176068e-02
-1.200000e-01 2.282899e+00 6.030236e-02
-1.050000e-01 2.282899e+00 1.357413e-01
-9.000000e-02 2.282899e+00 2.991384e-01
-7.500000e-02 2.282899e+00 4.849204e-01
-6.000000e-02 2.282899e+00 5.505845e-01
-4.500000e-02 2.282899e+00 5.274456e-01
-3.000000e-02 2.282899e+00 4.881798e-01
-1.500000e-02 2.282899e+00 4.606545e-01
5.551115e-17 2.282899e+00 4.511945e-01
1.500000e-02 2.282899e+00 4.606545e-01
3.000000e-02 2.282899e+00 4.881798e-01
4.500000e-02 2.282899e+00 5.274456e-01
6.000000e-02 2.282899e+00 5.505845e-01
7.500000e-02 2.282899e+00 4.849204e-01
9.000000e-02 2.282899e+00 2.991384e-01
1.050000e-01 2.282899e+00 1.357413e-01
1.200000e-01 2.282899e+00 6.030236e-02
1.350000e-01 2.282899e+00 3.176068e-02
1.500000e-01 2.282899e+00 2.068234e-02
1.650000e-01 2.282899e+00 1.597097e-02
1.800000e-01 2.282899e+00 1.375385e-02
1.950000e-01 2.282899e+00 1.260572e-02
2.100000e-01 2.282899e+00 1.195779e-02
2.250000e-01 2.282899e+00 1.156375e-02
2.400000e-01 2.282899e+00 1.130853e-02
2.550000e-01 2.282899e+00 1.113454e-02
2.700000e-01 2.282899e+00 1.101110e-02
2.850000e-01 2.282899e+00 1.092100e-02
3.000000e-01 2.282899e+00 1.085406e-02
-3.000000e-01 2.296563e+00 1.073285e-02
-2.850000e-01 2.296563e+00 1.079758e-02
-2.700000e-01 2.296563e+00 1.088443e-02
-2.550000e-01 2.296563e+00 1.100300e-02
-2.400000e-01 2.296563e+00 1.116948e-02
-2.250000e-01 2.296563e+00 1.141257e-02
-2.100000e-01 2.296563e+00 1.178605e-02
-1.950000e-01 2.296563e+00 1.239694e-02
-1.800000e-01 2.296563e+00 1.347347e-02
-1.650000e-01 2.296563e+00 1.554055e-02
-1.500000e-01 2.296563e+00 1.990738e-02
-1.350000e-01 2.296563e+00 3.011251e-02
-1.200000e-01 2.296563e+00 5.623561e-02
-1.050000e-01 2.296563e+00 1.248700e-01
-9.000000e-02 2.296563e+00 2.731341e-01
-7.500000e-02 2.296563e+00 4.429378e-01
-6.000000e-02 2.296563e+00 5.057121e-01
-4.500000e-02 2.296563e+00 4.874626e-01
-3.000000e-02 2.296563e+00 4.533036e-01
-1.500000e-02 2.296563e+00 4.289473e-01
5.551115e-17 2.296563e+00 4.205268e-01
1.500000e-02 2.296563e+00 4.289473e-01
3.000000e-02 2.296563e+00 4.533036e-01
4.500000e-02 2.296563e+00 4.874626e-01
6.000000e-02 2.296563e+00 5.057121e-01
7.500000e-02 2.296563e+00 4.429378e-01
9.000000e-02 2.296563e+00 2.731341e-01
1.050000e-01 2.296563e+00 1.248700e-01
1.200000e-01 2.296563e+00 5.623561e-02
1.350000e-01 2.296563e+00 3.011251e-02
1.500000e-01 2.296563e+00 1.990738e-02
1.650000e-01 2.296563e+00 1.554055e-02
1.800000e-01 2.296563e+00 1.347347e-02
1.950000e-01 2.296563e+00 1.239694e-02
2.100000e-01 2.296563e+00 1.178605e-02
2.250000e-01 2.296563e+00 1.141257e-02
2.400000e-01 2.296563e+00 1.116948e-02
2.550000e-01 2.296563e+00 1.100300e-02
2.700000e-01 2.296563e+00 1.088443e-02
2.850000e-01 2.296563e+00 1.079758e-02
3.000000e-01 2.296563e+00 1.073285e-02
-3.000000e-01 2.310227e+00 1.061405e-02
-2.850000e-01 2.310227e+00 1.067670e-02
-2.700000e-01 2.310227e+00 1.076052e-02
-2.550000e-01 2.310227e+00 1.087459e-02
-2.400000e-01 2.310227e+00 1.103413e-02
-2.250000e-01 2.310227e+00 1.126609e-02
-2.100000e-01 2.310227e+00 1.162078e-02
-1.950000e-01 2.310227e+00 1.219795e-02
-1.800000e-01 2.310227e+00 1.320966e-02
-1.650000e-01 2.310227e+00 1.514165e-02
-1.500000e-01 2.310227e+00 1.920023e-02
-1.350000e-01 2.310227e+00 2.862970e-02
-1.200000e-01 2.310227e+00 5.262166e-02
-1.050000e-01 2.310227e+00 1.153067e-01
-9.000000e-02 2.310227e+00 2.503880e-01
-7.500000e-02 2.310227e+00 4.061334e-01
-6.000000e-02 2.310227e+00 4.660534e-01
-4.500000e-02 2.310227e+00 4.518156e-01
-3.000000e-02 2.310227e+00 4.220025e-01
-1.500000e-02 2.310227e+00 4.003772e-01
5.551115e-17 2.310227e+00 3.928573e-01
1.500000e-02 2.310227e+00 4.003772e-01
3.000000e-02 2.310227e+00 4.220025e-01
4.500000e-02 2.310227e+00 4.518156e-01
6.000000e-02 2.310227e+00 4.660534e-01
7.500000e-02 2.310227e+00 4.061334e-01
9.000000e-02 2.310227e+00 2.503880e-01
1.050000e-01 2.310227e+00 1.153067e-01
1.200000e-01 2.310227e+00 5.262166e-02
1.350000e-01 2.310227e+00 2.862970e-02
1.500000e-01 2.310227e+00 1.920023e-02
1.650000e-01 2.310227e+00 1.514165e-02
1.800000e-01 2.310227e+00 1.320966e-02
1.950000e-01 2.310227e+00 1.219795e-02
2.100000e-01 2.310227e+00 1.162078e-02
2.250000e-01 2.310227e+00 1.126609e-02
2.400000e-01 2.310227e+00 1.103413e-02
2.550000e-01 2.310227e+00 1.087459e-02
2.700000e-01 2.310227e+00 1.076052e-02
2.850000e-01 2.310227e+00 1.067670e-02
3.000000e-01 2.310227e+00 1.061405e-02
-3.000000e-01 2.323891e+00 1.049755e-02
-2.850000e-01 2.323891e+00 1.055825e-02
-2.700000e-01 2.323891e+00 1.063926e-02
-2.550000e-01 2.323891e+00 1.074914e-02
-2.400000e-01 2.323891e+00 1.090226e-02
-2.250000e-01 2.323891e+00 1.112397e-02
-2.100000e-01 2.323891e+00 1.146141e-02
-1.950000e-01 2.323891e+00 1.200781e-02
-1.800000e-01 2.323891e+00 1.296064e-02
-1.650000e-01 2.323891e+00 1.477058e-02
-1.500000e-01 2.323891e+00 1.855231e-02
-1.350000e-01 2.323891e+00 2.728990e-02
-1.200000e-01 2.323891e+00 4.939514e-02
-1.050000e-01 2.323891e+00 1.068514e-01
-9.000000e-02 2.323891e+00 2.303855e-01
-7.500000e-02 2.323891e+00 3.737023e-01
-6.000000e-02 2.323891e+00 4.308418e-01
-4.500000e-02 2.323891e+00 4.199067e-01
-3.000000e-02 2.323891e+00 3.938089e-01
-1.500000e-02 2.323891e+00 3.745477e-01
5.551115e-17 2.323891e+00 3.678111e-01
1.500000e-02 2.323891e+00 3.745477e-01
3.000000e-02 2.323891e+00 3.938089e-01
4.500000e-02 2.323891e+00 4.199067e-01
6.000000e-02 2.323891e+00 4.308418e-01
7.500000e-02 2.323891e+00 3.737023e-01
9.000000e-02 2.323891e+00 2.303855e-01
1.050000e-01 2.323891e+00 1.068514e-01
1.200000e-01 2.323891e+00 4.939514e-02
1.350000e-01 2.323891e+00 2.728990e-02
1.500000e-01 2.323891e+00 1.855231e-02
1.650000e-01 2.323891e+00 1.477058e-02
1.800000e-01 2.323891e+00 1.296064e-02
1.950000e-01 2.323891e+00 1.200781e-02
2.100000e-01 2.323891e+00 1.146141e-02
2.250000e-01 2.323891e+00 1.112397e-02
2.400000e-01 2.323891e+00 1.090226e-02
2.550000e-01 2.323891e+00 1.074914e-02
2.700000e-01 2.323891e+00 1.063926e-02
2.850000e-01 2.323891e+00 1.055825e-02
3.000000e-01 2.323891e+00 1.049755e-02
-3.000000e-01 2.337556e+00 1.038325e-02
-2.850000e-01 2.337556e+00 1.044213e-02
-2.700000e-01 2.337556e+00 1.052050e-02
-2.550000e-01 2.337556e+00 1.062648e-02
-2.400000e-01 2.337556e+00 1.077365e-02
-2.250000e-01 2.337556e+00 1.098588e-02
-2.100000e-01 2.337556e+00 1.130747e-02
-1.950000e-01 2.337556e+00 1.182571e-02
-1.800000e-01 2.337556e+00 1.272488e-02
-1.650000e-01 2.337556e+00 1.442419e-02
-1.500000e-01 2.337556e+00 1.795641e-02
-1.350000e-01 2.337556e+00 2.607438e-02
-1.200000e-01 2.337556e+00 4.650199e-02
-1.050000e-01 2.337556e+00 9.934033e-02
-9.000000e-02 2.337556e+00 2.127080e-01
-7.500000e-02 2.337556e+00 3.449875e-01
-6.000000e-02 2.337556e+00 3.994445e-01
-4.500000e-02 2.337556e+00 3.912366e-01
-3.000000e-02 2.337556e+00 3.683288e-01
-1.500000e-02 2.337556e+00 3.511222e-01
5.551115e-17 2.337556e+00 3.450698e-01
1.500000e-02 2.337556e+00 3.511222e-01
3.000000e-02 2.337556e+00 3.683288e-01
4.500000e-02 2.337556e+00 3.912366e-01
6.000000e-02 2.337556e+00 3.994445e-01
7.500000e-02 2.337556e+00 3.449875e-01
9.000000e-02 2.337556e+00 2.127080e-01
1.050000e-01 2.337556e+00 9.934033e-02
1.200000e-01 2.337556e+00 4.650199e-02
1.350000e-01 2.337556e+00 2.607438e-02
1.500000e-01 2.337556e+00 1.795641e-02
1.650000e-01 2.337556e+00 1.442419e-02
1.800000e-01 2.337556e+00 1.272488e-02
1.950000e-01 2.337556e+00 1.182571e-02
2.100000e-01 2.337556e+00 1.130747e-02
2.250000e-01 2.337556e+00 1.098588e-02
2.400000e-01 2.337556e+00 1.077365e-02
2.550000e-01 2.337556e+00 1.062648e-02
2.700000e-01 2.337556e+00 1.052050e-02
2.850000e-01 2.337556e+00 1.044213e-02
3.000000e-01 2.337556e+00 1.038325e-02
-3.000000e-01 2.351220e+00 1.027108e-02
-2.850000e-01 2.351220e+00 1.032825e-02
-2.700000e-01 2.351220e+00 1.040414e-02
-2.550000e-01 2.351220e+00 1.050648e-02
-2.400000e-01 2.351220e+00 1.064811e-02
-2.250000e-01 2.351220e+00 1.085158e-02
-2.100000e-01 2.351220e+00 1.115854e-02
-1.950000e-01 2.351220e+00 1.165091e-02
-1.800000e-01 2.351220e+00 1.250106e-02
-1.650000e-01 2.351220e+00 1.409979e-02
-1.500000e-01 2.351220e+00 1.740636e-02
-1.350000e-01 2.351220e+00 2.496742e-02
-1.200000e-01 2.351220e+00 4.389715e-02
-1.050000e-01 2.351220e+00 9.263856e-02
-9.000000e-02 2.351220e+00 1.970126e-01
-7.500000e-02 2.351220e+00 3.194493e-01
-6.000000e-02 2.351220e+00 3.713362e-01
-4.500000e-02 2.351220e+00 3.653857e-01
-3.000000e-02 2.351220e+00 3.452278e-01
-1.500000e-02 2.351220e+00 3.298138e-01
5.551115e-17 2.351220e+00 3.243611e-01
1.500000e-02 2.351220e+00 3.298138e-01
3.000000e-02 2.351220e+00 3.452278e-01
4.500000e-02 2.351220e+00 3.653857e-01
6.000000e-02 2.351220e+00 3.713362e-01
7.500000e-02 2.351220e+00 3.194493e-01
9.000000e-02 2.351220e+00 1.970126e-01
1.050000e-01 2.351220e+00 9.263856e-02
1.200000e-01 2.351220e+00 4.389715e-02
1.350000e-01 2.351220e+00 2.496742e-02
1.500000e-01 2.351220e+00 1.740636e-02
1.650000e-01 2.351220e+00 1.409979e-02
1.800000e-01 2.351220e+00 1.250106e-02
1.950000e-01 2.351220e+00 1.165091e-02
2.100000e-01 2.351220e+00 1.115854e-02
2.250000e-01 2.351220e+00 1.085158e-02
2.400000e-01 2.351220e+00 1.064811e-02
2.550000e-01 2.351220e+00 1.050648e-02
2.700000e-01 2.351220e+00 1.040414e-02
2.850000e-01 2.351220e+00 1.032825e-02
3.000000e-01 2.351220e+00 1.027108e-02
-3.000000e-01 2.364884e+00 1.016096e-02
-2.850000e-01 2.364884e+00 1.021651e-02
-2.700000e-01 2.364884e+00 1.029007e-02
-2.550000e-01 2.364884e+00 1.038900e-02
-2.400000e-01 2.364884e+00 1.052548e-02
-2.250000e-01 2.364884e+00 1.072080e-02
-2.100000e-01 2.364884e+00 1.101425e-02
-1.950000e-01 2.364884e+00 1.148282e-02
-1.800000e-01 2.364884e+00 1.228805e-02
-1.650000e-01 2.364884e+00 1.379505e-02
-1.500000e-01 2.364884e+00 1.689693e-02
-1.350000e-01 2.364884e+00 2.395567e-02
-1.200000e-01 2.364884e+00 4.154287e-02
-1.050000e-01 2.364884e+00 8.663408e-02
-9.000000e-02 2.364884e+00 1.830165e-01
-7.500000e-02 2.364884e+00 2.966409e-01
-6.000000e-02 2.364884e+00 3.460778e-01
-4.500000e-02 2.364884e+00 3.419996e-01
-3.000000e-02 2.364884e+00 3.242212e-01
-1.500000e-02 2.364884e+00 3.103768e-01
5.551115e-17 2.364884e+00 3.054518e-01
1.500000e-02 2.364884e+00 3.103768e-01
3.000000e-02 2.364884e+00 3.242212e-01
4.500000e-02 2.364884e+00 3.419996e-01
6.000000e-02 2.364884e+00 3.460778e-01
7.500000e-02 2.364884e+00 2.966409e-01
9.000000e-02 2.364884e+00 1.830165e-01
1.050000e-01 2.364884e+00 8.663408e-02
1.200000e-01 2.364884e+00 4.154287e-02
1.350000e-01 2.364884e+00 2.395567e-02
1.500000e-01 2.364884e+00 1.689693e-02
1.650000e-01 2.364884e+00 1.379505e-02
1.800000e-01 2.364884e+00 1.228805e-02
1.950000e-01 2.364884e+00 1.148282e-02
2.100000e-01 2.364884e+00 1.101425e-02
2.250000e-01 2.364884e+00 1.072080e-02
2.400000e-01 2.364884e+00 1.052548e-02
2.550000e-01 2.364884e+00 1.038900e-02
2.700000e-01 2.364884e+00 1.029007e-02
2.850000e-01 2.364884e+00 1.021651e-02
3.000000e-01 2.364884e+00 1.016096e-02
