# MAPbI3 n=3 superfluid scan | Eg=2.178282 eV  Ex=1.991594 eV  binding=186.7 meV | density n = G_DEG * INT d2k/(2pi)^2 f_c (Kramers degeneracy G_DEG=2)
# target_n=7.000e+12 cm^-2  n=7.242389e+12 cm^-2  dmu=2.057600 eV  inverted
# kx_invA  omega_eV  A_kw
-3.000000e-01 -6.275930e-01 5.365878e-01
-2.850000e-01 -6.275930e-01 5.230872e-01
-2.700000e-01 -6.275930e-01 5.076044e-01
-2.550000e-01 -6.275930e-01 4.900775e-01
-2.400000e-01 -6.275930e-01 4.704742e-01
-2.250000e-01 -6.275930e-01 4.488018e-01
-2.100000e-01 -6.275930e-01 4.251178e-01
-1.950000e-01 -6.275930e-01 3.995487e-01
-1.800000e-01 -6.275930e-01 3.723165e-01
-1.650000e-01 -6.275930e-01 3.437526e-01
-1.500000e-01 -6.275930e-01 3.142756e-01
-1.350000e-01 -6.275930e-01 2.842941e-01
-1.200000e-01 -6.275930e-01 2.539543e-01
-1.050000e-01 -6.275930e-01 2.225697e-01
-9.000000e-02 -6.275930e-01 1.877667e-01
-7.500000e-02 -6.275930e-01 1.471101e-01
-6.000000e-02 -6.275930e-01 1.070455e-01
-4.500000e-02 -6.275930e-01 7.908387e-02
-3.000000e-02 -6.275930e-01 6.374793e-02
-1.500000e-02 -6.275930e-01 5.649879e-02
5.551115e-17 -6.275930e-01 5.437940e-02
1.500000e-02 -6.275930e-01 5.649879e-02
3.000000e-02 -6.275930e-01 6.374793e-02
4.500000e-02 -6.275930e-01 7.908387e-02
6.000000e-02 -6.275930e-01 1.070455e-01
7.500000e-02 -6.275930e-01 1.471101e-01
9.000000e-02 -6.275930e-01 1.877667e-01
1.050000e-01 -6.275930e-01 2.225697e-01
1.200000e-01 -6.275930e-01 2.539543e-01
1.350000e-01 -6.275930e-01 2.842941e-01
1.500000e-01 -6.275930e-01 3.142756e-01
1.650000e-01 -6.275930e-01 3.437526e-01
1.800000e-01 -6.275930e-01 3.723165e-01
1.950000e-01 -6.275930e-01 3.995487e-01
2.100000e-01 -6.275930e-01 4.251178e-01
2.250000e-01 -6.275930e-01 4.488018e-01
2.400000e-01 -6.275930e-01 4.704742e-01
2.550000e-01 -6.275930e-01 4.900775e-01
2.700000e-01 -6.275930e-01 5.076044e-01
2.850000e-01 -6.275930e-01 5.230872e-01
3.000000e-01 -6.275930e-01 5.365878e-01
-3.000000e-01 -6.139287e-01 5.787229e-01
-2.850000e-01 -6.139287e-01 5.636355e-01
-2.700000e-01 -6.139287e-01 5.463583e-01
-2.550000e-01 -6.139287e-01 5.268335e-01
-2.400000e-01 -6.139287e-01 5.050384e-01
-2.250000e-01 -6.139287e-01 4.809967e-01
-2.100000e-01 -6.139287e-01 4.547901e-01
-1.950000e-01 -6.139287e-01 4.265784e-01
-1.800000e-01 -6.139287e-01 3.966281e-01
-1.650000e-01 -6.139287e-01 3.653260e-01
-1.500000e-01 -6.139287e-01 3.331535e-01
-1.350000e-01 -6.139287e-01 3.005813e-01
-1.200000e-01 -6.139287e-01 2.678011e-01
-1.050000e-01 -6.139287e-01 2.341287e-01
-9.000000e-02 -6.139287e-01 1.971129e-01
-7.500000e-02 -6.139287e-01 1.542265e-01
-6.000000e-02 -6.139287e-01 1.121648e-01
-4.500000e-02 -6.139287e-01 8.286261e-02
-3.000000e-02 -6.139287e-01 6.680156e-02
-1.500000e-02 -6.139287e-01 5.921218e-02
5.551115e-17 -6.139287e-01 5.699377e-02
1.500000e-02 -6.139287e-01 5.921218e-02
3.000000e-02 -6.139287e-01 6.680156e-02
4.500000e-02 -6.139287e-01 8.286261e-02
6.000000e-02 -6.139287e-01 1.121648e-01
7.500000e-02 -6.139287e-01 1.542265e-01
9.000000e-02 -6.139287e-01 1.971129e-01
1.050000e-01 -6.139287e-01 2.341287e-01
1.200000e-01 -6.139287e-01 2.678011e-01
1.350000e-01 -6.139287e-01 3.005813e-01
1.500000e-01 -6.139287e-01 3.331535e-01
1.650000e-01 -6.139287e-01 3.653260e-01
1.800000e-01 -6.139287e-01 3.966281e-01
1.950000e-01 -6.139287e-01 4.265784e-01
2.100000e-01 -6.139287e-01 4.547901e-01
2.250000e-01 -6.139287e-01 4.809967e-01
2.400000e-01 -6.139287e-01 5.050384e-01
2.550000e-01 -6.139287e-01 5.268335e-01
2.700000e-01 -6.139287e-01 5.463583e-01
2.850000e-01 -6.139287e-01 5.636355e-01
3.000000e-01 -6.139287e-01 5.787229e-01
-3.000000e-01 -6.002645e-01 6.259414e-01
-2.850000e-01 -6.002645e-01 6.090128e-01
-2.700000e-01 -6.002645e-01 5.896575e-01
-2.550000e-01 -6.002645e-01 5.678240e-01
-2.400000e-01 -6.002645e-01 5.435025e-01
-2.250000e-01 -6.002645e-01 5.167380e-01
-2.100000e-01 -6.002645e-01 4.876419e-01
-1.950000e-01 -6.002645e-01 4.564146e-01
-1.800000e-01 -6.002645e-01 4.233754e-01
-1.650000e-01 -6.002645e-01 3.889759e-01
-1.500000e-01 -6.002645e-01 3.537698e-01
-1.350000e-01 -6.002645e-01 3.182984e-01
-1.200000e-01 -6.002645e-01 2.828048e-01
-1.050000e-01 -6.002645e-01 2.466083e-01
-9.000000e-02 -6.002645e-01 2.071746e-01
-7.500000e-02 -6.002645e-01 1.618769e-01
-6.000000e-02 -6.002645e-01 1.176707e-01
-4.500000e-02 -6.002645e-01 8.693424e-02
-3.000000e-02 -6.002645e-01 7.009897e-02
-1.500000e-02 -6.002645e-01 6.214696e-02
5.551115e-17 -6.002645e-01 5.982316e-02
1.500000e-02 -6.002645e-01 6.214696e-02
3.000000e-02 -6.002645e-01 7.009897e-02
4.500000e-02 -6.002645e-01 8.693424e-02
6.000000e-02 -6.002645e-01 1.176707e-01
7.500000e-02 -6.002645e-01 1.618769e-01
9.000000e-02 -6.002645e-01 2.071746e-01
1.050000e-01 -6.002645e-01 2.466083e-01
1.200000e-01 -6.002645e-01 2.828048e-01
1.350000e-01 -6.002645e-01 3.182984e-01
1.500000e-01 -6.002645e-01 3.537698e-01
1.650000e-01 -6.002645e-01 3.889759e-01
1.800000e-01 -6.002645e-01 4.233754e-01
1.950000e-01 -6.002645e-01 4.564146e-01
2.100000e-01 -6.002645e-01 4.876419e-01
2.250000e-01 -6.002645e-01 5.167380e-01
2.400000e-01 -6.002645e-01 5.435025e-01
2.550000e-01 -6.002645e-01 5.678240e-01
2.700000e-01 -6.002645e-01 5.896575e-01
2.850000e-01 -6.002645e-01 6.090128e-01
3.000000e-01 -6.002645e-01 6.259414e-01
-3.000000e-01 -5.866002e-01 6.790800e-01
-2.850000e-01 -5.866002e-01 6.600036e-01
-2.700000e-01 -5.866002e-01 6.382291e-01
-2.550000e-01 -5.866002e-01 6.137144e-01
-2.400000e-01 -5.866002e-01 5.864669e-01
-2.250000e-01 -5.866002e-01 5.565585e-01
-2.100000e-01 -5.866002e-01 5.241378e-01
-1.950000e-01 -5.866002e-01 4.894547e-01
-1.800000e-01 -5.866002e-01 4.528911e-01
-1.650000e-01 -5.866002e-01 4.149747e-01
-1.500000e-01 -5.866002e-01 3.763428e-01
-1.350000e-01 -5.866002e-01 3.376166e-01
-1.200000e-01 -5.866002e-01 2.990972e-01
-1.050000e-01 -5.866002e-01 2.601081e-01
-9.000000e-02 -5.866002e-01 2.180263e-01
-7.500000e-02 -5.866002e-01 1.701157e-01
-6.000000e-02 -5.866002e-01 1.236033e-01
-4.500000e-02 -5.866002e-01 9.133005e-02
-3.000000e-02 -5.866002e-01 7.366714e-02
-1.500000e-02 -5.866002e-01 6.532829e-02
5.551115e-17 -5.866002e-01 6.289223e-02
1.500000e-02 -5.866002e-01 6.532829e-02
3.000000e-02 -5.866002e-01 7.366714e-02
4.500000e-02 -5.866002e-01 9.133005e-02
6.000000e-02 -5.866002e-01 1.236033e-01
7.500000e-02 -5.866002e-01 1.701157e-01
9.000000e-02 -5.866002e-01 2.180263e-01
1.050000e-01 -5.866002e-01 2.601081e-01
1.200000e-01 -5.866002e-01 2.990972e-01
1.350000e-01 -5.866002e-01 3.376166e-01
1.500000e-01 -5.866002e-01 3.763428e-01
1.650000e-01 -5.866002e-01 4.149747e-01
1.800000e-01 -5.866002e-01 4.528911e-01
1.950000e-01 -5.866002e-01 4.894547e-01
2.100000e-01 -5.866002e-01 5.241378e-01
2.250000e-01 -5.866002e-01 5.565585e-01
2.400000e-01 -5.866002e-01 5.864669e-01
2.550000e-01 -5.866002e-01 6.137144e-01
2.700000e-01 -5.866002e-01 6.382291e-01
2.850000e-01 -5.866002e-01 6.600036e-01
3.000000e-01 -5.866002e-01 6.790800e-01
-3.000000e-01 -5.729359e-01 7.391510e-01
-2.850000e-01 -5.729359e-01 7.175551e-01
-2.700000e-01 -5.729359e-01 6.929490e-01
-2.550000e-01 -5.729359e-01 6.653037e-01
-2.400000e-01 -5.729359e-01 6.346498e-01
-2.250000e-01 -5.729359e-01 6.010933e-01
-2.100000e-01 -5.729359e-01 5.648294e-01
-1.950000e-01 -5.729359e-01 5.261678e-01
-1.800000e-01 -5.729359e-01 4.855659e-01
-1.650000e-01 -5.729359e-01 4.436404e-01
-1.500000e-01 -5.729359e-01 4.011253e-01
-1.350000e-01 -5.729359e-01 3.587328e-01
-1.200000e-01 -5.729359e-01 3.168287e-01
-1.050000e-01 -5.729359e-01 2.747418e-01
-9.000000e-02 -5.729359e-01 2.297523e-01
-7.500000e-02 -5.729359e-01 1.790048e-01
-6.000000e-02 -5.729359e-01 1.300078e-01
-4.500000e-02 -5.729359e-01 9.608557e-02
-3.000000e-02 -5.729359e-01 7.753687e-02
-1.500000e-02 -5.729359e-01 6.878498e-02
5.551115e-17 -5.729359e-01 6.622925e-02
1.500000e-02 -5.729359e-01 6.878498e-02
3.000000e-02 -5.729359e-01 7.753687e-02
4.500000e-02 -5.729359e-01 9.608557e-02
6.000000e-02 -5.729359e-01 1.300078e-01
7.500000e-02 -5.729359e-01 1.790048e-01
9.000000e-02 -5.729359e-01 2.297523e-01
1.050000e-01 -5.729359e-01 2.747418e-01
1.200000e-01 -5.729359e-01 3.168287e-01
1.350000e-01 -5.729359e-01 3.587328e-01
1.500000e-01 -5.729359e-01 4.011253e-01
1.650000e-01 -5.729359e-01 4.436404e-01
1.800000e-01 -5.729359e-01 4.855659e-01
1.950000e-01 -5.729359e-01 5.261678e-01
2.100000e-01 -5.729359e-01 5.648294e-01
2.250000e-01 -5.729359e-01 6.010933e-01
2.400000e-01 -5.729359e-01 6.346498e-01
2.550000e-01 -5.729359e-01 6.653037e-01
2.700000e-01 -5.729359e-01 6.929490e-01
2.850000e-01 -5.729359e-01 7.175551e-01
3.000000e-01 -5.729359e-01 7.391510e-01
-3.000000e-01 -5.592716e-01 8.073876e-01
-2.850000e-01 -5.592716e-01 7.828185e-01
-2.700000e-01 -5.592716e-01 7.548785e-01
-2.550000e-01 -5.592716e-01 7.235572e-01
-2.400000e-01 -5.592716e-01 6.889157e-01
-2.250000e-01 -5.592716e-01 6.511038e-01
-2.100000e-01 -5.592716e-01 6.103745e-01
-1.950000e-01 -5.592716e-01 5.671109e-01
-1.800000e-01 -5.592716e-01 5.218608e-01
-1.650000e-01 -5.592716e-01 4.753460e-01
-1.500000e-01 -5.592716e-01 4.284122e-01
-1.350000e-01 -5.592716e-01 3.818751e-01
-1.200000e-01 -5.592716e-01 3.361726e-01
-1.050000e-01 -5.592716e-01 2.906389e-01
-9.000000e-02 -5.592716e-01 2.424487e-01
-7.500000e-02 -5.592716e-01 1.886141e-01
-6.000000e-02 -5.592716e-01 1.369357e-01
-4.500000e-02 -5.592716e-01 1.012413e-01
-3.000000e-02 -5.592716e-01 8.174342e-02
-1.500000e-02 -5.592716e-01 7.255015e-02
5.551115e-17 -5.592716e-01 6.986680e-02
1.500000e-02 -5.592716e-01 7.255015e-02
3.000000e-02 -5.592716e-01 8.174342e-02
4.500000e-02 -5.592716e-01 1.012413e-01
6.000000e-02 -5.592716e-01 1.369357e-01
7.500000e-02 -5.592716e-01 1.886141e-01
9.000000e-02 -5.592716e-01 2.424487e-01
1.050000e-01 -5.592716e-01 2.906389e-01
1.200000e-01 -5.592716e-01 3.361726e-01
1.350000e-01 -5.592716e-01 3.818751e-01
1.500000e-01 -5.592716e-01 4.284122e-01
1.650000e-01 -5.592716e-01 4.753460e-01
1.800000e-01 -5.592716e-01 5.218608e-01
1.950000e-01 -5.592716e-01 5.671109e-01
2.100000e-01 -5.592716e-01 6.103745e-01
2.250000e-01 -5.592716e-01 6.511038e-01
2.400000e-01 -5.592716e-01 6.889157e-01
2.550000e-01 -5.592716e-01 7.235572e-01
2.700000e-01 -5.592716e-01 7.548785e-01
2.850000e-01 -5.592716e-01 7.828185e-01
3.000000e-01 -5.592716e-01 8.073876e-01
-3.000000e-01 -5.456073e-01 8.853025e-01
-2.850000e-01 -5.456073e-01 8.572024e-01
-2.700000e-01 -5.456073e-01 8.253127e-01
-2.550000e-01 -5.456073e-01 7.896489e-01
-2.400000e-01 -5.456073e-01 7.503122e-01
-2.250000e-01 -5.456073e-01 7.075084e-01
-2.100000e-01 -5.456073e-01 6.615629e-01
-1.950000e-01 -5.456073e-01 6.129490e-01
-1.800000e-01 -5.456073e-01 5.623232e-01
-1.650000e-01 -5.456073e-01 5.105313e-01
-1.500000e-01 -5.456073e-01 4.585487e-01
-1.350000e-01 -5.456073e-01 4.073084e-01
-1.200000e-01 -5.456073e-01 3.573285e-01
-1.050000e-01 -5.456073e-01 3.079481e-01
-9.000000e-02 -5.456073e-01 2.562248e-01
-7.500000e-02 -5.456073e-01 1.990232e-01
-6.000000e-02 -5.456073e-01 1.444454e-01
-4.500000e-02 -5.456073e-01 1.068437e-01
-3.000000e-02 -5.456073e-01 8.632737e-02
-1.500000e-02 -5.456073e-01 7.666203e-02
5.551115e-17 -5.456073e-01 7.384249e-02
1.500000e-02 -5.456073e-01 7.666203e-02
3.000000e-02 -5.456073e-01 8.632737e-02
4.500000e-02 -5.456073e-01 1.068437e-01
6.000000e-02 -5.456073e-01 1.444454e-01
7.500000e-02 -5.456073e-01 1.990232e-01
9.000000e-02 -5.456073e-01 2.562248e-01
1.050000e-01 -5.456073e-01 3.079481e-01
1.200000e-01 -5.456073e-01 3.573285e-01
1.350000e-01 -5.456073e-01 4.073084e-01
1.500000e-01 -5.456073e-01 4.585487e-01
1.650000e-01 -5.456073e-01 5.105313e-01
1.800000e-01 -5.456073e-01 5.623232e-01
1.950000e-01 -5.456073e-01 6.129490e-01
2.100000e-01 -5.456073e-01 6.615629e-01
2.250000e-01 -5.456073e-01 7.075084e-01
2.400000e-01 -5.456073e-01 7.503122e-01
2.550000e-01 -5.456073e-01 7.896489e-01
2.700000e-01 -5.456073e-01 8.253127e-01
2.850000e-01 -5.456073e-01 8.572024e-01
3.000000e-01 -5.456073e-01 8.853025e-01
-3.000000e-01 -5.319431e-01 9.747648e-01
-2.850000e-01 -5.319431e-01 9.424429e-01
-2.700000e-01 -5.319431e-01 9.058430e-01
-2.550000e-01 -5.319431e-01 8.650163e-01
-2.400000e-01 -5.319431e-01 8.201167e-01
-2.250000e-01 -5.319431e-01 7.714219e-01
-2.100000e-01 -5.319431e-01 7.193483e-01
-1.950000e-01 -5.319431e-01 6.644803e-01
-1.800000e-01 -5.319431e-01 6.076056e-01
-1.650000e-01 -5.319431e-01 5.497171e-01
-1.500000e-01 -5.319431e-01 4.919404e-01
-1.350000e-01 -5.319431e-01 4.353419e-01
-1.200000e-01 -5.319431e-01 3.805279e-01
-1.050000e-01 -5.319431e-01 3.268402e-01
-9.000000e-02 -5.319431e-01 2.712058e-01
-7.500000e-02 -5.319431e-01 2.103230e-01
-6.000000e-02 -5.319431e-01 1.526040e-01
-4.500000e-02 -5.319431e-01 1.129458e-01
-3.000000e-02 -5.319431e-01 9.133554e-02
-1.500000e-02 -5.319431e-01 8.116490e-02
5.551115e-17 -5.319431e-01 7.819999e-02
1.500000e-02 -5.319431e-01 8.116490e-02
3.000000e-02 -5.319431e-01 9.133554e-02
4.500000e-02 -5.319431e-01 1.129458e-01
6.000000e-02 -5.319431e-01 1.526040e-01
7.500000e-02 -5.319431e-01 2.103230e-01
9.000000e-02 -5.319431e-01 2.712058e-01
1.050000e-01 -5.319431e-01 3.268402e-01
1.200000e-01 -5.319431e-01 3.805279e-01
1.350000e-01 -5.319431e-01 4.353419e-01
1.500000e-01 -5.319431e-01 4.919404e-01
1.650000e-01 -5.319431e-01 5.497171e-01
1.800000e-01 -5.319431e-01 6.076056e-01
1.950000e-01 -5.319431e-01 6.644803e-01
2.100000e-01 -5.319431e-01 7.193483e-01
2.250000e-01 -5.319431e-01 7.714219e-01
2.400000e-01 -5.319431e-01 8.201167e-01
2.550000e-01 -5.319431e-01 8.650163e-01
2.700000e-01 -5.319431e-01 9.058430e-01
2.850000e-01 -5.319431e-01 9.424429e-01
3.000000e-01 -5.319431e-01 9.747648e-01
-3.000000e-01 -5.182788e-01 1.078103e+00
-2.850000e-01 -5.182788e-01 1.040696e+00
-2.700000e-01 -5.182788e-01 9.984396e-01
-2.550000e-01 -5.182788e-01 9.514324e-01
-2.400000e-01 -5.182788e-01 8.998982e-01
-2.250000e-01 -5.182788e-01 8.442071e-01
-2.100000e-01 -5.182788e-01 7.848902e-01
-1.950000e-01 -5.182788e-01 7.226693e-01
-1.800000e-01 -5.182788e-01 6.584914e-01
-1.650000e-01 -5.182788e-01 5.935239e-01
-1.500000e-01 -5.182788e-01 5.290670e-01
-1.350000e-01 -5.182788e-01 4.663381e-01
-1.200000e-01 -5.182788e-01 4.060398e-01
-1.050000e-01 -5.182788e-01 3.475124e-01
-9.000000e-02 -5.182788e-01 2.875351e-01
-7.500000e-02 -5.182788e-01 2.226175e-01
-6.000000e-02 -5.182788e-01 1.614880e-01
-4.500000e-02 -5.182788e-01 1.196092e-01
-3.000000e-02 -5.182788e-01 9.682217e-02
-1.500000e-02 -5.182788e-01 8.611032e-02
5.551115e-17 -5.182788e-01 8.299019e-02
1.500000e-02 -5.182788e-01 8.611032e-02
3.000000e-02 -5.182788e-01 9.682217e-02
4.500000e-02 -5.182788e-01 1.196092e-01
6.000000e-02 -5.182788e-01 1.614880e-01
7.500000e-02 -5.182788e-01 2.226175e-01
9.000000e-02 -5.182788e-01 2.875351e-01
1.050000e-01 -5.182788e-01 3.475124e-01
1.200000e-01 -5.182788e-01 4.060398e-01
1.350000e-01 -5.182788e-01 4.663381e-01
1.500000e-01 -5.182788e-01 5.290670e-01
1.650000e-01 -5.182788e-01 5.935239e-01
1.800000e-01 -5.182788e-01 6.584914e-01
1.950000e-01 -5.182788e-01 7.226693e-01
2.100000e-01 -5.182788e-01 7.848902e-01
2.250000e-01 -5.182788e-01 8.442071e-01
2.400000e-01 -5.182788e-01 8.998982e-01
2.550000e-01 -5.182788e-01 9.514324e-01
2.700000e-01 -5.182788e-01 9.984396e-01
2.850000e-01 -5.182788e-01 1.040696e+00
3.000000e-01 -5.182788e-01 1.078103e+00
-3.000000e-01 -5.046145e-01 1.198238e+00
-2.850000e-01 -5.046145e-01 1.154662e+00
-2.700000e-01 -5.046145e-01 1.105561e+00
-2.550000e-01 -5.046145e-01 1.051101e+00
-2.400000e-01 -5.046145e-01 9.915981e-01
-2.250000e-01 -5.046145e-01 9.275415e-01
-2.100000e-01 -5.046145e-01 8.596077e-01
-1.950000e-01 -5.046145e-01 7.886890e-01
-1.800000e-01 -5.046145e-01 7.159263e-01
-1.650000e-01 -5.046145e-01 6.426951e-01
-1.500000e-01 -5.046145e-01 5.704983e-01
-1.350000e-01 -5.046145e-01 5.007240e-01
-1.200000e-01 -5.046145e-01 4.341783e-01
-1.050000e-01 -5.046145e-01 3.701934e-01
-9.000000e-02 -5.046145e-01 3.053783e-01
-7.500000e-02 -5.046145e-01 2.360261e-01
-6.000000e-02 -5.046145e-01 1.711859e-01
-4.500000e-02 -5.046145e-01 1.269046e-01
-3.000000e-02 -5.046145e-01 1.028504e-01
-1.500000e-02 -5.046145e-01 9.155854e-02
5.551115e-17 -5.046145e-01 8.827267e-02
1.500000e-02 -5.046145e-01 9.155854e-02
3.000000e-02 -5.046145e-01 1.028504e-01
4.500000e-02 -5.046145e-01 1.269046e-01
6.000000e-02 -5.046145e-01 1.711859e-01
7.500000e-02 -5.046145e-01 2.360261e-01
9.000000e-02 -5.046145e-01 3.053783e-01
1.050000e-01 -5.046145e-01 3.701934e-01
1.200000e-01 -5.046145e-01 4.341783e-01
1.350000e-01 -5.046145e-01 5.007240e-01
1.500000e-01 -5.046145e-01 5.704983e-01
1.650000e-01 -5.046145e-01 6.426951e-01
1.800000e-01 -5.046145e-01 7.159263e-01
1.950000e-01 -5.046145e-01 7.886890e-01
2.100000e-01 -5.046145e-01 8.596077e-01
2.250000e-01 -5.046145e-01 9.275415e-01
2.400000e-01 -5.046145e-01 9.915981e-01
2.550000e-01 -5.046145e-01 1.051101e+00
2.700000e-01 -5.046145e-01 1.105561e+00
2.850000e-01 -5.046145e-01 1.154662e+00
3.000000e-01 -5.046145e-01 1.198238e+00
-3.000000e-01 -4.909502e-01 1.338871e+00
-2.850000e-01 -4.909502e-01 1.287747e+00
-2.700000e-01 -4.909502e-01 1.230299e+00
-2.550000e-01 -4.909502e-01 1.166784e+00
-2.400000e-01 -4.909502e-01 1.097638e+00
-2.250000e-01 -4.909502e-01 1.023506e+00
-2.100000e-01 -4.909502e-01 9.452504e-01
-1.950000e-01 -4.909502e-01 8.639757e-01
-1.800000e-01 -4.909502e-01 7.810599e-01
-1.650000e-01 -4.909502e-01 6.981268e-01
-1.500000e-01 -4.909502e-01 6.169153e-01
-1.350000e-01 -4.909502e-01 5.390053e-01
-1.200000e-01 -4.909502e-01 4.653124e-01
-1.050000e-01 -4.909502e-01 3.951494e-01
-9.000000e-02 -4.909502e-01 3.249268e-01
-7.500000e-02 -4.909502e-01 2.506867e-01
-6.000000e-02 -4.909502e-01 1.817997e-01
-4.500000e-02 -4.909502e-01 1.349147e-01
-3.000000e-02 -4.909502e-01 1.094940e-01
-1.500000e-02 -4.909502e-01 9.758029e-02
5.551115e-17 -4.909502e-01 9.411752e-02
1.500000e-02 -4.909502e-01 9.758029e-02
3.000000e-02 -4.909502e-01 1.094940e-01
4.500000e-02 -4.909502e-01 1.349147e-01
6.000000e-02 -4.909502e-01 1.817997e-01
7.500000e-02 -4.909502e-01 2.506867e-01
9.000000e-02 -4.909502e-01 3.249268e-01
1.050000e-01 -4.909502e-01 3.951494e-01
1.200000e-01 -4.909502e-01 4.653124e-01
1.350000e-01 -4.909502e-01 5.390053e-01
1.500000e-01 -4.909502e-01 6.169153e-01
1.650000e-01 -4.909502e-01 6.981268e-01
1.800000e-01 -4.909502e-01 7.810599e-01
1.950000e-01 -4.909502e-01 8.639757e-01
2.100000e-01 -4.909502e-01 9.452504e-01
2.250000e-01 -4.909502e-01 1.023506e+00
2.400000e-01 -4.909502e-01 1.097638e+00
2.550000e-01 -4.909502e-01 1.166784e+00
2.700000e-01 -4.909502e-01 1.230299e+00
2.850000e-01 -4.909502e-01 1.287747e+00
3.000000e-01 -4.909502e-01 1.338871e+00
-3.000000e-01 -4.772859e-01 1.504726e+00
-2.850000e-01 -4.772859e-01 1.444290e+00
-2.700000e-01 -4.772859e-01 1.376578e+00
-2.550000e-01 -4.772859e-01 1.301968e+00
-2.400000e-01 -4.772859e-01 1.221061e+00
-2.250000e-01 -4.772859e-01 1.134703e+00
-2.100000e-01 -4.772859e-01 1.043992e+00
-1.950000e-01 -4.772859e-01 9.503011e-01
-1.800000e-01 -4.772859e-01 8.552987e-01
-1.650000e-01 -4.772859e-01 7.609059e-01
-1.500000e-01 -4.772859e-01 6.691364e-01
-1.350000e-01 -4.772859e-01 5.817840e-01
-1.200000e-01 -4.772859e-01 4.998769e-01
-1.050000e-01 -4.772859e-01 4.226914e-01
-9.000000e-02 -4.772859e-01 3.464027e-01
-7.500000e-02 -4.772859e-01 2.667588e-01
-6.000000e-02 -4.772859e-01 1.934479e-01
-4.500000e-02 -4.772859e-01 1.437354e-01
-3.000000e-02 -4.772859e-01 1.168397e-01
-1.500000e-02 -4.772859e-01 1.042591e-01
5.551115e-17 -4.772859e-01 1.006076e-01
1.500000e-02 -4.772859e-01 1.042591e-01
3.000000e-02 -4.772859e-01 1.168397e-01
4.500000e-02 -4.772859e-01 1.437354e-01
6.000000e-02 -4.772859e-01 1.934479e-01
7.500000e-02 -4.772859e-01 2.667588e-01
9.000000e-02 -4.772859e-01 3.464027e-01
1.050000e-01 -4.772859e-01 4.226914e-01
1.200000e-01 -4.772859e-01 4.998769e-01
1.350000e-01 -4.772859e-01 5.817840e-01
1.500000e-01 -4.772859e-01 6.691364e-01
1.650000e-01 -4.772859e-01 7.609059e-01
1.800000e-01 -4.772859e-01 8.552987e-01
1.950000e-01 -4.772859e-01 9.503011e-01
2.100000e-01 -4.772859e-01 1.043992e+00
2.250000e-01 -4.772859e-01 1.134703e+00
2.400000e-01 -4.772859e-01 1.221061e+00
2.550000e-01 -4.772859e-01 1.301968e+00
2.700000e-01 -4.772859e-01 1.376578e+00
2.850000e-01 -4.772859e-01 1.444290e+00
3.000000e-01 -4.772859e-01 1.504726e+00
-3.000000e-01 -4.636217e-01 1.701884e+00
-2.850000e-01 -4.636217e-01 1.629859e+00
-2.700000e-01 -4.636217e-01 1.549416e+00
-2.550000e-01 -4.636217e-01 1.461100e+00
-2.400000e-01 -4.636217e-01 1.365728e+00
-2.250000e-01 -4.636217e-01 1.264412e+00
-2.100000e-01 -4.636217e-01 1.158555e+00
-1.950000e-01 -4.636217e-01 1.049867e+00
-1.800000e-01 -4.636217e-01 9.403765e-01
-1.650000e-01 -4.636217e-01 8.323603e-01
-1.500000e-01 -4.636217e-01 7.281514e-01
-1.350000e-01 -4.636217e-01 6.297809e-01
-1.200000e-01 -4.636217e-01 5.383876e-01
-1.050000e-01 -4.636217e-01 4.531850e-01
-9.000000e-02 -4.636217e-01 3.700653e-01
-7.500000e-02 -4.636217e-01 2.844281e-01
-6.000000e-02 -4.636217e-01 2.062683e-01
-4.500000e-02 -4.636217e-01 1.534797e-01
-3.000000e-02 -4.636217e-01 1.249897e-01
-1.500000e-02 -4.636217e-01 1.116940e-01
5.551115e-17 -4.636217e-01 1.078414e-01
1.500000e-02 -4.636217e-01 1.116940e-01
3.000000e-02 -4.636217e-01 1.249897e-01
4.500000e-02 -4.636217e-01 1.534797e-01
6.000000e-02 -4.636217e-01 2.062683e-01
7.500000e-02 -4.636217e-01 2.844281e-01
9.000000e-02 -4.636217e-01 3.700653e-01
1.050000e-01 -4.636217e-01 4.531850e-01
1.200000e-01 -4.636217e-01 5.383876e-01
1.350000e-01 -4.636217e-01 6.297809e-01
1.500000e-01 -4.636217e-01 7.281514e-01
1.650000e-01 -4.636217e-01 8.323603e-01
1.800000e-01 -4.636217e-01 9.403765e-01
1.950000e-01 -4.636217e-01 1.049867e+00
2.100000e-01 -4.636217e-01 1.158555e+00
2.250000e-01 -4.636217e-01 1.264412e+00
2.400000e-01 -4.636217e-01 1.365728e+00
2.550000e-01 -4.636217e-01 1.461100e+00
2.700000e-01 -4.636217e-01 1.549416e+00
2.850000e-01 -4.636217e-01 1.629859e+00
3.000000e-01 -4.636217e-01 1.701884e+00
-3.000000e-01 -4.499574e-01 1.938241e+00
-2.850000e-01 -4.499574e-01 1.851665e+00
-2.700000e-01 -4.499574e-01 1.755290e+00
-2.550000e-01 -4.499574e-01 1.649889e+00
-2.400000e-01 -4.499574e-01 1.536573e+00
-2.250000e-01 -4.499574e-01 1.416803e+00
-2.100000e-01 -4.499574e-01 1.292377e+00
-1.950000e-01 -4.499574e-01 1.165434e+00
-1.800000e-01 -4.499574e-01 1.038447e+00
-1.650000e-01 -4.499574e-01 9.141233e-01
-1.500000e-01 -4.499574e-01 7.951657e-01
-1.350000e-01 -4.499574e-01 6.838643e-01
-1.200000e-01 -4.499574e-01 5.814590e-01
-1.050000e-01 -4.499574e-01 4.870617e-01
-9.000000e-02 -4.499574e-01 3.962185e-01
-7.500000e-02 -4.499574e-01 3.039113e-01
-6.000000e-02 -4.499574e-01 2.204226e-01
-4.500000e-02 -4.499574e-01 1.642803e-01
-3.000000e-02 -4.499574e-01 1.340655e-01
-1.500000e-02 -4.499574e-01 1.200032e-01
5.551115e-17 -4.499574e-01 1.159367e-01
1.500000e-02 -4.499574e-01 1.200032e-01
3.000000e-02 -4.499574e-01 1.340655e-01
4.500000e-02 -4.499574e-01 1.642803e-01
6.000000e-02 -4.499574e-01 2.204226e-01
7.500000e-02 -4.499574e-01 3.039113e-01
9.000000e-02 -4.499574e-01 3.962185e-01
1.050000e-01 -4.499574e-01 4.870617e-01
1.200000e-01 -4.499574e-01 5.814590e-01
1.350000e-01 -4.499574e-01 6.838643e-01
1.500000e-01 -4.499574e-01 7.951657e-01
1.650000e-01 -4.499574e-01 9.141233e-01
1.800000e-01 -4.499574e-01 1.038447e+00
1.950000e-01 -4.499574e-01 1.165434e+00
2.100000e-01 -4.499574e-01 1.292377e+00
2.250000e-01 -4.499574e-01 1.416803e+00
2.400000e-01 -4.499574e-01 1.536573e+00
2.550000e-01 -4.499574e-01 1.649889e+00
2.700000e-01 -4.499574e-01 1.755290e+00
2.850000e-01 -4.499574e-01 1.851665e+00
3.000000e-01 -4.499574e-01 1.938241e+00
-3.000000e-01 -4.362931e-01 2.224125e+00
-2.850000e-01 -4.362931e-01 2.119115e+00
-2.700000e-01 -4.362931e-01 2.002622e+00
-2.550000e-01 -4.362931e-01 1.875736e+00
-2.400000e-01 -4.362931e-01 1.739961e+00
-2.250000e-01 -4.362931e-01 1.597222e+00
-2.100000e-01 -4.362931e-01 1.449835e+00
-1.950000e-01 -4.362931e-01 1.300487e+00
-1.800000e-01 -4.362931e-01 1.152206e+00
-1.650000e-01 -4.362931e-01 1.008219e+00
-1.500000e-01 -4.362931e-01 8.716570e-01
-1.350000e-01 -4.362931e-01 7.450868e-01
-1.200000e-01 -4.362931e-01 6.298280e-01
-1.050000e-01 -4.362931e-01 5.248337e-01
-9.000000e-02 -4.362931e-01 4.252198e-01
-7.500000e-02 -4.362931e-01 3.254627e-01
-6.000000e-02 -4.362931e-01 2.361006e-01
-4.500000e-02 -4.362931e-01 1.762945e-01
-3.000000e-02 -4.362931e-01 1.442117e-01
-1.500000e-02 -4.362931e-01 1.293286e-01
5.551115e-17 -4.362931e-01 1.250351e-01
1.500000e-02 -4.362931e-01 1.293286e-01
3.000000e-02 -4.362931e-01 1.442117e-01
4.500000e-02 -4.362931e-01 1.762945e-01
6.000000e-02 -4.362931e-01 2.361006e-01
7.500000e-02 -4.362931e-01 3.254627e-01
9.000000e-02 -4.362931e-01 4.252198e-01
1.050000e-01 -4.362931e-01 5.248337e-01
1.200000e-01 -4.362931e-01 6.298280e-01
1.350000e-01 -4.362931e-01 7.450868e-01
1.500000e-01 -4.362931e-01 8.716570e-01
1.650000e-01 -4.362931e-01 1.008219e+00
1.800000e-01 -4.362931e-01 1.152206e+00
1.950000e-01 -4.362931e-01 1.300487e+00
2.100000e-01 -4.362931e-01 1.449835e+00
2.250000e-01 -4.362931e-01 1.597222e+00
2.400000e-01 -4.362931e-01 1.739961e+00
2.550000e-01 -4.362931e-01 1.875736e+00
2.700000e-01 -4.362931e-01 2.002622e+00
2.850000e-01 -4.362931e-01 2.119115e+00
3.000000e-01 -4.362931e-01 2.224125e+00
-3.000000e-01 -4.226288e-01 2.573111e+00
-2.850000e-01 -4.226288e-01 2.444555e+00
-2.700000e-01 -4.226288e-01 2.302445e+00
-2.550000e-01 -4.226288e-01 2.148302e+00
-2.400000e-01 -4.226288e-01 1.984164e+00
-2.250000e-01 -4.226288e-01 1.812581e+00
-2.100000e-01 -4.226288e-01 1.636551e+00
-1.950000e-01 -4.226288e-01 1.459467e+00
-1.800000e-01 -4.226288e-01 1.285057e+00
-1.650000e-01 -4.226288e-01 1.117177e+00
-1.500000e-01 -4.226288e-01 9.594504e-01
-1.350000e-01 -4.226288e-01 8.147334e-01
-1.200000e-01 -4.226288e-01 6.843835e-01
-1.050000e-01 -4.226288e-01 5.671119e-01
-9.000000e-02 -4.226288e-01 4.574926e-01
-7.500000e-02 -4.226288e-01 3.493823e-01
-6.000000e-02 -4.226288e-01 2.535270e-01
-4.500000e-02 -4.226288e-01 1.897094e-01
-3.000000e-02 -4.226288e-01 1.556021e-01
-1.500000e-02 -4.226288e-01 1.398412e-01
5.551115e-17 -4.226288e-01 1.353080e-01
1.500000e-02 -4.226288e-01 1.398412e-01
3.000000e-02 -4.226288e-01 1.556021e-01
4.500000e-02 -4.226288e-01 1.897094e-01
6.000000e-02 -4.226288e-01 2.535270e-01
7.500000e-02 -4.226288e-01 3.493823e-01
9.000000e-02 -4.226288e-01 4.574926e-01
1.050000e-01 -4.226288e-01 5.671119e-01
1.200000e-01 -4.226288e-01 6.843835e-01
1.350000e-01 -4.226288e-01 8.147334e-01
1.500000e-01 -4.226288e-01 9.594504e-01
1.650000e-01 -4.226288e-01 1.117177e+00
1.800000e-01 -4.226288e-01 1.285057e+00
1.950000e-01 -4.226288e-01 1.459467e+00
2.100000e-01 -4.226288e-01 1.636551e+00
2.250000e-01 -4.226288e-01 1.812581e+00
2.400000e-01 -4.226288e-01 1.984164e+00
2.550000e-01 -4.226288e-01 2.148302e+00
2.700000e-01 -4.226288e-01 2.302445e+00
2.850000e-01 -4.226288e-01 2.444555e+00
3.000000e-01 -4.226288e-01 2.573111e+00
-3.000000e-01 -4.089645e-01 3.003090e+00
-2.850000e-01 -4.089645e-01 2.844256e+00
-2.700000e-01 -4.089645e-01 2.669278e+00
-2.550000e-01 -4.089645e-01 2.480274e+00
-2.400000e-01 -4.089645e-01 2.280015e+00
-2.250000e-01 -4.089645e-01 2.071890e+00
-2.100000e-01 -4.089645e-01 1.859806e+00
-1.950000e-01 -4.089645e-01 1.648083e+00
-1.800000e-01 -4.089645e-01 1.441332e+00
-1.650000e-01 -4.089645e-01 1.244181e+00
-1.500000e-01 -4.089645e-01 1.060818e+00
-1.350000e-01 -4.089645e-01 8.943833e-01
-1.200000e-01 -4.089645e-01 7.462046e-01
-1.050000e-01 -4.089645e-01 6.146300e-01
-9.000000e-02 -4.089645e-01 4.935407e-01
-7.500000e-02 -4.089645e-01 3.760254e-01
-6.000000e-02 -4.089645e-01 2.729685e-01
-4.500000e-02 -4.089645e-01 2.047490e-01
-3.000000e-02 -4.089645e-01 1.684465e-01
-1.500000e-02 -4.089645e-01 1.517492e-01
5.551115e-17 -4.089645e-01 1.469639e-01
1.500000e-02 -4.089645e-01 1.517492e-01
3.000000e-02 -4.089645e-01 1.684465e-01
4.500000e-02 -4.089645e-01 2.047490e-01
6.000000e-02 -4.089645e-01 2.729685e-01
7.500000e-02 -4.089645e-01 3.760254e-01
9.000000e-02 -4.089645e-01 4.935407e-01
1.050000e-01 -4.089645e-01 6.146300e-01
1.200000e-01 -4.089645e-01 7.462046e-01
1.350000e-01 -4.089645e-01 8.943833e-01
1.500000e-01 -4.089645e-01 1.060818e+00
1.650000e-01 -4.089645e-01 1.244181e+00
1.800000e-01 -4.089645e-01 1.441332e+00
1.950000e-01 -4.089645e-01 1.648083e+00
2.100000e-01 -4.089645e-01 1.859806e+00
2.250000e-01 -4.089645e-01 2.071890e+00
2.400000e-01 -4.089645e-01 2.280015e+00
2.550000e-01 -4.089645e-01 2.480274e+00
2.700000e-01 -4.089645e-01 2.669278e+00
2.850000e-01 -4.089645e-01 2.844256e+00
3.000000e-01 -4.089645e-01 3.003090e+00
-3.000000e-01 -3.953003e-01 3.537543e+00
-2.850000e-01 -3.953003e-01 3.339616e+00
-2.700000e-01 -3.953003e-01 3.122247e+00
-2.550000e-01 -3.953003e-01 2.888372e+00
-2.400000e-01 -3.953003e-01 2.641764e+00
-2.250000e-01 -3.953003e-01 2.386963e+00
-2.100000e-01 -3.953003e-01 2.129103e+00
-1.950000e-01 -3.953003e-01 1.873730e+00
-1.800000e-01 -3.953003e-01 1.626597e+00
-1.650000e-01 -3.953003e-01 1.393279e+00
-1.500000e-01 -3.953003e-01 1.178609e+00
-1.350000e-01 -3.953003e-01 9.859927e-01
-1.200000e-01 -3.953003e-01 8.166105e-01
-1.050000e-01 -3.953003e-01 6.682740e-01
-9.000000e-02 -3.953003e-01 5.339667e-01
-7.500000e-02 -3.953003e-01 4.058157e-01
-6.000000e-02 -3.953003e-01 2.947440e-01
-4.500000e-02 -3.953003e-01 2.216833e-01
-3.000000e-02 -3.953003e-01 1.829999e-01
-1.500000e-02 -3.953003e-01 1.653073e-01
5.551115e-17 -3.953003e-01 1.602592e-01
1.500000e-02 -3.953003e-01 1.653073e-01
3.000000e-02 -3.953003e-01 1.829999e-01
4.500000e-02 -3.953003e-01 2.216833e-01
6.000000e-02 -3.953003e-01 2.947440e-01
7.500000e-02 -3.953003e-01 4.058157e-01
9.000000e-02 -3.953003e-01 5.339667e-01
1.050000e-01 -3.953003e-01 6.682740e-01
1.200000e-01 -3.953003e-01 8.166105e-01
1.350000e-01 -3.953003e-01 9.859927e-01
1.500000e-01 -3.953003e-01 1.178609e+00
1.650000e-01 -3.953003e-01 1.393279e+00
1.800000e-01 -3.953003e-01 1.626597e+00
1.950000e-01 -3.953003e-01 1.873730e+00
2.100000e-01 -3.953003e-01 2.129103e+00
2.250000e-01 -3.953003e-01 2.386963e+00
2.400000e-01 -3.953003e-01 2.641764e+00
2.550000e-01 -3.953003e-01 2.888372e+00
2.700000e-01 -3.953003e-01 3.122247e+00
2.850000e-01 -3.953003e-01 3.339616e+00
3.000000e-01 -3.953003e-01 3.537543e+00
-3.000000e-01 -3.816360e-01 4.206807e+00
-2.850000e-01 -3.816360e-01 3.958485e+00
-2.700000e-01 -3.816360e-01 3.686392e+00
-2.550000e-01 -3.816360e-01 3.394575e+00
-2.400000e-01 -3.816360e-01 3.088188e+00
-2.250000e-01 -3.816360e-01 2.773362e+00
-2.100000e-01 -3.816360e-01 2.456918e+00
-1.950000e-01 -3.816360e-01 2.146063e+00
-1.800000e-01 -3.816360e-01 1.848052e+00
-1.650000e-01 -3.816360e-01 1.569651e+00
-1.500000e-01 -3.816360e-01 1.316431e+00
-1.350000e-01 -3.816360e-01 1.092003e+00
-1.200000e-01 -3.816360e-01 8.972253e-01
-1.050000e-01 -3.816360e-01 7.291208e-01
-9.000000e-02 -3.816360e-01 5.794963e-01
-7.500000e-02 -3.816360e-01 4.392609e-01
-6.000000e-02 -3.816360e-01 3.192368e-01
-4.500000e-02 -3.816360e-01 2.408392e-01
-3.000000e-02 -3.816360e-01 1.995741e-01
-1.500000e-02 -3.816360e-01 1.808293e-01
5.551115e-17 -3.816360e-01 1.755101e-01
1.500000e-02 -3.816360e-01 1.808293e-01
3.000000e-02 -3.816360e-01 1.995741e-01
4.500000e-02 -3.816360e-01 2.408392e-01
6.000000e-02 -3.816360e-01 3.192368e-01
7.500000e-02 -3.816360e-01 4.392609e-01
9.000000e-02 -3.816360e-01 5.794963e-01
1.050000e-01 -3.816360e-01 7.291208e-01
1.200000e-01 -3.816360e-01 8.972253e-01
1.350000e-01 -3.816360e-01 1.092003e+00
1.500000e-01 -3.816360e-01 1.316431e+00
1.650000e-01 -3.816360e-01 1.569651e+00
1.800000e-01 -3.816360e-01 1.848052e+00
1.950000e-01 -3.816360e-01 2.146063e+00
2.100000e-01 -3.816360e-01 2.456918e+00
2.250000e-01 -3.816360e-01 2.773362e+00
2.400000e-01 -3.816360e-01 3.088188e+00
2.550000e-01 -3.816360e-01 3.394575e+00
2.700000e-01 -3.816360e-01 3.686392e+00
2.850000e-01 -3.816360e-01 3.958485e+00
3.000000e-01 -3.816360e-01 4.206807e+00
-3.000000e-01 -3.679717e-01 5.048619e+00
-2.850000e-01 -3.679717e-01 4.736094e+00
-2.700000e-01 -3.679717e-01 4.393858e+00
-2.550000e-01 -3.679717e-01 4.027436e+00
-2.400000e-01 -3.679717e-01 3.643886e+00
-2.250000e-01 -3.679717e-01 3.251571e+00
-2.100000e-01 -3.679717e-01 2.859687e+00
-1.950000e-01 -3.679717e-01 2.477764e+00
-1.800000e-01 -3.679717e-01 2.115097e+00
-1.650000e-01 -3.679717e-01 1.779994e+00
-1.500000e-01 -3.679717e-01 1.478886e+00
-1.350000e-01 -3.679717e-01 1.215487e+00
-1.200000e-01 -3.679717e-01 9.900639e-01
-1.050000e-01 -3.679717e-01 7.984890e-01
-9.000000e-02 -3.679717e-01 6.310086e-01
-7.500000e-02 -3.679717e-01 4.769734e-01
-6.000000e-02 -3.679717e-01 3.469105e-01
-4.500000e-02 -3.679717e-01 2.626161e-01
-3.000000e-02 -3.679717e-01 2.185538e-01
-1.500000e-02 -3.679717e-01 1.987049e-01
5.551115e-17 -3.679717e-01 1.931108e-01
1.500000e-02 -3.679717e-01 1.987049e-01
3.000000e-02 -3.679717e-01 2.185538e-01
4.500000e-02 -3.679717e-01 2.626161e-01
6.000000e-02 -3.679717e-01 3.469105e-01
7.500000e-02 -3.679717e-01 4.769734e-01
9.000000e-02 -3.679717e-01 6.310086e-01
1.050000e-01 -3.679717e-01 7.984890e-01
1.200000e-01 -3.679717e-01 9.900639e-01
1.350000e-01 -3.679717e-01 1.215487e+00
1.500000e-01 -3.679717e-01 1.478886e+00
1.650000e-01 -3.679717e-01 1.779994e+00
1.800000e-01 -3.679717e-01 2.115097e+00
1.950000e-01 -3.679717e-01 2.477764e+00
2.100000e-01 -3.679717e-01 2.859687e+00
2.250000e-01 -3.679717e-01 3.251571e+00
2.400000e-01 -3.679717e-01 3.643886e+00
2.550000e-01 -3.679717e-01 4.027436e+00
2.700000e-01 -3.679717e-01 4.393858e+00
2.850000e-01 -3.679717e-01 4.736094e+00
3.000000e-01 -3.679717e-01 5.048619e+00
-3.000000e-01 -3.543074e-01 6.105973e+00
-2.850000e-01 -3.543074e-01 5.714174e+00
-2.700000e-01 -3.543074e-01 5.284025e+00
-2.550000e-01 -3.543074e-01 4.822914e+00
-2.400000e-01 -3.543074e-01 4.340499e+00
-2.250000e-01 -3.543074e-01 3.848318e+00
-2.100000e-01 -3.543074e-01 3.359031e+00
-1.950000e-01 -3.543074e-01 2.885541e+00
-1.800000e-01 -3.543074e-01 2.440068e+00
-1.650000e-01 -3.543074e-01 2.033026e+00
-1.500000e-01 -3.543074e-01 1.671895e+00
-1.350000e-01 -3.543074e-01 1.360344e+00
-1.200000e-01 -3.543074e-01 1.097646e+00
-1.050000e-01 -3.543074e-01 8.780043e-01
-9.000000e-02 -3.543074e-01 6.895758e-01
-7.500000e-02 -3.543074e-01 5.196965e-01
-6.000000e-02 -3.543074e-01 3.783298e-01
-4.500000e-02 -3.543074e-01 2.875043e-01
-3.000000e-02 -3.543074e-01 2.404165e-01
-1.500000e-02 -3.543074e-01 2.194223e-01
5.551115e-17 -3.543074e-01 2.135563e-01
1.500000e-02 -3.543074e-01 2.194223e-01
3.000000e-02 -3.543074e-01 2.404165e-01
4.500000e-02 -3.543074e-01 2.875043e-01
6.000000e-02 -3.543074e-01 3.783298e-01
7.500000e-02 -3.543074e-01 5.196965e-01
9.000000e-02 -3.543074e-01 6.895758e-01
1.050000e-01 -3.543074e-01 8.780043e-01
1.200000e-01 -3.543074e-01 1.097646e+00
1.350000e-01 -3.543074e-01 1.360344e+00
1.500000e-01 -3.543074e-01 1.671895e+00
1.650000e-01 -3.543074e-01 2.033026e+00
1.800000e-01 -3.543074e-01 2.440068e+00
1.950000e-01 -3.543074e-01 2.885541e+00
2.100000e-01 -3.543074e-01 3.359031e+00
2.250000e-01 -3.543074e-01 3.848318e+00
2.400000e-01 -3.543074e-01 4.340499e+00
2.550000e-01 -3.543074e-01 4.822914e+00
2.700000e-01 -3.543074e-01 5.284025e+00
2.850000e-01 -3.543074e-01 5.714174e+00
3.000000e-01 -3.543074e-01 6.105973e+00
-3.000000e-01 -3.406431e-01 7.417830e+00
-2.850000e-01 -3.406431e-01 6.934873e+00
-2.700000e-01 -3.406431e-01 6.400176e+00
-2.550000e-01 -3.406431e-01 5.823180e+00
-2.400000e-01 -3.406431e-01 5.216960e+00
-2.250000e-01 -3.406431e-01 4.597627e+00
-2.100000e-01 -3.406431e-01 3.983061e+00
-1.950000e-01 -3.406431e-01 3.391363e+00
-1.800000e-01 -3.406431e-01 2.839220e+00
-1.650000e-01 -3.406431e-01 2.340173e+00
-1.500000e-01 -3.406431e-01 1.903143e+00
-1.350000e-01 -3.406431e-01 1.531564e+00
-1.200000e-01 -3.406431e-01 1.223147e+00
-1.050000e-01 -3.406431e-01 9.696866e-01
-9.000000e-02 -3.406431e-01 7.565149e-01
-7.500000e-02 -3.406431e-01 5.683386e-01
-6.000000e-02 -3.406431e-01 4.141870e-01
-4.500000e-02 -3.406431e-01 3.161113e-01
-3.000000e-02 -3.406431e-01 2.657603e-01
-1.500000e-02 -3.406431e-01 2.435974e-01
5.551115e-17 -3.406431e-01 2.374731e-01
1.500000e-02 -3.406431e-01 2.435974e-01
3.000000e-02 -3.406431e-01 2.657603e-01
4.500000e-02 -3.406431e-01 3.161113e-01
6.000000e-02 -3.406431e-01 4.141870e-01
7.500000e-02 -3.406431e-01 5.683386e-01
9.000000e-02 -3.406431e-01 7.565149e-01
1.050000e-01 -3.406431e-01 9.696866e-01
1.200000e-01 -3.406431e-01 1.223147e+00
1.350000e-01 -3.406431e-01 1.531564e+00
1.500000e-01 -3.406431e-01 1.903143e+00
1.650000e-01 -3.406431e-01 2.340173e+00
1.800000e-01 -3.406431e-01 2.839220e+00
1.950000e-01 -3.406431e-01 3.391363e+00
2.100000e-01 -3.406431e-01 3.983061e+00
2.250000e-01 -3.406431e-01 4.597627e+00
2.400000e-01 -3.406431e-01 5.216960e+00
2.550000e-01 -3.406431e-01 5.823180e+00
2.700000e-01 -3.406431e-01 6.400176e+00
2.850000e-01 -3.406431e-01 6.934873e+00
3.000000e-01 -3.406431e-01 7.417830e+00
-3.000000e-01 -3.269789e-01 8.994207e+00
-2.850000e-01 -3.269789e-01 8.422439e+00
-2.700000e-01 -3.269789e-01 7.777350e+00
-2.550000e-01 -3.269789e-01 7.069698e+00
-2.400000e-01 -3.269789e-01 6.316519e+00
-2.250000e-01 -3.269789e-01 5.540383e+00
-2.100000e-01 -3.269789e-01 4.767276e+00
-1.950000e-01 -3.269789e-01 4.023765e+00
-1.800000e-01 -3.269789e-01 3.333932e+00
-1.650000e-01 -3.269789e-01 2.716483e+00
-1.500000e-01 -3.269789e-01 2.182673e+00
-1.350000e-01 -3.269789e-01 1.735591e+00
-1.200000e-01 -3.269789e-01 1.370606e+00
-1.050000e-01 -3.269789e-01 1.076066e+00
-9.000000e-02 -3.269789e-01 8.334558e-01
-7.500000e-02 -3.269789e-01 6.240178e-01
-6.000000e-02 -3.269789e-01 4.553374e-01
-4.500000e-02 -3.269789e-01 3.491950e-01
-3.000000e-02 -3.269789e-01 2.953401e-01
-1.500000e-02 -3.269789e-01 2.720144e-01
5.551115e-17 -3.269789e-01 2.656612e-01
1.500000e-02 -3.269789e-01 2.720144e-01
3.000000e-02 -3.269789e-01 2.953401e-01
4.500000e-02 -3.269789e-01 3.491950e-01
6.000000e-02 -3.269789e-01 4.553374e-01
7.500000e-02 -3.269789e-01 6.240178e-01
9.000000e-02 -3.269789e-01 8.334558e-01
1.050000e-01 -3.269789e-01 1.076066e+00
1.200000e-01 -3.269789e-01 1.370606e+00
1.350000e-01 -3.269789e-01 1.735591e+00
1.500000e-01 -3.269789e-01 2.182673e+00
1.650000e-01 -3.269789e-01 2.716483e+00
1.800000e-01 -3.269789e-01 3.333932e+00
1.950000e-01 -3.269789e-01 4.023765e+00
2.100000e-01 -3.269789e-01 4.767276e+00
2.250000e-01 -3.269789e-01 5.540383e+00
2.400000e-01 -3.269789e-01 6.316519e+00
2.550000e-01 -3.269789e-01 7.069698e+00
2.700000e-01 -3.269789e-01 7.777350e+00
2.850000e-01 -3.269789e-01 8.422439e+00
3.000000e-01 -3.269789e-01 8.994207e+00
-3.000000e-01 -3.133146e-01 1.076528e+01
-2.850000e-01 -3.133146e-01 1.014214e+01
-2.700000e-01 -3.133146e-01 9.411936e+00
-2.550000e-01 -3.133146e-01 8.583145e+00
-2.400000e-01 -3.133146e-01 7.675433e+00
-2.250000e-01 -3.133146e-01 6.719435e+00
-2.100000e-01 -3.133146e-01 5.753559e+00
-1.950000e-01 -3.133146e-01 4.818675e+00
-1.800000e-01 -3.133146e-01 3.952027e+00
-1.650000e-01 -3.133146e-01 3.181770e+00
-1.500000e-01 -3.133146e-01 2.523690e+00
-1.350000e-01 -3.133146e-01 1.980805e+00
-1.200000e-01 -3.133146e-01 1.545201e+00
-1.050000e-01 -3.133146e-01 1.200337e+00
-9.000000e-02 -3.133146e-01 9.224313e-01
-7.500000e-02 -3.133146e-01 6.881208e-01
-6.000000e-02 -3.133146e-01 5.028458e-01
-4.500000e-02 -3.133146e-01 3.877092e-01
-3.000000e-02 -3.133146e-01 3.301170e-01
-1.500000e-02 -3.133146e-01 3.056805e-01
5.551115e-17 -3.133146e-01 2.991511e-01
1.500000e-02 -3.133146e-01 3.056805e-01
3.000000e-02 -3.133146e-01 3.301170e-01
4.500000e-02 -3.133146e-01 3.877092e-01
6.000000e-02 -3.133146e-01 5.028458e-01
7.500000e-02 -3.133146e-01 6.881208e-01
9.000000e-02 -3.133146e-01 9.224313e-01
1.050000e-01 -3.133146e-01 1.200337e+00
1.200000e-01 -3.133146e-01 1.545201e+00
1.350000e-01 -3.133146e-01 1.980805e+00
1.500000e-01 -3.133146e-01 2.523690e+00
1.650000e-01 -3.133146e-01 3.181770e+00
1.800000e-01 -3.133146e-01 3.952027e+00
1.950000e-01 -3.133146e-01 4.818675e+00
2.100000e-01 -3.133146e-01 5.753559e+00
2.250000e-01 -3.133146e-01 6.719435e+00
2.400000e-01 -3.133146e-01 7.675433e+00
2.550000e-01 -3.133146e-01 8.583145e+00
2.700000e-01 -3.133146e-01 9.411936e+00
2.850000e-01 -3.133146e-01 1.014214e+01
3.000000e-01 -3.133146e-01 1.076528e+01
-3.000000e-01 -2.996503e-01 1.251004e+01
-2.850000e-01 -2.996503e-01 1.193274e+01
-2.700000e-01 -2.996503e-01 1.120393e+01
-2.550000e-01 -2.996503e-01 1.031955e+01
-2.400000e-01 -2.996503e-01 9.294123e+00
-2.250000e-01 -2.996503e-01 8.163875e+00
-2.100000e-01 -2.996503e-01 6.983751e+00
-1.950000e-01 -2.996503e-01 5.818216e+00
-1.800000e-01 -2.996503e-01 4.728684e+00
-1.650000e-01 -2.996503e-01 3.761927e+00
-1.500000e-01 -2.996503e-01 2.943589e+00
-1.350000e-01 -2.996503e-01 2.278187e+00
-1.200000e-01 -2.996503e-01 1.753628e+00
-1.050000e-01 -2.996503e-01 1.346568e+00
-9.000000e-02 -2.996503e-01 1.025997e+00
-7.500000e-02 -2.996503e-01 7.623812e-01
-6.000000e-02 -2.996503e-01 5.580484e-01
-4.500000e-02 -2.996503e-01 4.328637e-01
-3.000000e-02 -2.996503e-01 3.713249e-01
-1.500000e-02 -2.996503e-01 3.458992e-01
5.551115e-17 -2.996503e-01 3.392806e-01
1.500000e-02 -2.996503e-01 3.458992e-01
3.000000e-02 -2.996503e-01 3.713249e-01
4.500000e-02 -2.996503e-01 4.328637e-01
6.000000e-02 -2.996503e-01 5.580484e-01
7.500000e-02 -2.996503e-01 7.623812e-01
9.000000e-02 -2.996503e-01 1.025997e+00
1.050000e-01 -2.996503e-01 1.346568e+00
1.200000e-01 -2.996503e-01 1.753628e+00
1.350000e-01 -2.996503e-01 2.278187e+00
1.500000e-01 -2.996503e-01 2.943589e+00
1.650000e-01 -2.996503e-01 3.761927e+00
1.800000e-01 -2.996503e-01 4.728684e+00
1.950000e-01 -2.996503e-01 5.818216e+00
2.100000e-01 -2.996503e-01 6.983751e+00
2.250000e-01 -2.996503e-01 8.163875e+00
2.400000e-01 -2.996503e-01 9.294123e+00
2.550000e-01 -2.996503e-01 1.031955e+01
2.700000e-01 -2.996503e-01 1.120393e+01
2.850000e-01 -2.996503e-01 1.193274e+01
3.000000e-01 -2.996503e-01 1.251004e+01
-3.000000e-01 -2.859860e-01 1.382809e+01
-2.850000e-01 -2.859860e-01 1.345100e+01
-2.700000e-01 -2.859860e-01 1.288700e+01
-2.550000e-01 -2.859860e-01 1.210114e+01
-2.400000e-01 -2.859860e-01 1.108129e+01
-2.250000e-01 -2.859860e-01 9.852279e+00
-2.100000e-01 -2.859860e-01 8.480646e+00
-1.950000e-01 -2.859860e-01 7.063754e+00
-1.800000e-01 -2.859860e-01 5.705549e+00
-1.650000e-01 -2.859860e-01 4.490037e+00
-1.500000e-01 -2.859860e-01 3.465216e+00
-1.350000e-01 -2.859860e-01 2.642193e+00
-1.200000e-01 -2.859860e-01 2.004614e+00
-1.050000e-01 -2.859860e-01 1.519987e+00
-9.000000e-02 -2.859860e-01 1.147395e+00
-7.500000e-02 -2.859860e-01 8.489838e-01
-6.000000e-02 -2.859860e-01 6.226361e-01
-4.500000e-02 -2.859860e-01 4.862070e-01
-3.000000e-02 -2.859860e-01 4.205617e-01
-1.500000e-02 -2.859860e-01 3.943716e-01
5.551115e-17 -2.859860e-01 3.877992e-01
1.500000e-02 -2.859860e-01 3.943716e-01
3.000000e-02 -2.859860e-01 4.205617e-01
4.500000e-02 -2.859860e-01 4.862070e-01
6.000000e-02 -2.859860e-01 6.226361e-01
7.500000e-02 -2.859860e-01 8.489838e-01
9.000000e-02 -2.859860e-01 1.147395e+00
1.050000e-01 -2.859860e-01 1.519987e+00
1.200000e-01 -2.859860e-01 2.004614e+00
1.350000e-01 -2.859860e-01 2.642193e+00
1.500000e-01 -2.859860e-01 3.465216e+00
1.650000e-01 -2.859860e-01 4.490037e+00
1.800000e-01 -2.859860e-01 5.705549e+00
1.950000e-01 -2.859860e-01 7.063754e+00
2.100000e-01 -2.859860e-01 8.480646e+00
2.250000e-01 -2.859860e-01 9.852279e+00
2.400000e-01 -2.859860e-01 1.108129e+01
2.550000e-01 -2.859860e-01 1.210114e+01
2.700000e-01 -2.859860e-01 1.288700e+01
2.850000e-01 -2.859860e-01 1.345100e+01
3.000000e-01 -2.859860e-01 1.382809e+01
-3.000000e-01 -2.723217e-01 1.427888e+01
-2.850000e-01 -2.723217e-01 1.424071e+01
-2.700000e-01 -2.723217e-01 1.402968e+01
-2.550000e-01 -2.723217e-01 1.356712e+01
-2.400000e-01 -2.723217e-01 1.278317e+01
-2.250000e-01 -2.723217e-01 1.164855e+01
-2.100000e-01 -2.723217e-01 1.020580e+01
-1.950000e-01 -2.723217e-01 8.575793e+00
-1.800000e-01 -2.723217e-01 6.924598e+00
-1.650000e-01 -2.723217e-01 5.406198e+00
-1.500000e-01 -2.723217e-01 4.118138e+00
-1.350000e-01 -2.723217e-01 3.091861e+00
-1.200000e-01 -2.723217e-01 2.309606e+00
-1.050000e-01 -2.723217e-01 1.727361e+00
-9.000000e-02 -2.723217e-01 1.290768e+00
-7.500000e-02 -2.723217e-01 9.507058e-01
-6.000000e-02 -2.723217e-01 6.987671e-01
-4.500000e-02 -2.723217e-01 5.497372e-01
-3.000000e-02 -2.723217e-01 4.799121e-01
-1.500000e-02 -2.723217e-01 4.533306e-01
5.551115e-17 -2.723217e-01 4.470077e-01
1.500000e-02 -2.723217e-01 4.533306e-01
3.000000e-02 -2.723217e-01 4.799121e-01
4.500000e-02 -2.723217e-01 5.497372e-01
6.000000e-02 -2.723217e-01 6.987671e-01
7.500000e-02 -2.723217e-01 9.507058e-01
9.000000e-02 -2.723217e-01 1.290768e+00
1.050000e-01 -2.723217e-01 1.727361e+00
1.200000e-01 -2.723217e-01 2.309606e+00
1.350000e-01 -2.723217e-01 3.091861e+00
1.500000e-01 -2.723217e-01 4.118138e+00
1.650000e-01 -2.723217e-01 5.406198e+00
1.800000e-01 -2.723217e-01 6.924598e+00
1.950000e-01 -2.723217e-01 8.575793e+00
2.100000e-01 -2.723217e-01 1.020580e+01
2.250000e-01 -2.723217e-01 1.164855e+01
2.400000e-01 -2.723217e-01 1.278317e+01
2.550000e-01 -2.723217e-01 1.356712e+01
2.700000e-01 -2.723217e-01 1.402968e+01
2.850000e-01 -2.723217e-01 1.424071e+01
3.000000e-01 -2.723217e-01 1.427888e+01
-3.000000e-01 -2.586575e-01 1.368241e+01
-2.850000e-01 -2.586575e-01 1.399876e+01
-2.700000e-01 -2.586575e-01 1.422593e+01
-2.550000e-01 -2.586575e-01 1.426212e+01
-2.400000e-01 -2.586575e-01 1.397589e+01
-2.250000e-01 -2.586575e-01 1.323880e+01
-2.100000e-01 -2.586575e-01 1.199134e+01
-1.950000e-01 -2.586575e-01 1.031007e+01
-1.800000e-01 -2.586575e-01 8.409750e+00
-1.650000e-01 -2.586575e-01 6.553335e+00
-1.500000e-01 -2.586575e-01 4.939264e+00
-1.350000e-01 -2.586575e-01 3.652104e+00
-1.200000e-01 -2.586575e-01 2.683680e+00
-1.050000e-01 -2.586575e-01 1.977527e+00
-9.000000e-02 -2.586575e-01 1.461462e+00
-7.500000e-02 -2.586575e-01 1.071107e+00
-6.000000e-02 -2.586575e-01 7.892190e-01
-4.500000e-02 -2.586575e-01 6.260533e-01
-3.000000e-02 -2.586575e-01 5.521128e-01
-1.500000e-02 -2.586575e-01 5.257181e-01
5.551115e-17 -2.586575e-01 5.199376e-01
1.500000e-02 -2.586575e-01 5.257181e-01
3.000000e-02 -2.586575e-01 5.521128e-01
4.500000e-02 -2.586575e-01 6.260533e-01
6.000000e-02 -2.586575e-01 7.892190e-01
7.500000e-02 -2.586575e-01 1.071107e+00
9.000000e-02 -2.586575e-01 1.461462e+00
1.050000e-01 -2.586575e-01 1.977527e+00
1.200000e-01 -2.586575e-01 2.683680e+00
1.350000e-01 -2.586575e-01 3.652104e+00
1.500000e-01 -2.586575e-01 4.939264e+00
1.650000e-01 -2.586575e-01 6.553335e+00
1.800000e-01 -2.586575e-01 8.409750e+00
1.950000e-01 -2.586575e-01 1.031007e+01
2.100000e-01 -2.586575e-01 1.199134e+01
2.250000e-01 -2.586575e-01 1.323880e+01
2.400000e-01 -2.586575e-01 1.397589e+01
2.550000e-01 -2.586575e-01 1.426212e+01
2.700000e-01 -2.586575e-01 1.422593e+01
2.850000e-01 -2.586575e-01 1.399876e+01
3.000000e-01 -2.586575e-01 1.368241e+01
-3.000000e-01 -2.449932e-01 1.227360e+01
-2.850000e-01 -2.449932e-01 1.282299e+01
-2.700000e-01 -2.449932e-01 1.339627e+01
-2.550000e-01 -2.449932e-01 1.391569e+01
-2.400000e-01 -2.449932e-01 1.424217e+01
-2.250000e-01 -2.449932e-01 1.417170e+01
-2.100000e-01 -2.449932e-01 1.348699e+01
-1.950000e-01 -2.449932e-01 1.208846e+01
-1.800000e-01 -2.449932e-01 1.012570e+01
-1.650000e-01 -2.449932e-01 7.963121e+00
-1.500000e-01 -2.449932e-01 5.971012e+00
-1.350000e-01 -2.449932e-01 4.354853e+00
-1.200000e-01 -2.449932e-01 3.146682e+00
-1.050000e-01 -2.449932e-01 2.282085e+00
-9.000000e-02 -2.449932e-01 1.666426e+00
-7.500000e-02 -2.449932e-01 1.214790e+00
-6.000000e-02 -2.449932e-01 8.975970e-01
-4.500000e-02 -2.449932e-01 7.185602e-01
-3.000000e-02 -2.449932e-01 6.407693e-01
-1.500000e-02 -2.449932e-01 6.154036e-01
5.551115e-17 -2.449932e-01 6.105667e-01
1.500000e-02 -2.449932e-01 6.154036e-01
3.000000e-02 -2.449932e-01 6.407693e-01
4.500000e-02 -2.449932e-01 7.185602e-01
6.000000e-02 -2.449932e-01 8.975970e-01
7.500000e-02 -2.449932e-01 1.214790e+00
9.000000e-02 -2.449932e-01 1.666426e+00
1.050000e-01 -2.449932e-01 2.282085e+00
1.200000e-01 -2.449932e-01 3.146682e+00
1.350000e-01 -2.449932e-01 4.354853e+00
1.500000e-01 -2.449932e-01 5.971012e+00
1.650000e-01 -2.449932e-01 7.963121e+00
1.800000e-01 -2.449932e-01 1.012570e+01
1.950000e-01 -2.449932e-01 1.208846e+01
2.100000e-01 -2.449932e-01 1.348699e+01
2.250000e-01 -2.449932e-01 1.417170e+01
2.400000e-01 -2.449932e-01 1.424217e+01
2.550000e-01 -2.449932e-01 1.391569e+01
2.700000e-01 -2.449932e-01 1.339627e+01
2.850000e-01 -2.449932e-01 1.282299e+01
3.000000e-01 -2.449932e-01 1.227360e+01
-3.000000e-01 -2.313289e-01 1.050409e+01
-2.850000e-01 -2.313289e-01 1.112701e+01
-2.700000e-01 -2.313289e-01 1.185706e+01
-2.550000e-01 -2.313289e-01 1.266716e+01
-2.400000e-01 -2.313289e-01 1.347445e+01
-2.250000e-01 -2.313289e-01 1.409829e+01
-2.100000e-01 -2.313289e-01 1.423699e+01
-1.950000e-01 -2.313289e-01 1.355008e+01
-1.800000e-01 -2.313289e-01 1.191045e+01
-1.650000e-01 -2.313289e-01 9.622097e+00
-1.500000e-01 -2.313289e-01 7.252802e+00
-1.350000e-01 -2.313289e-01 5.239105e+00
-1.200000e-01 -2.313289e-01 3.724500e+00
-1.050000e-01 -2.313289e-01 2.656319e+00
-9.000000e-02 -2.313289e-01 1.914759e+00
-7.500000e-02 -2.313289e-01 1.387752e+00
-6.000000e-02 -2.313289e-01 1.028614e+00
-4.500000e-02 -2.313289e-01 8.317387e-01
-3.000000e-02 -2.313289e-01 7.506244e-01
-1.500000e-02 -2.313289e-01 7.274227e-01
5.551115e-17 -2.313289e-01 7.240332e-01
1.500000e-02 -2.313289e-01 7.274227e-01
3.000000e-02 -2.313289e-01 7.506244e-01
4.500000e-02 -2.313289e-01 8.317387e-01
6.000000e-02 -2.313289e-01 1.028614e+00
7.500000e-02 -2.313289e-01 1.387752e+00
9.000000e-02 -2.313289e-01 1.914759e+00
1.050000e-01 -2.313289e-01 2.656319e+00
1.200000e-01 -2.313289e-01 3.724500e+00
1.350000e-01 -2.313289e-01 5.239105e+00
1.500000e-01 -2.313289e-01 7.252802e+00
1.650000e-01 -2.313289e-01 9.622097e+00
1.800000e-01 -2.313289e-01 1.191045e+01
1.950000e-01 -2.313289e-01 1.355008e+01
2.100000e-01 -2.313289e-01 1.423699e+01
2.250000e-01 -2.313289e-01 1.409829e+01
2.400000e-01 -2.313289e-01 1.347445e+01
2.550000e-01 -2.313289e-01 1.266716e+01
2.700000e-01 -2.313289e-01 1.185706e+01
2.850000e-01 -2.313289e-01 1.112701e+01
3.000000e-01 -2.313289e-01 1.050409e+01
-3.000000e-01 -2.176646e-01 8.751779e+00
-2.850000e-01 -2.176646e-01 9.337570e+00
-2.700000e-01 -2.176646e-01 1.006391e+01
-2.550000e-01 -2.176646e-01 1.094516e+01
-2.400000e-01 -2.176646e-01 1.196840e+01
-2.250000e-01 -2.176646e-01 1.304841e+01
-2.100000e-01 -2.176646e-01 1.395175e+01
-1.950000e-01 -2.176646e-01 1.424038e+01
-1.800000e-01 -2.176646e-01 1.342041e+01
-1.650000e-01 -2.176646e-01 1.141034e+01
-1.500000e-01 -2.176646e-01 8.797760e+00
-1.350000e-01 -2.176646e-01 6.347379e+00
-1.200000e-01 -2.176646e-01 4.450077e+00
-1.050000e-01 -2.176646e-01 3.120330e+00
-9.000000e-02 -2.176646e-01 2.218432e+00
-7.500000e-02 -2.176646e-01 1.597855e+00
-6.000000e-02 -2.176646e-01 1.188464e+00
-4.500000e-02 -2.176646e-01 9.714919e-01
-3.000000e-02 -2.176646e-01 8.878490e-01
-1.500000e-02 -2.176646e-01 8.681427e-01
5.551115e-17 -2.176646e-01 8.667213e-01
1.500000e-02 -2.176646e-01 8.681427e-01
3.000000e-02 -2.176646e-01 8.878490e-01
4.500000e-02 -2.176646e-01 9.714919e-01
6.000000e-02 -2.176646e-01 1.188464e+00
7.500000e-02 -2.176646e-01 1.597855e+00
9.000000e-02 -2.176646e-01 2.218432e+00
1.050000e-01 -2.176646e-01 3.120330e+00
1.200000e-01 -2.176646e-01 4.450077e+00
1.350000e-01 -2.176646e-01 6.347379e+00
1.500000e-01 -2.176646e-01 8.797760e+00
1.650000e-01 -2.176646e-01 1.141034e+01
1.800000e-01 -2.176646e-01 1.342041e+01
1.950000e-01 -2.176646e-01 1.424038e+01
2.100000e-01 -2.176646e-01 1.395175e+01
2.250000e-01 -2.176646e-01 1.304841e+01
2.400000e-01 -2.176646e-01 1.196840e+01
2.550000e-01 -2.176646e-01 1.094516e+01
2.700000e-01 -2.176646e-01 1.006391e+01
2.850000e-01 -2.176646e-01 9.337570e+00
3.000000e-01 -2.176646e-01 8.751779e+00
-3.000000e-01 -2.040003e-01 7.211882e+00
-2.850000e-01 -2.040003e-01 7.712867e+00
-2.700000e-01 -2.040003e-01 8.352208e+00
-2.550000e-01 -2.040003e-01 9.164031e+00
-2.400000e-01 -2.040003e-01 1.018014e+01
-2.250000e-01 -2.040003e-01 1.140452e+01
-2.100000e-01 -2.040003e-01 1.274639e+01
-1.950000e-01 -2.040003e-01 1.389059e+01
-1.800000e-01 -2.040003e-01 1.420069e+01
-1.650000e-01 -2.040003e-01 1.303510e+01
-1.500000e-01 -2.040003e-01 1.054423e+01
-1.350000e-01 -2.040003e-01 7.713175e+00
-1.200000e-01 -2.040003e-01 5.362960e+00
-1.050000e-01 -2.040003e-01 3.700251e+00
-9.000000e-02 -2.040003e-01 2.593217e+00
-7.500000e-02 -2.040003e-01 1.855458e+00
-6.000000e-02 -2.040003e-01 1.385313e+00
-4.500000e-02 -2.040003e-01 1.145546e+00
-3.000000e-02 -2.040003e-01 1.060245e+00
-1.500000e-02 -2.040003e-01 1.045101e+00
5.551115e-17 -2.040003e-01 1.045889e+00
1.500000e-02 -2.040003e-01 1.045101e+00
3.000000e-02 -2.040003e-01 1.060245e+00
4.500000e-02 -2.040003e-01 1.145546e+00
6.000000e-02 -2.040003e-01 1.385313e+00
7.500000e-02 -2.040003e-01 1.855458e+00
9.000000e-02 -2.040003e-01 2.593217e+00
1.050000e-01 -2.040003e-01 3.700251e+00
1.200000e-01 -2.040003e-01 5.362960e+00
1.350000e-01 -2.040003e-01 7.713175e+00
1.500000e-01 -2.040003e-01 1.054423e+01
1.650000e-01 -2.040003e-01 1.303510e+01
1.800000e-01 -2.040003e-01 1.420069e+01
1.950000e-01 -2.040003e-01 1.389059e+01
2.100000e-01 -2.040003e-01 1.274639e+01
2.250000e-01 -2.040003e-01 1.140452e+01
2.400000e-01 -2.040003e-01 1.018014e+01
2.550000e-01 -2.040003e-01 9.164031e+00
2.700000e-01 -2.040003e-01 8.352208e+00
2.850000e-01 -2.040003e-01 7.712867e+00
3.000000e-01 -2.040003e-01 7.211882e+00
-3.000000e-01 -1.903361e-01 5.938462e+00
-2.850000e-01 -1.903361e-01 6.347228e+00
-2.700000e-01 -1.903361e-01 6.876188e+00
-2.550000e-01 -1.903361e-01 7.563304e+00
-2.400000e-01 -1.903361e-01 8.456953e+00
-2.250000e-01 -1.903361e-01 9.608815e+00
-2.100000e-01 -1.903361e-01 1.104074e+01
-1.950000e-01 -1.903361e-01 1.264138e+01
-1.800000e-01 -1.903361e-01 1.395146e+01
-1.650000e-01 -1.903361e-01 1.405365e+01
-1.500000e-01 -1.903361e-01 1.228537e+01
-1.350000e-01 -1.903361e-01 9.329980e+00
-1.200000e-01 -1.903361e-01 6.504493e+00
-1.050000e-01 -1.903361e-01 4.429065e+00
-9.000000e-02 -1.903361e-01 3.059778e+00
-7.500000e-02 -1.903361e-01 2.174194e+00
-6.000000e-02 -1.903361e-01 1.629878e+00
-4.500000e-02 -1.903361e-01 1.363812e+00
-3.000000e-02 -1.903361e-01 1.277044e+00
-1.500000e-02 -1.903361e-01 1.265894e+00
5.551115e-17 -1.903361e-01 1.268068e+00
1.500000e-02 -1.903361e-01 1.265894e+00
3.000000e-02 -1.903361e-01 1.277044e+00
4.500000e-02 -1.903361e-01 1.363812e+00
6.000000e-02 -1.903361e-01 1.629878e+00
7.500000e-02 -1.903361e-01 2.174194e+00
9.000000e-02 -1.903361e-01 3.059778e+00
1.050000e-01 -1.903361e-01 4.429065e+00
1.200000e-01 -1.903361e-01 6.504493e+00
1.350000e-01 -1.903361e-01 9.329980e+00
1.500000e-01 -1.903361e-01 1.228537e+01
1.650000e-01 -1.903361e-01 1.405365e+01
1.800000e-01 -1.903361e-01 1.395146e+01
1.950000e-01 -1.903361e-01 1.264138e+01
2.100000e-01 -1.903361e-01 1.104074e+01
2.250000e-01 -1.903361e-01 9.608815e+00
2.400000e-01 -1.903361e-01 8.456953e+00
2.550000e-01 -1.903361e-01 7.563304e+00
2.700000e-01 -1.903361e-01 6.876188e+00
2.850000e-01 -1.903361e-01 6.347228e+00
3.000000e-01 -1.903361e-01 5.938462e+00
-3.000000e-01 -1.766718e-01 4.914884e+00
-2.850000e-01 -1.766718e-01 5.241610e+00
-2.700000e-01 -1.766718e-01 5.666788e+00
-2.550000e-01 -1.766718e-01 6.224721e+00
-2.400000e-01 -1.766718e-01 6.963808e+00
-2.250000e-01 -1.766718e-01 7.949291e+00
-2.100000e-01 -1.766718e-01 9.256200e+00
-1.950000e-01 -1.766718e-01 1.092118e+01
-1.800000e-01 -1.766718e-01 1.277346e+01
-1.650000e-01 -1.766718e-01 1.409250e+01
-1.500000e-01 -1.766718e-01 1.363465e+01
-1.350000e-01 -1.766718e-01 1.109327e+01
-1.200000e-01 -1.766718e-01 7.902463e+00
-1.050000e-01 -1.766718e-01 5.345635e+00
-9.000000e-02 -1.766718e-01 3.644679e+00
-7.500000e-02 -1.766718e-01 2.571860e+00
-6.000000e-02 -1.766718e-01 1.936023e+00
-4.500000e-02 -1.766718e-01 1.638417e+00
-3.000000e-02 -1.766718e-01 1.547542e+00
-1.500000e-02 -1.766718e-01 1.534851e+00
5.551115e-17 -1.766718e-01 1.534806e+00
1.500000e-02 -1.766718e-01 1.534851e+00
3.000000e-02 -1.766718e-01 1.547542e+00
4.500000e-02 -1.766718e-01 1.638417e+00
6.000000e-02 -1.766718e-01 1.936023e+00
7.500000e-02 -1.766718e-01 2.571860e+00
9.000000e-02 -1.766718e-01 3.644679e+00
1.050000e-01 -1.766718e-01 5.345635e+00
1.200000e-01 -1.766718e-01 7.902463e+00
1.350000e-01 -1.766718e-01 1.109327e+01
1.500000e-01 -1.766718e-01 1.363465e+01
1.650000e-01 -1.766718e-01 1.409250e+01
1.800000e-01 -1.766718e-01 1.277346e+01
1.950000e-01 -1.766718e-01 1.092118e+01
2.100000e-01 -1.766718e-01 9.256200e+00
2.250000e-01 -1.766718e-01 7.949291e+00
2.400000e-01 -1.766718e-01 6.963808e+00
2.550000e-01 -1.766718e-01 6.224721e+00
2.700000e-01 -1.766718e-01 5.666788e+00
2.850000e-01 -1.766718e-01 5.241610e+00
3.000000e-01 -1.766718e-01 4.914884e+00
-3.000000e-01 -1.630075e-01 4.100554e+00
-2.850000e-01 -1.630075e-01 4.360159e+00
-2.700000e-01 -1.630075e-01 4.698345e+00
-2.550000e-01 -1.630075e-01 5.143516e+00
-2.400000e-01 -1.630075e-01 5.737513e+00
-2.250000e-01 -1.630075e-01 6.541791e+00
-2.100000e-01 -1.630075e-01 7.642940e+00
-1.950000e-01 -1.630075e-01 9.143207e+00
-1.800000e-01 -1.630075e-01 1.108036e+01
-1.650000e-01 -1.630075e-01 1.313587e+01
-1.500000e-01 -1.630075e-01 1.414961e+01
-1.350000e-01 -1.630075e-01 1.273261e+01
-1.200000e-01 -1.630075e-01 9.535304e+00
-1.050000e-01 -1.630075e-01 6.488665e+00
-9.000000e-02 -1.630075e-01 4.380589e+00
-7.500000e-02 -1.630075e-01 3.071127e+00
-6.000000e-02 -1.630075e-01 2.321034e+00
-4.500000e-02 -1.630075e-01 1.982643e+00
-3.000000e-02 -1.630075e-01 1.877007e+00
-1.500000e-02 -1.630075e-01 1.845580e+00
5.551115e-17 -1.630075e-01 1.833994e+00
1.500000e-02 -1.630075e-01 1.845580e+00
3.000000e-02 -1.630075e-01 1.877007e+00
4.500000e-02 -1.630075e-01 1.982643e+00
6.000000e-02 -1.630075e-01 2.321034e+00
7.500000e-02 -1.630075e-01 3.071127e+00
9.000000e-02 -1.630075e-01 4.380589e+00
1.050000e-01 -1.630075e-01 6.488665e+00
1.200000e-01 -1.630075e-01 9.535304e+00
1.350000e-01 -1.630075e-01 1.273261e+01
1.500000e-01 -1.630075e-01 1.414961e+01
1.650000e-01 -1.630075e-01 1.313587e+01
1.800000e-01 -1.630075e-01 1.108036e+01
1.950000e-01 -1.630075e-01 9.143207e+00
2.100000e-01 -1.630075e-01 7.642940e+00
2.250000e-01 -1.630075e-01 6.541791e+00
2.400000e-01 -1.630075e-01 5.737513e+00
2.550000e-01 -1.630075e-01 5.143516e+00
2.700000e-01 -1.630075e-01 4.698345e+00
2.850000e-01 -1.630075e-01 4.360159e+00
3.000000e-01 -1.630075e-01 4.100554e+00
-3.000000e-01 -1.493432e-01 3.452901e+00
-2.850000e-01 -1.493432e-01 3.659597e+00
-2.700000e-01 -1.493432e-01 3.928473e+00
-2.550000e-01 -1.493432e-01 4.282167e+00
-2.400000e-01 -1.493432e-01 4.754620e+00
-2.250000e-01 -1.493432e-01 5.397558e+00
-2.100000e-01 -1.493432e-01 6.289875e+00
-1.950000e-01 -1.493432e-01 7.545906e+00
-1.800000e-01 -1.493432e-01 9.296758e+00
-1.650000e-01 -1.493432e-01 1.153949e+01
-1.500000e-01 -1.493432e-01 1.362583e+01
-1.350000e-01 -1.493432e-01 1.381925e+01
-1.200000e-01 -1.493432e-01 1.126989e+01
-1.050000e-01 -1.493432e-01 7.878881e+00
-9.000000e-02 -1.493432e-01 5.303732e+00
-7.500000e-02 -1.493432e-01 3.699289e+00
-6.000000e-02 -1.493432e-01 2.804721e+00
-4.500000e-02 -1.493432e-01 2.407123e+00
-3.000000e-02 -1.493432e-01 2.257536e+00
-1.500000e-02 -1.493432e-01 2.168762e+00
5.551115e-17 -1.493432e-01 2.127830e+00
1.500000e-02 -1.493432e-01 2.168762e+00
3.000000e-02 -1.493432e-01 2.257536e+00
4.500000e-02 -1.493432e-01 2.407123e+00
6.000000e-02 -1.493432e-01 2.804721e+00
7.500000e-02 -1.493432e-01 3.699289e+00
9.000000e-02 -1.493432e-01 5.303732e+00
1.050000e-01 -1.493432e-01 7.878881e+00
1.200000e-01 -1.493432e-01 1.126989e+01
1.350000e-01 -1.493432e-01 1.381925e+01
1.500000e-01 -1.493432e-01 1.362583e+01
1.650000e-01 -1.493432e-01 1.153949e+01
1.800000e-01 -1.493432e-01 9.296758e+00
1.950000e-01 -1.493432e-01 7.545906e+00
2.100000e-01 -1.493432e-01 6.289875e+00
2.250000e-01 -1.493432e-01 5.397558e+00
2.400000e-01 -1.493432e-01 4.754620e+00
2.550000e-01 -1.493432e-01 4.282167e+00
2.700000e-01 -1.493432e-01 3.928473e+00
2.850000e-01 -1.493432e-01 3.659597e+00
3.000000e-01 -1.493432e-01 3.452901e+00
-3.000000e-01 -1.356789e-01 2.935222e+00
-2.850000e-01 -1.356789e-01 3.100821e+00
-2.700000e-01 -1.356789e-01 3.315656e+00
-2.550000e-01 -1.356789e-01 3.597496e+00
-2.400000e-01 -1.356789e-01 3.973139e+00
-2.250000e-01 -1.356789e-01 4.484018e+00
-2.100000e-01 -1.356789e-01 5.195518e+00
-1.950000e-01 -1.356789e-01 6.210437e+00
-1.800000e-01 -1.356789e-01 7.678652e+00
-1.650000e-01 -1.356789e-01 9.750936e+00
-1.500000e-01 -1.356789e-01 1.227106e+01
-1.350000e-01 -1.356789e-01 1.396302e+01
-1.200000e-01 -1.356789e-01 1.280100e+01
-1.050000e-01 -1.356789e-01 9.479620e+00
-9.000000e-02 -1.356789e-01 6.444305e+00
-7.500000e-02 -1.356789e-01 4.485080e+00
-6.000000e-02 -1.356789e-01 3.405339e+00
-4.500000e-02 -1.356789e-01 2.910352e+00
-3.000000e-02 -1.356789e-01 2.653087e+00
-1.500000e-02 -1.356789e-01 2.442208e+00
5.551115e-17 -1.356789e-01 2.348372e+00
1.500000e-02 -1.356789e-01 2.442208e+00
3.000000e-02 -1.356789e-01 2.653087e+00
4.500000e-02 -1.356789e-01 2.910352e+00
6.000000e-02 -1.356789e-01 3.405339e+00
7.500000e-02 -1.356789e-01 4.485080e+00
9.000000e-02 -1.356789e-01 6.444305e+00
1.050000e-01 -1.356789e-01 9.479620e+00
1.200000e-01 -1.356789e-01 1.280100e+01
1.350000e-01 -1.356789e-01 1.396302e+01
1.500000e-01 -1.356789e-01 1.227106e+01
1.650000e-01 -1.356789e-01 9.750936e+00
1.800000e-01 -1.356789e-01 7.678652e+00
1.950000e-01 -1.356789e-01 6.210437e+00
2.100000e-01 -1.356789e-01 5.195518e+00
2.250000e-01 -1.356789e-01 4.484018e+00
2.400000e-01 -1.356789e-01 3.973139e+00
2.550000e-01 -1.356789e-01 3.597496e+00
2.700000e-01 -1.356789e-01 3.315656e+00
2.850000e-01 -1.356789e-01 3.100821e+00
3.000000e-01 -1.356789e-01 2.935222e+00
-3.000000e-01 -1.220147e-01 2.518233e+00
-2.850000e-01 -1.220147e-01 2.652009e+00
-2.700000e-01 -1.220147e-01 2.824988e+00
-2.550000e-01 -1.220147e-01 3.051080e+00
-2.400000e-01 -1.220147e-01 3.351242e+00
-2.250000e-01 -1.220147e-01 3.757997e+00
-2.100000e-01 -1.220147e-01 4.323326e+00
-1.950000e-01 -1.220147e-01 5.131837e+00
-1.800000e-01 -1.220147e-01 6.319110e+00
-1.650000e-01 -1.220147e-01 8.076676e+00
-1.500000e-01 -1.220147e-01 1.052843e+01
-1.350000e-01 -1.220147e-01 1.310561e+01
-1.200000e-01 -1.220147e-01 1.369220e+01
-1.050000e-01 -1.220147e-01 1.113346e+01
-9.000000e-02 -1.220147e-01 7.802106e+00
-7.500000e-02 -1.220147e-01 5.448377e+00
-6.000000e-02 -1.220147e-01 4.128510e+00
-4.500000e-02 -1.220147e-01 3.460805e+00
-3.000000e-02 -1.220147e-01 2.987367e+00
-1.500000e-02 -1.220147e-01 2.583591e+00
5.551115e-17 -1.220147e-01 2.421619e+00
1.500000e-02 -1.220147e-01 2.583591e+00
3.000000e-02 -1.220147e-01 2.987367e+00
4.500000e-02 -1.220147e-01 3.460805e+00
6.000000e-02 -1.220147e-01 4.128510e+00
7.500000e-02 -1.220147e-01 5.448377e+00
9.000000e-02 -1.220147e-01 7.802106e+00
1.050000e-01 -1.220147e-01 1.113346e+01
1.200000e-01 -1.220147e-01 1.369220e+01
1.350000e-01 -1.220147e-01 1.310561e+01
1.500000e-01 -1.220147e-01 1.052843e+01
1.650000e-01 -1.220147e-01 8.076676e+00
1.800000e-01 -1.220147e-01 6.319110e+00
1.950000e-01 -1.220147e-01 5.131837e+00
2.100000e-01 -1.220147e-01 4.323326e+00
2.250000e-01 -1.220147e-01 3.757997e+00
2.400000e-01 -1.220147e-01 3.351242e+00
2.550000e-01 -1.220147e-01 3.051080e+00
2.700000e-01 -1.220147e-01 2.824988e+00
2.850000e-01 -1.220147e-01 2.652009e+00
3.000000e-01 -1.220147e-01 2.518233e+00
-3.000000e-01 -1.083504e-01 2.179342e+00
-2.850000e-01 -1.083504e-01 2.288401e+00
-2.700000e-01 -1.083504e-01 2.428925e+00
-2.550000e-01 -1.083504e-01 2.611840e+00
-2.400000e-01 -1.083504e-01 2.853542e+00
-2.250000e-01 -1.083504e-01 3.179410e+00
-2.100000e-01 -1.083504e-01 3.630092e+00
-1.950000e-01 -1.083504e-01 4.272585e+00
-1.800000e-01 -1.083504e-01 5.218632e+00
-1.650000e-01 -1.083504e-01 6.647343e+00
-1.500000e-01 -1.083504e-01 8.783097e+00
-1.350000e-01 -1.083504e-01 1.157151e+01
-1.200000e-01 -1.083504e-01 1.360949e+01
-1.050000e-01 -1.083504e-01 1.251380e+01
-9.000000e-02 -1.083504e-01 9.299465e+00
-7.500000e-02 -1.083504e-01 6.575962e+00
-6.000000e-02 -1.083504e-01 4.944311e+00
-4.500000e-02 -1.083504e-01 3.975571e+00
-3.000000e-02 -1.083504e-01 3.159580e+00
-1.500000e-02 -1.083504e-01 2.538650e+00
5.551115e-17 -1.083504e-01 2.318353e+00
1.500000e-02 -1.083504e-01 2.538650e+00
3.000000e-02 -1.083504e-01 3.159580e+00
4.500000e-02 -1.083504e-01 3.975571e+00
6.000000e-02 -1.083504e-01 4.944311e+00
7.500000e-02 -1.083504e-01 6.575962e+00
9.000000e-02 -1.083504e-01 9.299465e+00
1.050000e-01 -1.083504e-01 1.251380e+01
1.200000e-01 -1.083504e-01 1.360949e+01
1.350000e-01 -1.083504e-01 1.157151e+01
1.500000e-01 -1.083504e-01 8.783097e+00
1.650000e-01 -1.083504e-01 6.647343e+00
1.800000e-01 -1.083504e-01 5.218632e+00
1.950000e-01 -1.083504e-01 4.272585e+00
2.100000e-01 -1.083504e-01 3.630092e+00
2.250000e-01 -1.083504e-01 3.179410e+00
2.400000e-01 -1.083504e-01 2.853542e+00
2.550000e-01 -1.083504e-01 2.611840e+00
2.700000e-01 -1.083504e-01 2.428925e+00
2.850000e-01 -1.083504e-01 2.288401e+00
3.000000e-01 -1.083504e-01 2.179342e+00
-3.000000e-01 -9.468610e-02 1.901356e+00
-2.850000e-01 -9.468610e-02 1.991094e+00
-2.700000e-01 -9.468610e-02 2.106316e+00
-2.550000e-01 -9.468610e-02 2.255665e+00
-2.400000e-01 -9.468610e-02 2.452034e+00
-2.250000e-01 -9.468610e-02 2.715268e+00
-2.100000e-01 -9.468610e-02 3.077031e+00
-1.950000e-01 -9.468610e-02 3.589579e+00
-1.800000e-01 -9.468610e-02 4.341331e+00
-1.650000e-01 -9.468610e-02 5.481785e+00
-1.500000e-01 -9.468610e-02 7.240354e+00
-1.350000e-01 -9.468610e-02 9.807237e+00
-1.200000e-01 -9.468610e-02 1.258645e+01
-1.050000e-01 -9.468610e-02 1.319833e+01
-9.000000e-02 -9.468610e-02 1.072211e+01
-7.500000e-02 -9.468610e-02 7.778911e+00
-6.000000e-02 -9.468610e-02 5.754374e+00
-4.500000e-02 -9.468610e-02 4.321572e+00
-3.000000e-02 -9.468610e-02 3.103577e+00
-1.500000e-02 -9.468610e-02 2.325624e+00
5.551115e-17 -9.468610e-02 2.079242e+00
1.500000e-02 -9.468610e-02 2.325624e+00
3.000000e-02 -9.468610e-02 3.103577e+00
4.500000e-02 -9.468610e-02 4.321572e+00
6.000000e-02 -9.468610e-02 5.754374e+00
7.500000e-02 -9.468610e-02 7.778911e+00
9.000000e-02 -9.468610e-02 1.072211e+01
1.050000e-01 -9.468610e-02 1.319833e+01
1.200000e-01 -9.468610e-02 1.258645e+01
1.350000e-01 -9.468610e-02 9.807237e+00
1.500000e-01 -9.468610e-02 7.240354e+00
1.650000e-01 -9.468610e-02 5.481785e+00
1.800000e-01 -9.468610e-02 4.341331e+00
1.950000e-01 -9.468610e-02 3.589579e+00
2.100000e-01 -9.468610e-02 3.077031e+00
2.250000e-01 -9.468610e-02 2.715268e+00
2.400000e-01 -9.468610e-02 2.452034e+00
2.550000e-01 -9.468610e-02 2.255665e+00
2.700000e-01 -9.468610e-02 2.106316e+00
2.850000e-01 -9.468610e-02 1.991094e+00
3.000000e-01 -9.468610e-02 1.901356e+00
-3.000000e-01 -8.102182e-02 1.671227e+00
-2.850000e-01 -8.102182e-02 1.745741e+00
-2.700000e-01 -8.102182e-02 1.841089e+00
-2.550000e-01 -8.102182e-02 1.964167e+00
-2.400000e-01 -8.102182e-02 2.125192e+00
-2.250000e-01 -8.102182e-02 2.339775e+00
-2.100000e-01 -8.102182e-02 2.632661e+00
-1.950000e-01 -8.102182e-02 3.044477e+00
-1.800000e-01 -8.102182e-02 3.644063e+00
-1.650000e-01 -8.102182e-02 4.550168e+00
-1.500000e-01 -8.102182e-02 5.960896e+00
-1.350000e-01 -8.102182e-02 8.133910e+00
-1.200000e-01 -8.102182e-02 1.099490e+01
-1.050000e-01 -8.102182e-02 1.292230e+01
-9.000000e-02 -8.102182e-02 1.171397e+01
-7.500000e-02 -8.102182e-02 8.849776e+00
-6.000000e-02 -8.102182e-02 6.376830e+00
-4.500000e-02 -8.102182e-02 4.375354e+00
-3.000000e-02 -8.102182e-02 2.842061e+00
-1.500000e-02 -8.102182e-02 2.019383e+00
5.551115e-17 -8.102182e-02 1.780605e+00
1.500000e-02 -8.102182e-02 2.019383e+00
3.000000e-02 -8.102182e-02 2.842061e+00
4.500000e-02 -8.102182e-02 4.375354e+00
6.000000e-02 -8.102182e-02 6.376830e+00
7.500000e-02 -8.102182e-02 8.849776e+00
9.000000e-02 -8.102182e-02 1.171397e+01
1.050000e-01 -8.102182e-02 1.292230e+01
1.200000e-01 -8.102182e-02 1.099490e+01
1.350000e-01 -8.102182e-02 8.133910e+00
1.500000e-01 -8.102182e-02 5.960896e+00
1.650000e-01 -8.102182e-02 4.550168e+00
1.800000e-01 -8.102182e-02 3.644063e+00
1.950000e-01 -8.102182e-02 3.044477e+00
2.100000e-01 -8.102182e-02 2.632661e+00
2.250000e-01 -8.102182e-02 2.339775e+00
2.400000e-01 -8.102182e-02 2.125192e+00
2.550000e-01 -8.102182e-02 1.964167e+00
2.700000e-01 -8.102182e-02 1.841089e+00
2.850000e-01 -8.102182e-02 1.745741e+00
3.000000e-01 -8.102182e-02 1.671227e+00
-3.000000e-01 -6.735754e-02 1.479024e+00
-2.850000e-01 -6.735754e-02 1.541437e+00
-2.700000e-01 -6.735754e-02 1.621040e+00
-2.550000e-01 -6.735754e-02 1.723388e+00
-2.400000e-01 -6.735754e-02 1.856648e+00
-2.250000e-01 -6.735754e-02 2.033204e+00
-2.100000e-01 -6.735754e-02 2.272516e+00
-1.950000e-01 -6.735754e-02 2.606282e+00
-1.800000e-01 -6.735754e-02 3.087891e+00
-1.650000e-01 -6.735754e-02 3.809739e+00
-1.500000e-01 -6.735754e-02 4.931196e+00
-1.350000e-01 -6.735754e-02 6.695740e+00
-1.200000e-01 -6.735754e-02 9.260966e+00
-1.050000e-01 -6.735754e-02 1.179705e+01
-9.000000e-02 -6.735754e-02 1.192711e+01
-7.500000e-02 -6.735754e-02 9.487127e+00
-6.000000e-02 -6.735754e-02 6.606242e+00
-4.500000e-02 -6.735754e-02 4.115181e+00
-3.000000e-02 -6.735754e-02 2.466837e+00
-1.500000e-02 -6.735754e-02 1.696770e+00
5.551115e-17 -6.735754e-02 1.485696e+00
1.500000e-02 -6.735754e-02 1.696770e+00
3.000000e-02 -6.735754e-02 2.466837e+00
4.500000e-02 -6.735754e-02 4.115181e+00
6.000000e-02 -6.735754e-02 6.606242e+00
7.500000e-02 -6.735754e-02 9.487127e+00
9.000000e-02 -6.735754e-02 1.192711e+01
1.050000e-01 -6.735754e-02 1.179705e+01
1.200000e-01 -6.735754e-02 9.260966e+00
1.350000e-01 -6.735754e-02 6.695740e+00
1.500000e-01 -6.735754e-02 4.931196e+00
1.650000e-01 -6.735754e-02 3.809739e+00
1.800000e-01 -6.735754e-02 3.087891e+00
1.950000e-01 -6.735754e-02 2.606282e+00
2.100000e-01 -6.735754e-02 2.272516e+00
2.250000e-01 -6.735754e-02 2.033204e+00
2.400000e-01 -6.735754e-02 1.856648e+00
2.550000e-01 -6.735754e-02 1.723388e+00
2.700000e-01 -6.735754e-02 1.621040e+00
2.850000e-01 -6.735754e-02 1.541437e+00
3.000000e-01 -6.735754e-02 1.479024e+00
-3.000000e-01 -5.369326e-02 1.317149e+00
-2.850000e-01 -5.369326e-02 1.369855e+00
-2.700000e-01 -5.369326e-02 1.436873e+00
-2.550000e-01 -5.369326e-02 1.522718e+00
-2.400000e-01 -5.369326e-02 1.633981e+00
-2.250000e-01 -5.369326e-02 1.780573e+00
-2.100000e-01 -5.369326e-02 1.977929e+00
-1.950000e-01 -5.369326e-02 2.250942e+00
-1.800000e-01 -5.369326e-02 2.641143e+00
-1.650000e-01 -5.369326e-02 3.219975e+00
-1.500000e-01 -5.369326e-02 4.111739e+00
-1.350000e-01 -5.369326e-02 5.519222e+00
-1.200000e-01 -5.369326e-02 7.660683e+00
-1.050000e-01 -5.369326e-02 1.021337e+01
-9.000000e-02 -5.369326e-02 1.127540e+01
-7.500000e-02 -5.369326e-02 9.453529e+00
-6.000000e-02 -5.369326e-02 6.351397e+00
-4.500000e-02 -5.369326e-02 3.640005e+00
-3.000000e-02 -5.369326e-02 2.071880e+00
-1.500000e-02 -5.369326e-02 1.404116e+00
5.551115e-17 -5.369326e-02 1.226934e+00
1.500000e-02 -5.369326e-02 1.404116e+00
3.000000e-02 -5.369326e-02 2.071880e+00
4.500000e-02 -5.369326e-02 3.640005e+00
6.000000e-02 -5.369326e-02 6.351397e+00
7.500000e-02 -5.369326e-02 9.453529e+00
9.000000e-02 -5.369326e-02 1.127540e+01
1.050000e-01 -5.369326e-02 1.021337e+01
1.200000e-01 -5.369326e-02 7.660683e+00
1.350000e-01 -5.369326e-02 5.519222e+00
1.500000e-01 -5.369326e-02 4.111739e+00
1.650000e-01 -5.369326e-02 3.219975e+00
1.800000e-01 -5.369326e-02 2.641143e+00
1.950000e-01 -5.369326e-02 2.250942e+00
2.100000e-01 -5.369326e-02 1.977929e+00
2.250000e-01 -5.369326e-02 1.780573e+00
2.400000e-01 -5.369326e-02 1.633981e+00
2.550000e-01 -5.369326e-02 1.522718e+00
2.700000e-01 -5.369326e-02 1.436873e+00
2.850000e-01 -5.369326e-02 1.369855e+00
3.000000e-01 -5.369326e-02 1.317149e+00
-3.000000e-01 -4.002898e-02 1.179738e+00
-2.850000e-01 -4.002898e-02 1.224591e+00
-2.700000e-01 -4.002898e-02 1.281460e+00
-2.550000e-01 -4.002898e-02 1.354049e+00
-2.400000e-01 -4.002898e-02 1.447728e+00
-2.250000e-01 -4.002898e-02 1.570502e+00
-2.100000e-01 -4.002898e-02 1.734727e+00
-1.950000e-01 -4.002898e-02 1.960116e+00
-1.800000e-01 -4.002898e-02 2.279182e+00
-1.650000e-01 -4.002898e-02 2.747248e+00
-1.500000e-01 -4.002898e-02 3.460130e+00
-1.350000e-01 -4.002898e-02 4.577696e+00
-1.200000e-01 -4.002898e-02 6.304359e+00
-1.050000e-01 -4.002898e-02 8.560422e+00
-9.000000e-02 -4.002898e-02 1.000945e+01
-7.500000e-02 -4.002898e-02 8.762662e+00
-6.000000e-02 -4.002898e-02 5.713188e+00
-4.500000e-02 -4.002898e-02 3.089514e+00
-3.000000e-02 -4.002898e-02 1.713746e+00
-1.500000e-02 -4.002898e-02 1.158263e+00
5.551115e-17 -4.002898e-02 1.013140e+00
1.500000e-02 -4.002898e-02 1.158263e+00
3.000000e-02 -4.002898e-02 1.713746e+00
4.500000e-02 -4.002898e-02 3.089514e+00
6.000000e-02 -4.002898e-02 5.713188e+00
7.500000e-02 -4.002898e-02 8.762662e+00
9.000000e-02 -4.002898e-02 1.000945e+01
1.050000e-01 -4.002898e-02 8.560422e+00
1.200000e-01 -4.002898e-02 6.304359e+00
1.350000e-01 -4.002898e-02 4.577696e+00
1.500000e-01 -4.002898e-02 3.460130e+00
1.650000e-01 -4.002898e-02 2.747248e+00
1.800000e-01 -4.002898e-02 2.279182e+00
1.950000e-01 -4.002898e-02 1.960116e+00
2.100000e-01 -4.002898e-02 1.734727e+00
2.250000e-01 -4.002898e-02 1.570502e+00
2.400000e-01 -4.002898e-02 1.447728e+00
2.550000e-01 -4.002898e-02 1.354049e+00
2.700000e-01 -4.002898e-02 1.281460e+00
2.850000e-01 -4.002898e-02 1.224591e+00
3.000000e-01 -4.002898e-02 1.179738e+00
-3.000000e-01 -2.636470e-02 1.062234e+00
-2.850000e-01 -2.636470e-02 1.100679e+00
-2.700000e-01 -2.636470e-02 1.149292e+00
-2.550000e-01 -2.636470e-02 1.211141e+00
-2.400000e-01 -2.636470e-02 1.290637e+00
-2.250000e-01 -2.636470e-02 1.394311e+00
-2.100000e-01 -2.636470e-02 1.532141e+00
-1.950000e-01 -2.636470e-02 1.719885e+00
-1.800000e-01 -2.636470e-02 1.983202e+00
-1.650000e-01 -2.636470e-02 2.365171e+00
-1.500000e-01 -2.636470e-02 2.939522e+00
-1.350000e-01 -2.636470e-02 3.829291e+00
-1.200000e-01 -2.636470e-02 5.202083e+00
-1.050000e-01 -2.636470e-02 7.067964e+00
-9.000000e-02 -2.636470e-02 8.511215e+00
-7.500000e-02 -2.636470e-02 7.667345e+00
-6.000000e-02 -2.636470e-02 4.899004e+00
-4.500000e-02 -2.636470e-02 2.565508e+00
-3.000000e-02 -2.636470e-02 1.412939e+00
-1.500000e-02 -2.636470e-02 9.592998e-01
5.551115e-17 -2.636470e-02 8.413875e-01
1.500000e-02 -2.636470e-02 9.592998e-01
3.000000e-02 -2.636470e-02 1.412939e+00
4.500000e-02 -2.636470e-02 2.565508e+00
6.000000e-02 -2.636470e-02 4.899004e+00
7.500000e-02 -2.636470e-02 7.667345e+00
9.000000e-02 -2.636470e-02 8.511215e+00
1.050000e-01 -2.636470e-02 7.067964e+00
1.200000e-01 -2.636470e-02 5.202083e+00
1.350000e-01 -2.636470e-02 3.829291e+00
1.500000e-01 -2.636470e-02 2.939522e+00
1.650000e-01 -2.636470e-02 2.365171e+00
1.800000e-01 -2.636470e-02 1.983202e+00
1.950000e-01 -2.636470e-02 1.719885e+00
2.100000e-01 -2.636470e-02 1.532141e+00
2.250000e-01 -2.636470e-02 1.394311e+00
2.400000e-01 -2.636470e-02 1.290637e+00
2.550000e-01 -2.636470e-02 1.211141e+00
2.700000e-01 -2.636470e-02 1.149292e+00
2.850000e-01 -2.636470e-02 1.100679e+00
3.000000e-01 -2.636470e-02 1.062234e+00
-3.000000e-01 -1.270041e-02 9.610627e-01
-2.850000e-01 -1.270041e-02 9.942355e-01
-2.700000e-01 -1.270041e-02 1.036078e+00
-2.550000e-01 -1.270041e-02 1.089150e+00
-2.400000e-01 -1.270041e-02 1.157110e+00
-2.250000e-01 -1.270041e-02 1.245329e+00
-2.100000e-01 -1.270041e-02 1.361944e+00
-1.950000e-01 -1.270041e-02 1.519665e+00
-1.800000e-01 -1.270041e-02 1.738926e+00
-1.650000e-01 -1.270041e-02 2.053528e+00
-1.500000e-01 -1.270041e-02 2.520414e+00
-1.350000e-01 -1.270041e-02 3.233446e+00
-1.200000e-01 -1.270041e-02 4.322143e+00
-1.050000e-01 -1.270041e-02 5.816999e+00
-9.000000e-02 -1.270041e-02 7.069839e+00
-7.500000e-02 -1.270041e-02 6.464808e+00
-6.000000e-02 -1.270041e-02 4.086750e+00
-4.500000e-02 -1.270041e-02 2.114326e+00
-3.000000e-02 -1.270041e-02 1.169515e+00
-1.500000e-02 -1.270041e-02 8.007325e-01
5.551115e-17 -1.270041e-02 7.048027e-01
1.500000e-02 -1.270041e-02 8.007325e-01
3.000000e-02 -1.270041e-02 1.169515e+00
4.500000e-02 -1.270041e-02 2.114326e+00
6.000000e-02 -1.270041e-02 4.086750e+00
7.500000e-02 -1.270041e-02 6.464808e+00
9.000000e-02 -1.270041e-02 7.069839e+00
1.050000e-01 -1.270041e-02 5.816999e+00
1.200000e-01 -1.270041e-02 4.322143e+00
1.350000e-01 -1.270041e-02 3.233446e+00
1.500000e-01 -1.270041e-02 2.520414e+00
1.650000e-01 -1.270041e-02 2.053528e+00
1.800000e-01 -1.270041e-02 1.738926e+00
1.950000e-01 -1.270041e-02 1.519665e+00
2.100000e-01 -1.270041e-02 1.361944e+00
2.250000e-01 -1.270041e-02 1.245329e+00
2.400000e-01 -1.270041e-02 1.157110e+00
2.550000e-01 -1.270041e-02 1.089150e+00
2.700000e-01 -1.270041e-02 1.036078e+00
2.850000e-01 -1.270041e-02 9.942355e-01
3.000000e-01 -1.270041e-02 9.610627e-01
-3.000000e-01 9.638653e-04 8.733983e-01
-2.850000e-01 9.638653e-04 9.022002e-01
-2.700000e-01 9.638653e-04 9.384456e-01
-2.550000e-01 9.638653e-04 9.842874e-01
-2.400000e-01 9.638653e-04 1.042784e+00
-2.250000e-01 9.638653e-04 1.118393e+00
-2.100000e-01 9.638653e-04 1.217806e+00
-1.950000e-01 9.638653e-04 1.351370e+00
-1.800000e-01 9.638653e-04 1.535506e+00
-1.650000e-01 9.638653e-04 1.796966e+00
-1.500000e-01 9.638653e-04 2.180013e+00
-1.350000e-01 9.638653e-04 2.756203e+00
-1.200000e-01 9.638653e-04 3.622828e+00
-1.050000e-01 9.638653e-04 4.805509e+00
-9.000000e-02 9.638653e-04 5.821930e+00
-7.500000e-02 9.638653e-04 5.350618e+00
-6.000000e-02 9.638653e-04 3.370243e+00
-4.500000e-02 9.638653e-04 1.744933e+00
-3.000000e-02 9.638653e-04 9.755075e-01
-1.500000e-02 9.638653e-04 6.747522e-01
5.551115e-17 9.638653e-04 5.962168e-01
1.500000e-02 9.638653e-04 6.747522e-01
3.000000e-02 9.638653e-04 9.755075e-01
4.500000e-02 9.638653e-04 1.744933e+00
6.000000e-02 9.638653e-04 3.370243e+00
7.500000e-02 9.638653e-04 5.350618e+00
9.000000e-02 9.638653e-04 5.821930e+00
1.050000e-01 9.638653e-04 4.805509e+00
1.200000e-01 9.638653e-04 3.622828e+00
1.350000e-01 9.638653e-04 2.756203e+00
1.500000e-01 9.638653e-04 2.180013e+00
1.650000e-01 9.638653e-04 1.796966e+00
1.800000e-01 9.638653e-04 1.535506e+00
1.950000e-01 9.638653e-04 1.351370e+00
2.100000e-01 9.638653e-04 1.217806e+00
2.250000e-01 9.638653e-04 1.118393e+00
2.400000e-01 9.638653e-04 1.042784e+00
2.550000e-01 9.638653e-04 9.842874e-01
2.700000e-01 9.638653e-04 9.384456e-01
2.850000e-01 9.638653e-04 9.022002e-01
3.000000e-01 9.638653e-04 8.733983e-01
-3.000000e-01 1.462815e-02 7.969860e-01
-2.850000e-01 1.462815e-02 8.221378e-01
-2.700000e-01 1.462815e-02 8.537215e-01
-2.550000e-01 1.462815e-02 8.935619e-01
-2.400000e-01 1.462815e-02 9.442353e-01
-2.250000e-01 1.462815e-02 1.009470e+00
-2.100000e-01 1.462815e-02 1.094817e+00
-1.950000e-01 1.462815e-02 1.208773e+00
-1.800000e-01 1.462815e-02 1.364656e+00
-1.650000e-01 1.462815e-02 1.583827e+00
-1.500000e-01 1.462815e-02 1.900964e+00
-1.350000e-01 1.462815e-02 2.370819e+00
-1.200000e-01 1.462815e-02 3.065494e+00
-1.050000e-01 1.462815e-02 3.999437e+00
-9.000000e-02 1.462815e-02 4.797464e+00
-7.500000e-02 1.462815e-02 4.404411e+00
-6.000000e-02 1.462815e-02 2.776635e+00
-4.500000e-02 1.462815e-02 1.449254e+00
-3.000000e-02 1.462815e-02 8.213566e-01
-1.500000e-02 1.462815e-02 5.743121e-01
5.551115e-17 1.462815e-02 5.094607e-01
1.500000e-02 1.462815e-02 5.743121e-01
3.000000e-02 1.462815e-02 8.213566e-01
4.500000e-02 1.462815e-02 1.449254e+00
6.000000e-02 1.462815e-02 2.776635e+00
7.500000e-02 1.462815e-02 4.404411e+00
9.000000e-02 1.462815e-02 4.797464e+00
1.050000e-01 1.462815e-02 3.999437e+00
1.200000e-01 1.462815e-02 3.065494e+00
1.350000e-01 1.462815e-02 2.370819e+00
1.500000e-01 1.462815e-02 1.900964e+00
1.650000e-01 1.462815e-02 1.583827e+00
1.800000e-01 1.462815e-02 1.364656e+00
1.950000e-01 1.462815e-02 1.208773e+00
2.100000e-01 1.462815e-02 1.094817e+00
2.250000e-01 1.462815e-02 1.009470e+00
2.400000e-01 1.462815e-02 9.442353e-01
2.550000e-01 1.462815e-02 8.935619e-01
2.700000e-01 1.462815e-02 8.537215e-01
2.850000e-01 1.462815e-02 8.221378e-01
3.000000e-01 1.462815e-02 7.969860e-01
-3.000000e-01 2.829243e-02 7.300138e-01
-2.850000e-01 2.829243e-02 7.520964e-01
-2.700000e-01 2.829243e-02 7.797704e-01
-2.550000e-01 2.829243e-02 8.145930e-01
-2.400000e-01 2.829243e-02 8.587505e-01
-2.250000e-01 2.829243e-02 9.153847e-01
-2.100000e-01 2.829243e-02 9.891383e-01
-1.950000e-01 2.829243e-02 1.087046e+00
-1.800000e-01 2.829243e-02 1.220003e+00
-1.650000e-01 2.829243e-02 1.405221e+00
-1.500000e-01 2.829243e-02 1.670098e+00
-1.350000e-01 2.829243e-02 2.056773e+00
-1.200000e-01 2.829243e-02 2.618362e+00
-1.050000e-01 2.829243e-02 3.358751e+00
-9.000000e-02 2.829243e-02 3.976483e+00
-7.500000e-02 2.829243e-02 3.634735e+00
-6.000000e-02 2.829243e-02 2.299136e+00
-4.500000e-02 2.829243e-02 1.214252e+00
-3.000000e-02 2.829243e-02 6.984414e-01
-1.500000e-02 2.829243e-02 4.936804e-01
5.551115e-17 2.829243e-02 4.396165e-01
1.500000e-02 2.829243e-02 4.936804e-01
3.000000e-02 2.829243e-02 6.984414e-01
4.500000e-02 2.829243e-02 1.214252e+00
6.000000e-02 2.829243e-02 2.299136e+00
7.500000e-02 2.829243e-02 3.634735e+00
9.000000e-02 2.829243e-02 3.976483e+00
1.050000e-01 2.829243e-02 3.358751e+00
1.200000e-01 2.829243e-02 2.618362e+00
1.350000e-01 2.829243e-02 2.056773e+00
1.500000e-01 2.829243e-02 1.670098e+00
1.650000e-01 2.829243e-02 1.405221e+00
1.800000e-01 2.829243e-02 1.220003e+00
1.950000e-01 2.829243e-02 1.087046e+00
2.100000e-01 2.829243e-02 9.891383e-01
2.250000e-01 2.829243e-02 9.153847e-01
2.400000e-01 2.829243e-02 8.587505e-01
2.550000e-01 2.829243e-02 8.145930e-01
2.700000e-01 2.829243e-02 7.797704e-01
2.850000e-01 2.829243e-02 7.520964e-01
3.000000e-01 2.829243e-02 7.300138e-01
-3.000000e-01 4.195671e-02 6.710136e-01
-2.850000e-01 4.195671e-02 6.904987e-01
-2.700000e-01 4.195671e-02 7.148720e-01
-2.550000e-01 4.195671e-02 7.454709e-01
-2.400000e-01 4.195671e-02 7.841632e-01
-2.250000e-01 4.195671e-02 8.336157e-01
-2.100000e-01 4.195671e-02 8.977398e-01
-1.950000e-01 4.195671e-02 9.824069e-01
-1.800000e-01 4.195671e-02 1.096606e+00
-1.650000e-01 4.195671e-02 1.254323e+00
-1.500000e-01 4.195671e-02 1.477393e+00
-1.350000e-01 4.195671e-02 1.798473e+00
-1.200000e-01 4.195671e-02 2.256596e+00
-1.050000e-01 4.195671e-02 2.847581e+00
-9.000000e-02 4.195671e-02 3.323764e+00
-7.500000e-02 4.195671e-02 3.020119e+00
-6.000000e-02 4.195671e-02 1.919205e+00
-4.500000e-02 4.195671e-02 1.027214e+00
-3.000000e-02 4.195671e-02 5.997508e-01
-1.500000e-02 4.195671e-02 4.283984e-01
5.551115e-17 4.195671e-02 3.828919e-01
1.500000e-02 4.195671e-02 4.283984e-01
3.000000e-02 4.195671e-02 5.997508e-01
4.500000e-02 4.195671e-02 1.027214e+00
6.000000e-02 4.195671e-02 1.919205e+00
7.500000e-02 4.195671e-02 3.020119e+00
9.000000e-02 4.195671e-02 3.323764e+00
1.050000e-01 4.195671e-02 2.847581e+00
1.200000e-01 4.195671e-02 2.256596e+00
1.350000e-01 4.195671e-02 1.798473e+00
1.500000e-01 4.195671e-02 1.477393e+00
1.650000e-01 4.195671e-02 1.254323e+00
1.800000e-01 4.195671e-02 1.096606e+00
1.950000e-01 4.195671e-02 9.824069e-01
2.100000e-01 4.195671e-02 8.977398e-01
2.250000e-01 4.195671e-02 8.336157e-01
2.400000e-01 4.195671e-02 7.841632e-01
2.550000e-01 4.195671e-02 7.454709e-01
2.700000e-01 4.195671e-02 7.148720e-01
2.850000e-01 4.195671e-02 6.904987e-01
3.000000e-01 4.195671e-02 6.710136e-01
-3.000000e-01 5.562099e-02 6.187873e-01
-2.850000e-01 5.562099e-02 6.360610e-01
-2.700000e-01 5.562099e-02 6.576303e-01
-2.550000e-01 5.562099e-02 6.846512e-01
-2.400000e-01 5.562099e-02 7.187292e-01
-2.250000e-01 5.562099e-02 7.621435e-01
-2.100000e-01 5.562099e-02 8.182123e-01
-1.950000e-01 5.562099e-02 8.918728e-01
-1.800000e-01 5.562099e-02 9.905994e-01
-1.650000e-01 5.562099e-02 1.125854e+00
-1.500000e-01 5.562099e-02 1.315184e+00
-1.350000e-01 5.562099e-02 1.584084e+00
-1.200000e-01 5.562099e-02 1.961201e+00
-1.050000e-01 5.562099e-02 2.436834e+00
-9.000000e-02 5.562099e-02 2.804322e+00
-7.500000e-02 5.562099e-02 2.531679e+00
-6.000000e-02 5.562099e-02 1.617107e+00
-4.500000e-02 5.562099e-02 8.774757e-01
-3.000000e-02 5.562099e-02 5.198321e-01
-1.500000e-02 5.562099e-02 3.750626e-01
5.551115e-17 5.562099e-02 3.364011e-01
1.500000e-02 5.562099e-02 3.750626e-01
3.000000e-02 5.562099e-02 5.198321e-01
4.500000e-02 5.562099e-02 8.774757e-01
6.000000e-02 5.562099e-02 1.617107e+00
7.500000e-02 5.562099e-02 2.531679e+00
9.000000e-02 5.562099e-02 2.804322e+00
1.050000e-01 5.562099e-02 2.436834e+00
1.200000e-01 5.562099e-02 1.961201e+00
1.350000e-01 5.562099e-02 1.584084e+00
1.500000e-01 5.562099e-02 1.315184e+00
1.650000e-01 5.562099e-02 1.125854e+00
1.800000e-01 5.562099e-02 9.905994e-01
1.950000e-01 5.562099e-02 8.918728e-01
2.100000e-01 5.562099e-02 8.182123e-01
2.250000e-01 5.562099e-02 7.621435e-01
2.400000e-01 5.562099e-02 7.187292e-01
2.550000e-01 5.562099e-02 6.846512e-01
2.700000e-01 5.562099e-02 6.576303e-01
2.850000e-01 5.562099e-02 6.360610e-01
3.000000e-01 5.562099e-02 6.187873e-01
-3.000000e-01 6.928527e-02 5.723504e-01
-2.850000e-01 6.928527e-02 5.877306e-01
-2.700000e-01 6.928527e-02 6.069041e-01
-2.550000e-01 6.928527e-02 6.308757e-01
-2.400000e-01 6.928527e-02 6.610339e-01
-2.250000e-01 6.928527e-02 6.993384e-01
-2.100000e-01 6.928527e-02 7.486231e-01
-1.950000e-01 6.928527e-02 8.130691e-01
-1.800000e-01 6.928527e-02 8.989375e-01
-1.650000e-01 6.928527e-02 1.015696e+00
-1.500000e-01 6.928527e-02 1.177562e+00
-1.350000e-01 6.928527e-02 1.404582e+00
-1.200000e-01 6.928527e-02 1.717757e+00
-1.050000e-01 6.928527e-02 2.103907e+00
-9.000000e-02 6.928527e-02 2.388592e+00
-7.500000e-02 6.928527e-02 2.142490e+00
-6.000000e-02 6.928527e-02 1.375739e+00
-4.500000e-02 6.928527e-02 7.566263e-01
-3.000000e-02 6.928527e-02 4.545228e-01
-1.500000e-02 6.928527e-02 3.310894e-01
5.551115e-17 6.928527e-02 2.979538e-01
1.500000e-02 6.928527e-02 3.310894e-01
3.000000e-02 6.928527e-02 4.545228e-01
4.500000e-02 6.928527e-02 7.566263e-01
6.000000e-02 6.928527e-02 1.375739e+00
7.500000e-02 6.928527e-02 2.142490e+00
9.000000e-02 6.928527e-02 2.388592e+00
1.050000e-01 6.928527e-02 2.103907e+00
1.200000e-01 6.928527e-02 1.717757e+00
1.350000e-01 6.928527e-02 1.404582e+00
1.500000e-01 6.928527e-02 1.177562e+00
1.650000e-01 6.928527e-02 1.015696e+00
1.800000e-01 6.928527e-02 8.989375e-01
1.950000e-01 6.928527e-02 8.130691e-01
2.100000e-01 6.928527e-02 7.486231e-01
2.250000e-01 6.928527e-02 6.993384e-01
2.400000e-01 6.928527e-02 6.610339e-01
2.550000e-01 6.928527e-02 6.308757e-01
2.700000e-01 6.928527e-02 6.069041e-01
2.850000e-01 6.928527e-02 5.877306e-01
3.000000e-01 6.928527e-02 5.723504e-01
-3.000000e-01 8.294955e-02 5.308886e-01
-2.850000e-01 8.294955e-02 5.446387e-01
-2.700000e-01 8.294955e-02 5.617541e-01
-2.550000e-01 8.294955e-02 5.831123e-01
-2.400000e-01 8.294955e-02 6.099211e-01
-2.250000e-01 8.294955e-02 6.438754e-01
-2.100000e-01 8.294955e-02 6.874104e-01
-1.950000e-01 8.294955e-02 7.440901e-01
-1.800000e-01 8.294955e-02 8.191965e-01
-1.650000e-01 8.294955e-02 9.206083e-01
-1.500000e-01 8.294955e-02 1.059934e+00
-1.350000e-01 8.294955e-02 1.253050e+00
-1.200000e-01 8.294955e-02 1.515307e+00
-1.050000e-01 8.294955e-02 1.831556e+00
-9.000000e-02 8.294955e-02 2.053188e+00
-7.500000e-02 8.294955e-02 1.830353e+00
-6.000000e-02 8.294955e-02 1.181421e+00
-4.500000e-02 8.294955e-02 6.582108e-01
-3.000000e-02 8.294955e-02 4.006636e-01
-1.500000e-02 8.294955e-02 2.945156e-01
5.551115e-17 8.294955e-02 2.658835e-01
1.500000e-02 8.294955e-02 2.945156e-01
3.000000e-02 8.294955e-02 4.006636e-01
4.500000e-02 8.294955e-02 6.582108e-01
6.000000e-02 8.294955e-02 1.181421e+00
7.500000e-02 8.294955e-02 1.830353e+00
9.000000e-02 8.294955e-02 2.053188e+00
1.050000e-01 8.294955e-02 1.831556e+00
1.200000e-01 8.294955e-02 1.515307e+00
1.350000e-01 8.294955e-02 1.253050e+00
1.500000e-01 8.294955e-02 1.059934e+00
1.650000e-01 8.294955e-02 9.206083e-01
1.800000e-01 8.294955e-02 8.191965e-01
1.950000e-01 8.294955e-02 7.440901e-01
2.100000e-01 8.294955e-02 6.874104e-01
2.250000e-01 8.294955e-02 6.438754e-01
2.400000e-01 8.294955e-02 6.099211e-01
2.550000e-01 8.294955e-02 5.831123e-01
2.700000e-01 8.294955e-02 5.617541e-01
2.850000e-01 8.294955e-02 5.446387e-01
3.000000e-01 8.294955e-02 5.308886e-01
-3.000000e-01 9.661383e-02 4.937241e-01
-2.850000e-01 9.661383e-02 5.060640e-01
-2.700000e-01 9.661383e-02 5.214019e-01
-2.550000e-01 9.661383e-02 5.405086e-01
-2.400000e-01 9.661383e-02 5.644398e-01
-2.250000e-01 9.661383e-02 5.946695e-01
-2.100000e-01 9.661383e-02 6.333024e-01
-1.950000e-01 9.661383e-02 6.833953e-01
-1.800000e-01 9.661383e-02 7.494336e-01
-1.650000e-01 9.661383e-02 8.380199e-01
-1.500000e-01 9.661383e-02 9.587026e-01
-1.350000e-01 9.661383e-02 1.124139e+00
-1.200000e-01 9.661383e-02 1.345492e+00
-1.050000e-01 9.661383e-02 1.606692e+00
-9.000000e-02 9.661383e-02 1.780138e+00
-7.500000e-02 9.661383e-02 1.577902e+00
-6.000000e-02 9.661383e-02 1.023593e+00
-4.500000e-02 9.661383e-02 5.773236e-01
-3.000000e-02 9.661383e-02 3.558534e-01
-1.500000e-02 9.661383e-02 2.638418e-01
5.551115e-17 9.661383e-02 2.389140e-01
1.500000e-02 9.661383e-02 2.638418e-01
3.000000e-02 9.661383e-02 3.558534e-01
4.500000e-02 9.661383e-02 5.773236e-01
6.000000e-02 9.661383e-02 1.023593e+00
7.500000e-02 9.661383e-02 1.577902e+00
9.000000e-02 9.661383e-02 1.780138e+00
1.050000e-01 9.661383e-02 1.606692e+00
1.200000e-01 9.661383e-02 1.345492e+00
1.350000e-01 9.661383e-02 1.124139e+00
1.500000e-01 9.661383e-02 9.587026e-01
1.650000e-01 9.661383e-02 8.380199e-01
1.800000e-01 9.661383e-02 7.494336e-01
1.950000e-01 9.661383e-02 6.833953e-01
2.100000e-01 9.661383e-02 6.333024e-01
2.250000e-01 9.661383e-02 5.946695e-01
2.400000e-01 9.661383e-02 5.644398e-01
2.550000e-01 9.661383e-02 5.405086e-01
2.700000e-01 9.661383e-02 5.214019e-01
2.850000e-01 9.661383e-02 5.060640e-01
3.000000e-01 9.661383e-02 4.937241e-01
-3.000000e-01 1.102781e-01 4.602893e-01
-2.850000e-01 1.102781e-01 4.714033e-01
-2.700000e-01 1.102781e-01 4.851990e-01
-2.550000e-01 1.102781e-01 5.023562e-01
-2.400000e-01 1.102781e-01 5.238023e-01
-2.250000e-01 1.102781e-01 5.508259e-01
-2.100000e-01 1.102781e-01 5.852560e-01
-1.950000e-01 1.102781e-01 6.297294e-01
-1.800000e-01 1.102781e-01 6.880786e-01
-1.650000e-01 1.102781e-01 7.658738e-01
-1.500000e-01 1.102781e-01 8.710227e-01
-1.350000e-01 1.102781e-01 1.013679e+00
-1.200000e-01 1.102781e-01 1.201892e+00
-1.050000e-01 1.102781e-01 1.419366e+00
-9.000000e-02 1.102781e-01 1.555778e+00
-7.500000e-02 1.102781e-01 1.371848e+00
-6.000000e-02 1.102781e-01 8.942130e-01
-4.500000e-02 1.102781e-01 5.102407e-01
-3.000000e-02 1.102781e-01 3.182585e-01
-1.500000e-02 1.102781e-01 2.379146e-01
5.551115e-17 1.102781e-01 2.160614e-01
1.500000e-02 1.102781e-01 2.379146e-01
3.000000e-02 1.102781e-01 3.182585e-01
4.500000e-02 1.102781e-01 5.102407e-01
6.000000e-02 1.102781e-01 8.942130e-01
7.500000e-02 1.102781e-01 1.371848e+00
9.000000e-02 1.102781e-01 1.555778e+00
1.050000e-01 1.102781e-01 1.419366e+00
1.200000e-01 1.102781e-01 1.201892e+00
1.350000e-01 1.102781e-01 1.013679e+00
1.500000e-01 1.102781e-01 8.710227e-01
1.650000e-01 1.102781e-01 7.658738e-01
1.800000e-01 1.102781e-01 6.880786e-01
1.950000e-01 1.102781e-01 6.297294e-01
2.100000e-01 1.102781e-01 5.852560e-01
2.250000e-01 1.102781e-01 5.508259e-01
2.400000e-01 1.102781e-01 5.238023e-01
2.550000e-01 1.102781e-01 5.023562e-01
2.700000e-01 1.102781e-01 4.851990e-01
2.850000e-01 1.102781e-01 4.714033e-01
3.000000e-01 1.102781e-01 4.602893e-01
-3.000000e-01 1.239424e-01 4.301063e-01
-2.850000e-01 1.239424e-01 4.401500e-01
-2.700000e-01 1.239424e-01 4.526014e-01
-2.550000e-01 1.239424e-01 4.680627e-01
-2.400000e-01 1.239424e-01 4.873524e-01
-2.250000e-01 1.239424e-01 5.116024e-01
-2.100000e-01 1.239424e-01 5.424101e-01
-1.950000e-01 1.239424e-01 5.820626e-01
-1.800000e-01 1.239424e-01 6.338536e-01
-1.650000e-01 1.239424e-01 7.025111e-01
-1.500000e-01 1.239424e-01 7.946271e-01
-1.350000e-01 1.239424e-01 9.183929e-01
-1.200000e-01 1.239424e-01 1.079532e+00
-1.050000e-01 1.239424e-01 1.261977e+00
-9.000000e-02 1.239424e-01 1.369736e+00
-7.500000e-02 1.239424e-01 1.202101e+00
-6.000000e-02 1.239424e-01 7.871796e-01
-4.500000e-02 1.239424e-01 4.541244e-01
-3.000000e-02 1.239424e-01 2.864684e-01
-1.500000e-02 1.239424e-01 2.158400e-01
5.551115e-17 1.239424e-01 1.965603e-01
1.500000e-02 1.239424e-01 2.158400e-01
3.000000e-02 1.239424e-01 2.864684e-01
4.500000e-02 1.239424e-01 4.541244e-01
6.000000e-02 1.239424e-01 7.871796e-01
7.500000e-02 1.239424e-01 1.202101e+00
9.000000e-02 1.239424e-01 1.369736e+00
1.050000e-01 1.239424e-01 1.261977e+00
1.200000e-01 1.239424e-01 1.079532e+00
1.350000e-01 1.239424e-01 9.183929e-01
1.500000e-01 1.239424e-01 7.946271e-01
1.650000e-01 1.239424e-01 7.025111e-01
1.800000e-01 1.239424e-01 6.338536e-01
1.950000e-01 1.239424e-01 5.820626e-01
2.100000e-01 1.239424e-01 5.424101e-01
2.250000e-01 1.239424e-01 5.116024e-01
2.400000e-01 1.239424e-01 4.873524e-01
2.550000e-01 1.239424e-01 4.680627e-01
2.700000e-01 1.239424e-01 4.526014e-01
2.850000e-01 1.239424e-01 4.401500e-01
3.000000e-01 1.239424e-01 4.301063e-01
-3.000000e-01 1.376067e-01 4.027708e-01
-2.850000e-01 1.376067e-01 4.118761e-01
-2.700000e-01 1.376067e-01 4.231505e-01
-2.550000e-01 1.376067e-01 4.371300e-01
-2.400000e-01 1.376067e-01 4.545401e-01
-2.250000e-01 1.376067e-01 4.763792e-01
-2.100000e-01 1.376067e-01 5.040495e-01
-1.950000e-01 1.376067e-01 5.395445e-01
-1.800000e-01 1.376067e-01 5.857105e-01
-1.650000e-01 1.376067e-01 6.465842e-01
-1.500000e-01 1.376067e-01 7.276940e-01
-1.350000e-01 1.376067e-01 8.356828e-01
-1.200000e-01 1.376067e-01 9.745290e-01
-1.050000e-01 1.376067e-01 1.128677e+00
-9.000000e-02 1.376067e-01 1.214112e+00
-7.500000e-02 1.376067e-01 1.060996e+00
-6.000000e-02 1.376067e-01 6.978499e-01
-4.500000e-02 1.376067e-01 4.067987e-01
-3.000000e-02 1.376067e-01 2.593894e-01
-1.500000e-02 1.376067e-01 1.969188e-01
5.551115e-17 1.376067e-01 1.798108e-01
1.500000e-02 1.376067e-01 1.969188e-01
3.000000e-02 1.376067e-01 2.593894e-01
4.500000e-02 1.376067e-01 4.067987e-01
6.000000e-02 1.376067e-01 6.978499e-01
7.500000e-02 1.376067e-01 1.060996e+00
9.000000e-02 1.376067e-01 1.214112e+00
1.050000e-01 1.376067e-01 1.128677e+00
1.200000e-01 1.376067e-01 9.745290e-01
1.350000e-01 1.376067e-01 8.356828e-01
1.500000e-01 1.376067e-01 7.276940e-01
1.650000e-01 1.376067e-01 6.465842e-01
1.800000e-01 1.376067e-01 5.857105e-01
1.950000e-01 1.376067e-01 5.395445e-01
2.100000e-01 1.376067e-01 5.040495e-01
2.250000e-01 1.376067e-01 4.763792e-01
2.400000e-01 1.376067e-01 4.545401e-01
2.550000e-01 1.376067e-01 4.371300e-01
2.700000e-01 1.376067e-01 4.231505e-01
2.850000e-01 1.376067e-01 4.118761e-01
3.000000e-01 1.376067e-01 4.027708e-01
-3.000000e-01 1.512709e-01 3.779387e-01
-2.850000e-01 1.512709e-01 3.862178e-01
-2.700000e-01 1.512709e-01 3.964578e-01
-2.550000e-01 1.512709e-01 4.091372e-01
-2.400000e-01 1.512709e-01 4.249017e-01
-2.250000e-01 1.512709e-01 4.446360e-01
-2.100000e-01 1.512709e-01 4.695761e-01
-1.950000e-01 1.512709e-01 5.014683e-01
-1.800000e-01 1.512709e-01 5.427846e-01
-1.650000e-01 1.512709e-01 5.969904e-01
-1.500000e-01 1.512709e-01 6.687486e-01
-1.350000e-01 1.512709e-01 7.634715e-01
-1.200000e-01 1.512709e-01 8.838254e-01
-1.050000e-01 1.512709e-01 1.014931e+00
-9.000000e-02 1.512709e-01 1.082853e+00
-7.500000e-02 1.512709e-01 9.426869e-01
-6.000000e-02 1.512709e-01 6.226710e-01
-4.500000e-02 1.512709e-01 3.665820e-01
-3.000000e-02 1.512709e-01 2.361664e-01
-1.500000e-02 1.512709e-01 1.805998e-01
5.551115e-17 1.512709e-01 1.653382e-01
1.500000e-02 1.512709e-01 1.805998e-01
3.000000e-02 1.512709e-01 2.361664e-01
4.500000e-02 1.512709e-01 3.665820e-01
6.000000e-02 1.512709e-01 6.226710e-01
7.500000e-02 1.512709e-01 9.426869e-01
9.000000e-02 1.512709e-01 1.082853e+00
1.050000e-01 1.512709e-01 1.014931e+00
1.200000e-01 1.512709e-01 8.838254e-01
1.350000e-01 1.512709e-01 7.634715e-01
1.500000e-01 1.512709e-01 6.687486e-01
1.650000e-01 1.512709e-01 5.969904e-01
1.800000e-01 1.512709e-01 5.427846e-01
1.950000e-01 1.512709e-01 5.014683e-01
2.100000e-01 1.512709e-01 4.695761e-01
2.250000e-01 1.512709e-01 4.446360e-01
2.400000e-01 1.512709e-01 4.249017e-01
2.550000e-01 1.512709e-01 4.091372e-01
2.700000e-01 1.512709e-01 3.964578e-01
2.850000e-01 1.512709e-01 3.862178e-01
3.000000e-01 1.512709e-01 3.779387e-01
-3.000000e-01 1.649352e-01 3.553158e-01
-2.850000e-01 1.649352e-01 3.628650e-01
-2.700000e-01 1.649352e-01 3.721922e-01
-2.550000e-01 1.649352e-01 3.837265e-01
-2.400000e-01 1.649352e-01 3.980445e-01
-2.250000e-01 1.649352e-01 4.159334e-01
-2.100000e-01 1.649352e-01 4.384874e-01
-1.950000e-01 1.649352e-01 4.672428e-01
-1.800000e-01 1.649352e-01 5.043573e-01
-1.650000e-01 1.649352e-01 5.528209e-01
-1.500000e-01 1.649352e-01 6.165876e-01
-1.350000e-01 1.649352e-01 7.000852e-01
-1.200000e-01 1.649352e-01 8.049915e-01
-1.050000e-01 1.649352e-01 9.171887e-01
-9.000000e-02 1.649352e-01 9.712808e-01
-7.500000e-02 1.649352e-01 8.426834e-01
-6.000000e-02 1.649352e-01 5.589043e-01
-4.500000e-02 1.649352e-01 3.321637e-01
-3.000000e-02 1.649352e-01 2.161251e-01
-1.500000e-02 1.649352e-01 1.664445e-01
5.551115e-17 1.649352e-01 1.527638e-01
1.500000e-02 1.649352e-01 1.664445e-01
3.000000e-02 1.649352e-01 2.161251e-01
4.500000e-02 1.649352e-01 3.321637e-01
6.000000e-02 1.649352e-01 5.589043e-01
7.500000e-02 1.649352e-01 8.426834e-01
9.000000e-02 1.649352e-01 9.712808e-01
1.050000e-01 1.649352e-01 9.171887e-01
1.200000e-01 1.649352e-01 8.049915e-01
1.350000e-01 1.649352e-01 7.000852e-01
1.500000e-01 1.649352e-01 6.165876e-01
1.650000e-01 1.649352e-01 5.528209e-01
1.800000e-01 1.649352e-01 5.043573e-01
1.950000e-01 1.649352e-01 4.672428e-01
2.100000e-01 1.649352e-01 4.384874e-01
2.250000e-01 1.649352e-01 4.159334e-01
2.400000e-01 1.649352e-01 3.980445e-01
2.550000e-01 1.649352e-01 3.837265e-01
2.700000e-01 1.649352e-01 3.721922e-01
2.850000e-01 1.649352e-01 3.628650e-01
3.000000e-01 1.649352e-01 3.553158e-01
-3.000000e-01 1.785995e-01 3.346498e-01
-2.850000e-01 1.785995e-01 3.415517e-01
-2.700000e-01 1.785995e-01 3.500706e-01
-2.550000e-01 1.785995e-01 3.605925e-01
-2.400000e-01 1.785995e-01 3.736342e-01
-2.250000e-01 1.785995e-01 3.898988e-01
-2.100000e-01 1.785995e-01 4.103586e-01
-1.950000e-01 1.785995e-01 4.363713e-01
-1.800000e-01 1.785995e-01 4.698283e-01
-1.650000e-01 1.785995e-01 5.133223e-01
-1.500000e-01 1.785995e-01 5.702228e-01
-1.350000e-01 1.785995e-01 6.441653e-01
-1.200000e-01 1.785995e-01 7.360822e-01
-1.050000e-01 1.785995e-01 8.326522e-01
-9.000000e-02 1.785995e-01 8.757541e-01
-7.500000e-02 1.785995e-01 7.575088e-01
-6.000000e-02 1.785995e-01 5.044209e-01
-4.500000e-02 1.785995e-01 3.025139e-01
-3.000000e-02 1.785995e-01 1.987291e-01
-1.500000e-02 1.785995e-01 1.541015e-01
5.551115e-17 1.785995e-01 1.417834e-01
1.500000e-02 1.785995e-01 1.541015e-01
3.000000e-02 1.785995e-01 1.987291e-01
4.500000e-02 1.785995e-01 3.025139e-01
6.000000e-02 1.785995e-01 5.044209e-01
7.500000e-02 1.785995e-01 7.575088e-01
9.000000e-02 1.785995e-01 8.757541e-01
1.050000e-01 1.785995e-01 8.326522e-01
1.200000e-01 1.785995e-01 7.360822e-01
1.350000e-01 1.785995e-01 6.441653e-01
1.500000e-01 1.785995e-01 5.702228e-01
1.650000e-01 1.785995e-01 5.133223e-01
1.800000e-01 1.785995e-01 4.698283e-01
1.950000e-01 1.785995e-01 4.363713e-01
2.100000e-01 1.785995e-01 4.103586e-01
2.250000e-01 1.785995e-01 3.898988e-01
2.400000e-01 1.785995e-01 3.736342e-01
2.550000e-01 1.785995e-01 3.605925e-01
2.700000e-01 1.785995e-01 3.500706e-01
2.850000e-01 1.785995e-01 3.415517e-01
3.000000e-01 1.785995e-01 3.346498e-01
-3.000000e-01 1.922638e-01 3.157229e-01
-2.850000e-01 1.922638e-01 3.220489e-01
-2.700000e-01 1.922638e-01 3.298496e-01
-2.550000e-01 1.922638e-01 3.394733e-01
-2.400000e-01 1.922638e-01 3.513848e-01
-2.250000e-01 1.922638e-01 3.662141e-01
-2.100000e-01 1.922638e-01 3.848289e-01
-1.950000e-01 1.922638e-01 4.084335e-01
-1.800000e-01 1.922638e-01 4.386931e-01
-1.650000e-01 1.922638e-01 4.778661e-01
-1.500000e-01 1.922638e-01 5.288371e-01
-1.350000e-01 1.922638e-01 5.946007e-01
-1.200000e-01 1.922638e-01 6.755273e-01
-1.050000e-01 1.922638e-01 7.590939e-01
-9.000000e-02 1.922638e-01 7.934124e-01
-7.500000e-02 1.922638e-01 6.844491e-01
-6.000000e-02 1.922638e-01 4.575522e-01
-4.500000e-02 1.922638e-01 2.768163e-01
-3.000000e-02 1.922638e-01 1.835486e-01
-1.500000e-02 1.922638e-01 1.432868e-01
5.551115e-17 1.922638e-01 1.321505e-01
1.500000e-02 1.922638e-01 1.432868e-01
3.000000e-02 1.922638e-01 1.835486e-01
4.500000e-02 1.922638e-01 2.768163e-01
6.000000e-02 1.922638e-01 4.575522e-01
7.500000e-02 1.922638e-01 6.844491e-01
9.000000e-02 1.922638e-01 7.934124e-01
1.050000e-01 1.922638e-01 7.590939e-01
1.200000e-01 1.922638e-01 6.755273e-01
1.350000e-01 1.922638e-01 5.946007e-01
1.500000e-01 1.922638e-01 5.288371e-01
1.650000e-01 1.922638e-01 4.778661e-01
1.800000e-01 1.922638e-01 4.386931e-01
1.950000e-01 1.922638e-01 4.084335e-01
2.100000e-01 1.922638e-01 3.848289e-01
2.250000e-01 1.922638e-01 3.662141e-01
2.400000e-01 1.922638e-01 3.513848e-01
2.550000e-01 1.922638e-01 3.394733e-01
2.700000e-01 1.922638e-01 3.298496e-01
2.850000e-01 1.922638e-01 3.220489e-01
3.000000e-01 1.922638e-01 3.157229e-01
-3.000000e-01 2.059281e-01 2.983467e-01
-2.850000e-01 2.059281e-01 3.041587e-01
-2.700000e-01 2.059281e-01 3.113192e-01
-2.550000e-01 2.059281e-01 3.201432e-01
-2.400000e-01 2.059281e-01 3.310505e-01
-2.250000e-01 2.059281e-01 3.446073e-01
-2.100000e-01 2.059281e-01 3.615905e-01
-1.950000e-01 2.059281e-01 3.830726e-01
-1.800000e-01 2.059281e-01 4.105255e-01
-1.650000e-01 2.059281e-01 4.459246e-01
-1.500000e-01 2.059281e-01 4.917508e-01
-1.350000e-01 2.059281e-01 5.504767e-01
-1.200000e-01 2.059281e-01 6.220503e-01
-1.050000e-01 2.059281e-01 6.947274e-01
-9.000000e-02 2.059281e-01 7.219896e-01
-7.500000e-02 2.059281e-01 6.213675e-01
-6.000000e-02 2.059281e-01 4.169791e-01
-4.500000e-02 2.059281e-01 2.544185e-01
-3.000000e-02 2.059281e-01 1.702361e-01
-1.500000e-02 2.059281e-01 1.337694e-01
5.551115e-17 2.059281e-01 1.236639e-01
1.500000e-02 2.059281e-01 1.337694e-01
3.000000e-02 2.059281e-01 1.702361e-01
4.500000e-02 2.059281e-01 2.544185e-01
6.000000e-02 2.059281e-01 4.169791e-01
7.500000e-02 2.059281e-01 6.213675e-01
9.000000e-02 2.059281e-01 7.219896e-01
1.050000e-01 2.059281e-01 6.947274e-01
1.200000e-01 2.059281e-01 6.220503e-01
1.350000e-01 2.059281e-01 5.504767e-01
1.500000e-01 2.059281e-01 4.917508e-01
1.650000e-01 2.059281e-01 4.459246e-01
1.800000e-01 2.059281e-01 4.105255e-01
1.950000e-01 2.059281e-01 3.830726e-01
2.100000e-01 2.059281e-01 3.615905e-01
2.250000e-01 2.059281e-01 3.446073e-01
2.400000e-01 2.059281e-01 3.310505e-01
2.550000e-01 2.059281e-01 3.201432e-01
2.700000e-01 2.059281e-01 3.113192e-01
2.850000e-01 2.059281e-01 3.041587e-01
3.000000e-01 2.059281e-01 2.983467e-01
-3.000000e-01 2.195923e-01 2.823574e-01
-2.850000e-01 2.195923e-01 2.877092e-01
-2.700000e-01 2.195923e-01 2.942971e-01
-2.550000e-01 2.195923e-01 3.024072e-01
-2.400000e-01 2.195923e-01 3.124192e-01
-2.250000e-01 2.195923e-01 3.248439e-01
-2.100000e-01 2.195923e-01 3.403793e-01
-1.950000e-01 2.195923e-01 3.599837e-01
-1.800000e-01 2.195923e-01 3.849632e-01
-1.650000e-01 2.195923e-01 4.170529e-01
-1.500000e-01 2.195923e-01 4.583949e-01
-1.350000e-01 2.195923e-01 5.110350e-01
-1.200000e-01 2.195923e-01 5.746055e-01
-1.050000e-01 2.195923e-01 6.381091e-01
-9.000000e-02 2.195923e-01 6.596760e-01
-7.500000e-02 2.195923e-01 5.665673e-01
-6.000000e-02 2.195923e-01 3.816499e-01
-4.500000e-02 2.195923e-01 2.347951e-01
-3.000000e-02 2.195923e-01 1.585089e-01
-1.500000e-02 2.195923e-01 1.253598e-01
5.551115e-17 2.195923e-01 1.161585e-01
1.500000e-02 2.195923e-01 1.253598e-01
3.000000e-02 2.195923e-01 1.585089e-01
4.500000e-02 2.195923e-01 2.347951e-01
6.000000e-02 2.195923e-01 3.816499e-01
7.500000e-02 2.195923e-01 5.665673e-01
9.000000e-02 2.195923e-01 6.596760e-01
1.050000e-01 2.195923e-01 6.381091e-01
1.200000e-01 2.195923e-01 5.746055e-01
1.350000e-01 2.195923e-01 5.110350e-01
1.500000e-01 2.195923e-01 4.583949e-01
1.650000e-01 2.195923e-01 4.170529e-01
1.800000e-01 2.195923e-01 3.849632e-01
1.950000e-01 2.195923e-01 3.599837e-01
2.100000e-01 2.195923e-01 3.403793e-01
2.250000e-01 2.195923e-01 3.248439e-01
2.400000e-01 2.195923e-01 3.124192e-01
2.550000e-01 2.195923e-01 3.024072e-01
2.700000e-01 2.195923e-01 2.942971e-01
2.850000e-01 2.195923e-01 2.877092e-01
3.000000e-01 2.195923e-01 2.823574e-01
-3.000000e-01 2.332566e-01 2.676121e-01
-2.850000e-01 2.332566e-01 2.725508e-01
-2.700000e-01 2.332566e-01 2.786253e-01
-2.550000e-01 2.332566e-01 2.860958e-01
-2.400000e-01 2.332566e-01 2.953072e-01
-2.250000e-01 2.332566e-01 3.067216e-01
-2.100000e-01 2.332566e-01 3.209680e-01
-1.950000e-01 2.332566e-01 3.389056e-01
-1.800000e-01 2.332566e-01 3.616974e-01
-1.650000e-01 2.332566e-01 3.908735e-01
-1.500000e-01 2.332566e-01 4.282904e-01
-1.350000e-01 2.332566e-01 4.756435e-01
-1.200000e-01 2.332566e-01 5.323308e-01
-1.050000e-01 2.332566e-01 5.880628e-01
-9.000000e-02 2.332566e-01 6.050144e-01
-7.500000e-02 2.332566e-01 5.186901e-01
-6.000000e-02 2.332566e-01 3.507195e-01
-4.500000e-02 2.332566e-01 2.175195e-01
-3.000000e-02 2.332566e-01 1.481352e-01
-1.500000e-02 2.332566e-01 1.179017e-01
5.551115e-17 2.332566e-01 1.094974e-01
1.500000e-02 2.332566e-01 1.179017e-01
3.000000e-02 2.332566e-01 1.481352e-01
4.500000e-02 2.332566e-01 2.175195e-01
6.000000e-02 2.332566e-01 3.507195e-01
7.500000e-02 2.332566e-01 5.186901e-01
9.000000e-02 2.332566e-01 6.050144e-01
1.050000e-01 2.332566e-01 5.880628e-01
1.200000e-01 2.332566e-01 5.323308e-01
1.350000e-01 2.332566e-01 4.756435e-01
1.500000e-01 2.332566e-01 4.282904e-01
1.650000e-01 2.332566e-01 3.908735e-01
1.800000e-01 2.332566e-01 3.616974e-01
1.950000e-01 2.332566e-01 3.389056e-01
2.100000e-01 2.332566e-01 3.209680e-01
2.250000e-01 2.332566e-01 3.067216e-01
2.400000e-01 2.332566e-01 2.953072e-01
2.550000e-01 2.332566e-01 2.860958e-01
2.700000e-01 2.332566e-01 2.786253e-01
2.850000e-01 2.332566e-01 2.725508e-01
3.000000e-01 2.332566e-01 2.676121e-01
-3.000000e-01 2.469209e-01 2.539858e-01
-2.850000e-01 2.469209e-01 2.585527e-01
-2.700000e-01 2.469209e-01 2.641653e-01
-2.550000e-01 2.469209e-01 2.710615e-01
-2.400000e-01 2.469209e-01 2.795549e-01
-2.250000e-01 2.469209e-01 2.900649e-01
-2.100000e-01 2.469209e-01 3.031599e-01
-1.950000e-01 2.469209e-01 3.196130e-01
-1.800000e-01 2.469209e-01 3.404633e-01
-1.650000e-01 2.469209e-01 3.670646e-01
-1.500000e-01 2.469209e-01 4.010322e-01
-1.350000e-01 2.469209e-01 4.437722e-01
-1.200000e-01 2.469209e-01 4.945108e-01
-1.050000e-01 2.469209e-01 5.436245e-01
-9.000000e-02 2.469209e-01 5.568228e-01
-7.500000e-02 2.469209e-01 4.766399e-01
-6.000000e-02 2.469209e-01 3.235037e-01
-4.500000e-02 2.469209e-01 2.022430e-01
-3.000000e-02 2.469209e-01 1.389236e-01
-1.500000e-02 2.469209e-01 1.112653e-01
5.551115e-17 2.469209e-01 1.035670e-01
1.500000e-02 2.469209e-01 1.112653e-01
3.000000e-02 2.469209e-01 1.389236e-01
4.500000e-02 2.469209e-01 2.022430e-01
6.000000e-02 2.469209e-01 3.235037e-01
7.500000e-02 2.469209e-01 4.766399e-01
9.000000e-02 2.469209e-01 5.568228e-01
1.050000e-01 2.469209e-01 5.436245e-01
1.200000e-01 2.469209e-01 4.945108e-01
1.350000e-01 2.469209e-01 4.437722e-01
1.500000e-01 2.469209e-01 4.010322e-01
1.650000e-01 2.469209e-01 3.670646e-01
1.800000e-01 2.469209e-01 3.404633e-01
1.950000e-01 2.469209e-01 3.196130e-01
2.100000e-01 2.469209e-01 3.031599e-01
2.250000e-01 2.469209e-01 2.900649e-01
2.400000e-01 2.469209e-01 2.795549e-01
2.550000e-01 2.469209e-01 2.710615e-01
2.700000e-01 2.469209e-01 2.641653e-01
2.850000e-01 2.469209e-01 2.585527e-01
3.000000e-01 2.469209e-01 2.539858e-01
-3.000000e-01 2.605852e-01 2.413688e-01
-2.850000e-01 2.605852e-01 2.455999e-01
-2.700000e-01 2.605852e-01 2.507962e-01
-2.550000e-01 2.605852e-01 2.571750e-01
-2.400000e-01 2.605852e-01 2.650227e-01
-2.250000e-01 2.605852e-01 2.747208e-01
-2.100000e-01 2.605852e-01 2.867845e-01
-1.950000e-01 2.605852e-01 3.019113e-01
-1.800000e-01 2.605852e-01 3.210327e-01
-1.650000e-01 2.605852e-01 3.453508e-01
-1.500000e-01 2.605852e-01 3.762757e-01
-1.350000e-01 2.605852e-01 4.149739e-01
-1.200000e-01 2.605852e-01 4.605483e-01
-1.050000e-01 2.605852e-01 5.039978e-01
-9.000000e-02 2.605852e-01 5.141353e-01
-7.500000e-02 2.605852e-01 4.395257e-01
-6.000000e-02 2.605852e-01 2.994441e-01
-4.500000e-02 2.605852e-01 1.886787e-01
-3.000000e-02 2.605852e-01 1.307155e-01
-1.500000e-02 2.605852e-01 1.053423e-01
5.551115e-17 2.605852e-01 9.827217e-02
1.500000e-02 2.605852e-01 1.053423e-01
3.000000e-02 2.605852e-01 1.307155e-01
4.500000e-02 2.605852e-01 1.886787e-01
6.000000e-02 2.605852e-01 2.994441e-01
7.500000e-02 2.605852e-01 4.395257e-01
9.000000e-02 2.605852e-01 5.141353e-01
1.050000e-01 2.605852e-01 5.039978e-01
1.200000e-01 2.605852e-01 4.605483e-01
1.350000e-01 2.605852e-01 4.149739e-01
1.500000e-01 2.605852e-01 3.762757e-01
1.650000e-01 2.605852e-01 3.453508e-01
1.800000e-01 2.605852e-01 3.210327e-01
1.950000e-01 2.605852e-01 3.019113e-01
2.100000e-01 2.605852e-01 2.867845e-01
2.250000e-01 2.605852e-01 2.747208e-01
2.400000e-01 2.605852e-01 2.650227e-01
2.550000e-01 2.605852e-01 2.571750e-01
2.700000e-01 2.605852e-01 2.507962e-01
2.850000e-01 2.605852e-01 2.455999e-01
3.000000e-01 2.605852e-01 2.413688e-01
-3.000000e-01 2.742495e-01 2.296643e-01
-2.850000e-01 2.742495e-01 2.335916e-01
-2.700000e-01 2.742495e-01 2.384115e-01
-2.550000e-01 2.742495e-01 2.443232e-01
-2.400000e-01 2.742495e-01 2.515886e-01
-2.250000e-01 2.742495e-01 2.605558e-01
-2.100000e-01 2.742495e-01 2.716931e-01
-1.950000e-01 2.742495e-01 2.856314e-01
-1.800000e-01 2.742495e-01 3.032086e-01
-1.650000e-01 2.742495e-01 3.254952e-01
-1.500000e-01 2.742495e-01 3.537265e-01
-1.350000e-01 2.742495e-01 3.888697e-01
-1.200000e-01 2.742495e-01 4.299416e-01
-1.050000e-01 2.742495e-01 4.685212e-01
-9.000000e-02 2.742495e-01 4.761572e-01
-7.500000e-02 2.742495e-01 4.066180e-01
-6.000000e-02 2.742495e-01 2.780822e-01
-4.500000e-02 2.742495e-01 1.765888e-01
-3.000000e-02 2.742495e-01 1.233780e-01
-1.500000e-02 2.742495e-01 1.000415e-01
5.551115e-17 2.742495e-01 9.353274e-02
1.500000e-02 2.742495e-01 1.000415e-01
3.000000e-02 2.742495e-01 1.233780e-01
4.500000e-02 2.742495e-01 1.765888e-01
6.000000e-02 2.742495e-01 2.780822e-01
7.500000e-02 2.742495e-01 4.066180e-01
9.000000e-02 2.742495e-01 4.761572e-01
1.050000e-01 2.742495e-01 4.685212e-01
1.200000e-01 2.742495e-01 4.299416e-01
1.350000e-01 2.742495e-01 3.888697e-01
1.500000e-01 2.742495e-01 3.537265e-01
1.650000e-01 2.742495e-01 3.254952e-01
1.800000e-01 2.742495e-01 3.032086e-01
1.950000e-01 2.742495e-01 2.856314e-01
2.100000e-01 2.742495e-01 2.716931e-01
2.250000e-01 2.742495e-01 2.605558e-01
2.400000e-01 2.742495e-01 2.515886e-01
2.550000e-01 2.742495e-01 2.443232e-01
2.700000e-01 2.742495e-01 2.384115e-01
2.850000e-01 2.742495e-01 2.335916e-01
3.000000e-01 2.742495e-01 2.296643e-01
-3.000000e-01 2.879137e-01 2.187867e-01
-2.850000e-01 2.879137e-01 2.224386e-01
-2.700000e-01 2.879137e-01 2.269174e-01
-2.550000e-01 2.879137e-01 2.324062e-01
-2.400000e-01 2.879137e-01 2.391453e-01
-2.250000e-01 2.879137e-01 2.474528e-01
-2.100000e-01 2.879137e-01 2.577556e-01
-1.950000e-01 2.879137e-01 2.706261e-01
-1.800000e-01 2.879137e-01 2.868197e-01
-1.650000e-01 2.879137e-01 3.072933e-01
-1.500000e-01 2.879137e-01 3.331319e-01
-1.350000e-01 2.879137e-01 3.651368e-01
-1.200000e-01 2.879137e-01 4.022674e-01
-1.050000e-01 2.879137e-01 4.366418e-01
-9.000000e-02 2.879137e-01 4.422303e-01
-7.500000e-02 2.879137e-01 3.773154e-01
-6.000000e-02 2.879137e-01 2.590387e-01
-4.500000e-02 2.879137e-01 1.657752e-01
-3.000000e-02 2.879137e-01 1.167998e-01
-1.500000e-02 2.879137e-01 9.528610e-02
5.551115e-17 2.879137e-01 8.928098e-02
1.500000e-02 2.879137e-01 9.528610e-02
3.000000e-02 2.879137e-01 1.167998e-01
4.500000e-02 2.879137e-01 1.657752e-01
6.000000e-02 2.879137e-01 2.590387e-01
7.500000e-02 2.879137e-01 3.773154e-01
9.000000e-02 2.879137e-01 4.422303e-01
1.050000e-01 2.879137e-01 4.366418e-01
1.200000e-01 2.879137e-01 4.022674e-01
1.350000e-01 2.879137e-01 3.651368e-01
1.500000e-01 2.879137e-01 3.331319e-01
1.650000e-01 2.879137e-01 3.072933e-01
1.800000e-01 2.879137e-01 2.868197e-01
1.950000e-01 2.879137e-01 2.706261e-01
2.100000e-01 2.879137e-01 2.577556e-01
2.250000e-01 2.879137e-01 2.474528e-01
2.400000e-01 2.879137e-01 2.391453e-01
2.550000e-01 2.879137e-01 2.324062e-01
2.700000e-01 2.879137e-01 2.269174e-01
2.850000e-01 2.879137e-01 2.224386e-01
3.000000e-01 2.879137e-01 2.187867e-01
-3.000000e-01 3.015780e-01 2.086605e-01
-2.850000e-01 3.015780e-01 2.120619e-01
-2.700000e-01 3.015780e-01 2.162309e-01
-2.550000e-01 3.015780e-01 2.213361e-01
-2.400000e-01 3.015780e-01 2.275982e-01
-2.250000e-01 3.015780e-01 2.353089e-01
-2.100000e-01 3.015780e-01 2.448580e-01
-1.950000e-01 3.015780e-01 2.567664e-01
-1.800000e-01 3.015780e-01 2.717171e-01
-1.650000e-01 3.015780e-01 2.905676e-01
-1.500000e-01 3.015780e-01 3.142740e-01
-1.350000e-01 3.015780e-01 3.434989e-01
-1.200000e-01 3.015780e-01 3.771663e-01
-1.050000e-01 3.015780e-01 4.078949e-01
-9.000000e-02 3.015780e-01 4.118061e-01
-7.500000e-02 3.015780e-01 3.511190e-01
-6.000000e-02 3.015780e-01 2.419982e-01
-4.500000e-02 3.015780e-01 1.560717e-01
-3.000000e-02 3.015780e-01 1.108866e-01
-1.500000e-02 3.015780e-01 9.101082e-02
5.551115e-17 3.015780e-01 8.545932e-02
1.500000e-02 3.015780e-01 9.101082e-02
3.000000e-02 3.015780e-01 1.108866e-01
4.500000e-02 3.015780e-01 1.560717e-01
6.000000e-02 3.015780e-01 2.419982e-01
7.500000e-02 3.015780e-01 3.511190e-01
9.000000e-02 3.015780e-01 4.118061e-01
1.050000e-01 3.015780e-01 4.078949e-01
1.200000e-01 3.015780e-01 3.771663e-01
1.350000e-01 3.015780e-01 3.434989e-01
1.500000e-01 3.015780e-01 3.142740e-01
1.650000e-01 3.015780e-01 2.905676e-01
1.800000e-01 3.015780e-01 2.717171e-01
1.950000e-01 3.015780e-01 2.567664e-01
2.100000e-01 3.015780e-01 2.448580e-01
2.250000e-01 3.015780e-01 2.353089e-01
2.400000e-01 3.015780e-01 2.275982e-01
2.550000e-01 3.015780e-01 2.213361e-01
2.700000e-01 3.015780e-01 2.162309e-01
2.850000e-01 3.015780e-01 2.120619e-01
3.000000e-01 3.015780e-01 2.086605e-01
-3.000000e-01 3.152423e-01 1.992182e-01
-2.850000e-01 3.152423e-01 2.023915e-01
-2.700000e-01 3.152423e-01 2.062784e-01
-2.550000e-01 3.152423e-01 2.110348e-01
-2.400000e-01 3.152423e-01 2.168637e-01
-2.250000e-01 3.152423e-01 2.240331e-01
-2.100000e-01 3.152423e-01 2.329000e-01
-1.950000e-01 3.152423e-01 2.439393e-01
-1.800000e-01 3.152423e-01 2.577703e-01
-1.650000e-01 3.152423e-01 2.751638e-01
-1.500000e-01 3.152423e-01 2.969644e-01
-1.350000e-01 3.152423e-01 3.237184e-01
-1.200000e-01 3.152423e-01 3.543319e-01
-1.050000e-01 3.152423e-01 3.818875e-01
-9.000000e-02 3.152423e-01 3.844251e-01
-7.500000e-02 3.152423e-01 3.276124e-01
-6.000000e-02 3.152423e-01 2.266966e-01
-4.500000e-02 3.152423e-01 1.473382e-01
-3.000000e-02 3.152423e-01 1.055585e-01
-1.500000e-02 3.152423e-01 8.716003e-02
5.551115e-17 3.152423e-01 8.201859e-02
1.500000e-02 3.152423e-01 8.716003e-02
3.000000e-02 3.152423e-01 1.055585e-01
4.500000e-02 3.152423e-01 1.473382e-01
6.000000e-02 3.152423e-01 2.266966e-01
7.500000e-02 3.152423e-01 3.276124e-01
9.000000e-02 3.152423e-01 3.844251e-01
1.050000e-01 3.152423e-01 3.818875e-01
1.200000e-01 3.152423e-01 3.543319e-01
1.350000e-01 3.152423e-01 3.237184e-01
1.500000e-01 3.152423e-01 2.969644e-01
1.650000e-01 3.152423e-01 2.751638e-01
1.800000e-01 3.152423e-01 2.577703e-01
1.950000e-01 3.152423e-01 2.439393e-01
2.100000e-01 3.152423e-01 2.329000e-01
2.250000e-01 3.152423e-01 2.240331e-01
2.400000e-01 3.152423e-01 2.168637e-01
2.550000e-01 3.152423e-01 2.110348e-01
2.700000e-01 3.152423e-01 2.062784e-01
2.850000e-01 3.152423e-01 2.023915e-01
3.000000e-01 3.152423e-01 1.992182e-01
-3.000000e-01 3.289066e-01 1.904000e-01
-2.850000e-01 3.289066e-01 1.933650e-01
-2.700000e-01 3.289066e-01 1.969947e-01
-2.550000e-01 3.289066e-01 2.014331e-01
-2.400000e-01 3.289066e-01 2.068677e-01
-2.250000e-01 3.289066e-01 2.135451e-01
-2.100000e-01 3.289066e-01 2.217930e-01
-1.950000e-01 3.289066e-01 2.320453e-01
-1.800000e-01 3.289066e-01 2.448651e-01
-1.650000e-01 3.289066e-01 2.609470e-01
-1.500000e-01 3.289066e-01 2.810393e-01
-1.350000e-01 3.289066e-01 3.055904e-01
-1.200000e-01 3.289066e-01 3.335017e-01
-1.050000e-01 3.289066e-01 3.582860e-01
-9.000000e-02 3.289066e-01 3.596996e-01
-7.500000e-02 3.289066e-01 3.064459e-01
-6.000000e-02 3.289066e-01 2.129116e-01
-4.500000e-02 3.289066e-01 1.394562e-01
-3.000000e-02 3.289066e-01 1.007475e-01
-1.500000e-02 3.289066e-01 8.368612e-02
5.551115e-17 3.289066e-01 7.891664e-02
1.500000e-02 3.289066e-01 8.368612e-02
3.000000e-02 3.289066e-01 1.007475e-01
4.500000e-02 3.289066e-01 1.394562e-01
6.000000e-02 3.289066e-01 2.129116e-01
7.500000e-02 3.289066e-01 3.064459e-01
9.000000e-02 3.289066e-01 3.596996e-01
1.050000e-01 3.289066e-01 3.582860e-01
1.200000e-01 3.289066e-01 3.335017e-01
1.350000e-01 3.289066e-01 3.055904e-01
1.500000e-01 3.289066e-01 2.810393e-01
1.650000e-01 3.289066e-01 2.609470e-01
1.800000e-01 3.289066e-01 2.448651e-01
1.950000e-01 3.289066e-01 2.320453e-01
2.100000e-01 3.289066e-01 2.217930e-01
2.250000e-01 3.289066e-01 2.135451e-01
2.400000e-01 3.289066e-01 2.068677e-01
2.550000e-01 3.289066e-01 2.014331e-01
2.700000e-01 3.289066e-01 1.969947e-01
2.850000e-01 3.289066e-01 1.933650e-01
3.000000e-01 3.289066e-01 1.904000e-01
-3.000000e-01 3.425709e-01 1.821522e-01
-2.850000e-01 3.425709e-01 1.849266e-01
-2.700000e-01 3.425709e-01 1.883212e-01
-2.550000e-01 3.425709e-01 1.924693e-01
-2.400000e-01 3.425709e-01 1.975442e-01
-2.250000e-01 3.425709e-01 2.037735e-01
-2.100000e-01 3.425709e-01 2.114583e-01
-1.950000e-01 3.425709e-01 2.209964e-01
-1.800000e-01 3.425709e-01 2.329009e-01
-1.650000e-01 3.425709e-01 2.477992e-01
-1.500000e-01 3.425709e-01 2.663559e-01
-1.350000e-01 3.425709e-01 2.889372e-01
-1.200000e-01 3.425709e-01 3.144499e-01
-1.050000e-01 3.425709e-01 3.368055e-01
-9.000000e-02 3.425709e-01 3.373016e-01
-7.500000e-02 3.425709e-01 2.873244e-01
-6.000000e-02 3.425709e-01 2.004553e-01
-4.500000e-02 3.425709e-01 1.323247e-01
-3.000000e-02 3.425709e-01 9.639515e-02
-1.500000e-02 3.425709e-01 8.054811e-02
5.551115e-17 3.425709e-01 7.611715e-02
1.500000e-02 3.425709e-01 8.054811e-02
3.000000e-02 3.425709e-01 9.639515e-02
4.500000e-02 3.425709e-01 1.323247e-01
6.000000e-02 3.425709e-01 2.004553e-01
7.500000e-02 3.425709e-01 2.873244e-01
9.000000e-02 3.425709e-01 3.373016e-01
1.050000e-01 3.425709e-01 3.368055e-01
1.200000e-01 3.425709e-01 3.144499e-01
1.350000e-01 3.425709e-01 2.889372e-01
1.500000e-01 3.425709e-01 2.663559e-01
1.650000e-01 3.425709e-01 2.477992e-01
1.800000e-01 3.425709e-01 2.329009e-01
1.950000e-01 3.425709e-01 2.209964e-01
2.100000e-01 3.425709e-01 2.114583e-01
2.250000e-01 3.425709e-01 2.037735e-01
2.400000e-01 3.425709e-01 1.975442e-01
2.550000e-01 3.425709e-01 1.924693e-01
2.700000e-01 3.425709e-01 1.883212e-01
2.850000e-01 3.425709e-01 1.849266e-01
3.000000e-01 3.425709e-01 1.821522e-01
-3.000000e-01 3.562351e-01 1.744268e-01
-2.850000e-01 3.562351e-01 1.770267e-01
-2.700000e-01 3.562351e-01 1.802060e-01
-2.550000e-01 3.562351e-01 1.840884e-01
-2.400000e-01 3.562351e-01 1.888346e-01
-2.250000e-01 3.562351e-01 1.946548e-01
-2.100000e-01 3.562351e-01 2.018265e-01
-1.950000e-01 3.562351e-01 2.107150e-01
-1.800000e-01 3.562351e-01 2.217888e-01
-1.650000e-01 3.562351e-01 2.356163e-01
-1.500000e-01 3.562351e-01 2.527891e-01
-1.350000e-01 3.562351e-01 2.736041e-01
-1.200000e-01 3.562351e-01 2.969813e-01
-1.050000e-01 3.562351e-01 3.172019e-01
-9.000000e-02 3.562351e-01 3.169515e-01
-7.500000e-02 3.562351e-01 2.699977e-01
-6.000000e-02 3.562351e-01 1.891676e-01
-4.500000e-02 3.562351e-01 1.258572e-01
-3.000000e-02 3.562351e-01 9.245124e-02
-1.500000e-02 3.562351e-01 7.771066e-02
5.551115e-17 3.562351e-01 7.358877e-02
1.500000e-02 3.562351e-01 7.771066e-02
3.000000e-02 3.562351e-01 9.245124e-02
4.500000e-02 3.562351e-01 1.258572e-01
6.000000e-02 3.562351e-01 1.891676e-01
7.500000e-02 3.562351e-01 2.699977e-01
9.000000e-02 3.562351e-01 3.169515e-01
1.050000e-01 3.562351e-01 3.172019e-01
1.200000e-01 3.562351e-01 2.969813e-01
1.350000e-01 3.562351e-01 2.736041e-01
1.500000e-01 3.562351e-01 2.527891e-01
1.650000e-01 3.562351e-01 2.356163e-01
1.800000e-01 3.562351e-01 2.217888e-01
1.950000e-01 3.562351e-01 2.107150e-01
2.100000e-01 3.562351e-01 2.018265e-01
2.250000e-01 3.562351e-01 1.946548e-01
2.400000e-01 3.562351e-01 1.888346e-01
2.550000e-01 3.562351e-01 1.840884e-01
2.700000e-01 3.562351e-01 1.802060e-01
2.850000e-01 3.562351e-01 1.770267e-01
3.000000e-01 3.562351e-01 1.744268e-01
-3.000000e-01 3.698994e-01 1.671809e-01
-2.850000e-01 3.698994e-01 1.696205e-01
-2.700000e-01 3.698994e-01 1.726022e-01
-2.550000e-01 3.698994e-01 1.762411e-01
-2.400000e-01 3.698994e-01 1.806863e-01
-2.250000e-01 3.698994e-01 1.861323e-01
-2.100000e-01 3.698994e-01 1.928355e-01
-1.950000e-01 3.698994e-01 2.011318e-01
-1.800000e-01 3.698994e-01 2.114502e-01
-1.650000e-01 3.698994e-01 2.243067e-01
-1.500000e-01 3.698994e-01 2.402292e-01
-1.350000e-01 3.698994e-01 2.594563e-01
-1.200000e-01 3.698994e-01 2.809267e-01
-1.050000e-01 3.698994e-01 2.992649e-01
-9.000000e-02 3.698994e-01 2.984103e-01
-7.500000e-02 3.698994e-01 2.542523e-01
-6.000000e-02 3.698994e-01 1.789121e-01
-4.500000e-02 3.698994e-01 1.199795e-01
-3.000000e-02 3.698994e-01 8.887245e-02
-1.500000e-02 3.698994e-01 7.514314e-02
5.551115e-17 3.698994e-01 7.130430e-02
1.500000e-02 3.698994e-01 7.514314e-02
3.000000e-02 3.698994e-01 8.887245e-02
4.500000e-02 3.698994e-01 1.199795e-01
6.000000e-02 3.698994e-01 1.789121e-01
7.500000e-02 3.698994e-01 2.542523e-01
9.000000e-02 3.698994e-01 2.984103e-01
1.050000e-01 3.698994e-01 2.992649e-01
1.200000e-01 3.698994e-01 2.809267e-01
1.350000e-01 3.698994e-01 2.594563e-01
1.500000e-01 3.698994e-01 2.402292e-01
1.650000e-01 3.698994e-01 2.243067e-01
1.800000e-01 3.698994e-01 2.114502e-01
1.950000e-01 3.698994e-01 2.011318e-01
2.100000e-01 3.698994e-01 1.928355e-01
2.250000e-01 3.698994e-01 1.861323e-01
2.400000e-01 3.698994e-01 1.806863e-01
2.550000e-01 3.698994e-01 1.762411e-01
2.700000e-01 3.698994e-01 1.726022e-01
2.850000e-01 3.698994e-01 1.696205e-01
3.000000e-01 3.698994e-01 1.671809e-01
-3.000000e-01 3.835637e-01 1.603757e-01
-2.850000e-01 3.835637e-01 1.626679e-01
-2.700000e-01 3.835637e-01 1.654680e-01
-2.550000e-01 3.835637e-01 1.688833e-01
-2.400000e-01 3.835637e-01 1.730523e-01
-2.250000e-01 3.835637e-01 1.781555e-01
-2.100000e-01 3.835637e-01 1.844300e-01
-1.950000e-01 3.835637e-01 1.921854e-01
-1.800000e-01 3.835637e-01 2.018154e-01
-1.650000e-01 3.835637e-01 2.137894e-01
-1.500000e-01 3.835637e-01 2.285796e-01
-1.350000e-01 3.835637e-01 2.463753e-01
-1.200000e-01 3.835637e-01 2.661387e-01
-1.050000e-01 3.835637e-01 2.828125e-01
-9.000000e-02 3.835637e-01 2.814726e-01
-7.500000e-02 3.835637e-01 2.399054e-01
-6.000000e-02 3.835637e-01 1.695715e-01
-4.500000e-02 3.835637e-01 1.146276e-01
-3.000000e-02 3.835637e-01 8.562120e-02
-1.500000e-02 3.835637e-01 7.281892e-02
5.551115e-17 3.835637e-01 6.924006e-02
1.500000e-02 3.835637e-01 7.281892e-02
3.000000e-02 3.835637e-01 8.562120e-02
4.500000e-02 3.835637e-01 1.146276e-01
6.000000e-02 3.835637e-01 1.695715e-01
7.500000e-02 3.835637e-01 2.399054e-01
9.000000e-02 3.835637e-01 2.814726e-01
1.050000e-01 3.835637e-01 2.828125e-01
1.200000e-01 3.835637e-01 2.661387e-01
1.350000e-01 3.835637e-01 2.463753e-01
1.500000e-01 3.835637e-01 2.285796e-01
1.650000e-01 3.835637e-01 2.137894e-01
1.800000e-01 3.835637e-01 2.018154e-01
1.950000e-01 3.835637e-01 1.921854e-01
2.100000e-01 3.835637e-01 1.844300e-01
2.250000e-01 3.835637e-01 1.781555e-01
2.400000e-01 3.835637e-01 1.730523e-01
2.550000e-01 3.835637e-01 1.688833e-01
2.700000e-01 3.835637e-01 1.654680e-01
2.850000e-01 3.835637e-01 1.626679e-01
3.000000e-01 3.835637e-01 1.603757e-01
-3.000000e-01 3.972280e-01 1.539763e-01
-2.850000e-01 3.972280e-01 1.561327e-01
-2.700000e-01 3.972280e-01 1.587657e-01
-2.550000e-01 3.972280e-01 1.619752e-01
-2.400000e-01 3.972280e-01 1.658904e-01
-2.250000e-01 3.972280e-01 1.706789e-01
-2.100000e-01 3.972280e-01 1.765603e-01
-1.950000e-01 3.972280e-01 1.838208e-01
-1.800000e-01 3.972280e-01 1.928221e-01
-1.650000e-01 3.972280e-01 2.039924e-01
-1.500000e-01 3.972280e-01 2.177550e-01
-1.350000e-01 3.972280e-01 2.342575e-01
-1.200000e-01 3.972280e-01 2.524885e-01
-1.050000e-01 3.972280e-01 2.676871e-01
-9.000000e-02 3.972280e-01 2.659612e-01
-7.500000e-02 3.972280e-01 2.267997e-01
-6.000000e-02 3.972280e-01 1.610447e-01
-4.500000e-02 3.972280e-01 1.097461e-01
-3.000000e-02 3.972280e-01 8.266482e-02
-1.500000e-02 3.972280e-01 7.071479e-02
5.551115e-17 3.972280e-01 6.737540e-02
1.500000e-02 3.972280e-01 7.071479e-02
3.000000e-02 3.972280e-01 8.266482e-02
4.500000e-02 3.972280e-01 1.097461e-01
6.000000e-02 3.972280e-01 1.610447e-01
7.500000e-02 3.972280e-01 2.267997e-01
9.000000e-02 3.972280e-01 2.659612e-01
1.050000e-01 3.972280e-01 2.676871e-01
1.200000e-01 3.972280e-01 2.524885e-01
1.350000e-01 3.972280e-01 2.342575e-01
1.500000e-01 3.972280e-01 2.177550e-01
1.650000e-01 3.972280e-01 2.039924e-01
1.800000e-01 3.972280e-01 1.928221e-01
1.950000e-01 3.972280e-01 1.838208e-01
2.100000e-01 3.972280e-01 1.765603e-01
2.250000e-01 3.972280e-01 1.706789e-01
2.400000e-01 3.972280e-01 1.658904e-01
2.550000e-01 3.972280e-01 1.619752e-01
2.700000e-01 3.972280e-01 1.587657e-01
2.850000e-01 3.972280e-01 1.561327e-01
3.000000e-01 3.972280e-01 1.539763e-01
-3.000000e-01 4.108923e-01 1.479512e-01
-2.850000e-01 4.108923e-01 1.499823e-01
-2.700000e-01 4.108923e-01 1.524611e-01
-2.550000e-01 4.108923e-01 1.554811e-01
-2.400000e-01 4.108923e-01 1.591626e-01
-2.250000e-01 4.108923e-01 1.636616e-01
-2.100000e-01 4.108923e-01 1.691821e-01
-1.950000e-01 4.108923e-01 1.759888e-01
-1.800000e-01 4.108923e-01 1.844149e-01
-1.650000e-01 4.108923e-01 1.948518e-01
-1.500000e-01 4.108923e-01 2.076796e-01
-1.350000e-01 4.108923e-01 2.230109e-01
-1.200000e-01 4.108923e-01 2.398632e-01
-1.050000e-01 4.108923e-01 2.537510e-01
-9.000000e-02 4.108923e-01 2.517225e-01
-7.500000e-02 4.108923e-01 2.147995e-01
-6.000000e-02 4.108923e-01 1.532444e-01
-4.500000e-02 4.108923e-01 1.052869e-01
-3.000000e-02 4.108923e-01 7.997480e-02
-1.500000e-02 4.108923e-01 6.881045e-02
5.551115e-17 4.108923e-01 6.569225e-02
1.500000e-02 4.108923e-01 6.881045e-02
3.000000e-02 4.108923e-01 7.997480e-02
4.500000e-02 4.108923e-01 1.052869e-01
6.000000e-02 4.108923e-01 1.532444e-01
7.500000e-02 4.108923e-01 2.147995e-01
9.000000e-02 4.108923e-01 2.517225e-01
1.050000e-01 4.108923e-01 2.537510e-01
1.200000e-01 4.108923e-01 2.398632e-01
1.350000e-01 4.108923e-01 2.230109e-01
1.500000e-01 4.108923e-01 2.076796e-01
1.650000e-01 4.108923e-01 1.948518e-01
1.800000e-01 4.108923e-01 1.844149e-01
1.950000e-01 4.108923e-01 1.759888e-01
2.100000e-01 4.108923e-01 1.691821e-01
2.250000e-01 4.108923e-01 1.636616e-01
2.400000e-01 4.108923e-01 1.591626e-01
2.550000e-01 4.108923e-01 1.554811e-01
2.700000e-01 4.108923e-01 1.524611e-01
2.850000e-01 4.108923e-01 1.499823e-01
3.000000e-01 4.108923e-01 1.479512e-01
-3.000000e-01 4.245566e-01 1.422719e-01
-2.850000e-01 4.245566e-01 1.441871e-01
-2.700000e-01 4.245566e-01 1.465236e-01
-2.550000e-01 4.245566e-01 1.493686e-01
-2.400000e-01 4.245566e-01 1.528346e-01
-2.250000e-01 4.245566e-01 1.570670e-01
-2.100000e-01 4.245566e-01 1.622555e-01
-1.950000e-01 4.245566e-01 1.686454e-01
-1.800000e-01 4.245566e-01 1.765442e-01
-1.650000e-01 4.245566e-01 1.863105e-01
-1.500000e-01 4.245566e-01 1.982863e-01
-1.350000e-01 4.245566e-01 2.125547e-01
-1.200000e-01 4.245566e-01 2.281635e-01
-1.050000e-01 4.245566e-01 2.408839e-01
-9.000000e-02 4.245566e-01 2.386231e-01
-7.500000e-02 4.245566e-01 2.037870e-01
-6.000000e-02 4.245566e-01 1.460948e-01
-4.500000e-02 4.245566e-01 1.012079e-01
-3.000000e-02 4.245566e-01 7.752620e-02
-1.500000e-02 4.245566e-01 6.708811e-02
5.551115e-17 4.245566e-01 6.417475e-02
1.500000e-02 4.245566e-01 6.708811e-02
3.000000e-02 4.245566e-01 7.752620e-02
4.500000e-02 4.245566e-01 1.012079e-01
6.000000e-02 4.245566e-01 1.460948e-01
7.500000e-02 4.245566e-01 2.037870e-01
9.000000e-02 4.245566e-01 2.386231e-01
1.050000e-01 4.245566e-01 2.408839e-01
1.200000e-01 4.245566e-01 2.281635e-01
1.350000e-01 4.245566e-01 2.125547e-01
1.500000e-01 4.245566e-01 1.982863e-01
1.650000e-01 4.245566e-01 1.863105e-01
1.800000e-01 4.245566e-01 1.765442e-01
1.950000e-01 4.245566e-01 1.686454e-01
2.100000e-01 4.245566e-01 1.622555e-01
2.250000e-01 4.245566e-01 1.570670e-01
2.400000e-01 4.245566e-01 1.528346e-01
2.550000e-01 4.245566e-01 1.493686e-01
2.700000e-01 4.245566e-01 1.465236e-01
2.850000e-01 4.245566e-01 1.441871e-01
3.000000e-01 4.245566e-01 1.422719e-01
-3.000000e-01 4.382208e-01 1.369124e-01
-2.850000e-01 4.382208e-01 1.387205e-01
-2.700000e-01 4.382208e-01 1.409252e-01
-2.550000e-01 4.382208e-01 1.436086e-01
-2.400000e-01 4.382208e-01 1.468755e-01
-2.250000e-01 4.382208e-01 1.508619e-01
-2.100000e-01 4.382208e-01 1.557444e-01
-1.950000e-01 4.382208e-01 1.617509e-01
-1.800000e-01 4.382208e-01 1.691655e-01
-1.650000e-01 4.382208e-01 1.783174e-01
-1.500000e-01 4.382208e-01 1.895152e-01
-1.350000e-01 4.382208e-01 2.028169e-01
-1.200000e-01 4.382208e-01 2.173018e-01
-1.050000e-01 4.382208e-01 2.289805e-01
-9.000000e-02 4.382208e-01 2.265464e-01
-7.500000e-02 4.382208e-01 1.936596e-01
-6.000000e-02 4.382208e-01 1.395296e-01
-4.500000e-02 4.382208e-01 9.747234e-02
-3.000000e-02 4.382208e-01 7.529711e-02
-1.500000e-02 4.382208e-01 6.553210e-02
5.551115e-17 4.382208e-01 6.280895e-02
1.500000e-02 4.382208e-01 6.553210e-02
3.000000e-02 4.382208e-01 7.529711e-02
4.500000e-02 4.382208e-01 9.747234e-02
6.000000e-02 4.382208e-01 1.395296e-01
7.500000e-02 4.382208e-01 1.936596e-01
9.000000e-02 4.382208e-01 2.265464e-01
1.050000e-01 4.382208e-01 2.289805e-01
1.200000e-01 4.382208e-01 2.173018e-01
1.350000e-01 4.382208e-01 2.028169e-01
1.500000e-01 4.382208e-01 1.895152e-01
1.650000e-01 4.382208e-01 1.783174e-01
1.800000e-01 4.382208e-01 1.691655e-01
1.950000e-01 4.382208e-01 1.617509e-01
2.100000e-01 4.382208e-01 1.557444e-01
2.250000e-01 4.382208e-01 1.508619e-01
2.400000e-01 4.382208e-01 1.468755e-01
2.550000e-01 4.382208e-01 1.436086e-01
2.700000e-01 4.382208e-01 1.409252e-01
2.850000e-01 4.382208e-01 1.387205e-01
3.000000e-01 4.382208e-01 1.369124e-01
-3.000000e-01 4.518851e-01 1.318494e-01
-2.850000e-01 4.518851e-01 1.335580e-01
-2.700000e-01 4.518851e-01 1.356408e-01
-2.550000e-01 4.518851e-01 1.381744e-01
-2.400000e-01 4.518851e-01 1.412573e-01
-2.250000e-01 4.518851e-01 1.450164e-01
-2.100000e-01 4.518851e-01 1.496165e-01
-1.950000e-01 4.518851e-01 1.552696e-01
-1.800000e-01 4.518851e-01 1.622389e-01
-1.650000e-01 4.518851e-01 1.708269e-01
-1.500000e-01 4.518851e-01 1.813128e-01
-1.350000e-01 4.518851e-01 1.937336e-01
-1.200000e-01 4.518851e-01 2.072006e-01
-1.050000e-01 4.518851e-01 2.179478e-01
-9.000000e-02 4.518851e-01 2.153905e-01
-7.500000e-02 4.518851e-01 1.843279e-01
-6.000000e-02 4.518851e-01 1.334909e-01
-4.500000e-02 4.518851e-01 9.404808e-02
-3.000000e-02 4.518851e-01 7.326828e-02
-1.500000e-02 4.518851e-01 6.412866e-02
5.551115e-17 4.518851e-01 6.158257e-02
1.500000e-02 4.518851e-01 6.412866e-02
3.000000e-02 4.518851e-01 7.326828e-02
4.500000e-02 4.518851e-01 9.404808e-02
6.000000e-02 4.518851e-01 1.334909e-01
7.500000e-02 4.518851e-01 1.843279e-01
9.000000e-02 4.518851e-01 2.153905e-01
1.050000e-01 4.518851e-01 2.179478e-01
1.200000e-01 4.518851e-01 2.072006e-01
1.350000e-01 4.518851e-01 1.937336e-01
1.500000e-01 4.518851e-01 1.813128e-01
1.650000e-01 4.518851e-01 1.708269e-01
1.800000e-01 4.518851e-01 1.622389e-01
1.950000e-01 4.518851e-01 1.552696e-01
2.100000e-01 4.518851e-01 1.496165e-01
2.250000e-01 4.518851e-01 1.450164e-01
2.400000e-01 4.518851e-01 1.412573e-01
2.550000e-01 4.518851e-01 1.381744e-01
2.700000e-01 4.518851e-01 1.356408e-01
2.850000e-01 4.518851e-01 1.335580e-01
3.000000e-01 4.518851e-01 1.318494e-01
-3.000000e-01 4.655494e-01 1.270613e-01
-2.850000e-01 4.655494e-01 1.286777e-01
-2.700000e-01 4.655494e-01 1.306473e-01
-2.550000e-01 4.655494e-01 1.330421e-01
-2.400000e-01 4.655494e-01 1.359545e-01
-2.250000e-01 4.655494e-01 1.395032e-01
-2.100000e-01 4.655494e-01 1.438423e-01
-1.950000e-01 4.655494e-01 1.491692e-01
-1.800000e-01 4.655494e-01 1.557282e-01
-1.650000e-01 4.655494e-01 1.637980e-01
-1.500000e-01 4.655494e-01 1.736313e-01
-1.350000e-01 4.655494e-01 1.852479e-01
-1.200000e-01 4.655494e-01 1.977911e-01
-1.050000e-01 4.655494e-01 2.077038e-01
-9.000000e-02 4.655494e-01 2.050655e-01
-7.500000e-02 4.655494e-01 1.757134e-01
-6.000000e-02 4.655494e-01 1.279281e-01
-4.500000e-02 4.655494e-01 9.090671e-02
-3.000000e-02 4.655494e-01 7.142272e-02
-1.500000e-02 4.655494e-01 6.286560e-02
5.551115e-17 4.655494e-01 6.048475e-02
1.500000e-02 4.655494e-01 6.286560e-02
3.000000e-02 4.655494e-01 7.142272e-02
4.500000e-02 4.655494e-01 9.090671e-02
6.000000e-02 4.655494e-01 1.279281e-01
7.500000e-02 4.655494e-01 1.757134e-01
9.000000e-02 4.655494e-01 2.050655e-01
1.050000e-01 4.655494e-01 2.077038e-01
1.200000e-01 4.655494e-01 1.977911e-01
1.350000e-01 4.655494e-01 1.852479e-01
1.500000e-01 4.655494e-01 1.736313e-01
1.650000e-01 4.655494e-01 1.637980e-01
1.800000e-01 4.655494e-01 1.557282e-01
1.950000e-01 4.655494e-01 1.491692e-01
2.100000e-01 4.655494e-01 1.438423e-01
2.250000e-01 4.655494e-01 1.395032e-01
2.400000e-01 4.655494e-01 1.359545e-01
2.550000e-01 4.655494e-01 1.330421e-01
2.700000e-01 4.655494e-01 1.306473e-01
2.850000e-01 4.655494e-01 1.286777e-01
3.000000e-01 4.655494e-01 1.270613e-01
-3.000000e-01 4.792137e-01 1.225287e-01
-2.850000e-01 4.792137e-01 1.240594e-01
-2.700000e-01 4.792137e-01 1.259239e-01
-2.550000e-01 4.792137e-01 1.281899e-01
-2.400000e-01 4.792137e-01 1.309440e-01
-2.250000e-01 4.792137e-01 1.342978e-01
-2.100000e-01 4.792137e-01 1.383953e-01
-1.950000e-01 4.792137e-01 1.434206e-01
-1.800000e-01 4.792137e-01 1.496009e-01
-1.650000e-01 4.792137e-01 1.571935e-01
-1.500000e-01 4.792137e-01 1.664277e-01
-1.350000e-01 4.792137e-01 1.773087e-01
-1.200000e-01 4.792137e-01 1.890120e-01
-1.050000e-01 4.792137e-01 1.981761e-01
-9.000000e-02 4.792137e-01 1.954927e-01
-7.500000e-02 4.792137e-01 1.677471e-01
-6.000000e-02 4.792137e-01 1.227965e-01
-4.500000e-02 4.792137e-01 8.802320e-02
-3.000000e-02 4.792137e-01 6.974541e-02
-1.500000e-02 4.792137e-01 6.173217e-02
5.551115e-17 4.792137e-01 5.950592e-02
1.500000e-02 4.792137e-01 6.173217e-02
3.000000e-02 4.792137e-01 6.974541e-02
4.500000e-02 4.792137e-01 8.802320e-02
6.000000e-02 4.792137e-01 1.227965e-01
7.500000e-02 4.792137e-01 1.677471e-01
9.000000e-02 4.792137e-01 1.954927e-01
1.050000e-01 4.792137e-01 1.981761e-01
1.200000e-01 4.792137e-01 1.890120e-01
1.350000e-01 4.792137e-01 1.773087e-01
1.500000e-01 4.792137e-01 1.664277e-01
1.650000e-01 4.792137e-01 1.571935e-01
1.800000e-01 4.792137e-01 1.496009e-01
1.950000e-01 4.792137e-01 1.434206e-01
2.100000e-01 4.792137e-01 1.383953e-01
2.250000e-01 4.792137e-01 1.342978e-01
2.400000e-01 4.792137e-01 1.309440e-01
2.550000e-01 4.792137e-01 1.281899e-01
2.700000e-01 4.792137e-01 1.259239e-01
2.850000e-01 4.792137e-01 1.240594e-01
3.000000e-01 4.792137e-01 1.225287e-01
-3.000000e-01 4.928780e-01 1.182338e-01
-2.850000e-01 4.928780e-01 1.196847e-01
-2.700000e-01 4.928780e-01 1.214514e-01
-2.550000e-01 4.928780e-01 1.235976e-01
-2.400000e-01 4.928780e-01 1.262049e-01
-2.250000e-01 4.928780e-01 1.293777e-01
-2.100000e-01 4.928780e-01 1.332512e-01
-1.950000e-01 4.928780e-01 1.379974e-01
-1.800000e-01 4.928780e-01 1.438278e-01
-1.650000e-01 4.928780e-01 1.509802e-01
-1.500000e-01 4.928780e-01 1.596634e-01
-1.350000e-01 4.928780e-01 1.698704e-01
-1.200000e-01 4.928780e-01 1.808088e-01
-1.050000e-01 4.928780e-01 1.893002e-01
-9.000000e-02 4.928780e-01 1.866020e-01
-7.500000e-02 4.928780e-01 1.603682e-01
-6.000000e-02 4.928780e-01 1.180566e-01
-4.500000e-02 4.928780e-01 8.537541e-02
-3.000000e-02 4.928780e-01 6.822306e-02
-1.500000e-02 4.928780e-01 6.071885e-02
5.551115e-17 4.928780e-01 5.863757e-02
1.500000e-02 4.928780e-01 6.071885e-02
3.000000e-02 4.928780e-01 6.822306e-02
4.500000e-02 4.928780e-01 8.537541e-02
6.000000e-02 4.928780e-01 1.180566e-01
7.500000e-02 4.928780e-01 1.603682e-01
9.000000e-02 4.928780e-01 1.866020e-01
1.050000e-01 4.928780e-01 1.893002e-01
1.200000e-01 4.928780e-01 1.808088e-01
1.350000e-01 4.928780e-01 1.698704e-01
1.500000e-01 4.928780e-01 1.596634e-01
1.650000e-01 4.928780e-01 1.509802e-01
1.800000e-01 4.928780e-01 1.438278e-01
1.950000e-01 4.928780e-01 1.379974e-01
2.100000e-01 4.928780e-01 1.332512e-01
2.250000e-01 4.928780e-01 1.293777e-01
2.400000e-01 4.928780e-01 1.262049e-01
2.550000e-01 4.928780e-01 1.235976e-01
2.700000e-01 4.928780e-01 1.214514e-01
2.850000e-01 4.928780e-01 1.196847e-01
3.000000e-01 4.928780e-01 1.182338e-01
-3.000000e-01 5.065422e-01 1.141602e-01
-2.850000e-01 5.065422e-01 1.155369e-01
-2.700000e-01 5.065422e-01 1.172125e-01
-2.550000e-01 5.065422e-01 1.192472e-01
-2.400000e-01 5.065422e-01 1.217178e-01
-2.250000e-01 5.065422e-01 1.247226e-01
-2.100000e-01 5.065422e-01 1.283881e-01
-1.950000e-01 5.065422e-01 1.328756e-01
-1.800000e-01 5.065422e-01 1.383820e-01
-1.650000e-01 5.065422e-01 1.451279e-01
-1.500000e-01 5.065422e-01 1.533036e-01
-1.350000e-01 5.065422e-01 1.628921e-01
-1.200000e-01 5.065422e-01 1.731325e-01
-1.050000e-01 5.065422e-01 1.810186e-01
-9.000000e-02 5.065422e-01 1.783317e-01
-7.500000e-02 5.065422e-01 1.535228e-01
-6.000000e-02 5.065422e-01 1.136737e-01
-4.500000e-02 5.065422e-01 8.294373e-02
-3.000000e-02 5.065422e-01 6.684386e-02
-1.500000e-02 5.065422e-01 5.981720e-02
5.551115e-17 5.065422e-01 5.787219e-02
1.500000e-02 5.065422e-01 5.981720e-02
3.000000e-02 5.065422e-01 6.684386e-02
4.500000e-02 5.065422e-01 8.294373e-02
6.000000e-02 5.065422e-01 1.136737e-01
7.500000e-02 5.065422e-01 1.535228e-01
9.000000e-02 5.065422e-01 1.783317e-01
1.050000e-01 5.065422e-01 1.810186e-01
1.200000e-01 5.065422e-01 1.731325e-01
1.350000e-01 5.065422e-01 1.628921e-01
1.500000e-01 5.065422e-01 1.533036e-01
1.650000e-01 5.065422e-01 1.451279e-01
1.800000e-01 5.065422e-01 1.383820e-01
1.950000e-01 5.065422e-01 1.328756e-01
2.100000e-01 5.065422e-01 1.283881e-01
2.250000e-01 5.065422e-01 1.247226e-01
2.400000e-01 5.065422e-01 1.217178e-01
2.550000e-01 5.065422e-01 1.192472e-01
2.700000e-01 5.065422e-01 1.172125e-01
2.850000e-01 5.065422e-01 1.155369e-01
3.000000e-01 5.065422e-01 1.141602e-01
-3.000000e-01 5.202065e-01 1.102932e-01
-2.850000e-01 5.202065e-01 1.116005e-01
-2.700000e-01 5.202065e-01 1.131912e-01
-2.550000e-01 5.202065e-01 1.151220e-01
-2.400000e-01 5.202065e-01 1.174654e-01
-2.250000e-01 5.202065e-01 1.203137e-01
-2.100000e-01 5.202065e-01 1.237860e-01
-1.950000e-01 5.202065e-01 1.280332e-01
-1.800000e-01 5.202065e-01 1.332394e-01
-1.650000e-01 5.202065e-01 1.396093e-01
-1.500000e-01 5.202065e-01 1.473168e-01
-1.350000e-01 5.202065e-01 1.563368e-01
-1.200000e-01 5.202065e-01 1.659395e-01
-1.050000e-01 5.202065e-01 1.732803e-01
-9.000000e-02 5.202065e-01 1.706267e-01
-7.500000e-02 5.202065e-01 1.471633e-01
-6.000000e-02 5.202065e-01 1.096166e-01
-4.500000e-02 5.202065e-01 8.071072e-02
-3.000000e-02 5.202065e-01 6.559734e-02
-1.500000e-02 5.202065e-01 5.901971e-02
5.551115e-17 5.202065e-01 5.720311e-02
1.500000e-02 5.202065e-01 5.901971e-02
3.000000e-02 5.202065e-01 6.559734e-02
4.500000e-02 5.202065e-01 8.071072e-02
6.000000e-02 5.202065e-01 1.096166e-01
7.500000e-02 5.202065e-01 1.471633e-01
9.000000e-02 5.202065e-01 1.706267e-01
1.050000e-01 5.202065e-01 1.732803e-01
1.200000e-01 5.202065e-01 1.659395e-01
1.350000e-01 5.202065e-01 1.563368e-01
1.500000e-01 5.202065e-01 1.473168e-01
1.650000e-01 5.202065e-01 1.396093e-01
1.800000e-01 5.202065e-01 1.332394e-01
1.950000e-01 5.202065e-01 1.280332e-01
2.100000e-01 5.202065e-01 1.237860e-01
2.250000e-01 5.202065e-01 1.203137e-01
2.400000e-01 5.202065e-01 1.174654e-01
2.550000e-01 5.202065e-01 1.151220e-01
2.700000e-01 5.202065e-01 1.131912e-01
2.850000e-01 5.202065e-01 1.116005e-01
3.000000e-01 5.202065e-01 1.102932e-01
-3.000000e-01 5.338708e-01 1.066189e-01
-2.850000e-01 5.338708e-01 1.078614e-01
-2.700000e-01 5.338708e-01 1.093729e-01
-2.550000e-01 5.338708e-01 1.112068e-01
-2.400000e-01 5.338708e-01 1.134315e-01
-2.250000e-01 5.338708e-01 1.161341e-01
-2.100000e-01 5.338708e-01 1.194265e-01
-1.950000e-01 5.338708e-01 1.234504e-01
-1.800000e-01 5.338708e-01 1.283781e-01
-1.650000e-01 5.338708e-01 1.343997e-01
-1.500000e-01 5.338708e-01 1.416745e-01
-1.350000e-01 5.338708e-01 1.501712e-01
-1.200000e-01 5.338708e-01 1.591904e-01
-1.050000e-01 5.338708e-01 1.660395e-01
-9.000000e-02 5.338708e-01 1.634379e-01
-7.500000e-02 5.338708e-01 1.412472e-01
-6.000000e-02 5.338708e-01 1.058579e-01
-4.500000e-02 5.338708e-01 7.866086e-02
-3.000000e-02 5.338708e-01 6.447417e-02
-1.500000e-02 5.338708e-01 5.831975e-02
5.551115e-17 5.338708e-01 5.662443e-02
1.500000e-02 5.338708e-01 5.831975e-02
3.000000e-02 5.338708e-01 6.447417e-02
4.500000e-02 5.338708e-01 7.866086e-02
6.000000e-02 5.338708e-01 1.058579e-01
7.500000e-02 5.338708e-01 1.412472e-01
9.000000e-02 5.338708e-01 1.634379e-01
1.050000e-01 5.338708e-01 1.660395e-01
1.200000e-01 5.338708e-01 1.591904e-01
1.350000e-01 5.338708e-01 1.501712e-01
1.500000e-01 5.338708e-01 1.416745e-01
1.650000e-01 5.338708e-01 1.343997e-01
1.800000e-01 5.338708e-01 1.283781e-01
1.950000e-01 5.338708e-01 1.234504e-01
2.100000e-01 5.338708e-01 1.194265e-01
2.250000e-01 5.338708e-01 1.161341e-01
2.400000e-01 5.338708e-01 1.134315e-01
2.550000e-01 5.338708e-01 1.112068e-01
2.700000e-01 5.338708e-01 1.093729e-01
2.850000e-01 5.338708e-01 1.078614e-01
3.000000e-01 5.338708e-01 1.066189e-01
-3.000000e-01 5.475351e-01 1.031249e-01
-2.850000e-01 5.475351e-01 1.043068e-01
-2.700000e-01 5.475351e-01 1.057442e-01
-2.550000e-01 5.475351e-01 1.074876e-01
-2.400000e-01 5.475351e-01 1.096015e-01
-2.250000e-01 5.475351e-01 1.121682e-01
-2.100000e-01 5.475351e-01 1.152930e-01
-1.950000e-01 5.475351e-01 1.191091e-01
-1.800000e-01 5.475351e-01 1.237778e-01
-1.650000e-01 5.475351e-01 1.294765e-01
-1.500000e-01 5.475351e-01 1.363511e-01
-1.350000e-01 5.475351e-01 1.443654e-01
-1.200000e-01 5.475351e-01 1.528498e-01
-1.050000e-01 5.475351e-01 1.592550e-01
-9.000000e-02 5.475351e-01 1.567216e-01
-7.500000e-02 5.475351e-01 1.357367e-01
-6.000000e-02 5.475351e-01 1.023732e-01
-4.500000e-02 5.475351e-01 7.678032e-02
-3.000000e-02 5.475351e-01 6.346606e-02
-1.500000e-02 5.475351e-01 5.771140e-02
5.551115e-17 5.475351e-01 5.613090e-02
1.500000e-02 5.475351e-01 5.771140e-02
3.000000e-02 5.475351e-01 6.346606e-02
4.500000e-02 5.475351e-01 7.678032e-02
6.000000e-02 5.475351e-01 1.023732e-01
7.500000e-02 5.475351e-01 1.357367e-01
9.000000e-02 5.475351e-01 1.567216e-01
1.050000e-01 5.475351e-01 1.592550e-01
1.200000e-01 5.475351e-01 1.528498e-01
1.350000e-01 5.475351e-01 1.443654e-01
1.500000e-01 5.475351e-01 1.363511e-01
1.650000e-01 5.475351e-01 1.294765e-01
1.800000e-01 5.475351e-01 1.237778e-01
1.950000e-01 5.475351e-01 1.191091e-01
2.100000e-01 5.475351e-01 1.152930e-01
2.250000e-01 5.475351e-01 1.121682e-01
2.400000e-01 5.475351e-01 1.096015e-01
2.550000e-01 5.475351e-01 1.074876e-01
2.700000e-01 5.475351e-01 1.057442e-01
2.850000e-01 5.475351e-01 1.043068e-01
3.000000e-01 5.475351e-01 1.031249e-01
-3.000000e-01 5.611994e-01 9.979947e-02
-2.850000e-01 5.611994e-01 1.009248e-01
-2.700000e-01 5.611994e-01 1.022928e-01
-2.550000e-01 5.611994e-01 1.039515e-01
-2.400000e-01 5.611994e-01 1.059619e-01
-2.250000e-01 5.611994e-01 1.084017e-01
-2.100000e-01 5.611994e-01 1.113702e-01
-1.950000e-01 5.611994e-01 1.149927e-01
-1.800000e-01 5.611994e-01 1.194205e-01
-1.650000e-01 5.611994e-01 1.248191e-01
-1.500000e-01 5.611994e-01 1.313230e-01
-1.350000e-01 5.611994e-01 1.388921e-01
-1.200000e-01 5.611994e-01 1.468857e-01
-1.050000e-01 5.611994e-01 1.528900e-01
-9.000000e-02 5.611994e-01 1.504385e-01
-7.500000e-02 5.611994e-01 1.305981e-01
-6.000000e-02 5.611994e-01 9.914038e-02
-4.500000e-02 5.611994e-01 7.505674e-02
-3.000000e-02 5.611994e-01 6.256562e-02
-1.500000e-02 5.611994e-01 5.718944e-02
5.551115e-17 5.611994e-01 5.571788e-02
1.500000e-02 5.611994e-01 5.718944e-02
3.000000e-02 5.611994e-01 6.256562e-02
4.500000e-02 5.611994e-01 7.505674e-02
6.000000e-02 5.611994e-01 9.914038e-02
7.500000e-02 5.611994e-01 1.305981e-01
9.000000e-02 5.611994e-01 1.504385e-01
1.050000e-01 5.611994e-01 1.528900e-01
1.200000e-01 5.611994e-01 1.468857e-01
1.350000e-01 5.611994e-01 1.388921e-01
1.500000e-01 5.611994e-01 1.313230e-01
1.650000e-01 5.611994e-01 1.248191e-01
1.800000e-01 5.611994e-01 1.194205e-01
1.950000e-01 5.611994e-01 1.149927e-01
2.100000e-01 5.611994e-01 1.113702e-01
2.250000e-01 5.611994e-01 1.084017e-01
2.400000e-01 5.611994e-01 1.059619e-01
2.550000e-01 5.611994e-01 1.039515e-01
2.700000e-01 5.611994e-01 1.022928e-01
2.850000e-01 5.611994e-01 1.009248e-01
3.000000e-01 5.611994e-01 9.979947e-02
-3.000000e-01 5.748636e-01 9.663207e-02
-2.850000e-01 5.748636e-01 9.770426e-02
-2.700000e-01 5.748636e-01 9.900735e-02
-2.550000e-01 5.748636e-01 1.005868e-01
-2.400000e-01 5.748636e-01 1.025004e-01
-2.250000e-01 5.748636e-01 1.048215e-01
-2.100000e-01 5.748636e-01 1.076440e-01
-1.950000e-01 5.748636e-01 1.110858e-01
-1.800000e-01 5.748636e-01 1.152892e-01
-1.650000e-01 5.748636e-01 1.204090e-01
-1.500000e-01 5.748636e-01 1.265690e-01
-1.350000e-01 5.748636e-01 1.337265e-01
-1.200000e-01 5.748636e-01 1.412692e-01
-1.050000e-01 5.748636e-01 1.469113e-01
-9.000000e-02 5.748636e-01 1.445535e-01
-7.500000e-02 5.748636e-01 1.258011e-01
-6.000000e-02 5.748636e-01 9.613996e-02
-4.500000e-02 5.748636e-01 7.347909e-02
-3.000000e-02 5.748636e-01 6.176626e-02
-1.500000e-02 5.748636e-01 5.674922e-02
5.551115e-17 5.748636e-01 5.538128e-02
1.500000e-02 5.748636e-01 5.674922e-02
3.000000e-02 5.748636e-01 6.176626e-02
4.500000e-02 5.748636e-01 7.347909e-02
6.000000e-02 5.748636e-01 9.613996e-02
7.500000e-02 5.748636e-01 1.258011e-01
9.000000e-02 5.748636e-01 1.445535e-01
1.050000e-01 5.748636e-01 1.469113e-01
1.200000e-01 5.748636e-01 1.412692e-01
1.350000e-01 5.748636e-01 1.337265e-01
1.500000e-01 5.748636e-01 1.265690e-01
1.650000e-01 5.748636e-01 1.204090e-01
1.800000e-01 5.748636e-01 1.152892e-01
1.950000e-01 5.748636e-01 1.110858e-01
2.100000e-01 5.748636e-01 1.076440e-01
2.250000e-01 5.748636e-01 1.048215e-01
2.400000e-01 5.748636e-01 1.025004e-01
2.550000e-01 5.748636e-01 1.005868e-01
2.700000e-01 5.748636e-01 9.900735e-02
2.850000e-01 5.748636e-01 9.770426e-02
3.000000e-01 5.748636e-01 9.663207e-02
-3.000000e-01 5.885279e-01 9.361283e-02
-2.850000e-01 5.885279e-01 9.463521e-02
-2.700000e-01 5.885279e-01 9.587743e-02
-2.550000e-01 5.885279e-01 9.738265e-02
-2.400000e-01 5.885279e-01 9.920553e-02
-2.250000e-01 5.885279e-01 1.014156e-01
-2.100000e-01 5.885279e-01 1.041015e-01
-1.950000e-01 5.885279e-01 1.073747e-01
-1.800000e-01 5.885279e-01 1.113688e-01
-1.650000e-01 5.885279e-01 1.162289e-01
-1.500000e-01 5.885279e-01 1.220696e-01
-1.350000e-01 5.885279e-01 1.288462e-01
-1.200000e-01 5.885279e-01 1.359743e-01
-1.050000e-01 5.885279e-01 1.412888e-01
-9.000000e-02 5.885279e-01 1.390348e-01
-7.500000e-02 5.885279e-01 1.213185e-01
-6.000000e-02 5.885279e-01 9.335433e-02
-4.500000e-02 5.885279e-01 7.203746e-02
-3.000000e-02 5.885279e-01 6.106211e-02
-1.500000e-02 5.885279e-01 5.638663e-02
5.551115e-17 5.885279e-01 5.511748e-02
1.500000e-02 5.885279e-01 5.638663e-02
3.000000e-02 5.885279e-01 6.106211e-02
4.500000e-02 5.885279e-01 7.203746e-02
6.000000e-02 5.885279e-01 9.335433e-02
7.500000e-02 5.885279e-01 1.213185e-01
9.000000e-02 5.885279e-01 1.390348e-01
1.050000e-01 5.885279e-01 1.412888e-01
1.200000e-01 5.885279e-01 1.359743e-01
1.350000e-01 5.885279e-01 1.288462e-01
1.500000e-01 5.885279e-01 1.220696e-01
1.650000e-01 5.885279e-01 1.162289e-01
1.800000e-01 5.885279e-01 1.113688e-01
1.950000e-01 5.885279e-01 1.073747e-01
2.100000e-01 5.885279e-01 1.041015e-01
2.250000e-01 5.885279e-01 1.014156e-01
2.400000e-01 5.885279e-01 9.920553e-02
2.550000e-01 5.885279e-01 9.738265e-02
2.700000e-01 5.885279e-01 9.587743e-02
2.850000e-01 5.885279e-01 9.463521e-02
3.000000e-01 5.885279e-01 9.361283e-02
-3.000000e-01 6.021922e-01 9.073268e-02
-2.850000e-01 6.021922e-01 9.170829e-02
-2.700000e-01 6.021922e-01 9.289338e-02
-2.550000e-01 6.021922e-01 9.432893e-02
-2.400000e-01 6.021922e-01 9.606679e-02
-2.250000e-01 6.021922e-01 9.817283e-02
-2.100000e-01 6.021922e-01 1.007309e-01
-1.950000e-01 6.021922e-01 1.038464e-01
-1.800000e-01 6.021922e-01 1.076451e-01
-1.650000e-01 6.021922e-01 1.122632e-01
-1.500000e-01 6.021922e-01 1.178070e-01
-1.350000e-01 6.021922e-01 1.242308e-01
-1.200000e-01 6.021922e-01 1.309771e-01
-1.050000e-01 6.021922e-01 1.359953e-01
-9.000000e-02 6.021922e-01 1.338540e-01
-7.500000e-02 6.021922e-01 1.171260e-01
-6.000000e-02 6.021922e-01 9.076770e-02
-4.500000e-02 6.021922e-01 7.072302e-02
-3.000000e-02 6.021922e-01 6.044796e-02
-1.500000e-02 6.021922e-01 5.609805e-02
5.551115e-17 6.021922e-01 5.492329e-02
1.500000e-02 6.021922e-01 5.609805e-02
3.000000e-02 6.021922e-01 6.044796e-02
4.500000e-02 6.021922e-01 7.072302e-02
6.000000e-02 6.021922e-01 9.076770e-02
7.500000e-02 6.021922e-01 1.171260e-01
9.000000e-02 6.021922e-01 1.338540e-01
1.050000e-01 6.021922e-01 1.359953e-01
1.200000e-01 6.021922e-01 1.309771e-01
1.350000e-01 6.021922e-01 1.242308e-01
1.500000e-01 6.021922e-01 1.178070e-01
1.650000e-01 6.021922e-01 1.122632e-01
1.800000e-01 6.021922e-01 1.076451e-01
1.950000e-01 6.021922e-01 1.038464e-01
2.100000e-01 6.021922e-01 1.007309e-01
2.250000e-01 6.021922e-01 9.817283e-02
2.400000e-01 6.021922e-01 9.606679e-02
2.550000e-01 6.021922e-01 9.432893e-02
2.700000e-01 6.021922e-01 9.289338e-02
2.850000e-01 6.021922e-01 9.170829e-02
3.000000e-01 6.021922e-01 9.073268e-02
-3.000000e-01 6.158565e-01 8.798323e-02
-2.850000e-01 6.158565e-01 8.891489e-02
-2.700000e-01 6.158565e-01 9.004631e-02
-2.550000e-01 6.158565e-01 9.141643e-02
-2.400000e-01 6.158565e-01 9.307451e-02
-2.250000e-01 6.158565e-01 9.508300e-02
-2.100000e-01 6.158565e-01 9.752139e-02
-1.950000e-01 6.158565e-01 1.004892e-01
-1.800000e-01 6.158565e-01 1.041053e-01
-1.650000e-01 6.158565e-01 1.084977e-01
-1.500000e-01 6.158565e-01 1.137651e-01
-1.350000e-01 6.158565e-01 1.198616e-01
-1.200000e-01 6.158565e-01 1.262560e-01
-1.050000e-01 6.158565e-01 1.310065e-01
-9.000000e-02 6.158565e-01 1.289852e-01
-7.500000e-02 6.158565e-01 1.132015e-01
-6.000000e-02 6.158565e-01 8.836589e-02
-4.500000e-02 6.158565e-01 6.952781e-02
-3.000000e-02 6.158565e-01 5.991915e-02
-1.500000e-02 6.158565e-01 5.588028e-02
5.551115e-17 6.158565e-01 5.479594e-02
1.500000e-02 6.158565e-01 5.588028e-02
3.000000e-02 6.158565e-01 5.991915e-02
4.500000e-02 6.158565e-01 6.952781e-02
6.000000e-02 6.158565e-01 8.836589e-02
7.500000e-02 6.158565e-01 1.132015e-01
9.000000e-02 6.158565e-01 1.289852e-01
1.050000e-01 6.158565e-01 1.310065e-01
1.200000e-01 6.158565e-01 1.262560e-01
1.350000e-01 6.158565e-01 1.198616e-01
1.500000e-01 6.158565e-01 1.137651e-01
1.650000e-01 6.158565e-01 1.084977e-01
1.800000e-01 6.158565e-01 1.041053e-01
1.950000e-01 6.158565e-01 1.004892e-01
2.100000e-01 6.158565e-01 9.752139e-02
2.250000e-01 6.158565e-01 9.508300e-02
2.400000e-01 6.158565e-01 9.307451e-02
2.550000e-01 6.158565e-01 9.141643e-02
2.700000e-01 6.158565e-01 9.004631e-02
2.850000e-01 6.158565e-01 8.891489e-02
3.000000e-01 6.158565e-01 8.798323e-02
-3.000000e-01 6.295208e-01 8.535669e-02
-2.850000e-01 6.295208e-01 8.624701e-02
-2.700000e-01 6.295208e-01 8.732796e-02
-2.550000e-01 6.295208e-01 8.863661e-02
-2.400000e-01 6.295208e-01 9.021974e-02
-2.250000e-01 6.295208e-01 9.213667e-02
-2.100000e-01 6.295208e-01 9.446277e-02
-1.950000e-01 6.295208e-01 9.729228e-02
-1.800000e-01 6.295208e-01 1.007376e-01
-1.650000e-01 6.295208e-01 1.049190e-01
-1.500000e-01 6.295208e-01 1.099290e-01
-1.350000e-01 6.295208e-01 1.157217e-01
-1.200000e-01 6.295208e-01 1.217914e-01
-1.050000e-01 6.295208e-01 1.262999e-01
-9.000000e-02 6.295208e-01 1.244053e-01
-7.500000e-02 6.295208e-01 1.095252e-01
-6.000000e-02 6.295208e-01 8.613610e-02
-4.500000e-02 6.295208e-01 6.844472e-02
-3.000000e-02 6.295208e-01 5.947156e-02
-1.500000e-02 6.295208e-01 5.573052e-02
5.551115e-17 6.295208e-01 5.473299e-02
1.500000e-02 6.295208e-01 5.573052e-02
3.000000e-02 6.295208e-01 5.947156e-02
4.500000e-02 6.295208e-01 6.844472e-02
6.000000e-02 6.295208e-01 8.613610e-02
7.500000e-02 6.295208e-01 1.095252e-01
9.000000e-02 6.295208e-01 1.244053e-01
1.050000e-01 6.295208e-01 1.262999e-01
1.200000e-01 6.295208e-01 1.217914e-01
1.350000e-01 6.295208e-01 1.157217e-01
1.500000e-01 6.295208e-01 1.099290e-01
1.650000e-01 6.295208e-01 1.049190e-01
1.800000e-01 6.295208e-01 1.007376e-01
1.950000e-01 6.295208e-01 9.729228e-02
2.100000e-01 6.295208e-01 9.446277e-02
2.250000e-01 6.295208e-01 9.213667e-02
2.400000e-01 6.295208e-01 9.021974e-02
2.550000e-01 6.295208e-01 8.863661e-02
2.700000e-01 6.295208e-01 8.732796e-02
2.850000e-01 6.295208e-01 8.624701e-02
3.000000e-01 6.295208e-01 8.535669e-02
-3.000000e-01 6.431850e-01 8.284588e-02
-2.850000e-01 6.431850e-01 8.369727e-02
-2.700000e-01 6.431850e-01 8.473073e-02
-2.550000e-01 6.431850e-01 8.598154e-02
-2.400000e-01 6.431850e-01 8.749421e-02
-2.250000e-01 6.431850e-01 8.932511e-02
-2.100000e-01 6.431850e-01 9.154580e-02
-1.950000e-01 6.431850e-01 9.424562e-02
-1.800000e-01 6.431850e-01 9.753091e-02
-1.650000e-01 6.431850e-01 1.015152e-01
-1.500000e-01 6.431850e-01 1.062851e-01
-1.350000e-01 6.431850e-01 1.117954e-01
-1.200000e-01 6.431850e-01 1.175654e-01
-1.050000e-01 6.431850e-01 1.218552e-01
-9.000000e-02 6.431850e-01 1.200929e-01
-7.500000e-02 6.431850e-01 1.060792e-01
-6.000000e-02 6.431850e-01 8.406680e-02
-4.500000e-02 6.431850e-01 6.746739e-02
-3.000000e-02 6.431850e-01 5.910155e-02
-1.500000e-02 6.431850e-01 5.564634e-02
5.551115e-17 6.431850e-01 5.473235e-02
1.500000e-02 6.431850e-01 5.564634e-02
3.000000e-02 6.431850e-01 5.910155e-02
4.500000e-02 6.431850e-01 6.746739e-02
6.000000e-02 6.431850e-01 8.406680e-02
7.500000e-02 6.431850e-01 1.060792e-01
9.000000e-02 6.431850e-01 1.200929e-01
1.050000e-01 6.431850e-01 1.218552e-01
1.200000e-01 6.431850e-01 1.175654e-01
1.350000e-01 6.431850e-01 1.117954e-01
1.500000e-01 6.431850e-01 1.062851e-01
1.650000e-01 6.431850e-01 1.015152e-01
1.800000e-01 6.431850e-01 9.753091e-02
1.950000e-01 6.431850e-01 9.424562e-02
2.100000e-01 6.431850e-01 9.154580e-02
2.250000e-01 6.431850e-01 8.932511e-02
2.400000e-01 6.431850e-01 8.749421e-02
2.550000e-01 6.431850e-01 8.598154e-02
2.700000e-01 6.431850e-01 8.473073e-02
2.850000e-01 6.431850e-01 8.369727e-02
3.000000e-01 6.431850e-01 8.284588e-02
-3.000000e-01 6.568493e-01 8.044411e-02
-2.850000e-01 6.568493e-01 8.125881e-02
-2.700000e-01 6.568493e-01 8.224754e-02
-2.550000e-01 6.568493e-01 8.344389e-02
-2.400000e-01 6.568493e-01 8.489025e-02
-2.250000e-01 6.568493e-01 8.664026e-02
-2.100000e-01 6.568493e-01 8.876190e-02
-1.950000e-01 6.568493e-01 9.134000e-02
-1.800000e-01 6.568493e-01 9.447529e-02
-1.650000e-01 6.568493e-01 9.827515e-02
-1.500000e-01 6.568493e-01 1.028208e-01
-1.350000e-01 6.568493e-01 1.080684e-01
-1.200000e-01 6.568493e-01 1.135615e-01
-1.050000e-01 6.568493e-01 1.176540e-01
-9.000000e-02 6.568493e-01 1.160291e-01
-7.500000e-02 6.568493e-01 1.028473e-01
-6.000000e-02 6.568493e-01 8.214760e-02
-4.500000e-02 6.568493e-01 6.659008e-02
-3.000000e-02 6.568493e-01 5.880589e-02
-1.500000e-02 6.568493e-01 5.562564e-02
5.551115e-17 6.568493e-01 5.479224e-02
1.500000e-02 6.568493e-01 5.562564e-02
3.000000e-02 6.568493e-01 5.880589e-02
4.500000e-02 6.568493e-01 6.659008e-02
6.000000e-02 6.568493e-01 8.214760e-02
7.500000e-02 6.568493e-01 1.028473e-01
9.000000e-02 6.568493e-01 1.160291e-01
1.050000e-01 6.568493e-01 1.176540e-01
1.200000e-01 6.568493e-01 1.135615e-01
1.350000e-01 6.568493e-01 1.080684e-01
1.500000e-01 6.568493e-01 1.028208e-01
1.650000e-01 6.568493e-01 9.827515e-02
1.800000e-01 6.568493e-01 9.447529e-02
1.950000e-01 6.568493e-01 9.134000e-02
2.100000e-01 6.568493e-01 8.876190e-02
2.250000e-01 6.568493e-01 8.664026e-02
2.400000e-01 6.568493e-01 8.489025e-02
2.550000e-01 6.568493e-01 8.344389e-02
2.700000e-01 6.568493e-01 8.224754e-02
2.850000e-01 6.568493e-01 8.125881e-02
3.000000e-01 6.568493e-01 8.044411e-02
-3.000000e-01 6.705136e-01 7.814516e-02
-2.850000e-01 6.705136e-01 7.892527e-02
-2.700000e-01 6.705136e-01 7.987181e-02
-2.550000e-01 6.705136e-01 8.101685e-02
-2.400000e-01 6.705136e-01 8.240077e-02
-2.250000e-01 6.705136e-01 8.407463e-02
-2.100000e-01 6.705136e-01 8.610313e-02
-1.950000e-01 6.705136e-01 8.856686e-02
-1.800000e-01 6.705136e-01 9.156142e-02
-1.650000e-01 6.705136e-01 9.518849e-02
-1.500000e-01 6.705136e-01 9.952468e-02
-1.350000e-01 6.705136e-01 1.045277e-01
-1.200000e-01 6.705136e-01 1.097649e-01
-1.050000e-01 6.705136e-01 1.136795e-01
-9.000000e-02 6.705136e-01 1.121963e-01
-7.500000e-02 6.705136e-01 9.981469e-02
-6.000000e-02 6.705136e-01 8.036909e-02
-4.500000e-02 6.705136e-01 6.580768e-02
-3.000000e-02 6.705136e-01 5.858175e-02
-1.500000e-02 6.705136e-01 5.566661e-02
5.551115e-17 6.705136e-01 5.491115e-02
1.500000e-02 6.705136e-01 5.566661e-02
3.000000e-02 6.705136e-01 5.858175e-02
4.500000e-02 6.705136e-01 6.580768e-02
6.000000e-02 6.705136e-01 8.036909e-02
7.500000e-02 6.705136e-01 9.981469e-02
9.000000e-02 6.705136e-01 1.121963e-01
1.050000e-01 6.705136e-01 1.136795e-01
1.200000e-01 6.705136e-01 1.097649e-01
1.350000e-01 6.705136e-01 1.045277e-01
1.500000e-01 6.705136e-01 9.952468e-02
1.650000e-01 6.705136e-01 9.518849e-02
1.800000e-01 6.705136e-01 9.156142e-02
1.950000e-01 6.705136e-01 8.856686e-02
2.100000e-01 6.705136e-01 8.610313e-02
2.250000e-01 6.705136e-01 8.407463e-02
2.400000e-01 6.705136e-01 8.240077e-02
2.550000e-01 6.705136e-01 8.101685e-02
2.700000e-01 6.705136e-01 7.987181e-02
2.850000e-01 6.705136e-01 7.892527e-02
3.000000e-01 6.705136e-01 7.814516e-02
-3.000000e-01 6.841779e-01 7.594326e-02
-2.850000e-01 6.841779e-01 7.669072e-02
-2.700000e-01 6.841779e-01 7.759747e-02
-2.550000e-01 6.841779e-01 7.869410e-02
-2.400000e-01 6.841779e-01 8.001916e-02
-2.250000e-01 6.841779e-01 8.162129e-02
-2.100000e-01 6.841779e-01 8.356212e-02
-1.950000e-01 6.841779e-01 8.591831e-02
-1.800000e-01 6.841779e-01 8.878072e-02
-1.650000e-01 6.841779e-01 9.224580e-02
-1.500000e-01 6.841779e-01 9.638608e-02
-1.350000e-01 6.841779e-01 1.011613e-01
-1.200000e-01 6.841779e-01 1.061617e-01
-1.050000e-01 6.841779e-01 1.099162e-01
-9.000000e-02 6.841779e-01 1.085787e-01
-7.500000e-02 6.841779e-01 9.696803e-02
-6.000000e-02 6.841779e-01 7.872280e-02
-4.500000e-02 6.841779e-01 6.511562e-02
-3.000000e-02 6.841779e-01 5.842667e-02
-1.500000e-02 6.841779e-01 5.576773e-02
5.551115e-17 6.841779e-01 5.508784e-02
1.500000e-02 6.841779e-01 5.576773e-02
3.000000e-02 6.841779e-01 5.842667e-02
4.500000e-02 6.841779e-01 6.511562e-02
6.000000e-02 6.841779e-01 7.872280e-02
7.500000e-02 6.841779e-01 9.696803e-02
9.000000e-02 6.841779e-01 1.085787e-01
1.050000e-01 6.841779e-01 1.099162e-01
1.200000e-01 6.841779e-01 1.061617e-01
1.350000e-01 6.841779e-01 1.011613e-01
1.500000e-01 6.841779e-01 9.638608e-02
1.650000e-01 6.841779e-01 9.224580e-02
1.800000e-01 6.841779e-01 8.878072e-02
1.950000e-01 6.841779e-01 8.591831e-02
2.100000e-01 6.841779e-01 8.356212e-02
2.250000e-01 6.841779e-01 8.162129e-02
2.400000e-01 6.841779e-01 8.001916e-02
2.550000e-01 6.841779e-01 7.869410e-02
2.700000e-01 6.841779e-01 7.759747e-02
2.850000e-01 6.841779e-01 7.669072e-02
3.000000e-01 6.841779e-01 7.594326e-02
-3.000000e-01 6.978422e-01 7.383305e-02
-2.850000e-01 6.978422e-01 7.454966e-02
-2.700000e-01 6.978422e-01 7.541882e-02
-2.550000e-01 6.978422e-01 7.646978e-02
-2.400000e-01 6.978422e-01 7.773930e-02
-2.250000e-01 6.978422e-01 7.927381e-02
-2.100000e-01 6.978422e-01 8.113205e-02
-1.950000e-01 6.978422e-01 8.338705e-02
-1.800000e-01 6.978422e-01 8.612524e-02
-1.650000e-01 6.978422e-01 8.943834e-02
-1.500000e-01 6.978422e-01 9.339524e-02
-1.350000e-01 6.978422e-01 9.795799e-02
-1.200000e-01 6.978422e-01 1.027394e-01
-1.050000e-01 6.978422e-01 1.063501e-01
-9.000000e-02 6.978422e-01 1.051618e-01
-7.500000e-02 6.978422e-01 9.429520e-02
-6.000000e-02 6.978422e-01 7.720103e-02
-4.500000e-02 6.978422e-01 6.450983e-02
-3.000000e-02 6.978422e-01 5.833851e-02
-1.500000e-02 6.978422e-01 5.592777e-02
5.551115e-17 6.978422e-01 5.532129e-02
1.500000e-02 6.978422e-01 5.592777e-02
3.000000e-02 6.978422e-01 5.833851e-02
4.500000e-02 6.978422e-01 6.450983e-02
6.000000e-02 6.978422e-01 7.720103e-02
7.500000e-02 6.978422e-01 9.429520e-02
9.000000e-02 6.978422e-01 1.051618e-01
1.050000e-01 6.978422e-01 1.063501e-01
1.200000e-01 6.978422e-01 1.027394e-01
1.350000e-01 6.978422e-01 9.795799e-02
1.500000e-01 6.978422e-01 9.339524e-02
1.650000e-01 6.978422e-01 8.943834e-02
1.800000e-01 6.978422e-01 8.612524e-02
1.950000e-01 6.978422e-01 8.338705e-02
2.100000e-01 6.978422e-01 8.113205e-02
2.250000e-01 6.978422e-01 7.927381e-02
2.400000e-01 6.978422e-01 7.773930e-02
2.550000e-01 6.978422e-01 7.646978e-02
2.700000e-01 6.978422e-01 7.541882e-02
2.850000e-01 6.978422e-01 7.454966e-02
3.000000e-01 6.978422e-01 7.383305e-02
-3.000000e-01 7.115064e-01 7.180950e-02
-2.850000e-01 7.115064e-01 7.249695e-02
-2.700000e-01 7.115064e-01 7.333060e-02
-2.550000e-01 7.115064e-01 7.433840e-02
-2.400000e-01 7.115064e-01 7.555549e-02
-2.250000e-01 7.115064e-01 7.702620e-02
-2.100000e-01 7.115064e-01 7.880658e-02
-1.950000e-01 7.115064e-01 8.096626e-02
-1.800000e-01 7.115064e-01 8.358762e-02
-1.650000e-01 7.115064e-01 8.675801e-02
-1.500000e-01 7.115064e-01 9.054314e-02
-1.350000e-01 7.115064e-01 9.490767e-02
-1.200000e-01 7.115064e-01 9.948632e-02
-1.050000e-01 7.115064e-01 1.029683e-01
-9.000000e-02 7.115064e-01 1.019324e-01
-7.500000e-02 7.115064e-01 9.178515e-02
-6.000000e-02 7.115064e-01 7.579685e-02
-4.500000e-02 7.115064e-01 6.398668e-02
-3.000000e-02 7.115064e-01 5.831544e-02
-1.500000e-02 7.115064e-01 5.614570e-02
5.551115e-17 7.115064e-01 5.561076e-02
1.500000e-02 7.115064e-01 5.614570e-02
3.000000e-02 7.115064e-01 5.831544e-02
4.500000e-02 7.115064e-01 6.398668e-02
6.000000e-02 7.115064e-01 7.579685e-02
7.500000e-02 7.115064e-01 9.178515e-02
9.000000e-02 7.115064e-01 1.019324e-01
1.050000e-01 7.115064e-01 1.029683e-01
1.200000e-01 7.115064e-01 9.948632e-02
1.350000e-01 7.115064e-01 9.490767e-02
1.500000e-01 7.115064e-01 9.054314e-02
1.650000e-01 7.115064e-01 8.675801e-02
1.800000e-01 7.115064e-01 8.358762e-02
1.950000e-01 7.115064e-01 8.096626e-02
2.100000e-01 7.115064e-01 7.880658e-02
2.250000e-01 7.115064e-01 7.702620e-02
2.400000e-01 7.115064e-01 7.555549e-02
2.550000e-01 7.115064e-01 7.433840e-02
2.700000e-01 7.115064e-01 7.333060e-02
2.850000e-01 7.115064e-01 7.249695e-02
3.000000e-01 7.115064e-01 7.180950e-02
-3.000000e-01 7.251707e-01 6.986795e-02
-2.850000e-01 7.251707e-01 7.052781e-02
-2.700000e-01 7.251707e-01 7.132788e-02
-2.550000e-01 7.251707e-01 7.229488e-02
-2.400000e-01 7.251707e-01 7.346244e-02
-2.250000e-01 7.251707e-01 7.487290e-02
-2.100000e-01 7.251707e-01 7.657982e-02
-1.950000e-01 7.251707e-01 7.864966e-02
-1.800000e-01 7.251707e-01 8.116104e-02
-1.650000e-01 7.251707e-01 8.419731e-02
-1.500000e-01 7.251707e-01 8.782144e-02
-1.350000e-01 7.251707e-01 9.200091e-02
-1.200000e-01 7.251707e-01 9.639189e-02
-1.050000e-01 7.251707e-01 9.975891e-02
-9.000000e-02 7.251707e-01 9.887830e-02
-7.500000e-02 7.251707e-01 8.942780e-02
-6.000000e-02 7.251707e-01 7.450400e-02
-4.500000e-02 7.251707e-01 6.354296e-02
-3.000000e-02 7.251707e-01 5.835592e-02
-1.500000e-02 7.251707e-01 5.642076e-02
5.551115e-17 7.251707e-01 5.595568e-02
1.500000e-02 7.251707e-01 5.642076e-02
3.000000e-02 7.251707e-01 5.835592e-02
4.500000e-02 7.251707e-01 6.354296e-02
6.000000e-02 7.251707e-01 7.450400e-02
7.500000e-02 7.251707e-01 8.942780e-02
9.000000e-02 7.251707e-01 9.887830e-02
1.050000e-01 7.251707e-01 9.975891e-02
1.200000e-01 7.251707e-01 9.639189e-02
1.350000e-01 7.251707e-01 9.200091e-02
1.500000e-01 7.251707e-01 8.782144e-02
1.650000e-01 7.251707e-01 8.419731e-02
1.800000e-01 7.251707e-01 8.116104e-02
1.950000e-01 7.251707e-01 7.864966e-02
2.100000e-01 7.251707e-01 7.657982e-02
2.250000e-01 7.251707e-01 7.487290e-02
2.400000e-01 7.251707e-01 7.346244e-02
2.550000e-01 7.251707e-01 7.229488e-02
2.700000e-01 7.251707e-01 7.132788e-02
2.850000e-01 7.251707e-01 7.052781e-02
3.000000e-01 7.251707e-01 6.986795e-02
-3.000000e-01 7.388350e-01 6.800404e-02
-2.850000e-01 7.388350e-01 6.863778e-02
-2.700000e-01 7.388350e-01 6.940606e-02
-2.550000e-01 7.388350e-01 7.033448e-02
-2.400000e-01 7.388350e-01 7.145519e-02
-2.250000e-01 7.388350e-01 7.280873e-02
-2.100000e-01 7.388350e-01 7.444628e-02
-1.950000e-01 7.388350e-01 7.643138e-02
-1.800000e-01 7.388350e-01 7.883915e-02
-1.650000e-01 7.388350e-01 8.174931e-02
-1.500000e-01 7.388350e-01 8.522240e-02
-1.350000e-01 7.388350e-01 8.922901e-02
-1.200000e-01 7.388350e-01 9.344625e-02
-1.050000e-01 7.388350e-01 9.671114e-02
-9.000000e-02 7.388350e-01 9.598858e-02
-7.500000e-02 7.388350e-01 8.721399e-02
-6.000000e-02 7.388350e-01 7.331681e-02
-4.500000e-02 7.388350e-01 6.317583e-02
-3.000000e-02 7.388350e-01 5.845868e-02
-1.500000e-02 7.388350e-01 5.675241e-02
5.551115e-17 7.388350e-01 5.635573e-02
1.500000e-02 7.388350e-01 5.675241e-02
3.000000e-02 7.388350e-01 5.845868e-02
4.500000e-02 7.388350e-01 6.317583e-02
6.000000e-02 7.388350e-01 7.331681e-02
7.500000e-02 7.388350e-01 8.721399e-02
9.000000e-02 7.388350e-01 9.598858e-02
1.050000e-01 7.388350e-01 9.671114e-02
1.200000e-01 7.388350e-01 9.344625e-02
1.350000e-01 7.388350e-01 8.922901e-02
1.500000e-01 7.388350e-01 8.522240e-02
1.650000e-01 7.388350e-01 8.174931e-02
1.800000e-01 7.388350e-01 7.883915e-02
1.950000e-01 7.388350e-01 7.643138e-02
2.100000e-01 7.388350e-01 7.444628e-02
2.250000e-01 7.388350e-01 7.280873e-02
2.400000e-01 7.388350e-01 7.145519e-02
2.550000e-01 7.388350e-01 7.033448e-02
2.700000e-01 7.388350e-01 6.940606e-02
2.850000e-01 7.388350e-01 6.863778e-02
3.000000e-01 7.388350e-01 6.800404e-02
-3.000000e-01 7.524993e-01 6.621370e-02
-2.850000e-01 7.524993e-01 6.682269e-02
-2.700000e-01 7.524993e-01 6.756086e-02
-2.550000e-01 7.524993e-01 6.845274e-02
-2.400000e-01 7.524993e-01 6.952913e-02
-2.250000e-01 7.524993e-01 7.082884e-02
-2.100000e-01 7.524993e-01 7.240085e-02
-1.950000e-01 7.524993e-01 7.430597e-02
-1.800000e-01 7.524993e-01 7.661607e-02
-1.650000e-01 7.524993e-01 7.940754e-02
-1.500000e-01 7.524993e-01 8.273889e-02
-1.350000e-01 7.524993e-01 8.658396e-02
-1.200000e-01 7.524993e-01 9.064038e-02
-1.050000e-01 7.524993e-01 9.381496e-02
-9.000000e-02 7.524993e-01 9.325304e-02
-7.500000e-02 7.524993e-01 8.513536e-02
-6.000000e-02 7.524993e-01 7.223017e-02
-4.500000e-02 7.524993e-01 6.288283e-02
-3.000000e-02 7.524993e-01 5.862270e-02
-1.500000e-02 7.524993e-01 5.714030e-02
5.551115e-17 7.524993e-01 5.681076e-02
1.500000e-02 7.524993e-01 5.714030e-02
3.000000e-02 7.524993e-01 5.862270e-02
4.500000e-02 7.524993e-01 6.288283e-02
6.000000e-02 7.524993e-01 7.223017e-02
7.500000e-02 7.524993e-01 8.513536e-02
9.000000e-02 7.524993e-01 9.325304e-02
1.050000e-01 7.524993e-01 9.381496e-02
1.200000e-01 7.524993e-01 9.064038e-02
1.350000e-01 7.524993e-01 8.658396e-02
1.500000e-01 7.524993e-01 8.273889e-02
1.650000e-01 7.524993e-01 7.940754e-02
1.800000e-01 7.524993e-01 7.661607e-02
1.950000e-01 7.524993e-01 7.430597e-02
2.100000e-01 7.524993e-01 7.240085e-02
2.250000e-01 7.524993e-01 7.082884e-02
2.400000e-01 7.524993e-01 6.952913e-02
2.550000e-01 7.524993e-01 6.845274e-02
2.700000e-01 7.524993e-01 6.756086e-02
2.850000e-01 7.524993e-01 6.682269e-02
3.000000e-01 7.524993e-01 6.621370e-02
-3.000000e-01 7.661636e-01 6.449311e-02
-2.850000e-01 7.661636e-01 6.507864e-02
-2.700000e-01 7.661636e-01 6.578828e-02
-2.550000e-01 7.661636e-01 6.664554e-02
-2.400000e-01 7.661636e-01 6.767997e-02
-2.250000e-01 7.661636e-01 6.892874e-02
-2.100000e-01 7.661636e-01 7.043878e-02
-1.950000e-01 7.661636e-01 7.226834e-02
-1.800000e-01 7.661636e-01 7.448631e-02
-1.650000e-01 7.661636e-01 7.716603e-02
-1.500000e-01 7.661636e-01 8.036425e-02
-1.350000e-01 7.661636e-01 8.405830e-02
-1.200000e-01 7.661636e-01 8.796589e-02
-1.050000e-01 7.661636e-01 9.106117e-02
-9.000000e-02 7.661636e-01 9.066239e-02
-7.500000e-02 7.661636e-01 8.318429e-02
-6.000000e-02 7.661636e-01 7.123947e-02
-4.500000e-02 7.661636e-01 6.266181e-02
-3.000000e-02 7.661636e-01 5.884720e-02
-1.500000e-02 7.661636e-01 5.758432e-02
5.551115e-17 7.661636e-01 5.732085e-02
1.500000e-02 7.661636e-01 5.758432e-02
3.000000e-02 7.661636e-01 5.884720e-02
4.500000e-02 7.661636e-01 6.266181e-02
6.000000e-02 7.661636e-01 7.123947e-02
7.500000e-02 7.661636e-01 8.318429e-02
9.000000e-02 7.661636e-01 9.066239e-02
1.050000e-01 7.661636e-01 9.106117e-02
1.200000e-01 7.661636e-01 8.796589e-02
1.350000e-01 7.661636e-01 8.405830e-02
1.500000e-01 7.661636e-01 8.036425e-02
1.650000e-01 7.661636e-01 7.716603e-02
1.800000e-01 7.661636e-01 7.448631e-02
1.950000e-01 7.661636e-01 7.226834e-02
2.100000e-01 7.661636e-01 7.043878e-02
2.250000e-01 7.661636e-01 6.892874e-02
2.400000e-01 7.661636e-01 6.767997e-02
2.550000e-01 7.661636e-01 6.664554e-02
2.700000e-01 7.661636e-01 6.578828e-02
2.850000e-01 7.661636e-01 6.507864e-02
3.000000e-01 7.661636e-01 6.449311e-02
-3.000000e-01 7.798278e-01 6.283870e-02
-2.850000e-01 7.798278e-01 6.340197e-02
-2.700000e-01 7.798278e-01 6.408455e-02
-2.550000e-01 7.798278e-01 6.490901e-02
-2.400000e-01 7.798278e-01 6.590367e-02
-2.250000e-01 7.798278e-01 6.710421e-02
-2.100000e-01 7.798278e-01 6.855562e-02
-1.950000e-01 7.798278e-01 7.031377e-02
-1.800000e-01 7.798278e-01 7.244476e-02
-1.650000e-01 7.798278e-01 7.501920e-02
-1.500000e-01 7.798278e-01 7.809233e-02
-1.350000e-01 7.798278e-01 8.164516e-02
-1.200000e-01 7.798278e-01 8.541508e-02
-1.050000e-01 7.798278e-01 8.844131e-02
-9.000000e-02 7.798278e-01 8.820810e-02
-7.500000e-02 7.798278e-01 8.135381e-02
-6.000000e-02 7.798278e-01 7.034060e-02
-4.500000e-02 7.798278e-01 6.251093e-02
-3.000000e-02 7.798278e-01 5.913164e-02
-1.500000e-02 7.798278e-01 5.808453e-02
5.551115e-17 7.798278e-01 5.788625e-02
1.500000e-02 7.798278e-01 5.808453e-02
3.000000e-02 7.798278e-01 5.913164e-02
4.500000e-02 7.798278e-01 6.251093e-02
6.000000e-02 7.798278e-01 7.034060e-02
7.500000e-02 7.798278e-01 8.135381e-02
9.000000e-02 7.798278e-01 8.820810e-02
1.050000e-01 7.798278e-01 8.844131e-02
1.200000e-01 7.798278e-01 8.541508e-02
1.350000e-01 7.798278e-01 8.164516e-02
1.500000e-01 7.798278e-01 7.809233e-02
1.650000e-01 7.798278e-01 7.501920e-02
1.800000e-01 7.798278e-01 7.244476e-02
1.950000e-01 7.798278e-01 7.031377e-02
2.100000e-01 7.798278e-01 6.855562e-02
2.250000e-01 7.798278e-01 6.710421e-02
2.400000e-01 7.798278e-01 6.590367e-02
2.550000e-01 7.798278e-01 6.490901e-02
2.700000e-01 7.798278e-01 6.408455e-02
2.850000e-01 7.798278e-01 6.340197e-02
3.000000e-01 7.798278e-01 6.283870e-02
-3.000000e-01 7.934921e-01 6.124713e-02
-2.850000e-01 7.934921e-01 6.178927e-02
-2.700000e-01 7.934921e-01 6.244617e-02
-2.550000e-01 7.934921e-01 6.323951e-02
-2.400000e-01 7.934921e-01 6.419648e-02
-2.250000e-01 7.934921e-01 6.535131e-02
-2.100000e-01 7.934921e-01 6.674722e-02
-1.950000e-01 7.934921e-01 6.843782e-02
-1.800000e-01 7.934921e-01 7.048668e-02
-1.650000e-01 7.934921e-01 7.296185e-02
-1.500000e-01 7.934921e-01 7.591741e-02
-1.350000e-01 7.934921e-01 7.933815e-02
-1.200000e-01 7.934921e-01 8.298079e-02
-1.050000e-01 7.934921e-01 8.594755e-02
-9.000000e-02 7.934921e-01 8.588231e-02
-7.500000e-02 7.934921e-01 7.963757e-02
-6.000000e-02 7.934921e-01 6.952983e-02
-4.500000e-02 7.934921e-01 6.242863e-02
-3.000000e-02 7.934921e-01 5.947569e-02
-1.500000e-02 7.934921e-01 5.864119e-02
5.551115e-17 7.934921e-01 5.850739e-02
1.500000e-02 7.934921e-01 5.864119e-02
3.000000e-02 7.934921e-01 5.947569e-02
4.500000e-02 7.934921e-01 6.242863e-02
6.000000e-02 7.934921e-01 6.952983e-02
7.500000e-02 7.934921e-01 7.963757e-02
9.000000e-02 7.934921e-01 8.588231e-02
1.050000e-01 7.934921e-01 8.594755e-02
1.200000e-01 7.934921e-01 8.298079e-02
1.350000e-01 7.934921e-01 7.933815e-02
1.500000e-01 7.934921e-01 7.591741e-02
1.650000e-01 7.934921e-01 7.296185e-02
1.800000e-01 7.934921e-01 7.048668e-02
1.950000e-01 7.934921e-01 6.843782e-02
2.100000e-01 7.934921e-01 6.674722e-02
2.250000e-01 7.934921e-01 6.535131e-02
2.400000e-01 7.934921e-01 6.419648e-02
2.550000e-01 7.934921e-01 6.323951e-02
2.700000e-01 7.934921e-01 6.244617e-02
2.850000e-01 7.934921e-01 6.178927e-02
3.000000e-01 7.934921e-01 6.124713e-02
-3.000000e-01 8.071564e-01 5.971527e-02
-2.850000e-01 8.071564e-01 6.023734e-02
-2.700000e-01 8.071564e-01 6.086986e-02
-2.550000e-01 8.071564e-01 6.163365e-02
-2.400000e-01 8.071564e-01 6.255486e-02
-2.250000e-01 8.071564e-01 6.366637e-02
-2.100000e-01 8.071564e-01 6.500969e-02
-1.950000e-01 8.071564e-01 6.663638e-02
-1.800000e-01 8.071564e-01 6.860761e-02
-1.650000e-01 8.071564e-01 7.098917e-02
-1.500000e-01 8.071564e-01 7.383416e-02
-1.350000e-01 8.071564e-01 7.713132e-02
-1.200000e-01 8.071564e-01 8.065640e-02
-1.050000e-01 8.071564e-01 8.357267e-02
-9.000000e-02 8.071564e-01 8.367781e-02
-7.500000e-02 8.071564e-01 7.802977e-02
-6.000000e-02 8.071564e-01 6.880386e-02
-4.500000e-02 8.071564e-01 6.241366e-02
-3.000000e-02 8.071564e-01 5.987925e-02
-1.500000e-02 8.071564e-01 5.925477e-02
5.551115e-17 8.071564e-01 5.918492e-02
1.500000e-02 8.071564e-01 5.925477e-02
3.000000e-02 8.071564e-01 5.987925e-02
4.500000e-02 8.071564e-01 6.241366e-02
6.000000e-02 8.071564e-01 6.880386e-02
7.500000e-02 8.071564e-01 7.802977e-02
9.000000e-02 8.071564e-01 8.367781e-02
1.050000e-01 8.071564e-01 8.357267e-02
1.200000e-01 8.071564e-01 8.065640e-02
1.350000e-01 8.071564e-01 7.713132e-02
1.500000e-01 8.071564e-01 7.383416e-02
1.650000e-01 8.071564e-01 7.098917e-02
1.800000e-01 8.071564e-01 6.860761e-02
1.950000e-01 8.071564e-01 6.663638e-02
2.100000e-01 8.071564e-01 6.500969e-02
2.250000e-01 8.071564e-01 6.366637e-02
2.400000e-01 8.071564e-01 6.255486e-02
2.550000e-01 8.071564e-01 6.163365e-02
2.700000e-01 8.071564e-01 6.086986e-02
2.850000e-01 8.071564e-01 6.023734e-02
3.000000e-01 8.071564e-01 5.971527e-02
-3.000000e-01 8.208207e-01 5.824017e-02
-2.850000e-01 8.208207e-01 5.874317e-02
-2.700000e-01 8.208207e-01 5.935252e-02
-2.550000e-01 8.208207e-01 6.008826e-02
-2.400000e-01 8.208207e-01 6.097552e-02
-2.250000e-01 8.208207e-01 6.204593e-02
-2.100000e-01 8.208207e-01 6.333941e-02
-1.950000e-01 8.208207e-01 6.490558e-02
-1.800000e-01 8.208207e-01 6.680342e-02
-1.650000e-01 8.208207e-01 6.909663e-02
-1.500000e-01 8.208207e-01 7.183761e-02
-1.350000e-01 8.208207e-01 7.501917e-02
-1.200000e-01 8.208207e-01 7.843578e-02
-1.050000e-01 8.208207e-01 8.131000e-02
-9.000000e-02 8.208207e-01 8.158798e-02
-7.500000e-02 8.208207e-01 7.652515e-02
-6.000000e-02 8.208207e-01 6.815975e-02
-4.500000e-02 8.208207e-01 6.246498e-02
-3.000000e-02 8.208207e-01 6.034240e-02
-1.500000e-02 8.208207e-01 5.992593e-02
5.551115e-17 8.208207e-01 5.991965e-02
1.500000e-02 8.208207e-01 5.992593e-02
3.000000e-02 8.208207e-01 6.034240e-02
4.500000e-02 8.208207e-01 6.246498e-02
6.000000e-02 8.208207e-01 6.815975e-02
7.500000e-02 8.208207e-01 7.652515e-02
9.000000e-02 8.208207e-01 8.158798e-02
1.050000e-01 8.208207e-01 8.131000e-02
1.200000e-01 8.208207e-01 7.843578e-02
1.350000e-01 8.208207e-01 7.501917e-02
1.500000e-01 8.208207e-01 7.183761e-02
1.650000e-01 8.208207e-01 6.909663e-02
1.800000e-01 8.208207e-01 6.680342e-02
1.950000e-01 8.208207e-01 6.490558e-02
2.100000e-01 8.208207e-01 6.333941e-02
2.250000e-01 8.208207e-01 6.204593e-02
2.400000e-01 8.208207e-01 6.097552e-02
2.550000e-01 8.208207e-01 6.008826e-02
2.700000e-01 8.208207e-01 5.935252e-02
2.850000e-01 8.208207e-01 5.874317e-02
3.000000e-01 8.208207e-01 5.824017e-02
-3.000000e-01 8.344850e-01 5.681908e-02
-2.850000e-01 8.344850e-01 5.730394e-02
-2.700000e-01 8.344850e-01 5.789126e-02
-2.550000e-01 8.344850e-01 5.860034e-02
-2.400000e-01 8.344850e-01 5.945536e-02
-2.250000e-01 8.344850e-01 6.048676e-02
-2.100000e-01 8.344850e-01 6.173297e-02
-1.950000e-01 8.344850e-01 6.324182e-02
-1.800000e-01 8.344850e-01 6.507022e-02
-1.650000e-01 8.344850e-01 6.728004e-02
-1.500000e-01 8.344850e-01 6.992314e-02
-1.350000e-01 8.344850e-01 7.299657e-02
-1.200000e-01 8.344850e-01 7.631323e-02
-1.050000e-01 8.344850e-01 7.915337e-02
-9.000000e-02 8.344850e-01 7.960672e-02
-7.500000e-02 8.344850e-01 7.511888e-02
-6.000000e-02 8.344850e-01 6.759491e-02
-4.500000e-02 8.344850e-01 6.258184e-02
-3.000000e-02 8.344850e-01 6.086546e-02
-1.500000e-02 8.344850e-01 6.065549e-02
5.551115e-17 8.344850e-01 6.071259e-02
1.500000e-02 8.344850e-01 6.065549e-02
3.000000e-02 8.344850e-01 6.086546e-02
4.500000e-02 8.344850e-01 6.258184e-02
6.000000e-02 8.344850e-01 6.759491e-02
7.500000e-02 8.344850e-01 7.511888e-02
9.000000e-02 8.344850e-01 7.960672e-02
1.050000e-01 8.344850e-01 7.915337e-02
1.200000e-01 8.344850e-01 7.631323e-02
1.350000e-01 8.344850e-01 7.299657e-02
1.500000e-01 8.344850e-01 6.992314e-02
1.650000e-01 8.344850e-01 6.728004e-02
1.800000e-01 8.344850e-01 6.507022e-02
1.950000e-01 8.344850e-01 6.324182e-02
2.100000e-01 8.344850e-01 6.173297e-02
2.250000e-01 8.344850e-01 6.048676e-02
2.400000e-01 8.344850e-01 5.945536e-02
2.550000e-01 8.344850e-01 5.860034e-02
2.700000e-01 8.344850e-01 5.789126e-02
2.850000e-01 8.344850e-01 5.730394e-02
3.000000e-01 8.344850e-01 5.681908e-02
-3.000000e-01 8.481492e-01 5.544940e-02
-2.850000e-01 8.481492e-01 5.591699e-02
-2.700000e-01 8.481492e-01 5.648337e-02
-2.550000e-01 8.481492e-01 5.716710e-02
-2.400000e-01 8.481492e-01 5.799148e-02
-2.250000e-01 8.481492e-01 5.898583e-02
-2.100000e-01 8.481492e-01 6.018719e-02
-1.950000e-01 8.481492e-01 6.164170e-02
-1.800000e-01 8.481492e-01 6.340440e-02
-1.650000e-01 8.481492e-01 6.553546e-02
-1.500000e-01 8.481492e-01 6.808644e-02
-1.350000e-01 8.481492e-01 7.105875e-02
-1.200000e-01 8.481492e-01 7.428347e-02
-1.050000e-01 8.481492e-01 7.709707e-02
-9.000000e-02 8.481492e-01 7.772839e-02
-7.500000e-02 8.481492e-01 7.380659e-02
-6.000000e-02 8.481492e-01 6.710706e-02
-4.500000e-02 8.481492e-01 6.276371e-02
-3.000000e-02 8.481492e-01 6.144894e-02
-1.500000e-02 8.481492e-01 6.144451e-02
5.551115e-17 8.481492e-01 6.156493e-02
1.500000e-02 8.481492e-01 6.144451e-02
3.000000e-02 8.481492e-01 6.144894e-02
4.500000e-02 8.481492e-01 6.276371e-02
6.000000e-02 8.481492e-01 6.710706e-02
7.500000e-02 8.481492e-01 7.380659e-02
9.000000e-02 8.481492e-01 7.772839e-02
1.050000e-01 8.481492e-01 7.709707e-02
1.200000e-01 8.481492e-01 7.428347e-02
1.350000e-01 8.481492e-01 7.105875e-02
1.500000e-01 8.481492e-01 6.808644e-02
1.650000e-01 8.481492e-01 6.553546e-02
1.800000e-01 8.481492e-01 6.340440e-02
1.950000e-01 8.481492e-01 6.164170e-02
2.100000e-01 8.481492e-01 6.018719e-02
2.250000e-01 8.481492e-01 5.898583e-02
2.400000e-01 8.481492e-01 5.799148e-02
2.550000e-01 8.481492e-01 5.716710e-02
2.700000e-01 8.481492e-01 5.648337e-02
2.850000e-01 8.481492e-01 5.591699e-02
3.000000e-01 8.481492e-01 5.544940e-02
-3.000000e-01 8.618135e-01 5.412869e-02
-2.850000e-01 8.618135e-01 5.457984e-02
-2.700000e-01 8.618135e-01 5.512628e-02
-2.550000e-01 8.618135e-01 5.578589e-02
-2.400000e-01 8.618135e-01 5.658114e-02
-2.250000e-01 8.618135e-01 5.754029e-02
-2.100000e-01 8.618135e-01 5.869908e-02
-1.950000e-01 8.618135e-01 6.010206e-02
-1.800000e-01 8.618135e-01 6.180255e-02
-1.650000e-01 8.618135e-01 6.385921e-02
-1.500000e-01 8.618135e-01 6.632348e-02
-1.350000e-01 8.618135e-01 6.920125e-02
-1.200000e-01 8.618135e-01 7.234157e-02
-1.050000e-01 8.618135e-01 7.513582e-02
-9.000000e-02 8.618135e-01 7.594784e-02
-7.500000e-02 8.618135e-01 7.258431e-02
-6.000000e-02 8.618135e-01 6.669425e-02
-4.500000e-02 8.618135e-01 6.301030e-02
-3.000000e-02 8.618135e-01 6.209355e-02
-1.500000e-02 8.618135e-01 6.229422e-02
5.551115e-17 8.618135e-01 6.247808e-02
1.500000e-02 8.618135e-01 6.229422e-02
3.000000e-02 8.618135e-01 6.209355e-02
4.500000e-02 8.618135e-01 6.301030e-02
6.000000e-02 8.618135e-01 6.669425e-02
7.500000e-02 8.618135e-01 7.258431e-02
9.000000e-02 8.618135e-01 7.594784e-02
1.050000e-01 8.618135e-01 7.513582e-02
1.200000e-01 8.618135e-01 7.234157e-02
1.350000e-01 8.618135e-01 6.920125e-02
1.500000e-01 8.618135e-01 6.632348e-02
1.650000e-01 8.618135e-01 6.385921e-02
1.800000e-01 8.618135e-01 6.180255e-02
1.950000e-01 8.618135e-01 6.010206e-02
2.100000e-01 8.618135e-01 5.869908e-02
2.250000e-01 8.618135e-01 5.754029e-02
2.400000e-01 8.618135e-01 5.658114e-02
2.550000e-01 8.618135e-01 5.578589e-02
2.700000e-01 8.618135e-01 5.512628e-02
2.850000e-01 8.618135e-01 5.457984e-02
3.000000e-01 8.618135e-01 5.412869e-02
-3.000000e-01 8.754778e-01 5.285464e-02
-2.850000e-01 8.754778e-01 5.329014e-02
-2.700000e-01 8.754778e-01 5.381759e-02
-2.550000e-01 8.754778e-01 5.445425e-02
-2.400000e-01 8.754778e-01 5.522179e-02
-2.250000e-01 8.754778e-01 5.614748e-02
-2.100000e-01 8.754778e-01 5.726583e-02
-1.950000e-01 8.754778e-01 5.861993e-02
-1.800000e-01 8.754778e-01 6.026149e-02
-1.650000e-01 8.754778e-01 6.224786e-02
-1.500000e-01 8.754778e-01 6.463051e-02
-1.350000e-01 8.754778e-01 6.741993e-02
-1.200000e-01 8.754778e-01 7.048298e-02
-1.050000e-01 8.754778e-01 7.326473e-02
-9.000000e-02 8.754778e-01 7.426031e-02
-7.500000e-02 8.754778e-01 7.144843e-02
-6.000000e-02 8.754778e-01 6.635479e-02
-4.500000e-02 8.754778e-01 6.332155e-02
-3.000000e-02 8.754778e-01 6.280022e-02
-1.500000e-02 8.754778e-01 6.320604e-02
5.551115e-17 8.754778e-01 6.345364e-02
1.500000e-02 8.754778e-01 6.320604e-02
3.000000e-02 8.754778e-01 6.280022e-02
4.500000e-02 8.754778e-01 6.332155e-02
6.000000e-02 8.754778e-01 6.635479e-02
7.500000e-02 8.754778e-01 7.144843e-02
9.000000e-02 8.754778e-01 7.426031e-02
1.050000e-01 8.754778e-01 7.326473e-02
1.200000e-01 8.754778e-01 7.048298e-02
1.350000e-01 8.754778e-01 6.741993e-02
1.500000e-01 8.754778e-01 6.463051e-02
1.650000e-01 8.754778e-01 6.224786e-02
1.800000e-01 8.754778e-01 6.026149e-02
1.950000e-01 8.754778e-01 5.861993e-02
2.100000e-01 8.754778e-01 5.726583e-02
2.250000e-01 8.754778e-01 5.614748e-02
2.400000e-01 8.754778e-01 5.522179e-02
2.550000e-01 8.754778e-01 5.445425e-02
2.700000e-01 8.754778e-01 5.381759e-02
2.850000e-01 8.754778e-01 5.329014e-02
3.000000e-01 8.754778e-01 5.285464e-02
-3.000000e-01 8.891421e-01 5.162509e-02
-2.850000e-01 8.891421e-01 5.204567e-02
-2.700000e-01 8.891421e-01 5.255503e-02
-2.550000e-01 8.891421e-01 5.316984e-02
-2.400000e-01 8.891421e-01 5.391100e-02
-2.250000e-01 8.891421e-01 5.480487e-02
-2.100000e-01 8.891421e-01 5.588480e-02
-1.950000e-01 8.891421e-01 5.719251e-02
-1.800000e-01 8.891421e-01 5.877825e-02
-1.650000e-01 8.891421e-01 6.069818e-02
-1.500000e-01 8.891421e-01 6.300401e-02
-1.350000e-01 8.891421e-01 6.571092e-02
-1.200000e-01 8.891421e-01 6.870345e-02
-1.050000e-01 8.891421e-01 7.147924e-02
-9.000000e-02 8.891421e-01 7.266142e-02
-7.500000e-02 8.891421e-01 7.039572e-02
-6.000000e-02 8.891421e-01 6.608729e-02
-4.500000e-02 8.891421e-01 6.369761e-02
-3.000000e-02 8.891421e-01 6.357007e-02
-1.500000e-02 8.891421e-01 6.418162e-02
5.551115e-17 8.891421e-01 6.449339e-02
1.500000e-02 8.891421e-01 6.418162e-02
3.000000e-02 8.891421e-01 6.357007e-02
4.500000e-02 8.891421e-01 6.369761e-02
6.000000e-02 8.891421e-01 6.608729e-02
7.500000e-02 8.891421e-01 7.039572e-02
9.000000e-02 8.891421e-01 7.266142e-02
1.050000e-01 8.891421e-01 7.147924e-02
1.200000e-01 8.891421e-01 6.870345e-02
1.350000e-01 8.891421e-01 6.571092e-02
1.500000e-01 8.891421e-01 6.300401e-02
1.650000e-01 8.891421e-01 6.069818e-02
1.800000e-01 8.891421e-01 5.877825e-02
1.950000e-01 8.891421e-01 5.719251e-02
2.100000e-01 8.891421e-01 5.588480e-02
2.250000e-01 8.891421e-01 5.480487e-02
2.400000e-01 8.891421e-01 5.391100e-02
2.550000e-01 8.891421e-01 5.316984e-02
2.700000e-01 8.891421e-01 5.255503e-02
2.850000e-01 8.891421e-01 5.204567e-02
3.000000e-01 8.891421e-01 5.162509e-02
-3.000000e-01 9.028064e-01 5.043801e-02
-2.850000e-01 9.028064e-01 5.084436e-02
-2.700000e-01 9.028064e-01 5.133648e-02
-2.550000e-01 9.028064e-01 5.193047e-02
-2.400000e-01 9.028064e-01 5.264652e-02
-2.250000e-01 9.028064e-01 5.351011e-02
-2.100000e-01 9.028064e-01 5.455352e-02
-1.950000e-01 9.028064e-01 5.581719e-02
-1.800000e-01 9.028064e-01 5.735003e-02
-1.650000e-01 9.028064e-01 5.920715e-02
-1.500000e-01 9.028064e-01 6.144068e-02
-1.350000e-01 9.028064e-01 6.407061e-02
-1.200000e-01 9.028064e-01 6.699901e-02
-1.050000e-01 9.028064e-01 6.977517e-02
-9.000000e-02 9.028064e-01 7.114715e-02
-7.500000e-02 9.028064e-01 6.942324e-02
-6.000000e-02 9.028064e-01 6.589062e-02
-4.500000e-02 9.028064e-01 6.413889e-02
-3.000000e-02 9.028064e-01 6.440444e-02
-1.500000e-02 9.028064e-01 6.522282e-02
5.551115e-17 9.028064e-01 6.559937e-02
1.500000e-02 9.028064e-01 6.522282e-02
3.000000e-02 9.028064e-01 6.440444e-02
4.500000e-02 9.028064e-01 6.413889e-02
6.000000e-02 9.028064e-01 6.589062e-02
7.500000e-02 9.028064e-01 6.942324e-02
9.000000e-02 9.028064e-01 7.114715e-02
1.050000e-01 9.028064e-01 6.977517e-02
1.200000e-01 9.028064e-01 6.699901e-02
1.350000e-01 9.028064e-01 6.407061e-02
1.500000e-01 9.028064e-01 6.144068e-02
1.650000e-01 9.028064e-01 5.920715e-02
1.800000e-01 9.028064e-01 5.735003e-02
1.950000e-01 9.028064e-01 5.581719e-02
2.100000e-01 9.028064e-01 5.455352e-02
2.250000e-01 9.028064e-01 5.351011e-02
2.400000e-01 9.028064e-01 5.264652e-02
2.550000e-01 9.028064e-01 5.193047e-02
2.700000e-01 9.028064e-01 5.133648e-02
2.850000e-01 9.028064e-01 5.084436e-02
3.000000e-01 9.028064e-01 5.043801e-02
-3.000000e-01 9.164706e-01 4.929146e-02
-2.850000e-01 9.164706e-01 4.968424e-02
-2.700000e-01 9.164706e-01 5.015992e-02
-2.550000e-01 9.164706e-01 5.073406e-02
-2.400000e-01 9.164706e-01 5.142620e-02
-2.250000e-01 9.164706e-01 5.226097e-02
-2.100000e-01 9.164706e-01 5.326965e-02
-1.950000e-01 9.164706e-01 5.449150e-02
-1.800000e-01 9.164706e-01 5.597419e-02
-1.650000e-01 9.164706e-01 5.777195e-02
-1.500000e-01 9.164706e-01 5.993745e-02
-1.350000e-01 9.164706e-01 6.249563e-02
-1.200000e-01 9.164706e-01 6.536599e-02
-1.050000e-01 9.164706e-01 6.814862e-02
-9.000000e-02 9.164706e-01 6.971381e-02
-7.500000e-02 9.164706e-01 6.852838e-02
-6.000000e-02 9.164706e-01 6.576389e-02
-4.500000e-02 9.164706e-01 6.464598e-02
-3.000000e-02 9.164706e-01 6.530489e-02
-1.500000e-02 9.164706e-01 6.633172e-02
5.551115e-17 9.164706e-01 6.677382e-02
1.500000e-02 9.164706e-01 6.633172e-02
3.000000e-02 9.164706e-01 6.530489e-02
4.500000e-02 9.164706e-01 6.464598e-02
6.000000e-02 9.164706e-01 6.576389e-02
7.500000e-02 9.164706e-01 6.852838e-02
9.000000e-02 9.164706e-01 6.971381e-02
1.050000e-01 9.164706e-01 6.814862e-02
1.200000e-01 9.164706e-01 6.536599e-02
1.350000e-01 9.164706e-01 6.249563e-02
1.500000e-01 9.164706e-01 5.993745e-02
1.650000e-01 9.164706e-01 5.777195e-02
1.800000e-01 9.164706e-01 5.597419e-02
1.950000e-01 9.164706e-01 5.449150e-02
2.100000e-01 9.164706e-01 5.326965e-02
2.250000e-01 9.164706e-01 5.226097e-02
2.400000e-01 9.164706e-01 5.142620e-02
2.550000e-01 9.164706e-01 5.073406e-02
2.700000e-01 9.164706e-01 5.015992e-02
2.850000e-01 9.164706e-01 4.968424e-02
3.000000e-01 9.164706e-01 4.929146e-02
-3.000000e-01 9.301349e-01 4.818364e-02
-2.850000e-01 9.301349e-01 4.856346e-02
-2.700000e-01 9.301349e-01 4.902346e-02
-2.550000e-01 9.301349e-01 4.957868e-02
-2.400000e-01 9.301349e-01 5.024802e-02
-2.250000e-01 9.301349e-01 5.105535e-02
-2.100000e-01 9.301349e-01 5.203100e-02
-1.950000e-01 9.301349e-01 5.321312e-02
-1.800000e-01 9.301349e-01 5.464827e-02
-1.650000e-01 9.301349e-01 5.638992e-02
-1.500000e-01 9.301349e-01 5.849143e-02
-1.350000e-01 9.301349e-01 6.098283e-02
-1.200000e-01 9.301349e-01 6.380095e-02
-1.050000e-01 9.301349e-01 6.659597e-02
-9.000000e-02 9.301349e-01 6.835800e-02
-7.500000e-02 9.301349e-01 6.770882e-02
-6.000000e-02 9.301349e-01 6.570648e-02
-4.500000e-02 9.301349e-01 6.521972e-02
-3.000000e-02 9.301349e-01 6.627321e-02
-1.500000e-02 9.301349e-01 6.751062e-02
5.551115e-17 9.301349e-01 6.801921e-02
1.500000e-02 9.301349e-01 6.751062e-02
3.000000e-02 9.301349e-01 6.627321e-02
4.500000e-02 9.301349e-01 6.521972e-02
6.000000e-02 9.301349e-01 6.570648e-02
7.500000e-02 9.301349e-01 6.770882e-02
9.000000e-02 9.301349e-01 6.835800e-02
1.050000e-01 9.301349e-01 6.659597e-02
1.200000e-01 9.301349e-01 6.380095e-02
1.350000e-01 9.301349e-01 6.098283e-02
1.500000e-01 9.301349e-01 5.849143e-02
1.650000e-01 9.301349e-01 5.638992e-02
1.800000e-01 9.301349e-01 5.464827e-02
1.950000e-01 9.301349e-01 5.321312e-02
2.100000e-01 9.301349e-01 5.203100e-02
2.250000e-01 9.301349e-01 5.105535e-02
2.400000e-01 9.301349e-01 5.024802e-02
2.550000e-01 9.301349e-01 4.957868e-02
2.700000e-01 9.301349e-01 4.902346e-02
2.850000e-01 9.301349e-01 4.856346e-02
3.000000e-01 9.301349e-01 4.818364e-02
-3.000000e-01 9.437992e-01 4.711282e-02
-2.850000e-01 9.437992e-01 4.748028e-02
-2.700000e-01 9.437992e-01 4.792530e-02
-2.550000e-01 9.437992e-01 4.846247e-02
-2.400000e-01 9.437992e-01 4.911008e-02
-2.250000e-01 9.437992e-01 4.989128e-02
-2.100000e-01 9.437992e-01 5.083550e-02
-1.950000e-01 9.437992e-01 5.197988e-02
-1.800000e-01 9.437992e-01 5.336995e-02
-1.650000e-01 9.437992e-01 5.505856e-02
-1.500000e-01 9.437992e-01 5.709992e-02
-1.350000e-01 9.437992e-01 5.952925e-02
-1.200000e-01 9.437992e-01 6.230070e-02
-1.050000e-01 9.437992e-01 6.511388e-02
-9.000000e-02 9.437992e-01 6.707663e-02
-7.500000e-02 9.437992e-01 6.696250e-02
-6.000000e-02 9.437992e-01 6.571800e-02
-4.500000e-02 9.437992e-01 6.586119e-02
-3.000000e-02 9.437992e-01 6.731141e-02
-1.500000e-02 9.437992e-01 6.876208e-02
5.551115e-17 9.437992e-01 6.933829e-02
1.500000e-02 9.437992e-01 6.876208e-02
3.000000e-02 9.437992e-01 6.731141e-02
4.500000e-02 9.437992e-01 6.586119e-02
6.000000e-02 9.437992e-01 6.571800e-02
7.500000e-02 9.437992e-01 6.696250e-02
9.000000e-02 9.437992e-01 6.707663e-02
1.050000e-01 9.437992e-01 6.511388e-02
1.200000e-01 9.437992e-01 6.230070e-02
1.350000e-01 9.437992e-01 5.952925e-02
1.500000e-01 9.437992e-01 5.709992e-02
1.650000e-01 9.437992e-01 5.505856e-02
1.800000e-01 9.437992e-01 5.336995e-02
1.950000e-01 9.437992e-01 5.197988e-02
2.100000e-01 9.437992e-01 5.083550e-02
2.250000e-01 9.437992e-01 4.989128e-02
2.400000e-01 9.437992e-01 4.911008e-02
2.550000e-01 9.437992e-01 4.846247e-02
2.700000e-01 9.437992e-01 4.792530e-02
2.850000e-01 9.437992e-01 4.748028e-02
3.000000e-01 9.437992e-01 4.711282e-02
-3.000000e-01 9.574635e-01 4.607739e-02
-2.850000e-01 9.574635e-01 4.643303e-02
-2.700000e-01 9.574635e-01 4.686376e-02
-2.550000e-01 9.574635e-01 4.738371e-02
-2.400000e-01 9.574635e-01 4.801060e-02
-2.250000e-01 9.574635e-01 4.876689e-02
-2.100000e-01 9.574635e-01 4.968120e-02
-1.950000e-01 9.574635e-01 5.078971e-02
-1.800000e-01 9.574635e-01 5.213704e-02
-1.650000e-01 9.574635e-01 5.377554e-02
-1.500000e-01 9.574635e-01 5.576038e-02
-1.350000e-01 9.574635e-01 5.813213e-02
-1.200000e-01 9.574635e-01 6.086225e-02
-1.050000e-01 9.574635e-01 6.369925e-02
-9.000000e-02 9.574635e-01 6.586686e-02
-7.500000e-02 9.574635e-01 6.628765e-02
-6.000000e-02 9.574635e-01 6.579832e-02
-4.500000e-02 9.574635e-01 6.657166e-02
-3.000000e-02 9.574635e-01 6.842176e-02
-1.500000e-02 9.574635e-01 7.008892e-02
5.551115e-17 9.574635e-01 7.073405e-02
1.500000e-02 9.574635e-01 7.008892e-02
3.000000e-02 9.574635e-01 6.842176e-02
4.500000e-02 9.574635e-01 6.657166e-02
6.000000e-02 9.574635e-01 6.579832e-02
7.500000e-02 9.574635e-01 6.628765e-02
9.000000e-02 9.574635e-01 6.586686e-02
1.050000e-01 9.574635e-01 6.369925e-02
1.200000e-01 9.574635e-01 6.086225e-02
1.350000e-01 9.574635e-01 5.813213e-02
1.500000e-01 9.574635e-01 5.576038e-02
1.650000e-01 9.574635e-01 5.377554e-02
1.800000e-01 9.574635e-01 5.213704e-02
1.950000e-01 9.574635e-01 5.078971e-02
2.100000e-01 9.574635e-01 4.968120e-02
2.250000e-01 9.574635e-01 4.876689e-02
2.400000e-01 9.574635e-01 4.801060e-02
2.550000e-01 9.574635e-01 4.738371e-02
2.700000e-01 9.574635e-01 4.686376e-02
2.850000e-01 9.574635e-01 4.643303e-02
3.000000e-01 9.574635e-01 4.607739e-02
-3.000000e-01 9.711278e-01 4.507581e-02
-2.850000e-01 9.711278e-01 4.542016e-02
-2.700000e-01 9.711278e-01 4.583724e-02
-2.550000e-01 9.711278e-01 4.634074e-02
-2.400000e-01 9.711278e-01 4.694787e-02
-2.250000e-01 9.711278e-01 4.768044e-02
-2.100000e-01 9.711278e-01 4.856627e-02
-1.950000e-01 9.711278e-01 4.964070e-02
-1.800000e-01 9.711278e-01 5.094750e-02
-1.650000e-01 9.711278e-01 5.253864e-02
-1.500000e-01 9.711278e-01 5.447045e-02
-1.350000e-01 9.711278e-01 5.678891e-02
-1.200000e-01 9.711278e-01 5.948284e-02
-1.050000e-01 9.711278e-01 6.234922e-02
-9.000000e-02 9.711278e-01 6.472612e-02
-7.500000e-02 9.711278e-01 6.568273e-02
-6.000000e-02 9.711278e-01 6.594752e-02
-4.500000e-02 9.711278e-01 6.735268e-02
-3.000000e-02 9.711278e-01 6.960677e-02
-1.500000e-02 9.711278e-01 7.149422e-02
5.551115e-17 9.711278e-01 7.220977e-02
1.500000e-02 9.711278e-01 7.149422e-02
3.000000e-02 9.711278e-01 6.960677e-02
4.500000e-02 9.711278e-01 6.735268e-02
6.000000e-02 9.711278e-01 6.594752e-02
7.500000e-02 9.711278e-01 6.568273e-02
9.000000e-02 9.711278e-01 6.472612e-02
1.050000e-01 9.711278e-01 6.234922e-02
1.200000e-01 9.711278e-01 5.948284e-02
1.350000e-01 9.711278e-01 5.678891e-02
1.500000e-01 9.711278e-01 5.447045e-02
1.650000e-01 9.711278e-01 5.253864e-02
1.800000e-01 9.711278e-01 5.094750e-02
1.950000e-01 9.711278e-01 4.964070e-02
2.100000e-01 9.711278e-01 4.856627e-02
2.250000e-01 9.711278e-01 4.768044e-02
2.400000e-01 9.711278e-01 4.694787e-02
2.550000e-01 9.711278e-01 4.634074e-02
2.700000e-01 9.711278e-01 4.583724e-02
2.850000e-01 9.711278e-01 4.542016e-02
3.000000e-01 9.711278e-01 4.507581e-02
-3.000000e-01 9.847920e-01 4.410664e-02
-2.850000e-01 9.847920e-01 4.444019e-02
-2.700000e-01 9.847920e-01 4.484423e-02
-2.550000e-01 9.847920e-01 4.533203e-02
-2.400000e-01 9.847920e-01 4.592030e-02
-2.250000e-01 9.847920e-01 4.663024e-02
-2.100000e-01 9.847920e-01 4.748897e-02
-1.950000e-01 9.847920e-01 4.853100e-02
-1.800000e-01 9.847920e-01 4.979938e-02
-1.650000e-01 9.847920e-01 5.134581e-02
-1.500000e-01 9.847920e-01 5.322787e-02
-1.350000e-01 9.847920e-01 5.549716e-02
-1.200000e-01 9.847920e-01 5.815987e-02
-1.050000e-01 9.847920e-01 6.106115e-02
-9.000000e-02 9.847920e-01 6.365206e-02
-7.500000e-02 9.847920e-01 6.514645e-02
-6.000000e-02 9.847920e-01 6.616594e-02
-4.500000e-02 9.847920e-01 6.820604e-02
-3.000000e-02 9.847920e-01 7.086924e-02
-1.500000e-02 9.847920e-01 7.298137e-02
5.551115e-17 9.847920e-01 7.376903e-02
1.500000e-02 9.847920e-01 7.298137e-02
3.000000e-02 9.847920e-01 7.086924e-02
4.500000e-02 9.847920e-01 6.820604e-02
6.000000e-02 9.847920e-01 6.616594e-02
7.500000e-02 9.847920e-01 6.514645e-02
9.000000e-02 9.847920e-01 6.365206e-02
1.050000e-01 9.847920e-01 6.106115e-02
1.200000e-01 9.847920e-01 5.815987e-02
1.350000e-01 9.847920e-01 5.549716e-02
1.500000e-01 9.847920e-01 5.322787e-02
1.650000e-01 9.847920e-01 5.134581e-02
1.800000e-01 9.847920e-01 4.979938e-02
1.950000e-01 9.847920e-01 4.853100e-02
2.100000e-01 9.847920e-01 4.748897e-02
2.250000e-01 9.847920e-01 4.663024e-02
2.400000e-01 9.847920e-01 4.592030e-02
2.550000e-01 9.847920e-01 4.533203e-02
2.700000e-01 9.847920e-01 4.484423e-02
2.850000e-01 9.847920e-01 4.444019e-02
3.000000e-01 9.847920e-01 4.410664e-02
-3.000000e-01 9.984563e-01 4.316849e-02
-2.850000e-01 9.984563e-01 4.349173e-02
-2.700000e-01 9.984563e-01 4.388330e-02
-2.550000e-01 9.984563e-01 4.435610e-02
-2.400000e-01 9.984563e-01 4.492637e-02
-2.250000e-01 9.984563e-01 4.561474e-02
-2.100000e-01 9.984563e-01 4.644766e-02
-1.950000e-01 9.984563e-01 4.745890e-02
-1.800000e-01 9.984563e-01 4.869087e-02
-1.650000e-01 9.984563e-01 5.019510e-02
-1.500000e-01 9.984563e-01 5.203057e-02
-1.350000e-01 9.984563e-01 5.425464e-02
-1.200000e-01 9.984563e-01 5.689094e-02
-1.050000e-01 9.984563e-01 5.983258e-02
-9.000000e-02 9.984563e-01 6.264258e-02
-7.500000e-02 9.984563e-01 6.467776e-02
-6.000000e-02 9.984563e-01 6.645415e-02
-4.500000e-02 9.984563e-01 6.913378e-02
-3.000000e-02 9.984563e-01 7.221224e-02
-1.500000e-02 9.984563e-01 7.455406e-02
5.551115e-17 9.984563e-01 7.541572e-02
1.500000e-02 9.984563e-01 7.455406e-02
3.000000e-02 9.984563e-01 7.221224e-02
4.500000e-02 9.984563e-01 6.913378e-02
6.000000e-02 9.984563e-01 6.645415e-02
7.500000e-02 9.984563e-01 6.467776e-02
9.000000e-02 9.984563e-01 6.264258e-02
1.050000e-01 9.984563e-01 5.983258e-02
1.200000e-01 9.984563e-01 5.689094e-02
1.350000e-01 9.984563e-01 5.425464e-02
1.500000e-01 9.984563e-01 5.203057e-02
1.650000e-01 9.984563e-01 5.019510e-02
1.800000e-01 9.984563e-01 4.869087e-02
1.950000e-01 9.984563e-01 4.745890e-02
2.100000e-01 9.984563e-01 4.644766e-02
2.250000e-01 9.984563e-01 4.561474e-02
2.400000e-01 9.984563e-01 4.492637e-02
2.550000e-01 9.984563e-01 4.435610e-02
2.700000e-01 9.984563e-01 4.388330e-02
2.850000e-01 9.984563e-01 4.349173e-02
3.000000e-01 9.984563e-01 4.316849e-02
-3.000000e-01 1.012121e+00 4.226008e-02
-2.850000e-01 1.012121e+00 4.257344e-02
-2.700000e-01 1.012121e+00 4.295309e-02
-2.550000e-01 1.012121e+00 4.341157e-02
-2.400000e-01 1.012121e+00 4.396466e-02
-2.250000e-01 1.012121e+00 4.463246e-02
-2.100000e-01 1.012121e+00 4.544080e-02
-1.950000e-01 1.012121e+00 4.642278e-02
-1.800000e-01 1.012121e+00 4.762024e-02
-1.650000e-01 1.012121e+00 4.908466e-02
-1.500000e-01 1.012121e+00 5.087658e-02
-1.350000e-01 1.012121e+00 5.305922e-02
-1.200000e-01 1.012121e+00 5.567381e-02
-1.050000e-01 1.012121e+00 5.866127e-02
-9.000000e-02 1.012121e+00 6.169578e-02
-7.500000e-02 1.012121e+00 6.427586e-02
-6.000000e-02 1.012121e+00 6.681298e-02
-4.500000e-02 1.012121e+00 7.013821e-02
-3.000000e-02 1.012121e+00 7.363914e-02
-1.500000e-02 1.012121e+00 7.621632e-02
5.551115e-17 1.012121e+00 7.715409e-02
1.500000e-02 1.012121e+00 7.621632e-02
3.000000e-02 1.012121e+00 7.363914e-02
4.500000e-02 1.012121e+00 7.013821e-02
6.000000e-02 1.012121e+00 6.681298e-02
7.500000e-02 1.012121e+00 6.427586e-02
9.000000e-02 1.012121e+00 6.169578e-02
1.050000e-01 1.012121e+00 5.866127e-02
1.200000e-01 1.012121e+00 5.567381e-02
1.350000e-01 1.012121e+00 5.305922e-02
1.500000e-01 1.012121e+00 5.087658e-02
1.650000e-01 1.012121e+00 4.908466e-02
1.800000e-01 1.012121e+00 4.762024e-02
1.950000e-01 1.012121e+00 4.642278e-02
2.100000e-01 1.012121e+00 4.544080e-02
2.250000e-01 1.012121e+00 4.463246e-02
2.400000e-01 1.012121e+00 4.396466e-02
2.550000e-01 1.012121e+00 4.341157e-02
2.700000e-01 1.012121e+00 4.295309e-02
2.850000e-01 1.012121e+00 4.257344e-02
3.000000e-01 1.012121e+00 4.226008e-02
-3.000000e-01 1.025785e+00 4.138016e-02
-2.850000e-01 1.025785e+00 4.168407e-02
-2.700000e-01 1.025785e+00 4.205233e-02
-2.550000e-01 1.025785e+00 4.249712e-02
-2.400000e-01 1.025785e+00 4.303380e-02
-2.250000e-01 1.025785e+00 4.368199e-02
-2.100000e-01 1.025785e+00 4.446692e-02
-1.950000e-01 1.025785e+00 4.542110e-02
-1.800000e-01 1.025785e+00 4.658587e-02
-1.650000e-01 1.025785e+00 4.801279e-02
-1.500000e-01 1.025785e+00 4.976405e-02
-1.350000e-01 1.025785e+00 5.190893e-02
-1.200000e-01 1.025785e+00 5.450639e-02
-1.050000e-01 1.025785e+00 5.754515e-02
-9.000000e-02 1.025785e+00 6.080998e-02
-7.500000e-02 1.025785e+00 6.394014e-02
-6.000000e-02 1.025785e+00 6.724349e-02
-4.500000e-02 1.025785e+00 7.122192e-02
-3.000000e-02 1.025785e+00 7.515367e-02
-1.500000e-02 1.025785e+00 7.797253e-02
5.551115e-17 1.025785e+00 7.898878e-02
1.500000e-02 1.025785e+00 7.797253e-02
3.000000e-02 1.025785e+00 7.515367e-02
4.500000e-02 1.025785e+00 7.122192e-02
6.000000e-02 1.025785e+00 6.724349e-02
7.500000e-02 1.025785e+00 6.394014e-02
9.000000e-02 1.025785e+00 6.080998e-02
1.050000e-01 1.025785e+00 5.754515e-02
1.200000e-01 1.025785e+00 5.450639e-02
1.350000e-01 1.025785e+00 5.190893e-02
1.500000e-01 1.025785e+00 4.976405e-02
1.650000e-01 1.025785e+00 4.801279e-02
1.800000e-01 1.025785e+00 4.658587e-02
1.950000e-01 1.025785e+00 4.542110e-02
2.100000e-01 1.025785e+00 4.446692e-02
2.250000e-01 1.025785e+00 4.368199e-02
2.400000e-01 1.025785e+00 4.303380e-02
2.550000e-01 1.025785e+00 4.249712e-02
2.700000e-01 1.025785e+00 4.205233e-02
2.850000e-01 1.025785e+00 4.168407e-02
3.000000e-01 1.025785e+00 4.138016e-02
-3.000000e-01 1.039449e+00 4.052757e-02
-2.850000e-01 1.039449e+00 4.082244e-02
-2.700000e-01 1.039449e+00 4.117980e-02
-2.550000e-01 1.039449e+00 4.161150e-02
-2.400000e-01 1.039449e+00 4.213253e-02
-2.250000e-01 1.039449e+00 4.276201e-02
-2.100000e-01 1.039449e+00 4.352466e-02
-1.950000e-01 1.039449e+00 4.445243e-02
-1.800000e-01 1.039449e+00 4.558625e-02
-1.650000e-01 1.039449e+00 4.697786e-02
-1.500000e-01 1.039449e+00 4.869124e-02
-1.350000e-01 1.039449e+00 5.080193e-02
-1.200000e-01 1.039449e+00 5.338676e-02
-1.050000e-01 1.039449e+00 5.648232e-02
-9.000000e-02 1.039449e+00 5.998369e-02
-7.500000e-02 1.039449e+00 6.367026e-02
-6.000000e-02 1.039449e+00 6.774701e-02
-4.500000e-02 1.039449e+00 7.238782e-02
-3.000000e-02 1.039449e+00 7.675987e-02
-1.500000e-02 1.039449e+00 7.982748e-02
5.551115e-17 1.039449e+00 8.092479e-02
1.500000e-02 1.039449e+00 7.982748e-02
3.000000e-02 1.039449e+00 7.675987e-02
4.500000e-02 1.039449e+00 7.238782e-02
6.000000e-02 1.039449e+00 6.774701e-02
7.500000e-02 1.039449e+00 6.367026e-02
9.000000e-02 1.039449e+00 5.998369e-02
1.050000e-01 1.039449e+00 5.648232e-02
1.200000e-01 1.039449e+00 5.338676e-02
1.350000e-01 1.039449e+00 5.080193e-02
1.500000e-01 1.039449e+00 4.869124e-02
1.650000e-01 1.039449e+00 4.697786e-02
1.800000e-01 1.039449e+00 4.558625e-02
1.950000e-01 1.039449e+00 4.445243e-02
2.100000e-01 1.039449e+00 4.352466e-02
2.250000e-01 1.039449e+00 4.276201e-02
2.400000e-01 1.039449e+00 4.213253e-02
2.550000e-01 1.039449e+00 4.161150e-02
2.700000e-01 1.039449e+00 4.117980e-02
2.850000e-01 1.039449e+00 4.082244e-02
3.000000e-01 1.039449e+00 4.052757e-02
-3.000000e-01 1.053113e+00 3.970121e-02
-2.850000e-01 1.053113e+00 3.998743e-02
-2.700000e-01 1.053113e+00 4.033436e-02
-2.550000e-01 1.053113e+00 4.075355e-02
-2.400000e-01 1.053113e+00 4.125961e-02
-2.250000e-01 1.053113e+00 4.187125e-02
-2.100000e-01 1.053113e+00 4.261269e-02
-1.950000e-01 1.053113e+00 4.351538e-02
-1.800000e-01 1.053113e+00 4.461993e-02
-1.650000e-01 1.053113e+00 4.597833e-02
-1.500000e-01 1.053113e+00 4.765655e-02
-1.350000e-01 1.053113e+00 4.973649e-02
-1.200000e-01 1.053113e+00 5.231312e-02
-1.050000e-01 1.053113e+00 5.547106e-02
-9.000000e-02 1.053113e+00 5.921562e-02
-7.500000e-02 1.053113e+00 6.346607e-02
-6.000000e-02 1.053113e+00 6.832514e-02
-4.500000e-02 1.053113e+00 7.363912e-02
-3.000000e-02 1.053113e+00 7.846217e-02
-1.500000e-02 1.053113e+00 8.178635e-02
5.551115e-17 1.053113e+00 8.296759e-02
1.500000e-02 1.053113e+00 8.178635e-02
3.000000e-02 1.053113e+00 7.846217e-02
4.500000e-02 1.053113e+00 7.363912e-02
6.000000e-02 1.053113e+00 6.832514e-02
7.500000e-02 1.053113e+00 6.346607e-02
9.000000e-02 1.053113e+00 5.921562e-02
1.050000e-01 1.053113e+00 5.547106e-02
1.200000e-01 1.053113e+00 5.231312e-02
1.350000e-01 1.053113e+00 4.973649e-02
1.500000e-01 1.053113e+00 4.765655e-02
1.650000e-01 1.053113e+00 4.597833e-02
1.800000e-01 1.053113e+00 4.461993e-02
1.950000e-01 1.053113e+00 4.351538e-02
2.100000e-01 1.053113e+00 4.261269e-02
2.250000e-01 1.053113e+00 4.187125e-02
2.400000e-01 1.053113e+00 4.125961e-02
2.550000e-01 1.053113e+00 4.075355e-02
2.700000e-01 1.053113e+00 4.033436e-02
2.850000e-01 1.053113e+00 3.998743e-02
3.000000e-01 1.053113e+00 3.970121e-02
-3.000000e-01 1.066778e+00 3.890002e-02
-2.850000e-01 1.066778e+00 3.917794e-02
-2.700000e-01 1.066778e+00 3.951490e-02
-2.550000e-01 1.066778e+00 3.992213e-02
-2.400000e-01 1.066778e+00 4.041391e-02
-2.250000e-01 1.066778e+00 4.100854e-02
-2.100000e-01 1.066778e+00 4.172979e-02
-1.950000e-01 1.066778e+00 4.260867e-02
-1.800000e-01 1.066778e+00 4.368555e-02
-1.650000e-01 1.066778e+00 4.501279e-02
-1.500000e-01 1.066778e+00 4.665843e-02
-1.350000e-01 1.066778e+00 4.871100e-02
-1.200000e-01 1.066778e+00 5.128381e-02
-1.050000e-01 1.066778e+00 5.450980e-02
-9.000000e-02 1.066778e+00 5.850469e-02
-7.500000e-02 1.066778e+00 6.332769e-02
-6.000000e-02 1.066778e+00 6.897974e-02
-4.500000e-02 1.066778e+00 7.497938e-02
-3.000000e-02 1.066778e+00 8.026543e-02
-1.500000e-02 1.066778e+00 8.385481e-02
5.551115e-17 1.066778e+00 8.512312e-02
1.500000e-02 1.066778e+00 8.385481e-02
3.000000e-02 1.066778e+00 8.026543e-02
4.500000e-02 1.066778e+00 7.497938e-02
6.000000e-02 1.066778e+00 6.897974e-02
7.500000e-02 1.066778e+00 6.332769e-02
9.000000e-02 1.066778e+00 5.850469e-02
1.050000e-01 1.066778e+00 5.450980e-02
1.200000e-01 1.066778e+00 5.128381e-02
1.350000e-01 1.066778e+00 4.871100e-02
1.500000e-01 1.066778e+00 4.665843e-02
1.650000e-01 1.066778e+00 4.501279e-02
1.800000e-01 1.066778e+00 4.368555e-02
1.950000e-01 1.066778e+00 4.260867e-02
2.100000e-01 1.066778e+00 4.172979e-02
2.250000e-01 1.066778e+00 4.100854e-02
2.400000e-01 1.066778e+00 4.041391e-02
2.550000e-01 1.066778e+00 3.992213e-02
2.700000e-01 1.066778e+00 3.951490e-02
2.850000e-01 1.066778e+00 3.917794e-02
3.000000e-01 1.066778e+00 3.890002e-02
-3.000000e-01 1.080442e+00 3.812300e-02
-2.850000e-01 1.080442e+00 3.839299e-02
-2.700000e-01 1.080442e+00 3.872039e-02
-2.550000e-01 1.080442e+00 3.911619e-02
-2.400000e-01 1.080442e+00 3.959433e-02
-2.250000e-01 1.080442e+00 4.017274e-02
-2.100000e-01 1.080442e+00 4.087478e-02
-1.950000e-01 1.080442e+00 4.173109e-02
-1.800000e-01 1.080442e+00 4.278183e-02
-1.650000e-01 1.080442e+00 4.407986e-02
-1.500000e-01 1.080442e+00 4.569546e-02
-1.350000e-01 1.080442e+00 4.772395e-02
-1.200000e-01 1.080442e+00 5.029730e-02
-1.050000e-01 1.080442e+00 5.359712e-02
-9.000000e-02 1.080442e+00 5.784998e-02
-7.500000e-02 1.080442e+00 6.325542e-02
-6.000000e-02 1.080442e+00 6.971298e-02
-4.500000e-02 1.080442e+00 7.641251e-02
-3.000000e-02 1.080442e+00 8.217491e-02
-1.500000e-02 1.080442e+00 8.603899e-02
5.551115e-17 1.080442e+00 8.739782e-02
1.500000e-02 1.080442e+00 8.603899e-02
3.000000e-02 1.080442e+00 8.217491e-02
4.500000e-02 1.080442e+00 7.641251e-02
6.000000e-02 1.080442e+00 6.971298e-02
7.500000e-02 1.080442e+00 6.325542e-02
9.000000e-02 1.080442e+00 5.784998e-02
1.050000e-01 1.080442e+00 5.359712e-02
1.200000e-01 1.080442e+00 5.029730e-02
1.350000e-01 1.080442e+00 4.772395e-02
1.500000e-01 1.080442e+00 4.569546e-02
1.650000e-01 1.080442e+00 4.407986e-02
1.800000e-01 1.080442e+00 4.278183e-02
1.950000e-01 1.080442e+00 4.173109e-02
2.100000e-01 1.080442e+00 4.087478e-02
2.250000e-01 1.080442e+00 4.017274e-02
2.400000e-01 1.080442e+00 3.959433e-02
2.550000e-01 1.080442e+00 3.911619e-02
2.700000e-01 1.080442e+00 3.872039e-02
2.850000e-01 1.080442e+00 3.839299e-02
3.000000e-01 1.080442e+00 3.812300e-02
-3.000000e-01 1.094106e+00 3.736921e-02
-2.850000e-01 1.094106e+00 3.763159e-02
-2.700000e-01 1.094106e+00 3.794986e-02
-2.550000e-01 1.094106e+00 3.833473e-02
-2.400000e-01 1.094106e+00 3.879985e-02
-2.250000e-01 1.094106e+00 3.936280e-02
-2.100000e-01 1.094106e+00 4.004657e-02
-1.950000e-01 1.094106e+00 4.088147e-02
-1.800000e-01 1.094106e+00 4.190756e-02
-1.650000e-01 1.094106e+00 4.317828e-02
-1.500000e-01 1.094106e+00 4.476631e-02
-1.350000e-01 1.094106e+00 4.677396e-02
-1.200000e-01 1.094106e+00 4.935218e-02
-1.050000e-01 1.094106e+00 5.273175e-02
-9.000000e-02 1.094106e+00 5.725076e-02
-7.500000e-02 1.094106e+00 6.324985e-02
-6.000000e-02 1.094106e+00 7.052732e-02
-4.500000e-02 1.094106e+00 7.794284e-02
-3.000000e-02 1.094106e+00 8.419637e-02
-1.500000e-02 1.094106e+00 8.834560e-02
5.551115e-17 1.094106e+00 8.979871e-02
1.500000e-02 1.094106e+00 8.834560e-02
3.000000e-02 1.094106e+00 8.419637e-02
4.500000e-02 1.094106e+00 7.794284e-02
6.000000e-02 1.094106e+00 7.052732e-02
7.500000e-02 1.094106e+00 6.324985e-02
9.000000e-02 1.094106e+00 5.725076e-02
1.050000e-01 1.094106e+00 5.273175e-02
1.200000e-01 1.094106e+00 4.935218e-02
1.350000e-01 1.094106e+00 4.677396e-02
1.500000e-01 1.094106e+00 4.476631e-02
1.650000e-01 1.094106e+00 4.317828e-02
1.800000e-01 1.094106e+00 4.190756e-02
1.950000e-01 1.094106e+00 4.088147e-02
2.100000e-01 1.094106e+00 4.004657e-02
2.250000e-01 1.094106e+00 3.936280e-02
2.400000e-01 1.094106e+00 3.879985e-02
2.550000e-01 1.094106e+00 3.833473e-02
2.700000e-01 1.094106e+00 3.794986e-02
2.850000e-01 1.094106e+00 3.763159e-02
3.000000e-01 1.094106e+00 3.736921e-02
-3.000000e-01 1.107771e+00 3.663774e-02
-2.850000e-01 1.107771e+00 3.689284e-02
-2.700000e-01 1.107771e+00 3.720236e-02
-2.550000e-01 1.107771e+00 3.757678e-02
-2.400000e-01 1.107771e+00 3.802947e-02
-2.250000e-01 1.107771e+00 3.857769e-02
-2.100000e-01 1.107771e+00 3.924410e-02
-1.950000e-01 1.107771e+00 4.005872e-02
-1.800000e-01 1.107771e+00 4.106161e-02
-1.650000e-01 1.107771e+00 4.230686e-02
-1.500000e-01 1.107771e+00 4.386971e-02
-1.350000e-01 1.107771e+00 4.585972e-02
-1.200000e-01 1.107771e+00 4.844716e-02
-1.050000e-01 1.107771e+00 5.191259e-02
-9.000000e-02 1.107771e+00 5.670651e-02
-7.500000e-02 1.107771e+00 6.331178e-02
-6.000000e-02 1.107771e+00 7.142556e-02
-4.500000e-02 1.107771e+00 7.957509e-02
-3.000000e-02 1.107771e+00 8.633609e-02
-1.500000e-02 1.107771e+00 9.078189e-02
5.551115e-17 1.107771e+00 9.233342e-02
1.500000e-02 1.107771e+00 9.078189e-02
3.000000e-02 1.107771e+00 8.633609e-02
4.500000e-02 1.107771e+00 7.957509e-02
6.000000e-02 1.107771e+00 7.142556e-02
7.500000e-02 1.107771e+00 6.331178e-02
9.000000e-02 1.107771e+00 5.670651e-02
1.050000e-01 1.107771e+00 5.191259e-02
1.200000e-01 1.107771e+00 4.844716e-02
1.350000e-01 1.107771e+00 4.585972e-02
1.500000e-01 1.107771e+00 4.386971e-02
1.650000e-01 1.107771e+00 4.230686e-02
1.800000e-01 1.107771e+00 4.106161e-02
1.950000e-01 1.107771e+00 4.005872e-02
2.100000e-01 1.107771e+00 3.924410e-02
2.250000e-01 1.107771e+00 3.857769e-02
2.400000e-01 1.107771e+00 3.802947e-02
2.550000e-01 1.107771e+00 3.757678e-02
2.700000e-01 1.107771e+00 3.720236e-02
2.850000e-01 1.107771e+00 3.689284e-02
3.000000e-01 1.107771e+00 3.663774e-02
-3.000000e-01 1.121435e+00 3.592775e-02
-2.850000e-01 1.121435e+00 3.617587e-02
-2.700000e-01 1.121435e+00 3.647702e-02
-2.550000e-01 1.121435e+00 3.684145e-02
-2.400000e-01 1.121435e+00 3.728228e-02
-2.250000e-01 1.121435e+00 3.781647e-02
-2.100000e-01 1.121435e+00 3.846638e-02
-1.950000e-01 1.121435e+00 3.926183e-02
-1.800000e-01 1.121435e+00 4.024289e-02
-1.650000e-01 1.121435e+00 4.146448e-02
-1.500000e-01 1.121435e+00 4.300450e-02
-1.350000e-01 1.121435e+00 4.498003e-02
-1.200000e-01 1.121435e+00 4.758107e-02
-1.050000e-01 1.121435e+00 5.113864e-02
-9.000000e-02 1.121435e+00 5.621687e-02
-7.500000e-02 1.121435e+00 6.344228e-02
-6.000000e-02 1.121435e+00 7.241084e-02
-4.500000e-02 1.121435e+00 8.131447e-02
-3.000000e-02 1.121435e+00 8.860090e-02
-1.500000e-02 1.121435e+00 9.335581e-02
5.551115e-17 1.121435e+00 9.501026e-02
1.500000e-02 1.121435e+00 9.335581e-02
3.000000e-02 1.121435e+00 8.860090e-02
4.500000e-02 1.121435e+00 8.131447e-02
6.000000e-02 1.121435e+00 7.241084e-02
7.500000e-02 1.121435e+00 6.344228e-02
9.000000e-02 1.121435e+00 5.621687e-02
1.050000e-01 1.121435e+00 5.113864e-02
1.200000e-01 1.121435e+00 4.758107e-02
1.350000e-01 1.121435e+00 4.498003e-02
1.500000e-01 1.121435e+00 4.300450e-02
1.650000e-01 1.121435e+00 4.146448e-02
1.800000e-01 1.121435e+00 4.024289e-02
1.950000e-01 1.121435e+00 3.926183e-02
2.100000e-01 1.121435e+00 3.846638e-02
2.250000e-01 1.121435e+00 3.781647e-02
2.400000e-01 1.121435e+00 3.728228e-02
2.550000e-01 1.121435e+00 3.684145e-02
2.700000e-01 1.121435e+00 3.647702e-02
2.850000e-01 1.121435e+00 3.617587e-02
3.000000e-01 1.121435e+00 3.592775e-02
-3.000000e-01 1.135099e+00 3.523841e-02
-2.850000e-01 1.135099e+00 3.547985e-02
-2.700000e-01 1.135099e+00 3.577299e-02
-2.550000e-01 1.135099e+00 3.612787e-02
-2.400000e-01 1.135099e+00 3.655738e-02
-2.250000e-01 1.135099e+00 3.707821e-02
-2.100000e-01 1.135099e+00 3.771248e-02
-1.950000e-01 1.135099e+00 3.848981e-02
-1.800000e-01 1.135099e+00 3.945040e-02
-1.650000e-01 1.135099e+00 4.065007e-02
-1.500000e-01 1.135099e+00 4.216958e-02
-1.350000e-01 1.135099e+00 4.413378e-02
-1.200000e-01 1.135099e+00 4.675284e-02
-1.050000e-01 1.135099e+00 5.040908e-02
-9.000000e-02 1.135099e+00 5.578167e-02
-7.500000e-02 1.135099e+00 6.364267e-02
-6.000000e-02 1.135099e+00 7.348667e-02
-4.500000e-02 1.135099e+00 8.316665e-02
-3.000000e-02 1.135099e+00 9.099826e-02
-1.500000e-02 1.135099e+00 9.607597e-02
5.551115e-17 1.135099e+00 9.783826e-02
1.500000e-02 1.135099e+00 9.607597e-02
3.000000e-02 1.135099e+00 9.099826e-02
4.500000e-02 1.135099e+00 8.316665e-02
6.000000e-02 1.135099e+00 7.348667e-02
7.500000e-02 1.135099e+00 6.364267e-02
9.000000e-02 1.135099e+00 5.578167e-02
1.050000e-01 1.135099e+00 5.040908e-02
1.200000e-01 1.135099e+00 4.675284e-02
1.350000e-01 1.135099e+00 4.413378e-02
1.500000e-01 1.135099e+00 4.216958e-02
1.650000e-01 1.135099e+00 4.065007e-02
1.800000e-01 1.135099e+00 3.945040e-02
1.950000e-01 1.135099e+00 3.848981e-02
2.100000e-01 1.135099e+00 3.771248e-02
2.250000e-01 1.135099e+00 3.707821e-02
2.400000e-01 1.135099e+00 3.655738e-02
2.550000e-01 1.135099e+00 3.612787e-02
2.700000e-01 1.135099e+00 3.577299e-02
2.850000e-01 1.135099e+00 3.547985e-02
3.000000e-01 1.135099e+00 3.523841e-02
-3.000000e-01 1.148763e+00 3.456896e-02
-2.850000e-01 1.148763e+00 3.480399e-02
-2.700000e-01 1.148763e+00 3.508946e-02
-2.550000e-01 1.148763e+00 3.543523e-02
-2.400000e-01 1.148763e+00 3.585395e-02
-2.250000e-01 1.148763e+00 3.636208e-02
-2.100000e-01 1.148763e+00 3.698151e-02
-1.950000e-01 1.148763e+00 3.774174e-02
-1.800000e-01 1.148763e+00 3.868318e-02
-1.650000e-01 1.148763e+00 3.986265e-02
-1.500000e-01 1.148763e+00 4.136394e-02
-1.350000e-01 1.148763e+00 4.331994e-02
-1.200000e-01 1.148763e+00 4.596152e-02
-1.050000e-01 1.148763e+00 4.972320e-02
-9.000000e-02 1.148763e+00 5.540095e-02
-7.500000e-02 1.148763e+00 6.391455e-02
-6.000000e-02 1.148763e+00 7.465697e-02
-4.500000e-02 1.148763e+00 8.513787e-02
-3.000000e-02 1.148763e+00 9.353631e-02
-1.500000e-02 1.148763e+00 9.895179e-02
5.551115e-17 1.148763e+00 1.008273e-01
1.500000e-02 1.148763e+00 9.895179e-02
3.000000e-02 1.148763e+00 9.353631e-02
4.500000e-02 1.148763e+00 8.513787e-02
6.000000e-02 1.148763e+00 7.465697e-02
7.500000e-02 1.148763e+00 6.391455e-02
9.000000e-02 1.148763e+00 5.540095e-02
1.050000e-01 1.148763e+00 4.972320e-02
1.200000e-01 1.148763e+00 4.596152e-02
1.350000e-01 1.148763e+00 4.331994e-02
1.500000e-01 1.148763e+00 4.136394e-02
1.650000e-01 1.148763e+00 3.986265e-02
1.800000e-01 1.148763e+00 3.868318e-02
1.950000e-01 1.148763e+00 3.774174e-02
2.100000e-01 1.148763e+00 3.698151e-02
2.250000e-01 1.148763e+00 3.636208e-02
2.400000e-01 1.148763e+00 3.585395e-02
2.550000e-01 1.148763e+00 3.543523e-02
2.700000e-01 1.148763e+00 3.508946e-02
2.850000e-01 1.148763e+00 3.480399e-02
3.000000e-01 1.148763e+00 3.456896e-02
-3.000000e-01 1.162428e+00 3.391865e-02
-2.850000e-01 1.162428e+00 3.414755e-02
-2.700000e-01 1.162428e+00 3.442569e-02
-2.550000e-01 1.162428e+00 3.476276e-02
-2.400000e-01 1.162428e+00 3.517119e-02
-2.250000e-01 1.162428e+00 3.566724e-02
-2.100000e-01 1.162428e+00 3.627263e-02
-1.950000e-01 1.162428e+00 3.701677e-02
-1.800000e-01 1.162428e+00 3.794035e-02
-1.650000e-01 1.162428e+00 3.910130e-02
-1.500000e-01 1.162428e+00 4.058664e-02
-1.350000e-01 1.162428e+00 4.253759e-02
-1.200000e-01 1.162428e+00 4.520626e-02
-1.050000e-01 1.162428e+00 4.908045e-02
-9.000000e-02 1.162428e+00 5.507494e-02
-7.500000e-02 1.162428e+00 6.425983e-02
-6.000000e-02 1.162428e+00 7.592605e-02
-4.500000e-02 1.162428e+00 8.723495e-02
-3.000000e-02 1.162428e+00 9.622391e-02
-1.500000e-02 1.162428e+00 1.019935e-01
5.551115e-17 1.162428e+00 1.039881e-01
1.500000e-02 1.162428e+00 1.019935e-01
3.000000e-02 1.162428e+00 9.622391e-02
4.500000e-02 1.162428e+00 8.723495e-02
6.000000e-02 1.162428e+00 7.592605e-02
7.500000e-02 1.162428e+00 6.425983e-02
9.000000e-02 1.162428e+00 5.507494e-02
1.050000e-01 1.162428e+00 4.908045e-02
1.200000e-01 1.162428e+00 4.520626e-02
1.350000e-01 1.162428e+00 4.253759e-02
1.500000e-01 1.162428e+00 4.058664e-02
1.650000e-01 1.162428e+00 3.910130e-02
1.800000e-01 1.162428e+00 3.794035e-02
1.950000e-01 1.162428e+00 3.701677e-02
2.100000e-01 1.162428e+00 3.627263e-02
2.250000e-01 1.162428e+00 3.566724e-02
2.400000e-01 1.162428e+00 3.517119e-02
2.550000e-01 1.162428e+00 3.476276e-02
2.700000e-01 1.162428e+00 3.442569e-02
2.850000e-01 1.162428e+00 3.414755e-02
3.000000e-01 1.162428e+00 3.391865e-02
-3.000000e-01 1.176092e+00 3.328679e-02
-2.850000e-01 1.176092e+00 3.350982e-02
-2.700000e-01 1.176092e+00 3.378095e-02
-2.550000e-01 1.176092e+00 3.410971e-02
-2.400000e-01 1.176092e+00 3.450834e-02
-2.250000e-01 1.176092e+00 3.499294e-02
-2.100000e-01 1.176092e+00 3.558504e-02
-1.950000e-01 1.176092e+00 3.631407e-02
-1.800000e-01 1.176092e+00 3.722105e-02
-1.650000e-01 1.176092e+00 3.836515e-02
-1.500000e-01 1.176092e+00 3.983679e-02
-1.350000e-01 1.176092e+00 4.178587e-02
-1.200000e-01 1.176092e+00 4.448633e-02
-1.050000e-01 1.176092e+00 4.848042e-02
-9.000000e-02 1.176092e+00 5.480406e-02
-7.500000e-02 1.176092e+00 6.468071e-02
-6.000000e-02 1.176092e+00 7.729875e-02
-4.500000e-02 1.176092e+00 8.946536e-02
-3.000000e-02 1.176092e+00 9.907078e-02
-1.500000e-02 1.176092e+00 1.052124e-01
5.551115e-17 1.176092e+00 1.073325e-01
1.500000e-02 1.176092e+00 1.052124e-01
3.000000e-02 1.176092e+00 9.907078e-02
4.500000e-02 1.176092e+00 8.946536e-02
6.000000e-02 1.176092e+00 7.729875e-02
7.500000e-02 1.176092e+00 6.468071e-02
9.000000e-02 1.176092e+00 5.480406e-02
1.050000e-01 1.176092e+00 4.848042e-02
1.200000e-01 1.176092e+00 4.448633e-02
1.350000e-01 1.176092e+00 4.178587e-02
1.500000e-01 1.176092e+00 3.983679e-02
1.650000e-01 1.176092e+00 3.836515e-02
1.800000e-01 1.176092e+00 3.722105e-02
1.950000e-01 1.176092e+00 3.631407e-02
2.100000e-01 1.176092e+00 3.558504e-02
2.250000e-01 1.176092e+00 3.499294e-02
2.400000e-01 1.176092e+00 3.450834e-02
2.550000e-01 1.176092e+00 3.410971e-02
2.700000e-01 1.176092e+00 3.378095e-02
2.850000e-01 1.176092e+00 3.350982e-02
3.000000e-01 1.176092e+00 3.328679e-02
-3.000000e-01 1.189756e+00 3.267272e-02
-2.850000e-01 1.189756e+00 3.289012e-02
-2.700000e-01 1.189756e+00 3.315456e-02
-2.550000e-01 1.189756e+00 3.347539e-02
-2.400000e-01 1.189756e+00 3.386470e-02
-2.250000e-01 1.189756e+00 3.433843e-02
-2.100000e-01 1.189756e+00 3.491801e-02
-1.950000e-01 1.189756e+00 3.563288e-02
-1.800000e-01 1.189756e+00 3.652450e-02
-1.650000e-01 1.189756e+00 3.765340e-02
-1.500000e-01 1.189756e+00 3.911361e-02
-1.350000e-01 1.189756e+00 4.106402e-02
-1.200000e-01 1.189756e+00 4.380107e-02
-1.050000e-01 1.189756e+00 4.792285e-02
-9.000000e-02 1.189756e+00 5.458896e-02
-7.500000e-02 1.189756e+00 6.517973e-02
-6.000000e-02 1.189756e+00 7.878036e-02
-4.500000e-02 1.189756e+00 9.183728e-02
-3.000000e-02 1.189756e+00 1.020875e-01
-1.500000e-02 1.189756e+00 1.086207e-01
5.551115e-17 1.189756e+00 1.108733e-01
1.500000e-02 1.189756e+00 1.086207e-01
3.000000e-02 1.189756e+00 1.020875e-01
4.500000e-02 1.189756e+00 9.183728e-02
6.000000e-02 1.189756e+00 7.878036e-02
7.500000e-02 1.189756e+00 6.517973e-02
9.000000e-02 1.189756e+00 5.458896e-02
1.050000e-01 1.189756e+00 4.792285e-02
1.200000e-01 1.189756e+00 4.380107e-02
1.350000e-01 1.189756e+00 4.106402e-02
1.500000e-01 1.189756e+00 3.911361e-02
1.650000e-01 1.189756e+00 3.765340e-02
1.800000e-01 1.189756e+00 3.652450e-02
1.950000e-01 1.189756e+00 3.563288e-02
2.100000e-01 1.189756e+00 3.491801e-02
2.250000e-01 1.189756e+00 3.433843e-02
2.400000e-01 1.189756e+00 3.386470e-02
2.550000e-01 1.189756e+00 3.347539e-02
2.700000e-01 1.189756e+00 3.315456e-02
2.850000e-01 1.189756e+00 3.289012e-02
3.000000e-01 1.189756e+00 3.267272e-02
-3.000000e-01 1.203421e+00 3.207579e-02
-2.850000e-01 1.203421e+00 3.228782e-02
-2.700000e-01 1.203421e+00 3.254585e-02
-2.550000e-01 1.203421e+00 3.285913e-02
-2.400000e-01 1.203421e+00 3.323959e-02
-2.250000e-01 1.203421e+00 3.370303e-02
-2.100000e-01 1.203421e+00 3.427081e-02
-1.950000e-01 1.203421e+00 3.497248e-02
-1.800000e-01 1.203421e+00 3.584997e-02
-1.650000e-01 1.203421e+00 3.696531e-02
-1.500000e-01 1.203421e+00 3.841634e-02
-1.350000e-01 1.203421e+00 4.037135e-02
-1.200000e-01 1.203421e+00 4.314998e-02
-1.050000e-01 1.203421e+00 4.740761e-02
-9.000000e-02 1.203421e+00 5.443051e-02
-7.500000e-02 1.203421e+00 6.575978e-02
-6.000000e-02 1.203421e+00 8.037674e-02
-4.500000e-02 1.203421e+00 9.435965e-02
-3.000000e-02 1.203421e+00 1.052857e-01
-1.500000e-02 1.203421e+00 1.122317e-01
5.551115e-17 1.203421e+00 1.146246e-01
1.500000e-02 1.203421e+00 1.122317e-01
3.000000e-02 1.203421e+00 1.052857e-01
4.500000e-02 1.203421e+00 9.435965e-02
6.000000e-02 1.203421e+00 8.037674e-02
7.500000e-02 1.203421e+00 6.575978e-02
9.000000e-02 1.203421e+00 5.443051e-02
1.050000e-01 1.203421e+00 4.740761e-02
1.200000e-01 1.203421e+00 4.314998e-02
1.350000e-01 1.203421e+00 4.037135e-02
1.500000e-01 1.203421e+00 3.841634e-02
1.650000e-01 1.203421e+00 3.696531e-02
1.800000e-01 1.203421e+00 3.584997e-02
1.950000e-01 1.203421e+00 3.497248e-02
2.100000e-01 1.203421e+00 3.427081e-02
2.250000e-01 1.203421e+00 3.370303e-02
2.400000e-01 1.203421e+00 3.323959e-02
2.550000e-01 1.203421e+00 3.285913e-02
2.700000e-01 1.203421e+00 3.254585e-02
2.850000e-01 1.203421e+00 3.228782e-02
3.000000e-01 1.203421e+00 3.207579e-02
-3.000000e-01 1.217085e+00 3.149542e-02
-2.850000e-01 1.217085e+00 3.170229e-02
-2.700000e-01 1.217085e+00 3.195422e-02
-2.550000e-01 1.217085e+00 3.226031e-02
-2.400000e-01 1.217085e+00 3.263237e-02
-2.250000e-01 1.217085e+00 3.308609e-02
-2.100000e-01 1.217085e+00 3.364280e-02
-1.950000e-01 1.217085e+00 3.433218e-02
-1.800000e-01 1.217085e+00 3.519676e-02
-1.650000e-01 1.217085e+00 3.630019e-02
-1.500000e-01 1.217085e+00 3.774434e-02
-1.350000e-01 1.217085e+00 3.970727e-02
-1.200000e-01 1.217085e+00 4.253264e-02
-1.050000e-01 1.217085e+00 4.693473e-02
-9.000000e-02 1.217085e+00 5.432982e-02
-7.500000e-02 1.217085e+00 6.642415e-02
-6.000000e-02 1.217085e+00 8.209437e-02
-4.500000e-02 1.217085e+00 9.704229e-02
-3.000000e-02 1.217085e+00 1.086780e-01
-1.500000e-02 1.217085e+00 1.160603e-01
5.551115e-17 1.217085e+00 1.186017e-01
1.500000e-02 1.217085e+00 1.160603e-01
3.000000e-02 1.217085e+00 1.086780e-01
4.500000e-02 1.217085e+00 9.704229e-02
6.000000e-02 1.217085e+00 8.209437e-02
7.500000e-02 1.217085e+00 6.642415e-02
9.000000e-02 1.217085e+00 5.432982e-02
1.050000e-01 1.217085e+00 4.693473e-02
1.200000e-01 1.217085e+00 4.253264e-02
1.350000e-01 1.217085e+00 3.970727e-02
1.500000e-01 1.217085e+00 3.774434e-02
1.650000e-01 1.217085e+00 3.630019e-02
1.800000e-01 1.217085e+00 3.519676e-02
1.950000e-01 1.217085e+00 3.433218e-02
2.100000e-01 1.217085e+00 3.364280e-02
2.250000e-01 1.217085e+00 3.308609e-02
2.400000e-01 1.217085e+00 3.263237e-02
2.550000e-01 1.217085e+00 3.226031e-02
2.700000e-01 1.217085e+00 3.195422e-02
2.850000e-01 1.217085e+00 3.170229e-02
3.000000e-01 1.217085e+00 3.149542e-02
-3.000000e-01 1.230749e+00 3.093102e-02
-2.850000e-01 1.230749e+00 3.113298e-02
-2.700000e-01 1.230749e+00 3.137908e-02
-2.550000e-01 1.230749e+00 3.167832e-02
-2.400000e-01 1.230749e+00 3.204242e-02
-2.250000e-01 1.230749e+00 3.248699e-02
-2.100000e-01 1.230749e+00 3.303334e-02
-1.950000e-01 1.230749e+00 3.371135e-02
-1.800000e-01 1.230749e+00 3.456424e-02
-1.650000e-01 1.230749e+00 3.565741e-02
-1.500000e-01 1.230749e+00 3.709699e-02
-1.350000e-01 1.230749e+00 3.907126e-02
-1.200000e-01 1.230749e+00 4.194874e-02
-1.050000e-01 1.230749e+00 4.650443e-02
-9.000000e-02 1.230749e+00 5.428825e-02
-7.500000e-02 1.230749e+00 6.717652e-02
-6.000000e-02 1.230749e+00 8.394038e-02
-4.500000e-02 1.230749e+00 9.989597e-02
-3.000000e-02 1.230749e+00 1.122785e-01
-1.500000e-02 1.230749e+00 1.201226e-01
5.551115e-17 1.230749e+00 1.228217e-01
1.500000e-02 1.230749e+00 1.201226e-01
3.000000e-02 1.230749e+00 1.122785e-01
4.500000e-02 1.230749e+00 9.989597e-02
6.000000e-02 1.230749e+00 8.394038e-02
7.500000e-02 1.230749e+00 6.717652e-02
9.000000e-02 1.230749e+00 5.428825e-02
1.050000e-01 1.230749e+00 4.650443e-02
1.200000e-01 1.230749e+00 4.194874e-02
1.350000e-01 1.230749e+00 3.907126e-02
1.500000e-01 1.230749e+00 3.709699e-02
1.650000e-01 1.230749e+00 3.565741e-02
1.800000e-01 1.230749e+00 3.456424e-02
1.950000e-01 1.230749e+00 3.371135e-02
2.100000e-01 1.230749e+00 3.303334e-02
2.250000e-01 1.230749e+00 3.248699e-02
2.400000e-01 1.230749e+00 3.204242e-02
2.550000e-01 1.230749e+00 3.167832e-02
2.700000e-01 1.230749e+00 3.137908e-02
2.850000e-01 1.230749e+00 3.113298e-02
3.000000e-01 1.230749e+00 3.093102e-02
-3.000000e-01 1.244413e+00 3.038206e-02
-2.850000e-01 1.244413e+00 3.057931e-02
-2.700000e-01 1.244413e+00 3.081987e-02
-2.550000e-01 1.244413e+00 3.111262e-02
-2.400000e-01 1.244413e+00 3.146919e-02
-2.250000e-01 1.244413e+00 3.190515e-02
-2.100000e-01 1.244413e+00 3.244184e-02
-1.950000e-01 1.244413e+00 3.310941e-02
-1.800000e-01 1.244413e+00 3.395182e-02
-1.650000e-01 1.244413e+00 3.503639e-02
-1.500000e-01 1.244413e+00 3.647377e-02
-1.350000e-01 1.244413e+00 3.846290e-02
-1.200000e-01 1.244413e+00 4.139809e-02
-1.050000e-01 1.244413e+00 4.611706e-02
-9.000000e-02 1.244413e+00 5.430741e-02
-7.500000e-02 1.244413e+00 6.802106e-02
-6.000000e-02 1.244413e+00 8.592262e-02
-4.500000e-02 1.244413e+00 1.029325e-01
-3.000000e-02 1.244413e+00 1.161023e-01
-1.500000e-02 1.244413e+00 1.244362e-01
5.551115e-17 1.244413e+00 1.273032e-01
1.500000e-02 1.244413e+00 1.244362e-01
3.000000e-02 1.244413e+00 1.161023e-01
4.500000e-02 1.244413e+00 1.029325e-01
6.000000e-02 1.244413e+00 8.592262e-02
7.500000e-02 1.244413e+00 6.802106e-02
9.000000e-02 1.244413e+00 5.430741e-02
1.050000e-01 1.244413e+00 4.611706e-02
1.200000e-01 1.244413e+00 4.139809e-02
1.350000e-01 1.244413e+00 3.846290e-02
1.500000e-01 1.244413e+00 3.647377e-02
1.650000e-01 1.244413e+00 3.503639e-02
1.800000e-01 1.244413e+00 3.395182e-02
1.950000e-01 1.244413e+00 3.310941e-02
2.100000e-01 1.244413e+00 3.244184e-02
2.250000e-01 1.244413e+00 3.190515e-02
2.400000e-01 1.244413e+00 3.146919e-02
2.550000e-01 1.244413e+00 3.111262e-02
2.700000e-01 1.244413e+00 3.081987e-02
2.850000e-01 1.244413e+00 3.057931e-02
3.000000e-01 1.244413e+00 3.038206e-02
-3.000000e-01 1.258078e+00 2.984801e-02
-2.850000e-01 1.258078e+00 3.004078e-02
-2.700000e-01 1.258078e+00 3.027606e-02
-2.550000e-01 1.258078e+00 3.056265e-02
-2.400000e-01 1.258078e+00 3.091213e-02
-2.250000e-01 1.258078e+00 3.134002e-02
-2.100000e-01 1.258078e+00 3.186775e-02
-1.950000e-01 1.258078e+00 3.252579e-02
-1.800000e-01 1.258078e+00 3.335895e-02
-1.650000e-01 1.258078e+00 3.443662e-02
-1.500000e-01 1.258078e+00 3.587421e-02
-1.350000e-01 1.258078e+00 3.788185e-02
-1.200000e-01 1.258078e+00 4.088064e-02
-1.050000e-01 1.258078e+00 4.577317e-02
-9.000000e-02 1.258078e+00 5.438924e-02
-7.500000e-02 1.258078e+00 6.896240e-02
-6.000000e-02 1.258078e+00 8.804976e-02
-4.500000e-02 1.258078e+00 1.061649e-01
-3.000000e-02 1.258078e+00 1.201663e-01
-1.500000e-02 1.258078e+00 1.290207e-01
5.551115e-17 1.258078e+00 1.320666e-01
1.500000e-02 1.258078e+00 1.290207e-01
3.000000e-02 1.258078e+00 1.201663e-01
4.500000e-02 1.258078e+00 1.061649e-01
6.000000e-02 1.258078e+00 8.804976e-02
7.500000e-02 1.258078e+00 6.896240e-02
9.000000e-02 1.258078e+00 5.438924e-02
1.050000e-01 1.258078e+00 4.577317e-02
1.200000e-01 1.258078e+00 4.088064e-02
1.350000e-01 1.258078e+00 3.788185e-02
1.500000e-01 1.258078e+00 3.587421e-02
1.650000e-01 1.258078e+00 3.443662e-02
1.800000e-01 1.258078e+00 3.335895e-02
1.950000e-01 1.258078e+00 3.252579e-02
2.100000e-01 1.258078e+00 3.186775e-02
2.250000e-01 1.258078e+00 3.134002e-02
2.400000e-01 1.258078e+00 3.091213e-02
2.550000e-01 1.258078e+00 3.056265e-02
2.700000e-01 1.258078e+00 3.027606e-02
2.850000e-01 1.258078e+00 3.004078e-02
3.000000e-01 1.258078e+00 2.984801e-02
-3.000000e-01 1.271742e+00 2.932839e-02
-2.850000e-01 1.271742e+00 2.951689e-02
-2.700000e-01 1.271742e+00 2.974715e-02
-2.550000e-01 1.271742e+00 3.002793e-02
-2.400000e-01 1.271742e+00 3.037073e-02
-2.250000e-01 1.271742e+00 3.079109e-02
-2.100000e-01 1.271742e+00 3.131057e-02
-1.950000e-01 1.271742e+00 3.196000e-02
-1.800000e-01 1.271742e+00 3.278516e-02
-1.650000e-01 1.271742e+00 3.385764e-02
-1.500000e-01 1.271742e+00 3.529792e-02
-1.350000e-01 1.271742e+00 3.732787e-02
-1.200000e-01 1.271742e+00 4.039644e-02
-1.050000e-01 1.271742e+00 4.547350e-02
-9.000000e-02 1.271742e+00 5.453596e-02
-7.500000e-02 1.271742e+00 7.000574e-02
-6.000000e-02 1.271742e+00 9.033135e-02
-4.500000e-02 1.271742e+00 1.096074e-01
-3.000000e-02 1.271742e+00 1.244891e-01
-1.500000e-02 1.271742e+00 1.338977e-01
5.551115e-17 1.271742e+00 1.371346e-01
1.500000e-02 1.271742e+00 1.338977e-01
3.000000e-02 1.271742e+00 1.244891e-01
4.500000e-02 1.271742e+00 1.096074e-01
6.000000e-02 1.271742e+00 9.033135e-02
7.500000e-02 1.271742e+00 7.000574e-02
9.000000e-02 1.271742e+00 5.453596e-02
1.050000e-01 1.271742e+00 4.547350e-02
1.200000e-01 1.271742e+00 4.039644e-02
1.350000e-01 1.271742e+00 3.732787e-02
1.500000e-01 1.271742e+00 3.529792e-02
1.650000e-01 1.271742e+00 3.385764e-02
1.800000e-01 1.271742e+00 3.278516e-02
1.950000e-01 1.271742e+00 3.196000e-02
2.100000e-01 1.271742e+00 3.131057e-02
2.250000e-01 1.271742e+00 3.079109e-02
2.400000e-01 1.271742e+00 3.037073e-02
2.550000e-01 1.271742e+00 3.002793e-02
2.700000e-01 1.271742e+00 2.974715e-02
2.850000e-01 1.271742e+00 2.951689e-02
3.000000e-01 1.271742e+00 2.932839e-02
-3.000000e-01 1.285406e+00 2.882274e-02
-2.850000e-01 1.285406e+00 2.900717e-02
-2.700000e-01 1.285406e+00 2.923268e-02
-2.550000e-01 1.285406e+00 2.950796e-02
-2.400000e-01 1.285406e+00 2.984451e-02
-2.250000e-01 1.285406e+00 3.025789e-02
-2.100000e-01 1.285406e+00 3.076981e-02
-1.950000e-01 1.285406e+00 3.141156e-02
-1.800000e-01 1.285406e+00 3.222998e-02
-1.650000e-01 1.285406e+00 3.329904e-02
-1.500000e-01 1.285406e+00 3.474460e-02
-1.350000e-01 1.285406e+00 3.680080e-02
-1.200000e-01 1.285406e+00 3.994568e-02
-1.050000e-01 1.285406e+00 4.521901e-02
-9.000000e-02 1.285406e+00 5.475016e-02
-7.500000e-02 1.285406e+00 7.115687e-02
-6.000000e-02 1.285406e+00 9.277795e-02
-4.500000e-02 1.285406e+00 1.132758e-01
-3.000000e-02 1.285406e+00 1.290910e-01
-1.500000e-02 1.285406e+00 1.390908e-01
5.551115e-17 1.285406e+00 1.425322e-01
1.500000e-02 1.285406e+00 1.390908e-01
3.000000e-02 1.285406e+00 1.290910e-01
4.500000e-02 1.285406e+00 1.132758e-01
6.000000e-02 1.285406e+00 9.277795e-02
7.500000e-02 1.285406e+00 7.115687e-02
9.000000e-02 1.285406e+00 5.475016e-02
1.050000e-01 1.285406e+00 4.521901e-02
1.200000e-01 1.285406e+00 3.994568e-02
1.350000e-01 1.285406e+00 3.680080e-02
1.500000e-01 1.285406e+00 3.474460e-02
1.650000e-01 1.285406e+00 3.329904e-02
1.800000e-01 1.285406e+00 3.222998e-02
1.950000e-01 1.285406e+00 3.141156e-02
2.100000e-01 1.285406e+00 3.076981e-02
2.250000e-01 1.285406e+00 3.025789e-02
2.400000e-01 1.285406e+00 2.984451e-02
2.550000e-01 1.285406e+00 2.950796e-02
2.700000e-01 1.285406e+00 2.923268e-02
2.850000e-01 1.285406e+00 2.900717e-02
3.000000e-01 1.285406e+00 2.882274e-02
-3.000000e-01 1.299070e+00 2.833062e-02
-2.850000e-01 1.299070e+00 2.851117e-02
-2.700000e-01 1.299070e+00 2.873219e-02
-2.550000e-01 1.299070e+00 2.900232e-02
-2.400000e-01 1.299070e+00 2.933304e-02
-2.250000e-01 1.299070e+00 2.973997e-02
-2.100000e-01 1.299070e+00 3.024505e-02
-1.950000e-01 1.299070e+00 3.088006e-02
-1.800000e-01 1.299070e+00 3.169302e-02
-1.650000e-01 1.299070e+00 3.276048e-02
-1.500000e-01 1.299070e+00 3.421398e-02
-1.350000e-01 1.299070e+00 3.630059e-02
-1.200000e-01 1.299070e+00 3.952873e-02
-1.050000e-01 1.299070e+00 4.501084e-02
-9.000000e-02 1.299070e+00 5.503478e-02
-7.500000e-02 1.299070e+00 7.242225e-02
-6.000000e-02 1.299070e+00 9.540119e-02
-4.500000e-02 1.299070e+00 1.171875e-01
-3.000000e-02 1.299070e+00 1.339946e-01
-1.500000e-02 1.299070e+00 1.446265e-01
5.551115e-17 1.299070e+00 1.482871e-01
1.500000e-02 1.299070e+00 1.446265e-01
3.000000e-02 1.299070e+00 1.339946e-01
4.500000e-02 1.299070e+00 1.171875e-01
6.000000e-02 1.299070e+00 9.540119e-02
7.500000e-02 1.299070e+00 7.242225e-02
9.000000e-02 1.299070e+00 5.503478e-02
1.050000e-01 1.299070e+00 4.501084e-02
1.200000e-01 1.299070e+00 3.952873e-02
1.350000e-01 1.299070e+00 3.630059e-02
1.500000e-01 1.299070e+00 3.421398e-02
1.650000e-01 1.299070e+00 3.276048e-02
1.800000e-01 1.299070e+00 3.169302e-02
1.950000e-01 1.299070e+00 3.088006e-02
2.100000e-01 1.299070e+00 3.024505e-02
2.250000e-01 1.299070e+00 2.973997e-02
2.400000e-01 1.299070e+00 2.933304e-02
2.550000e-01 1.299070e+00 2.900232e-02
2.700000e-01 1.299070e+00 2.873219e-02
2.850000e-01 1.299070e+00 2.851117e-02
3.000000e-01 1.299070e+00 2.833062e-02
-3.000000e-01 1.312735e+00 2.785160e-02
-2.850000e-01 1.312735e+00 2.802850e-02
-2.700000e-01 1.312735e+00 2.824527e-02
-2.550000e-01 1.312735e+00 2.851057e-02
-2.400000e-01 1.312735e+00 2.883588e-02
-2.250000e-01 1.312735e+00 2.923692e-02
-2.100000e-01 1.312735e+00 2.973587e-02
-1.950000e-01 1.312735e+00 3.036512e-02
-1.800000e-01 1.312735e+00 3.117395e-02
-1.650000e-01 1.312735e+00 3.224169e-02
-1.500000e-01 1.312735e+00 3.370592e-02
-1.350000e-01 1.312735e+00 3.582731e-02
-1.200000e-01 1.312735e+00 3.914606e-02
-1.050000e-01 1.312735e+00 4.485043e-02
-9.000000e-02 1.312735e+00 5.539321e-02
-7.500000e-02 1.312735e+00 7.380905e-02
-6.000000e-02 1.312735e+00 9.821395e-02
-4.500000e-02 1.312735e+00 1.213616e-01
-3.000000e-02 1.312735e+00 1.392249e-01
-1.500000e-02 1.312735e+00 1.505338e-01
5.551115e-17 1.312735e+00 1.544299e-01
1.500000e-02 1.312735e+00 1.505338e-01
3.000000e-02 1.312735e+00 1.392249e-01
4.500000e-02 1.312735e+00 1.213616e-01
6.000000e-02 1.312735e+00 9.821395e-02
7.500000e-02 1.312735e+00 7.380905e-02
9.000000e-02 1.312735e+00 5.539321e-02
1.050000e-01 1.312735e+00 4.485043e-02
1.200000e-01 1.312735e+00 3.914606e-02
1.350000e-01 1.312735e+00 3.582731e-02
1.500000e-01 1.312735e+00 3.370592e-02
1.650000e-01 1.312735e+00 3.224169e-02
1.800000e-01 1.312735e+00 3.117395e-02
1.950000e-01 1.312735e+00 3.036512e-02
2.100000e-01 1.312735e+00 2.973587e-02
2.250000e-01 1.312735e+00 2.923692e-02
2.400000e-01 1.312735e+00 2.883588e-02
2.550000e-01 1.312735e+00 2.851057e-02
2.700000e-01 1.312735e+00 2.824527e-02
2.850000e-01 1.312735e+00 2.802850e-02
3.000000e-01 1.312735e+00 2.785160e-02
-3.000000e-01 1.326399e+00 2.738532e-02
-2.850000e-01 1.326399e+00 2.755874e-02
-2.700000e-01 1.326399e+00 2.777154e-02
-2.550000e-01 1.326399e+00 2.803233e-02
-2.400000e-01 1.326399e+00 2.835266e-02
-2.250000e-01 1.326399e+00 2.874836e-02
-2.100000e-01 1.326399e+00 2.924193e-02
-1.950000e-01 1.326399e+00 2.986640e-02
-1.800000e-01 1.326399e+00 3.067247e-02
-1.650000e-01 1.326399e+00 3.174246e-02
-1.500000e-01 1.326399e+00 3.322035e-02
-1.350000e-01 1.326399e+00 3.538114e-02
-1.200000e-01 1.326399e+00 3.879836e-02
-1.050000e-01 1.326399e+00 4.473944e-02
-9.000000e-02 1.326399e+00 5.582926e-02
-7.500000e-02 1.326399e+00 7.532529e-02
-6.000000e-02 1.326399e+00 1.012305e-01
-4.500000e-02 1.326399e+00 1.258193e-01
-3.000000e-02 1.326399e+00 1.448095e-01
-1.500000e-02 1.326399e+00 1.568451e-01
5.551115e-17 1.326399e+00 1.609948e-01
1.500000e-02 1.326399e+00 1.568451e-01
3.000000e-02 1.326399e+00 1.448095e-01
4.500000e-02 1.326399e+00 1.258193e-01
6.000000e-02 1.326399e+00 1.012305e-01
7.500000e-02 1.326399e+00 7.532529e-02
9.000000e-02 1.326399e+00 5.582926e-02
1.050000e-01 1.326399e+00 4.473944e-02
1.200000e-01 1.326399e+00 3.879836e-02
1.350000e-01 1.326399e+00 3.538114e-02
1.500000e-01 1.326399e+00 3.322035e-02
1.650000e-01 1.326399e+00 3.174246e-02
1.800000e-01 1.326399e+00 3.067247e-02
1.950000e-01 1.326399e+00 2.986640e-02
2.100000e-01 1.326399e+00 2.924193e-02
2.250000e-01 1.326399e+00 2.874836e-02
2.400000e-01 1.326399e+00 2.835266e-02
2.550000e-01 1.326399e+00 2.803233e-02
2.700000e-01 1.326399e+00 2.777154e-02
2.850000e-01 1.326399e+00 2.755874e-02
3.000000e-01 1.326399e+00 2.738532e-02
-3.000000e-01 1.340063e+00 2.693139e-02
-2.850000e-01 1.340063e+00 2.710155e-02
-2.700000e-01 1.340063e+00 2.731062e-02
-2.550000e-01 1.340063e+00 2.756725e-02
-2.400000e-01 1.340063e+00 2.788302e-02
-2.250000e-01 1.340063e+00 2.827396e-02
-2.100000e-01 1.340063e+00 2.876289e-02
-1.950000e-01 1.340063e+00 2.938362e-02
-1.800000e-01 1.340063e+00 3.018836e-02
-1.650000e-01 1.340063e+00 3.126263e-02
-1.500000e-01 1.340063e+00 3.275727e-02
-1.350000e-01 1.340063e+00 3.496238e-02
-1.200000e-01 1.340063e+00 3.848647e-02
-1.050000e-01 1.340063e+00 4.467986e-02
-9.000000e-02 1.340063e+00 5.634726e-02
-7.500000e-02 1.340063e+00 7.697989e-02
-6.000000e-02 1.340063e+00 1.044666e-01
-4.500000e-02 1.340063e+00 1.305842e-01
-3.000000e-02 1.340063e+00 1.507793e-01
-1.500000e-02 1.340063e+00 1.635964e-01
5.551115e-17 1.340063e+00 1.680197e-01
1.500000e-02 1.340063e+00 1.635964e-01
3.000000e-02 1.340063e+00 1.507793e-01
4.500000e-02 1.340063e+00 1.305842e-01
6.000000e-02 1.340063e+00 1.044666e-01
7.500000e-02 1.340063e+00 7.697989e-02
9.000000e-02 1.340063e+00 5.634726e-02
1.050000e-01 1.340063e+00 4.467986e-02
1.200000e-01 1.340063e+00 3.848647e-02
1.350000e-01 1.340063e+00 3.496238e-02
1.500000e-01 1.340063e+00 3.275727e-02
1.650000e-01 1.340063e+00 3.126263e-02
1.800000e-01 1.340063e+00 3.018836e-02
1.950000e-01 1.340063e+00 2.938362e-02
2.100000e-01 1.340063e+00 2.876289e-02
2.250000e-01 1.340063e+00 2.827396e-02
2.400000e-01 1.340063e+00 2.788302e-02
2.550000e-01 1.340063e+00 2.756725e-02
2.700000e-01 1.340063e+00 2.731062e-02
2.850000e-01 1.340063e+00 2.710155e-02
3.000000e-01 1.340063e+00 2.693139e-02
-3.000000e-01 1.353728e+00 2.648948e-02
-2.850000e-01 1.353728e+00 2.665657e-02
-2.700000e-01 1.353728e+00 2.686218e-02
-2.550000e-01 1.353728e+00 2.711498e-02
-2.400000e-01 1.353728e+00 2.742665e-02
-2.250000e-01 1.353728e+00 2.781341e-02
-2.100000e-01 1.353728e+00 2.829849e-02
-1.950000e-01 1.353728e+00 2.891653e-02
-1.800000e-01 1.353728e+00 2.972144e-02
-1.650000e-01 1.353728e+00 3.080217e-02
-1.500000e-01 1.353728e+00 3.231682e-02
-1.350000e-01 1.353728e+00 3.457148e-02
-1.200000e-01 1.353728e+00 3.821146e-02
-1.050000e-01 1.353728e+00 4.467398e-02
-9.000000e-02 1.353728e+00 5.695213e-02
-7.500000e-02 1.353728e+00 7.878279e-02
-6.000000e-02 1.353728e+00 1.079398e-01
-4.500000e-02 1.353728e+00 1.356825e-01
-3.000000e-02 1.353728e+00 1.571684e-01
-1.500000e-02 1.353728e+00 1.708280e-01
5.551115e-17 1.353728e+00 1.755470e-01
1.500000e-02 1.353728e+00 1.708280e-01
3.000000e-02 1.353728e+00 1.571684e-01
4.500000e-02 1.353728e+00 1.356825e-01
6.000000e-02 1.353728e+00 1.079398e-01
7.500000e-02 1.353728e+00 7.878279e-02
9.000000e-02 1.353728e+00 5.695213e-02
1.050000e-01 1.353728e+00 4.467398e-02
1.200000e-01 1.353728e+00 3.821146e-02
1.350000e-01 1.353728e+00 3.457148e-02
1.500000e-01 1.353728e+00 3.231682e-02
1.650000e-01 1.353728e+00 3.080217e-02
1.800000e-01 1.353728e+00 2.972144e-02
1.950000e-01 1.353728e+00 2.891653e-02
2.100000e-01 1.353728e+00 2.829849e-02
2.250000e-01 1.353728e+00 2.781341e-02
2.400000e-01 1.353728e+00 2.742665e-02
2.550000e-01 1.353728e+00 2.711498e-02
2.700000e-01 1.353728e+00 2.686218e-02
2.850000e-01 1.353728e+00 2.665657e-02
3.000000e-01 1.353728e+00 2.648948e-02
-3.000000e-01 1.367392e+00 2.605928e-02
-2.850000e-01 1.367392e+00 2.622351e-02
-2.700000e-01 1.367392e+00 2.642592e-02
-2.550000e-01 1.367392e+00 2.667524e-02
-2.400000e-01 1.367392e+00 2.698326e-02
-2.250000e-01 1.367392e+00 2.736644e-02
-2.100000e-01 1.367392e+00 2.784849e-02
-1.950000e-01 1.367392e+00 2.846497e-02
-1.800000e-01 1.367392e+00 2.927161e-02
-1.650000e-01 1.367392e+00 3.036107e-02
-1.500000e-01 1.367392e+00 3.189922e-02
-1.350000e-01 1.367392e+00 3.420904e-02
-1.200000e-01 1.367392e+00 3.797461e-02
-1.050000e-01 1.367392e+00 4.472447e-02
-9.000000e-02 1.367392e+00 5.764940e-02
-7.500000e-02 1.367392e+00 8.074509e-02
-6.000000e-02 1.367392e+00 1.116695e-01
-4.500000e-02 1.367392e+00 1.411432e-01
-3.000000e-02 1.367392e+00 1.640151e-01
-1.500000e-02 1.367392e+00 1.785847e-01
5.551115e-17 1.367392e+00 1.836242e-01
1.500000e-02 1.367392e+00 1.785847e-01
3.000000e-02 1.367392e+00 1.640151e-01
4.500000e-02 1.367392e+00 1.411432e-01
6.000000e-02 1.367392e+00 1.116695e-01
7.500000e-02 1.367392e+00 8.074509e-02
9.000000e-02 1.367392e+00 5.764940e-02
1.050000e-01 1.367392e+00 4.472447e-02
1.200000e-01 1.367392e+00 3.797461e-02
1.350000e-01 1.367392e+00 3.420904e-02
1.500000e-01 1.367392e+00 3.189922e-02
1.650000e-01 1.367392e+00 3.036107e-02
1.800000e-01 1.367392e+00 2.927161e-02
1.950000e-01 1.367392e+00 2.846497e-02
2.100000e-01 1.367392e+00 2.784849e-02
2.250000e-01 1.367392e+00 2.736644e-02
2.400000e-01 1.367392e+00 2.698326e-02
2.550000e-01 1.367392e+00 2.667524e-02
2.700000e-01 1.367392e+00 2.642592e-02
2.850000e-01 1.367392e+00 2.622351e-02
3.000000e-01 1.367392e+00 2.605928e-02
-3.000000e-01 1.381056e+00 2.564050e-02
-2.850000e-01 1.381056e+00 2.580206e-02
-2.700000e-01 1.381056e+00 2.600155e-02
-2.550000e-01 1.381056e+00 2.624775e-02
-2.400000e-01 1.381056e+00 2.655260e-02
-2.250000e-01 1.381056e+00 2.693283e-02
-2.100000e-01 1.381056e+00 2.741270e-02
-1.950000e-01 1.381056e+00 2.802879e-02
-1.800000e-01 1.381056e+00 2.883883e-02
-1.650000e-01 1.381056e+00 2.993947e-02
-1.500000e-01 1.381056e+00 3.150482e-02
-1.350000e-01 1.381056e+00 3.387582e-02
-1.200000e-01 1.381056e+00 3.777748e-02
-1.050000e-01 1.381056e+00 4.483440e-02
-9.000000e-02 1.381056e+00 5.844531e-02
-7.500000e-02 1.381056e+00 8.287915e-02
-6.000000e-02 1.381056e+00 1.156774e-01
-4.500000e-02 1.381056e+00 1.469988e-01
-3.000000e-02 1.381056e+00 1.713619e-01
-1.500000e-02 1.381056e+00 1.869169e-01
5.551115e-17 1.381056e+00 1.923045e-01
1.500000e-02 1.381056e+00 1.869169e-01
3.000000e-02 1.381056e+00 1.713619e-01
4.500000e-02 1.381056e+00 1.469988e-01
6.000000e-02 1.381056e+00 1.156774e-01
7.500000e-02 1.381056e+00 8.287915e-02
9.000000e-02 1.381056e+00 5.844531e-02
1.050000e-01 1.381056e+00 4.483440e-02
1.200000e-01 1.381056e+00 3.777748e-02
1.350000e-01 1.381056e+00 3.387582e-02
1.500000e-01 1.381056e+00 3.150482e-02
1.650000e-01 1.381056e+00 2.993947e-02
1.800000e-01 1.381056e+00 2.883883e-02
1.950000e-01 1.381056e+00 2.802879e-02
2.100000e-01 1.381056e+00 2.741270e-02
2.250000e-01 1.381056e+00 2.693283e-02
2.400000e-01 1.381056e+00 2.655260e-02
2.550000e-01 1.381056e+00 2.624775e-02
2.700000e-01 1.381056e+00 2.600155e-02
2.850000e-01 1.381056e+00 2.580206e-02
3.000000e-01 1.381056e+00 2.564050e-02
-3.000000e-01 1.394720e+00 2.523288e-02
-2.850000e-01 1.394720e+00 2.539199e-02
-2.700000e-01 1.394720e+00 2.558883e-02
-2.550000e-01 1.394720e+00 2.583228e-02
-2.400000e-01 1.394720e+00 2.613445e-02
-2.250000e-01 1.394720e+00 2.651240e-02
-2.100000e-01 1.394720e+00 2.699100e-02
-1.950000e-01 1.394720e+00 2.760795e-02
-1.800000e-01 1.394720e+00 2.842315e-02
-1.650000e-01 1.394720e+00 2.953757e-02
-1.500000e-01 1.394720e+00 3.113413e-02
-1.350000e-01 1.394720e+00 3.357281e-02
-1.200000e-01 1.394720e+00 3.762188e-02
-1.050000e-01 1.394720e+00 4.500732e-02
-9.000000e-02 1.394720e+00 5.934693e-02
-7.500000e-02 1.394720e+00 8.519884e-02
-6.000000e-02 1.394720e+00 1.199878e-01
-4.500000e-02 1.394720e+00 1.532854e-01
-3.000000e-02 1.394720e+00 1.792569e-01
-1.500000e-02 1.394720e+00 1.958811e-01
5.551115e-17 1.394720e+00 2.016477e-01
1.500000e-02 1.394720e+00 1.958811e-01
3.000000e-02 1.394720e+00 1.792569e-01
4.500000e-02 1.394720e+00 1.532854e-01
6.000000e-02 1.394720e+00 1.199878e-01
7.500000e-02 1.394720e+00 8.519884e-02
9.000000e-02 1.394720e+00 5.934693e-02
1.050000e-01 1.394720e+00 4.500732e-02
1.200000e-01 1.394720e+00 3.762188e-02
1.350000e-01 1.394720e+00 3.357281e-02
1.500000e-01 1.394720e+00 3.113413e-02
1.650000e-01 1.394720e+00 2.953757e-02
1.800000e-01 1.394720e+00 2.842315e-02
1.950000e-01 1.394720e+00 2.760795e-02
2.100000e-01 1.394720e+00 2.699100e-02
2.250000e-01 1.394720e+00 2.651240e-02
2.400000e-01 1.394720e+00 2.613445e-02
2.550000e-01 1.394720e+00 2.583228e-02
2.700000e-01 1.394720e+00 2.558883e-02
2.850000e-01 1.394720e+00 2.539199e-02
3.000000e-01 1.394720e+00 2.523288e-02
-3.000000e-01 1.408385e+00 2.483619e-02
-2.850000e-01 1.408385e+00 2.499306e-02
-2.700000e-01 1.408385e+00 2.518755e-02
-2.550000e-01 1.408385e+00 2.542864e-02
-2.400000e-01 1.408385e+00 2.572865e-02
-2.250000e-01 1.408385e+00 2.610503e-02
-2.100000e-01 1.408385e+00 2.658331e-02
-1.950000e-01 1.408385e+00 2.720245e-02
-1.800000e-01 1.408385e+00 2.802472e-02
-1.650000e-01 1.408385e+00 2.915571e-02
-1.500000e-01 1.408385e+00 3.078778e-02
-1.350000e-01 1.408385e+00 3.330117e-02
-1.200000e-01 1.408385e+00 3.750998e-02
-1.050000e-01 1.408385e+00 4.524728e-02
-9.000000e-02 1.408385e+00 6.036221e-02
-7.500000e-02 1.408385e+00 8.771966e-02
-6.000000e-02 1.408385e+00 1.246276e-01
-4.500000e-02 1.408385e+00 1.600436e-01
-3.000000e-02 1.408385e+00 1.877536e-01
-1.500000e-02 1.408385e+00 2.055410e-01
5.551115e-17 1.408385e+00 2.117212e-01
1.500000e-02 1.408385e+00 2.055410e-01
3.000000e-02 1.408385e+00 1.877536e-01
4.500000e-02 1.408385e+00 1.600436e-01
6.000000e-02 1.408385e+00 1.246276e-01
7.500000e-02 1.408385e+00 8.771966e-02
9.000000e-02 1.408385e+00 6.036221e-02
1.050000e-01 1.408385e+00 4.524728e-02
1.200000e-01 1.408385e+00 3.750998e-02
1.350000e-01 1.408385e+00 3.330117e-02
1.500000e-01 1.408385e+00 3.078778e-02
1.650000e-01 1.408385e+00 2.915571e-02
1.800000e-01 1.408385e+00 2.802472e-02
1.950000e-01 1.408385e+00 2.720245e-02
2.100000e-01 1.408385e+00 2.658331e-02
2.250000e-01 1.408385e+00 2.610503e-02
2.400000e-01 1.408385e+00 2.572865e-02
2.550000e-01 1.408385e+00 2.542864e-02
2.700000e-01 1.408385e+00 2.518755e-02
2.850000e-01 1.408385e+00 2.499306e-02
3.000000e-01 1.408385e+00 2.483619e-02
-3.000000e-01 1.422049e+00 2.445023e-02
-2.850000e-01 1.422049e+00 2.460509e-02
-2.700000e-01 1.422049e+00 2.479753e-02
-2.550000e-01 1.422049e+00 2.503668e-02
-2.400000e-01 1.422049e+00 2.533509e-02
-2.250000e-01 1.422049e+00 2.571063e-02
-2.100000e-01 1.422049e+00 2.618962e-02
-1.950000e-01 1.422049e+00 2.681239e-02
-1.800000e-01 1.422049e+00 2.764378e-02
-1.650000e-01 1.422049e+00 2.879436e-02
-1.500000e-01 1.422049e+00 3.046661e-02
-1.350000e-01 1.422049e+00 3.306233e-02
-1.200000e-01 1.422049e+00 3.744429e-02
-1.050000e-01 1.422049e+00 4.555892e-02
-9.000000e-02 1.422049e+00 6.150015e-02
-7.500000e-02 1.422049e+00 9.045900e-02
-6.000000e-02 1.422049e+00 1.296272e-01
-4.500000e-02 1.422049e+00 1.673191e-01
-3.000000e-02 1.422049e+00 1.969128e-01
-1.500000e-02 1.422049e+00 2.159686e-01
5.551115e-17 1.422049e+00 2.226013e-01
1.500000e-02 1.422049e+00 2.159686e-01
3.000000e-02 1.422049e+00 1.969128e-01
4.500000e-02 1.422049e+00 1.673191e-01
6.000000e-02 1.422049e+00 1.296272e-01
7.500000e-02 1.422049e+00 9.045900e-02
9.000000e-02 1.422049e+00 6.150015e-02
1.050000e-01 1.422049e+00 4.555892e-02
1.200000e-01 1.422049e+00 3.744429e-02
1.350000e-01 1.422049e+00 3.306233e-02
1.500000e-01 1.422049e+00 3.046661e-02
1.650000e-01 1.422049e+00 2.879436e-02
1.800000e-01 1.422049e+00 2.764378e-02
1.950000e-01 1.422049e+00 2.681239e-02
2.100000e-01 1.422049e+00 2.618962e-02
2.250000e-01 1.422049e+00 2.571063e-02
2.400000e-01 1.422049e+00 2.533509e-02
2.550000e-01 1.422049e+00 2.503668e-02
2.700000e-01 1.422049e+00 2.479753e-02
2.850000e-01 1.422049e+00 2.460509e-02
3.000000e-01 1.422049e+00 2.445023e-02
-3.000000e-01 1.435713e+00 2.407484e-02
-2.850000e-01 1.435713e+00 2.422793e-02
-2.700000e-01 1.435713e+00 2.441865e-02
-2.550000e-01 1.435713e+00 2.465628e-02
-2.400000e-01 1.435713e+00 2.495368e-02
-2.250000e-01 1.435713e+00 2.532921e-02
-2.100000e-01 1.435713e+00 2.581002e-02
-1.950000e-01 1.435713e+00 2.643795e-02
-1.800000e-01 1.435713e+00 2.728067e-02
-1.650000e-01 1.435713e+00 2.845412e-02
-1.500000e-01 1.435713e+00 3.017164e-02
-1.350000e-01 1.435713e+00 3.285802e-02
-1.200000e-01 1.435713e+00 3.742776e-02
-1.050000e-01 1.435713e+00 4.594758e-02
-9.000000e-02 1.435713e+00 6.277094e-02
-7.500000e-02 1.435713e+00 9.343640e-02
-6.000000e-02 1.435713e+00 1.350205e-01
-4.500000e-02 1.435713e+00 1.751631e-01
-3.000000e-02 1.435713e+00 2.068027e-01
-1.500000e-02 1.435713e+00 2.272454e-01
5.551115e-17 1.435713e+00 2.343744e-01
1.500000e-02 1.435713e+00 2.272454e-01
3.000000e-02 1.435713e+00 2.068027e-01
4.500000e-02 1.435713e+00 1.751631e-01
6.000000e-02 1.435713e+00 1.350205e-01
7.500000e-02 1.435713e+00 9.343640e-02
9.000000e-02 1.435713e+00 6.277094e-02
1.050000e-01 1.435713e+00 4.594758e-02
1.200000e-01 1.435713e+00 3.742776e-02
1.350000e-01 1.435713e+00 3.285802e-02
1.500000e-01 1.435713e+00 3.017164e-02
1.650000e-01 1.435713e+00 2.845412e-02
1.800000e-01 1.435713e+00 2.728067e-02
1.950000e-01 1.435713e+00 2.643795e-02
2.100000e-01 1.435713e+00 2.581002e-02
2.250000e-01 1.435713e+00 2.532921e-02
2.400000e-01 1.435713e+00 2.495368e-02
2.550000e-01 1.435713e+00 2.465628e-02
2.700000e-01 1.435713e+00 2.441865e-02
2.850000e-01 1.435713e+00 2.422793e-02
3.000000e-01 1.435713e+00 2.407484e-02
-3.000000e-01 1.449378e+00 2.370989e-02
-2.850000e-01 1.449378e+00 2.386146e-02
-2.700000e-01 1.449378e+00 2.405080e-02
-2.550000e-01 1.449378e+00 2.428740e-02
-2.400000e-01 1.449378e+00 2.458443e-02
-2.250000e-01 1.449378e+00 2.496081e-02
-2.100000e-01 1.449378e+00 2.544464e-02
-1.950000e-01 1.449378e+00 2.607943e-02
-1.800000e-01 1.449378e+00 2.693590e-02
-1.650000e-01 1.449378e+00 2.813581e-02
-1.500000e-01 1.449378e+00 2.990413e-02
-1.350000e-01 1.449378e+00 3.269027e-02
-1.200000e-01 1.449378e+00 3.746383e-02
-1.050000e-01 1.449378e+00 4.641936e-02
-9.000000e-02 1.449378e+00 6.418609e-02
-7.500000e-02 1.449378e+00 9.667385e-02
-6.000000e-02 1.449378e+00 1.408457e-01
-4.500000e-02 1.449378e+00 1.836333e-01
-3.000000e-02 1.449378e+00 2.175008e-01
-1.500000e-02 1.449378e+00 2.394638e-01
5.551115e-17 1.449378e+00 2.471389e-01
1.500000e-02 1.449378e+00 2.394638e-01
3.000000e-02 1.449378e+00 2.175008e-01
4.500000e-02 1.449378e+00 1.836333e-01
6.000000e-02 1.449378e+00 1.408457e-01
7.500000e-02 1.449378e+00 9.667385e-02
9.000000e-02 1.449378e+00 6.418609e-02
1.050000e-01 1.449378e+00 4.641936e-02
1.200000e-01 1.449378e+00 3.746383e-02
1.350000e-01 1.449378e+00 3.269027e-02
1.500000e-01 1.449378e+00 2.990413e-02
1.650000e-01 1.449378e+00 2.813581e-02
1.800000e-01 1.449378e+00 2.693590e-02
1.950000e-01 1.449378e+00 2.607943e-02
2.100000e-01 1.449378e+00 2.544464e-02
2.250000e-01 1.449378e+00 2.496081e-02
2.400000e-01 1.449378e+00 2.458443e-02
2.550000e-01 1.449378e+00 2.428740e-02
2.700000e-01 1.449378e+00 2.405080e-02
2.850000e-01 1.449378e+00 2.386146e-02
3.000000e-01 1.449378e+00 2.370989e-02
-3.000000e-01 1.463042e+00 2.335532e-02
-2.850000e-01 1.463042e+00 2.350564e-02
-2.700000e-01 1.463042e+00 2.369397e-02
-2.550000e-01 1.463042e+00 2.393004e-02
-2.400000e-01 1.463042e+00 2.422740e-02
-2.250000e-01 1.463042e+00 2.460559e-02
-2.100000e-01 1.463042e+00 2.509375e-02
-1.950000e-01 1.463042e+00 2.573725e-02
-1.800000e-01 1.463042e+00 2.661011e-02
-1.650000e-01 1.463042e+00 2.784040e-02
-1.500000e-01 1.463042e+00 2.966562e-02
-1.350000e-01 1.463042e+00 3.256152e-02
-1.200000e-01 1.463042e+00 3.755648e-02
-1.050000e-01 1.463042e+00 4.698125e-02
-9.000000e-02 1.463042e+00 6.575871e-02
-7.500000e-02 1.463042e+00 1.001962e-01
-6.000000e-02 1.463042e+00 1.471460e-01
-4.500000e-02 1.463042e+00 1.927954e-01
-3.000000e-02 1.463042e+00 2.290952e-01
-1.500000e-02 1.463042e+00 2.527295e-01
5.551115e-17 1.463042e+00 2.610070e-01
1.500000e-02 1.463042e+00 2.527295e-01
3.000000e-02 1.463042e+00 2.290952e-01
4.500000e-02 1.463042e+00 1.927954e-01
6.000000e-02 1.463042e+00 1.471460e-01
7.500000e-02 1.463042e+00 1.001962e-01
9.000000e-02 1.463042e+00 6.575871e-02
1.050000e-01 1.463042e+00 4.698125e-02
1.200000e-01 1.463042e+00 3.755648e-02
1.350000e-01 1.463042e+00 3.256152e-02
1.500000e-01 1.463042e+00 2.966562e-02
1.650000e-01 1.463042e+00 2.784040e-02
1.800000e-01 1.463042e+00 2.661011e-02
1.950000e-01 1.463042e+00 2.573725e-02
2.100000e-01 1.463042e+00 2.509375e-02
2.250000e-01 1.463042e+00 2.460559e-02
2.400000e-01 1.463042e+00 2.422740e-02
2.550000e-01 1.463042e+00 2.393004e-02
2.700000e-01 1.463042e+00 2.369397e-02
2.850000e-01 1.463042e+00 2.350564e-02
3.000000e-01 1.463042e+00 2.335532e-02
-3.000000e-01 1.476706e+00 2.301110e-02
-2.850000e-01 1.476706e+00 2.316045e-02
-2.700000e-01 1.476706e+00 2.334818e-02
-2.550000e-01 1.476706e+00 2.358428e-02
-2.400000e-01 1.476706e+00 2.388274e-02
-2.250000e-01 1.476706e+00 2.426378e-02
-2.100000e-01 1.476706e+00 2.475774e-02
-1.950000e-01 1.476706e+00 2.541197e-02
-1.800000e-01 1.476706e+00 2.630414e-02
-1.650000e-01 1.476706e+00 2.756915e-02
-1.500000e-01 1.476706e+00 2.945797e-02
-1.350000e-01 1.476706e+00 3.247461e-02
-1.200000e-01 1.476706e+00 3.771036e-02
-1.050000e-01 1.476706e+00 4.764128e-02
-9.000000e-02 1.476706e+00 6.750365e-02
-7.500000e-02 1.476706e+00 1.040315e-01
-6.000000e-02 1.476706e+00 1.539702e-01
-4.500000e-02 1.476706e+00 2.027236e-01
-3.000000e-02 1.476706e+00 2.416862e-01
-1.500000e-02 1.476706e+00 2.671631e-01
5.551115e-17 1.476706e+00 2.761071e-01
1.500000e-02 1.476706e+00 2.671631e-01
3.000000e-02 1.476706e+00 2.416862e-01
4.500000e-02 1.476706e+00 2.027236e-01
6.000000e-02 1.476706e+00 1.539702e-01
7.500000e-02 1.476706e+00 1.040315e-01
9.000000e-02 1.476706e+00 6.750365e-02
1.050000e-01 1.476706e+00 4.764128e-02
1.200000e-01 1.476706e+00 3.771036e-02
1.350000e-01 1.476706e+00 3.247461e-02
1.500000e-01 1.476706e+00 2.945797e-02
1.650000e-01 1.476706e+00 2.756915e-02
1.800000e-01 1.476706e+00 2.630414e-02
1.950000e-01 1.476706e+00 2.541197e-02
2.100000e-01 1.476706e+00 2.475774e-02
2.250000e-01 1.476706e+00 2.426378e-02
2.400000e-01 1.476706e+00 2.388274e-02
2.550000e-01 1.476706e+00 2.358428e-02
2.700000e-01 1.476706e+00 2.334818e-02
2.850000e-01 1.476706e+00 2.316045e-02
3.000000e-01 1.476706e+00 2.301110e-02
-3.000000e-01 1.490370e+00 2.267727e-02
-2.850000e-01 1.490370e+00 2.282597e-02
-2.700000e-01 1.490370e+00 2.301355e-02
-2.550000e-01 1.490370e+00 2.325030e-02
-2.400000e-01 1.490370e+00 2.355070e-02
-2.250000e-01 1.490370e+00 2.393576e-02
-2.100000e-01 1.490370e+00 2.443710e-02
-1.950000e-01 1.490370e+00 2.510432e-02
-1.800000e-01 1.490370e+00 2.601904e-02
-1.650000e-01 1.490370e+00 2.732357e-02
-1.500000e-01 1.490370e+00 2.928341e-02
-1.350000e-01 1.490370e+00 3.243295e-02
-1.200000e-01 1.490370e+00 3.793088e-02
-1.050000e-01 1.490370e+00 4.840870e-02
-9.000000e-02 1.490370e+00 6.943785e-02
-7.500000e-02 1.490370e+00 1.082116e-01
-6.000000e-02 1.490370e+00 1.613736e-01
-4.500000e-02 1.490370e+00 2.135026e-01
-3.000000e-02 1.490370e+00 2.553886e-01
-1.500000e-02 1.490370e+00 2.829030e-01
5.551115e-17 1.490370e+00 2.925868e-01
1.500000e-02 1.490370e+00 2.829030e-01
3.000000e-02 1.490370e+00 2.553886e-01
4.500000e-02 1.490370e+00 2.135026e-01
6.000000e-02 1.490370e+00 1.613736e-01
7.500000e-02 1.490370e+00 1.082116e-01
9.000000e-02 1.490370e+00 6.943785e-02
1.050000e-01 1.490370e+00 4.840870e-02
1.200000e-01 1.490370e+00 3.793088e-02
1.350000e-01 1.490370e+00 3.243295e-02
1.500000e-01 1.490370e+00 2.928341e-02
1.650000e-01 1.490370e+00 2.732357e-02
1.800000e-01 1.490370e+00 2.601904e-02
1.950000e-01 1.490370e+00 2.510432e-02
2.100000e-01 1.490370e+00 2.443710e-02
2.250000e-01 1.490370e+00 2.393576e-02
2.400000e-01 1.490370e+00 2.355070e-02
2.550000e-01 1.490370e+00 2.325030e-02
2.700000e-01 1.490370e+00 2.301355e-02
2.850000e-01 1.490370e+00 2.282597e-02
3.000000e-01 1.490370e+00 2.267727e-02
-3.000000e-01 1.504035e+00 2.235396e-02
-2.850000e-01 1.504035e+00 2.250236e-02
-2.700000e-01 1.504035e+00 2.269027e-02
-2.550000e-01 1.504035e+00 2.292836e-02
-2.400000e-01 1.504035e+00 2.323164e-02
-2.250000e-01 1.504035e+00 2.362202e-02
-2.100000e-01 1.504035e+00 2.413256e-02
-1.950000e-01 1.504035e+00 2.481528e-02
-1.800000e-01 1.504035e+00 2.575615e-02
-1.650000e-01 1.504035e+00 2.710551e-02
-1.500000e-01 1.504035e+00 2.914461e-02
-1.350000e-01 1.504035e+00 3.244054e-02
-1.200000e-01 1.504035e+00 3.822433e-02
-1.050000e-01 1.504035e+00 4.929413e-02
-9.000000e-02 1.504035e+00 7.158069e-02
-7.500000e-02 1.504035e+00 1.127728e-01
-6.000000e-02 1.504035e+00 1.694192e-01
-4.500000e-02 1.504035e+00 2.252288e-01
-3.000000e-02 1.504035e+00 2.703340e-01
-1.500000e-02 1.504035e+00 3.001087e-01
5.551115e-17 1.504035e+00 3.106163e-01
1.500000e-02 1.504035e+00 3.001087e-01
3.000000e-02 1.504035e+00 2.703340e-01
4.500000e-02 1.504035e+00 2.252288e-01
6.000000e-02 1.504035e+00 1.694192e-01
7.500000e-02 1.504035e+00 1.127728e-01
9.000000e-02 1.504035e+00 7.158069e-02
1.050000e-01 1.504035e+00 4.929413e-02
1.200000e-01 1.504035e+00 3.822433e-02
1.350000e-01 1.504035e+00 3.244054e-02
1.500000e-01 1.504035e+00 2.914461e-02
1.650000e-01 1.504035e+00 2.710551e-02
1.800000e-01 1.504035e+00 2.575615e-02
1.950000e-01 1.504035e+00 2.481528e-02
2.100000e-01 1.504035e+00 2.413256e-02
2.250000e-01 1.504035e+00 2.362202e-02
2.400000e-01 1.504035e+00 2.323164e-02
2.550000e-01 1.504035e+00 2.292836e-02
2.700000e-01 1.504035e+00 2.269027e-02
2.850000e-01 1.504035e+00 2.250236e-02
3.000000e-01 1.504035e+00 2.235396e-02
-3.000000e-01 1.517699e+00 2.204139e-02
-2.850000e-01 1.517699e+00 2.218987e-02
-2.700000e-01 1.517699e+00 2.237867e-02
-2.550000e-01 1.517699e+00 2.261886e-02
-2.400000e-01 1.517699e+00 2.292609e-02
-2.250000e-01 1.517699e+00 2.332325e-02
-2.100000e-01 1.517699e+00 2.384499e-02
-1.950000e-01 1.517699e+00 2.454605e-02
-1.800000e-01 1.517699e+00 2.551711e-02
-1.650000e-01 1.517699e+00 2.691727e-02
-1.500000e-01 1.517699e+00 2.904481e-02
-1.350000e-01 1.517699e+00 3.250211e-02
-1.200000e-01 1.517699e+00 3.859808e-02
-1.050000e-01 1.517699e+00 5.030987e-02
-9.000000e-02 1.517699e+00 7.395431e-02
-7.500000e-02 1.517699e+00 1.177563e-01
-6.000000e-02 1.517699e+00 1.781789e-01
-4.500000e-02 1.517699e+00 2.380131e-01
-3.000000e-02 1.517699e+00 2.866740e-01
-1.500000e-02 1.517699e+00 3.189646e-01
5.551115e-17 1.517699e+00 3.303927e-01
1.500000e-02 1.517699e+00 3.189646e-01
3.000000e-02 1.517699e+00 2.866740e-01
4.500000e-02 1.517699e+00 2.380131e-01
6.000000e-02 1.517699e+00 1.781789e-01
7.500000e-02 1.517699e+00 1.177563e-01
9.000000e-02 1.517699e+00 7.395431e-02
1.050000e-01 1.517699e+00 5.030987e-02
1.200000e-01 1.517699e+00 3.859808e-02
1.350000e-01 1.517699e+00 3.250211e-02
1.500000e-01 1.517699e+00 2.904481e-02
1.650000e-01 1.517699e+00 2.691727e-02
1.800000e-01 1.517699e+00 2.551711e-02
1.950000e-01 1.517699e+00 2.454605e-02
2.100000e-01 1.517699e+00 2.384499e-02
2.250000e-01 1.517699e+00 2.332325e-02
2.400000e-01 1.517699e+00 2.292609e-02
2.550000e-01 1.517699e+00 2.261886e-02
2.700000e-01 1.517699e+00 2.237867e-02
2.850000e-01 1.517699e+00 2.218987e-02
3.000000e-01 1.517699e+00 2.204139e-02
-3.000000e-01 1.531363e+00 2.173989e-02
-2.850000e-01 1.531363e+00 2.188889e-02
-2.700000e-01 1.531363e+00 2.207920e-02
-2.550000e-01 1.531363e+00 2.232237e-02
-2.400000e-01 1.531363e+00 2.263475e-02
-2.250000e-01 1.531363e+00 2.304034e-02
-2.100000e-01 1.531363e+00 2.357558e-02
-1.950000e-01 1.531363e+00 2.429815e-02
-1.800000e-01 1.531363e+00 2.530395e-02
-1.650000e-01 1.531363e+00 2.676160e-02
-1.500000e-01 1.531363e+00 2.898787e-02
-1.350000e-01 1.531363e+00 3.262328e-02
-1.200000e-01 1.531363e+00 3.906075e-02
-1.050000e-01 1.531363e+00 5.147015e-02
-9.000000e-02 1.531363e+00 7.658419e-02
-7.500000e-02 1.531363e+00 1.232093e-01
-6.000000e-02 1.531363e+00 1.877350e-01
-4.500000e-02 1.531363e+00 2.519828e-01
-3.000000e-02 1.531363e+00 3.045841e-01
-1.500000e-02 1.531363e+00 3.396847e-01
5.551115e-17 1.531363e+00 3.521453e-01
1.500000e-02 1.531363e+00 3.396847e-01
3.000000e-02 1.531363e+00 3.045841e-01
4.500000e-02 1.531363e+00 2.519828e-01
6.000000e-02 1.531363e+00 1.877350e-01
7.500000e-02 1.531363e+00 1.232093e-01
9.000000e-02 1.531363e+00 7.658419e-02
1.050000e-01 1.531363e+00 5.147015e-02
1.200000e-01 1.531363e+00 3.906075e-02
1.350000e-01 1.531363e+00 3.262328e-02
1.500000e-01 1.531363e+00 2.898787e-02
1.650000e-01 1.531363e+00 2.676160e-02
1.800000e-01 1.531363e+00 2.530395e-02
1.950000e-01 1.531363e+00 2.429815e-02
2.100000e-01 1.531363e+00 2.357558e-02
2.250000e-01 1.531363e+00 2.304034e-02
2.400000e-01 1.531363e+00 2.263475e-02
2.550000e-01 1.531363e+00 2.232237e-02
2.700000e-01 1.531363e+00 2.207920e-02
2.850000e-01 1.531363e+00 2.188889e-02
3.000000e-01 1.531363e+00 2.173989e-02
-3.000000e-01 1.545028e+00 2.144996e-02
-2.850000e-01 1.545028e+00 2.159996e-02
-2.700000e-01 1.545028e+00 2.179249e-02
-2.550000e-01 1.545028e+00 2.203964e-02
-2.400000e-01 1.545028e+00 2.235855e-02
-2.250000e-01 1.545028e+00 2.277447e-02
-2.100000e-01 1.545028e+00 2.332580e-02
-1.950000e-01 1.545028e+00 2.407352e-02
-1.800000e-01 1.545028e+00 2.511921e-02
-1.650000e-01 1.545028e+00 2.664189e-02
-1.500000e-01 1.545028e+00 2.897843e-02
-1.350000e-01 1.545028e+00 3.281072e-02
-1.200000e-01 1.545028e+00 3.962243e-02
-1.050000e-01 1.545028e+00 5.279148e-02
-9.000000e-02 1.545028e+00 7.949965e-02
-7.500000e-02 1.545028e+00 1.291862e-01
-6.000000e-02 1.545028e+00 1.981820e-01
-4.500000e-02 1.545028e+00 2.672850e-01
-3.000000e-02 1.545028e+00 3.242678e-01
-1.500000e-02 1.545028e+00 3.625187e-01
5.551115e-17 1.545028e+00 3.761415e-01
1.500000e-02 1.545028e+00 3.625187e-01
3.000000e-02 1.545028e+00 3.242678e-01
4.500000e-02 1.545028e+00 2.672850e-01
6.000000e-02 1.545028e+00 1.981820e-01
7.500000e-02 1.545028e+00 1.291862e-01
9.000000e-02 1.545028e+00 7.949965e-02
1.050000e-01 1.545028e+00 5.279148e-02
1.200000e-01 1.545028e+00 3.962243e-02
1.350000e-01 1.545028e+00 3.281072e-02
1.500000e-01 1.545028e+00 2.897843e-02
1.650000e-01 1.545028e+00 2.664189e-02
1.800000e-01 1.545028e+00 2.511921e-02
1.950000e-01 1.545028e+00 2.407352e-02
2.100000e-01 1.545028e+00 2.332580e-02
2.250000e-01 1.545028e+00 2.277447e-02
2.400000e-01 1.545028e+00 2.235855e-02
2.550000e-01 1.545028e+00 2.203964e-02
2.700000e-01 1.545028e+00 2.179249e-02
2.850000e-01 1.545028e+00 2.159996e-02
3.000000e-01 1.545028e+00 2.144996e-02
-3.000000e-01 1.558692e+00 2.117228e-02
-2.850000e-01 1.558692e+00 2.132384e-02
-2.700000e-01 1.558692e+00 2.151942e-02
-2.550000e-01 1.558692e+00 2.177169e-02
-2.400000e-01 1.558692e+00 2.209872e-02
-2.250000e-01 1.558692e+00 2.252714e-02
-2.100000e-01 1.558692e+00 2.309756e-02
-1.950000e-01 1.558692e+00 2.387456e-02
-1.800000e-01 1.558692e+00 2.496600e-02
-1.650000e-01 1.558692e+00 2.656226e-02
-1.500000e-01 1.558692e+00 2.902212e-02
-1.350000e-01 1.558692e+00 3.307236e-02
-1.200000e-01 1.558692e+00 4.029503e-02
-1.050000e-01 1.558692e+00 5.429313e-02
-9.000000e-02 1.558692e+00 8.273463e-02
-7.500000e-02 1.558692e+00 1.357494e-01
-6.000000e-02 1.558692e+00 2.096290e-01
-4.500000e-02 1.558692e+00 2.840901e-01
-3.000000e-02 1.558692e+00 3.459626e-01
-1.500000e-02 1.558692e+00 3.877589e-01
5.551115e-17 1.558692e+00 4.026954e-01
1.500000e-02 1.558692e+00 3.877589e-01
3.000000e-02 1.558692e+00 3.459626e-01
4.500000e-02 1.558692e+00 2.840901e-01
6.000000e-02 1.558692e+00 2.096290e-01
7.500000e-02 1.558692e+00 1.357494e-01
9.000000e-02 1.558692e+00 8.273463e-02
1.050000e-01 1.558692e+00 5.429313e-02
1.200000e-01 1.558692e+00 4.029503e-02
1.350000e-01 1.558692e+00 3.307236e-02
1.500000e-01 1.558692e+00 2.902212e-02
1.650000e-01 1.558692e+00 2.656226e-02
1.800000e-01 1.558692e+00 2.496600e-02
1.950000e-01 1.558692e+00 2.387456e-02
2.100000e-01 1.558692e+00 2.309756e-02
2.250000e-01 1.558692e+00 2.252714e-02
2.400000e-01 1.558692e+00 2.209872e-02
2.550000e-01 1.558692e+00 2.177169e-02
2.700000e-01 1.558692e+00 2.151942e-02
2.850000e-01 1.558692e+00 2.132384e-02
3.000000e-01 1.558692e+00 2.117228e-02
-3.000000e-01 1.572356e+00 2.090779e-02
-2.850000e-01 1.572356e+00 2.106156e-02
-2.700000e-01 1.572356e+00 2.126113e-02
-2.550000e-01 1.572356e+00 2.151987e-02
-2.400000e-01 1.572356e+00 2.185687e-02
-2.250000e-01 1.572356e+00 2.230031e-02
-2.100000e-01 1.572356e+00 2.289326e-02
-1.950000e-01 1.572356e+00 2.370431e-02
-1.800000e-01 1.572356e+00 2.484819e-02
-1.650000e-01 1.572356e+00 2.652777e-02
-1.500000e-01 1.572356e+00 2.912571e-02
-1.350000e-01 1.572356e+00 3.341771e-02
-1.200000e-01 1.572356e+00 4.109262e-02
-1.050000e-01 1.572356e+00 5.599763e-02
-9.000000e-02 1.572356e+00 8.632848e-02
-7.500000e-02 1.572356e+00 1.429711e-01
-6.000000e-02 1.572356e+00 2.222023e-01
-4.500000e-02 1.572356e+00 3.025964e-01
-3.000000e-02 1.572356e+00 3.699465e-01
-1.500000e-02 1.572356e+00 4.157492e-01
5.551115e-17 1.572356e+00 4.321772e-01
1.500000e-02 1.572356e+00 4.157492e-01
3.000000e-02 1.572356e+00 3.699465e-01
4.500000e-02 1.572356e+00 3.025964e-01
6.000000e-02 1.572356e+00 2.222023e-01
7.500000e-02 1.572356e+00 1.429711e-01
9.000000e-02 1.572356e+00 8.632848e-02
1.050000e-01 1.572356e+00 5.599763e-02
1.200000e-01 1.572356e+00 4.109262e-02
1.350000e-01 1.572356e+00 3.341771e-02
1.500000e-01 1.572356e+00 2.912571e-02
1.650000e-01 1.572356e+00 2.652777e-02
1.800000e-01 1.572356e+00 2.484819e-02
1.950000e-01 1.572356e+00 2.370431e-02
2.100000e-01 1.572356e+00 2.289326e-02
2.250000e-01 1.572356e+00 2.230031e-02
2.400000e-01 1.572356e+00 2.185687e-02
2.550000e-01 1.572356e+00 2.151987e-02
2.700000e-01 1.572356e+00 2.126113e-02
2.850000e-01 1.572356e+00 2.106156e-02
3.000000e-01 1.572356e+00 2.090779e-02
-3.000000e-01 1.586020e+00 2.065775e-02
-2.850000e-01 1.586020e+00 2.081449e-02
-2.700000e-01 1.586020e+00 2.101916e-02
-2.550000e-01 1.586020e+00 2.128594e-02
-2.400000e-01 1.586020e+00 2.163507e-02
-2.250000e-01 1.586020e+00 2.209649e-02
-2.100000e-01 1.586020e+00 2.271599e-02
-1.950000e-01 1.586020e+00 2.356659e-02
-1.800000e-01 1.586020e+00 2.477062e-02
-1.650000e-01 1.586020e+00 2.654465e-02
-1.500000e-01 1.586020e+00 2.929748e-02
-1.350000e-01 1.586020e+00 3.385816e-02
-1.200000e-01 1.586020e+00 4.203191e-02
-1.050000e-01 1.586020e+00 5.793144e-02
-9.000000e-02 1.586020e+00 9.032709e-02
-7.500000e-02 1.586020e+00 1.509351e-01
-6.000000e-02 1.586020e+00 2.360488e-01
-4.500000e-02 1.586020e+00 3.230360e-01
-3.000000e-02 1.586020e+00 3.965468e-01
-1.500000e-02 1.586020e+00 4.468968e-01
5.551115e-17 1.586020e+00 4.650256e-01
1.500000e-02 1.586020e+00 4.468968e-01
3.000000e-02 1.586020e+00 3.965468e-01
4.500000e-02 1.586020e+00 3.230360e-01
6.000000e-02 1.586020e+00 2.360488e-01
7.500000e-02 1.586020e+00 1.509351e-01
9.000000e-02 1.586020e+00 9.032709e-02
1.050000e-01 1.586020e+00 5.793144e-02
1.200000e-01 1.586020e+00 4.203191e-02
1.350000e-01 1.586020e+00 3.385816e-02
1.500000e-01 1.586020e+00 2.929748e-02
1.650000e-01 1.586020e+00 2.654465e-02
1.800000e-01 1.586020e+00 2.477062e-02
1.950000e-01 1.586020e+00 2.356659e-02
2.100000e-01 1.586020e+00 2.271599e-02
2.250000e-01 1.586020e+00 2.209649e-02
2.400000e-01 1.586020e+00 2.163507e-02
2.550000e-01 1.586020e+00 2.128594e-02
2.700000e-01 1.586020e+00 2.101916e-02
2.850000e-01 1.586020e+00 2.081449e-02
3.000000e-01 1.586020e+00 2.065775e-02
-3.000000e-01 1.599685e+00 2.042388e-02
-2.850000e-01 1.599685e+00 2.058448e-02
-2.700000e-01 1.599685e+00 2.079556e-02
-2.550000e-01 1.599685e+00 2.107224e-02
-2.400000e-01 1.599685e+00 2.143605e-02
-2.250000e-01 1.599685e+00 2.191892e-02
-2.100000e-01 1.599685e+00 2.256966e-02
-1.950000e-01 1.599685e+00 2.346622e-02
-1.800000e-01 1.599685e+00 2.473932e-02
-1.650000e-01 1.599685e+00 2.662058e-02
-1.500000e-01 1.599685e+00 2.954749e-02
-1.350000e-01 1.599685e+00 3.440748e-02
-1.200000e-01 1.599685e+00 4.313279e-02
-1.050000e-01 1.599685e+00 6.012579e-02
-9.000000e-02 1.599685e+00 9.478413e-02
-7.500000e-02 1.599685e+00 1.597392e-01
-6.000000e-02 1.599685e+00 2.513398e-01
-4.500000e-02 1.599685e+00 3.456814e-01
-3.000000e-02 1.599685e+00 4.261506e-01
-1.500000e-02 1.599685e+00 4.816855e-01
5.551115e-17 1.599685e+00 5.017631e-01
1.500000e-02 1.599685e+00 4.816855e-01
3.000000e-02 1.599685e+00 4.261506e-01
4.500000e-02 1.599685e+00 3.456814e-01
6.000000e-02 1.599685e+00 2.513398e-01
7.500000e-02 1.599685e+00 1.597392e-01
9.000000e-02 1.599685e+00 9.478413e-02
1.050000e-01 1.599685e+00 6.012579e-02
1.200000e-01 1.599685e+00 4.313279e-02
1.350000e-01 1.599685e+00 3.440748e-02
1.500000e-01 1.599685e+00 2.954749e-02
1.650000e-01 1.599685e+00 2.662058e-02
1.800000e-01 1.599685e+00 2.473932e-02
1.950000e-01 1.599685e+00 2.346622e-02
2.100000e-01 1.599685e+00 2.256966e-02
2.250000e-01 1.599685e+00 2.191892e-02
2.400000e-01 1.599685e+00 2.143605e-02
2.550000e-01 1.599685e+00 2.107224e-02
2.700000e-01 1.599685e+00 2.079556e-02
2.850000e-01 1.599685e+00 2.058448e-02
3.000000e-01 1.599685e+00 2.042388e-02
-3.000000e-01 1.613349e+00 2.020845e-02
-2.850000e-01 1.613349e+00 2.037397e-02
-2.700000e-01 1.613349e+00 2.059305e-02
-2.550000e-01 1.613349e+00 2.088184e-02
-2.400000e-01 1.613349e+00 2.126339e-02
-2.250000e-01 1.613349e+00 2.177181e-02
-2.100000e-01 1.613349e+00 2.245933e-02
-1.950000e-01 1.613349e+00 2.340935e-02
-1.800000e-01 1.613349e+00 2.476188e-02
-1.650000e-01 1.613349e+00 2.676511e-02
-1.500000e-01 1.613349e+00 2.988811e-02
-1.350000e-01 1.613349e+00 3.508233e-02
-1.200000e-01 1.613349e+00 4.441913e-02
-1.050000e-01 1.613349e+00 6.261767e-02
-9.000000e-02 1.613349e+00 9.976267e-02
-7.500000e-02 1.613349e+00 1.694977e-01
-6.000000e-02 1.613349e+00 2.682764e-01
-4.500000e-02 1.613349e+00 3.708540e-01
-3.000000e-02 1.613349e+00 4.592182e-01
-1.500000e-02 1.613349e+00 5.206941e-01
5.551115e-17 1.613349e+00 5.430161e-01
1.500000e-02 1.613349e+00 5.206941e-01
3.000000e-02 1.613349e+00 4.592182e-01
4.500000e-02 1.613349e+00 3.708540e-01
6.000000e-02 1.613349e+00 2.682764e-01
7.500000e-02 1.613349e+00 1.694977e-01
9.000000e-02 1.613349e+00 9.976267e-02
1.050000e-01 1.613349e+00 6.261767e-02
1.200000e-01 1.613349e+00 4.441913e-02
1.350000e-01 1.613349e+00 3.508233e-02
1.500000e-01 1.613349e+00 2.988811e-02
1.650000e-01 1.613349e+00 2.676511e-02
1.800000e-01 1.613349e+00 2.476188e-02
1.950000e-01 1.613349e+00 2.340935e-02
2.100000e-01 1.613349e+00 2.245933e-02
2.250000e-01 1.613349e+00 2.177181e-02
2.400000e-01 1.613349e+00 2.126339e-02
2.550000e-01 1.613349e+00 2.088184e-02
2.700000e-01 1.613349e+00 2.059305e-02
2.850000e-01 1.613349e+00 2.037397e-02
3.000000e-01 1.613349e+00 2.020845e-02
-3.000000e-01 1.627013e+00 2.001454e-02
-2.850000e-01 1.627013e+00 2.018624e-02
-2.700000e-01 1.627013e+00 2.041522e-02
-2.550000e-01 1.627013e+00 2.071881e-02
-2.400000e-01 1.627013e+00 2.112175e-02
-2.250000e-01 1.627013e+00 2.166065e-02
-2.100000e-01 1.627013e+00 2.239151e-02
-1.950000e-01 1.627013e+00 2.340384e-02
-1.800000e-01 1.627013e+00 2.484789e-02
-1.650000e-01 1.627013e+00 2.699021e-02
-1.500000e-01 1.627013e+00 3.033463e-02
-1.350000e-01 1.627013e+00 3.590308e-02
-1.200000e-01 1.627013e+00 4.591966e-02
-1.050000e-01 1.627013e+00 6.545116e-02
-9.000000e-02 1.627013e+00 1.053372e-01
-7.500000e-02 1.627013e+00 1.803452e-01
-6.000000e-02 1.627013e+00 2.870957e-01
-4.500000e-02 1.627013e+00 3.989357e-01
-3.000000e-02 1.627013e+00 4.963004e-01
-1.500000e-02 1.627013e+00 5.646189e-01
5.551115e-17 1.627013e+00 5.895400e-01
1.500000e-02 1.627013e+00 5.646189e-01
3.000000e-02 1.627013e+00 4.963004e-01
4.500000e-02 1.627013e+00 3.989357e-01
6.000000e-02 1.627013e+00 2.870957e-01
7.500000e-02 1.627013e+00 1.803452e-01
9.000000e-02 1.627013e+00 1.053372e-01
1.050000e-01 1.627013e+00 6.545116e-02
1.200000e-01 1.627013e+00 4.591966e-02
1.350000e-01 1.627013e+00 3.590308e-02
1.500000e-01 1.627013e+00 3.033463e-02
1.650000e-01 1.627013e+00 2.699021e-02
1.800000e-01 1.627013e+00 2.484789e-02
1.950000e-01 1.627013e+00 2.340384e-02
2.100000e-01 1.627013e+00 2.239151e-02
2.250000e-01 1.627013e+00 2.166065e-02
2.400000e-01 1.627013e+00 2.112175e-02
2.550000e-01 1.627013e+00 2.071881e-02
2.700000e-01 1.627013e+00 2.041522e-02
2.850000e-01 1.627013e+00 2.018624e-02
3.000000e-01 1.627013e+00 2.001454e-02
-3.000000e-01 1.640677e+00 1.984624e-02
-2.850000e-01 1.640677e+00 2.002568e-02
-2.700000e-01 1.640677e+00 2.026687e-02
-2.550000e-01 1.640677e+00 2.058852e-02
-2.400000e-01 1.640677e+00 2.101729e-02
-2.250000e-01 1.640677e+00 2.159260e-02
-2.100000e-01 1.640677e+00 2.237467e-02
-1.950000e-01 1.640677e+00 2.345978e-02
-1.800000e-01 1.640677e+00 2.500957e-02
-1.650000e-01 1.640677e+00 2.731091e-02
-1.500000e-01 1.640677e+00 3.090607e-02
-1.350000e-01 1.640677e+00 3.689470e-02
-1.200000e-01 1.640677e+00 4.766923e-02
-1.050000e-01 1.640677e+00 6.867907e-02
-9.000000e-02 1.640677e+00 1.115961e-01
-7.500000e-02 1.640677e+00 1.924407e-01
-6.000000e-02 1.640677e+00 3.080786e-01
-4.500000e-02 1.640677e+00 4.303818e-01
-3.000000e-02 1.640677e+00 5.380594e-01
-1.500000e-02 1.640677e+00 6.143029e-01
5.551115e-17 1.640677e+00 6.422512e-01
1.500000e-02 1.640677e+00 6.143029e-01
3.000000e-02 1.640677e+00 5.380594e-01
4.500000e-02 1.640677e+00 4.303818e-01
6.000000e-02 1.640677e+00 3.080786e-01
7.500000e-02 1.640677e+00 1.924407e-01
9.000000e-02 1.640677e+00 1.115961e-01
1.050000e-01 1.640677e+00 6.867907e-02
1.200000e-01 1.640677e+00 4.766923e-02
1.350000e-01 1.640677e+00 3.689470e-02
1.500000e-01 1.640677e+00 3.090607e-02
1.650000e-01 1.640677e+00 2.731091e-02
1.800000e-01 1.640677e+00 2.500957e-02
1.950000e-01 1.640677e+00 2.345978e-02
2.100000e-01 1.640677e+00 2.237467e-02
2.250000e-01 1.640677e+00 2.159260e-02
2.400000e-01 1.640677e+00 2.101729e-02
2.550000e-01 1.640677e+00 2.058852e-02
2.700000e-01 1.640677e+00 2.026687e-02
2.850000e-01 1.640677e+00 2.002568e-02
3.000000e-01 1.640677e+00 1.984624e-02
-3.000000e-01 1.654342e+00 1.970901e-02
-2.850000e-01 1.654342e+00 1.989811e-02
-2.700000e-01 1.654342e+00 2.015439e-02
-2.550000e-01 1.654342e+00 2.049813e-02
-2.400000e-01 1.654342e+00 2.095818e-02
-2.250000e-01 1.654342e+00 2.157711e-02
-2.100000e-01 1.654342e+00 2.241988e-02
-1.950000e-01 1.654342e+00 2.359028e-02
-1.800000e-01 1.654342e+00 2.526262e-02
-1.650000e-01 1.654342e+00 2.774630e-02
-1.500000e-01 1.654342e+00 3.162620e-02
-1.350000e-01 1.654342e+00 3.808805e-02
-1.200000e-01 1.654342e+00 4.971029e-02
-1.050000e-01 1.654342e+00 7.236497e-02
-9.000000e-02 1.654342e+00 1.186450e-01
-7.500000e-02 1.654342e+00 2.059733e-01
-6.000000e-02 1.654342e+00 3.315595e-01
-4.500000e-02 1.654342e+00 4.657389e-01
-3.000000e-02 1.654342e+00 5.852973e-01
-1.500000e-02 1.654342e+00 6.707736e-01
5.551115e-17 1.654342e+00 7.022695e-01
1.500000e-02 1.654342e+00 6.707736e-01
3.000000e-02 1.654342e+00 5.852973e-01
4.500000e-02 1.654342e+00 4.657389e-01
6.000000e-02 1.654342e+00 3.315595e-01
7.500000e-02 1.654342e+00 2.059733e-01
9.000000e-02 1.654342e+00 1.186450e-01
1.050000e-01 1.654342e+00 7.236497e-02
1.200000e-01 1.654342e+00 4.971029e-02
1.350000e-01 1.654342e+00 3.808805e-02
1.500000e-01 1.654342e+00 3.162620e-02
1.650000e-01 1.654342e+00 2.774630e-02
1.800000e-01 1.654342e+00 2.526262e-02
1.950000e-01 1.654342e+00 2.359028e-02
2.100000e-01 1.654342e+00 2.241988e-02
2.250000e-01 1.654342e+00 2.157711e-02
2.400000e-01 1.654342e+00 2.095818e-02
2.550000e-01 1.654342e+00 2.049813e-02
2.700000e-01 1.654342e+00 2.015439e-02
2.850000e-01 1.654342e+00 1.989811e-02
3.000000e-01 1.654342e+00 1.970901e-02
-3.000000e-01 1.668006e+00 1.961003e-02
-2.850000e-01 1.668006e+00 1.981124e-02
-2.700000e-01 1.668006e+00 2.008622e-02
-2.550000e-01 1.668006e+00 2.045712e-02
-2.400000e-01 1.668006e+00 2.095522e-02
-2.250000e-01 1.668006e+00 2.162666e-02
-2.100000e-01 1.668006e+00 2.254168e-02
-1.950000e-01 1.668006e+00 2.381243e-02
-1.800000e-01 1.668006e+00 2.562731e-02
-1.650000e-01 1.668006e+00 2.832078e-02
-1.500000e-01 1.668006e+00 3.252508e-02
-1.350000e-01 1.668006e+00 3.952155e-02
-1.200000e-01 1.668006e+00 5.209498e-02
-1.050000e-01 1.668006e+00 7.658596e-02
-9.000000e-02 1.668006e+00 1.266104e-01
-7.500000e-02 1.668006e+00 2.211686e-01
-6.000000e-02 1.668006e+00 3.579392e-01
-4.500000e-02 1.668006e+00 5.056671e-01
-3.000000e-02 1.668006e+00 6.389915e-01
-1.500000e-02 1.668006e+00 7.352920e-01
5.551115e-17 1.668006e+00 7.709726e-01
1.500000e-02 1.668006e+00 7.352920e-01
3.000000e-02 1.668006e+00 6.389915e-01
4.500000e-02 1.668006e+00 5.056671e-01
6.000000e-02 1.668006e+00 3.579392e-01
7.500000e-02 1.668006e+00 2.211686e-01
9.000000e-02 1.668006e+00 1.266104e-01
1.050000e-01 1.668006e+00 7.658596e-02
1.200000e-01 1.668006e+00 5.209498e-02
1.350000e-01 1.668006e+00 3.952155e-02
1.500000e-01 1.668006e+00 3.252508e-02
1.650000e-01 1.668006e+00 2.832078e-02
1.800000e-01 1.668006e+00 2.562731e-02
1.950000e-01 1.668006e+00 2.381243e-02
2.100000e-01 1.668006e+00 2.254168e-02
2.250000e-01 1.668006e+00 2.162666e-02
2.400000e-01 1.668006e+00 2.095522e-02
2.550000e-01 1.668006e+00 2.045712e-02
2.700000e-01 1.668006e+00 2.008622e-02
2.850000e-01 1.668006e+00 1.981124e-02
3.000000e-01 1.668006e+00 1.961003e-02
-3.000000e-01 1.681670e+00 1.955853e-02
-2.850000e-01 1.681670e+00 1.977505e-02
-2.700000e-01 1.681670e+00 2.007344e-02
-2.550000e-01 1.681670e+00 2.047796e-02
-2.400000e-01 1.681670e+00 2.102269e-02
-2.250000e-01 1.681670e+00 2.175776e-02
-2.100000e-01 1.681670e+00 2.275927e-02
-1.950000e-01 1.681670e+00 2.414868e-02
-1.800000e-01 1.681670e+00 2.613004e-02
-1.650000e-01 1.681670e+00 2.906576e-02
-1.500000e-01 1.681670e+00 3.364090e-02
-1.350000e-01 1.681670e+00 4.124337e-02
-1.200000e-01 1.681670e+00 5.488777e-02
-1.050000e-01 1.681670e+00 8.143607e-02
-9.000000e-02 1.681670e+00 1.356452e-01
-7.500000e-02 1.681670e+00 2.382981e-01
-6.000000e-02 1.681670e+00 3.877009e-01
-4.500000e-02 1.681670e+00 5.509687e-01
-3.000000e-02 1.681670e+00 7.003420e-01
-1.500000e-02 1.681670e+00 8.094175e-01
5.551115e-17 1.681670e+00 8.500691e-01
1.500000e-02 1.681670e+00 8.094175e-01
3.000000e-02 1.681670e+00 7.003420e-01
4.500000e-02 1.681670e+00 5.509687e-01
6.000000e-02 1.681670e+00 3.877009e-01
7.500000e-02 1.681670e+00 2.382981e-01
9.000000e-02 1.681670e+00 1.356452e-01
1.050000e-01 1.681670e+00 8.143607e-02
1.200000e-01 1.681670e+00 5.488777e-02
1.350000e-01 1.681670e+00 4.124337e-02
1.500000e-01 1.681670e+00 3.364090e-02
1.650000e-01 1.681670e+00 2.906576e-02
1.800000e-01 1.681670e+00 2.613004e-02
1.950000e-01 1.681670e+00 2.414868e-02
2.100000e-01 1.681670e+00 2.275927e-02
2.250000e-01 1.681670e+00 2.175776e-02
2.400000e-01 1.681670e+00 2.102269e-02
2.550000e-01 1.681670e+00 2.047796e-02
2.700000e-01 1.681670e+00 2.007344e-02
2.850000e-01 1.681670e+00 1.977505e-02
3.000000e-01 1.681670e+00 1.955853e-02
-3.000000e-01 1.695335e+00 1.956570e-02
-2.850000e-01 1.695335e+00 1.980197e-02
-2.700000e-01 1.695335e+00 2.013008e-02
-2.550000e-01 1.695335e+00 2.057675e-02
-2.400000e-01 1.695335e+00 2.117926e-02
-2.250000e-01 1.695335e+00 2.199213e-02
-2.100000e-01 1.695335e+00 2.309802e-02
-1.950000e-01 1.695335e+00 2.462864e-02
-1.800000e-01 1.695335e+00 2.680545e-02
-1.650000e-01 1.695335e+00 3.002205e-02
-1.500000e-01 1.695335e+00 3.502264e-02
-1.350000e-01 1.695335e+00 4.331442e-02
-1.200000e-01 1.695335e+00 5.816893e-02
-1.050000e-01 1.695335e+00 8.703082e-02
-9.000000e-02 1.695335e+00 1.459353e-01
-7.500000e-02 1.695335e+00 2.576900e-01
-6.000000e-02 1.695335e+00 4.214305e-01
-4.500000e-02 1.695335e+00 6.026257e-01
-3.000000e-02 1.695335e+00 7.708324e-01
-1.500000e-02 1.695335e+00 8.950932e-01
5.551115e-17 1.695335e+00 9.416939e-01
1.500000e-02 1.695335e+00 8.950932e-01
3.000000e-02 1.695335e+00 7.708324e-01
4.500000e-02 1.695335e+00 6.026257e-01
6.000000e-02 1.695335e+00 4.214305e-01
7.500000e-02 1.695335e+00 2.576900e-01
9.000000e-02 1.695335e+00 1.459353e-01
1.050000e-01 1.695335e+00 8.703082e-02
1.200000e-01 1.695335e+00 5.816893e-02
1.350000e-01 1.695335e+00 4.331442e-02
1.500000e-01 1.695335e+00 3.502264e-02
1.650000e-01 1.695335e+00 3.002205e-02
1.800000e-01 1.695335e+00 2.680545e-02
1.950000e-01 1.695335e+00 2.462864e-02
2.100000e-01 1.695335e+00 2.309802e-02
2.250000e-01 1.695335e+00 2.199213e-02
2.400000e-01 1.695335e+00 2.117926e-02
2.550000e-01 1.695335e+00 2.057675e-02
2.700000e-01 1.695335e+00 2.013008e-02
2.850000e-01 1.695335e+00 1.980197e-02
3.000000e-01 1.695335e+00 1.956570e-02
-3.000000e-01 1.708999e+00 1.964349e-02
-2.850000e-01 1.708999e+00 1.990602e-02
-2.700000e-01 1.708999e+00 2.027279e-02
-2.550000e-01 1.708999e+00 2.077337e-02
-2.400000e-01 1.708999e+00 2.144862e-02
-2.250000e-01 1.708999e+00 2.235799e-02
-2.100000e-01 1.708999e+00 2.359123e-02
-1.950000e-01 1.708999e+00 2.529135e-02
-1.800000e-01 1.708999e+00 2.769911e-02
-1.650000e-01 1.708999e+00 3.124299e-02
-1.500000e-01 1.708999e+00 3.673363e-02
-1.350000e-01 1.708999e+00 4.581233e-02
-1.200000e-01 1.708999e+00 6.203926e-02
-1.050000e-01 1.708999e+00 9.351317e-02
-9.000000e-02 1.708999e+00 1.577079e-01
-7.500000e-02 1.708999e+00 2.797438e-01
-6.000000e-02 1.708999e+00 4.598437e-01
-4.500000e-02 1.708999e+00 6.618486e-01
-3.000000e-02 1.708999e+00 8.523115e-01
-1.500000e-02 1.708999e+00 9.947603e-01
5.551115e-17 1.708999e+00 1.048537e+00
1.500000e-02 1.708999e+00 9.947603e-01
3.000000e-02 1.708999e+00 8.523115e-01
4.500000e-02 1.708999e+00 6.618486e-01
6.000000e-02 1.708999e+00 4.598437e-01
7.500000e-02 1.708999e+00 2.797438e-01
9.000000e-02 1.708999e+00 1.577079e-01
1.050000e-01 1.708999e+00 9.351317e-02
1.200000e-01 1.708999e+00 6.203926e-02
1.350000e-01 1.708999e+00 4.581233e-02
1.500000e-01 1.708999e+00 3.673363e-02
1.650000e-01 1.708999e+00 3.124299e-02
1.800000e-01 1.708999e+00 2.769911e-02
1.950000e-01 1.708999e+00 2.529135e-02
2.100000e-01 1.708999e+00 2.359123e-02
2.250000e-01 1.708999e+00 2.235799e-02
2.400000e-01 1.708999e+00 2.144862e-02
2.550000e-01 1.708999e+00 2.077337e-02
2.700000e-01 1.708999e+00 2.027279e-02
2.850000e-01 1.708999e+00 1.990602e-02
3.000000e-01 1.708999e+00 1.964349e-02
-3.000000e-01 1.722663e+00 1.980049e-02
-2.850000e-01 1.722663e+00 2.009954e-02
-2.700000e-01 1.722663e+00 2.051837e-02
-2.550000e-01 1.722663e+00 2.108991e-02
-2.400000e-01 1.722663e+00 2.185907e-02
-2.250000e-01 1.722663e+00 2.289061e-02
-2.100000e-01 1.722663e+00 2.428188e-02
-1.950000e-01 1.722663e+00 2.618806e-02
-1.800000e-01 1.722663e+00 2.887118e-02
-1.650000e-01 1.722663e+00 3.279875e-02
-1.500000e-01 1.722663e+00 3.885637e-02
-1.350000e-01 1.722663e+00 4.883690e-02
-1.200000e-01 1.722663e+00 6.662637e-02
-1.050000e-01 1.722663e+00 1.010614e-01
-9.000000e-02 1.722663e+00 1.712432e-01
-7.500000e-02 1.722663e+00 3.049492e-01
-6.000000e-02 1.722663e+00 5.038208e-01
-4.500000e-02 1.722663e+00 7.301414e-01
-3.000000e-02 1.722663e+00 9.471022e-01
-1.500000e-02 1.722663e+00 1.111511e+00
5.551115e-17 1.722663e+00 1.174016e+00
1.500000e-02 1.722663e+00 1.111511e+00
3.000000e-02 1.722663e+00 9.471022e-01
4.500000e-02 1.722663e+00 7.301414e-01
6.000000e-02 1.722663e+00 5.038208e-01
7.500000e-02 1.722663e+00 3.049492e-01
9.000000e-02 1.722663e+00 1.712432e-01
1.050000e-01 1.722663e+00 1.010614e-01
1.200000e-01 1.722663e+00 6.662637e-02
1.350000e-01 1.722663e+00 4.883690e-02
1.500000e-01 1.722663e+00 3.885637e-02
1.650000e-01 1.722663e+00 3.279875e-02
1.800000e-01 1.722663e+00 2.887118e-02
1.950000e-01 1.722663e+00 2.618806e-02
2.100000e-01 1.722663e+00 2.428188e-02
2.250000e-01 1.722663e+00 2.289061e-02
2.400000e-01 1.722663e+00 2.185907e-02
2.550000e-01 1.722663e+00 2.108991e-02
2.700000e-01 1.722663e+00 2.051837e-02
2.850000e-01 1.722663e+00 2.009954e-02
3.000000e-01 1.722663e+00 1.980049e-02
-3.000000e-01 1.736327e+00 2.003225e-02
-2.850000e-01 1.736327e+00 2.038445e-02
-2.700000e-01 1.736327e+00 2.087635e-02
-2.550000e-01 1.736327e+00 2.154494e-02
-2.400000e-01 1.736327e+00 2.243961e-02
-2.250000e-01 1.736327e+00 2.363065e-02
-2.100000e-01 1.736327e+00 2.522307e-02
-1.950000e-01 1.736327e+00 2.738470e-02
-1.800000e-01 1.736327e+00 3.040058e-02
-1.650000e-01 1.736327e+00 3.478183e-02
-1.500000e-01 1.736327e+00 4.149903e-02
-1.350000e-01 1.736327e+00 5.251743e-02
-1.200000e-01 1.736327e+00 7.209310e-02
-1.050000e-01 1.736327e+00 1.098996e-01
-9.000000e-02 1.736327e+00 1.868892e-01
-7.500000e-02 1.736327e+00 3.339111e-01
-6.000000e-02 1.736327e+00 5.544527e-01
-4.500000e-02 1.736327e+00 8.093871e-01
-3.000000e-02 1.736327e+00 1.058147e+00
-1.500000e-02 1.736327e+00 1.249297e+00
5.551115e-17 1.736327e+00 1.322512e+00
1.500000e-02 1.736327e+00 1.249297e+00
3.000000e-02 1.736327e+00 1.058147e+00
4.500000e-02 1.736327e+00 8.093871e-01
6.000000e-02 1.736327e+00 5.544527e-01
7.500000e-02 1.736327e+00 3.339111e-01
9.000000e-02 1.736327e+00 1.868892e-01
1.050000e-01 1.736327e+00 1.098996e-01
1.200000e-01 1.736327e+00 7.209310e-02
1.350000e-01 1.736327e+00 5.251743e-02
1.500000e-01 1.736327e+00 4.149903e-02
1.650000e-01 1.736327e+00 3.478183e-02
1.800000e-01 1.736327e+00 3.040058e-02
1.950000e-01 1.736327e+00 2.738470e-02
2.100000e-01 1.736327e+00 2.522307e-02
2.250000e-01 1.736327e+00 2.363065e-02
2.400000e-01 1.736327e+00 2.243961e-02
2.550000e-01 1.736327e+00 2.154494e-02
2.700000e-01 1.736327e+00 2.087635e-02
2.850000e-01 1.736327e+00 2.038445e-02
3.000000e-01 1.736327e+00 2.003225e-02
-3.000000e-01 1.749992e+00 2.030375e-02
-2.850000e-01 1.749992e+00 2.073486e-02
-2.700000e-01 1.749992e+00 2.133241e-02
-2.550000e-01 1.749992e+00 2.213867e-02
-2.400000e-01 1.749992e+00 2.320810e-02
-2.250000e-01 1.749992e+00 2.461614e-02
-2.100000e-01 1.749992e+00 2.647443e-02
-1.950000e-01 1.749992e+00 2.896249e-02
-1.800000e-01 1.749992e+00 3.238914e-02
-1.650000e-01 1.749992e+00 3.731386e-02
-1.500000e-01 1.749992e+00 4.480408e-02
-1.350000e-01 1.749992e+00 5.702274e-02
-1.200000e-01 1.749992e+00 7.864911e-02
-1.050000e-01 1.749992e+00 1.203118e-01
-9.000000e-02 1.749992e+00 2.050812e-01
-7.500000e-02 1.749992e+00 3.673820e-01
-6.000000e-02 1.749992e+00 6.131022e-01
-4.500000e-02 1.749992e+00 9.019631e-01
-3.000000e-02 1.749992e+00 1.189206e+00
-1.500000e-02 1.749992e+00 1.413209e+00
5.551115e-17 1.749992e+00 1.499684e+00
1.500000e-02 1.749992e+00 1.413209e+00
3.000000e-02 1.749992e+00 1.189206e+00
4.500000e-02 1.749992e+00 9.019631e-01
6.000000e-02 1.749992e+00 6.131022e-01
7.500000e-02 1.749992e+00 3.673820e-01
9.000000e-02 1.749992e+00 2.050812e-01
1.050000e-01 1.749992e+00 1.203118e-01
1.200000e-01 1.749992e+00 7.864911e-02
1.350000e-01 1.749992e+00 5.702274e-02
1.500000e-01 1.749992e+00 4.480408e-02
1.650000e-01 1.749992e+00 3.731386e-02
1.800000e-01 1.749992e+00 3.238914e-02
1.950000e-01 1.749992e+00 2.896249e-02
2.100000e-01 1.749992e+00 2.647443e-02
2.250000e-01 1.749992e+00 2.461614e-02
2.400000e-01 1.749992e+00 2.320810e-02
2.550000e-01 1.749992e+00 2.213867e-02
2.700000e-01 1.749992e+00 2.133241e-02
2.850000e-01 1.749992e+00 2.073486e-02
3.000000e-01 1.749992e+00 2.030375e-02
-3.000000e-01 1.763656e+00 2.053095e-02
-2.850000e-01 1.763656e+00 2.107358e-02
-2.700000e-01 1.763656e+00 2.182116e-02
-2.550000e-01 1.763656e+00 2.282431e-02
-2.400000e-01 1.763656e+00 2.414416e-02
-2.250000e-01 1.763656e+00 2.586036e-02
-2.100000e-01 1.763656e+00 2.808742e-02
-1.950000e-01 1.763656e+00 3.101166e-02
-1.800000e-01 1.763656e+00 3.496299e-02
-1.650000e-01 1.763656e+00 4.055273e-02
-1.500000e-01 1.763656e+00 4.895926e-02
-1.350000e-01 1.763656e+00 6.257460e-02
-1.200000e-01 1.763656e+00 8.656648e-02
-1.050000e-01 1.763656e+00 1.326611e-01
-9.000000e-02 1.763656e+00 2.263686e-01
-7.500000e-02 1.763656e+00 4.063060e-01
-6.000000e-02 1.763656e+00 6.814854e-01
-4.500000e-02 1.763656e+00 1.010897e+00
-3.000000e-02 1.763656e+00 1.345123e+00
-1.500000e-02 1.763656e+00 1.609859e+00
5.551115e-17 1.763656e+00 1.712906e+00
1.500000e-02 1.763656e+00 1.609859e+00
3.000000e-02 1.763656e+00 1.345123e+00
4.500000e-02 1.763656e+00 1.010897e+00
6.000000e-02 1.763656e+00 6.814854e-01
7.500000e-02 1.763656e+00 4.063060e-01
9.000000e-02 1.763656e+00 2.263686e-01
1.050000e-01 1.763656e+00 1.326611e-01
1.200000e-01 1.763656e+00 8.656648e-02
1.350000e-01 1.763656e+00 6.257460e-02
1.500000e-01 1.763656e+00 4.895926e-02
1.650000e-01 1.763656e+00 4.055273e-02
1.800000e-01 1.763656e+00 3.496299e-02
1.950000e-01 1.763656e+00 3.101166e-02
2.100000e-01 1.763656e+00 2.808742e-02
2.250000e-01 1.763656e+00 2.586036e-02
2.400000e-01 1.763656e+00 2.414416e-02
2.550000e-01 1.763656e+00 2.282431e-02
2.700000e-01 1.763656e+00 2.182116e-02
2.850000e-01 1.763656e+00 2.107358e-02
3.000000e-01 1.763656e+00 2.053095e-02
-3.000000e-01 1.777320e+00 2.058836e-02
-2.850000e-01 1.777320e+00 2.126549e-02
-2.700000e-01 1.777320e+00 2.220394e-02
-2.550000e-01 1.777320e+00 2.347161e-02
-2.400000e-01 1.777320e+00 2.514372e-02
-2.250000e-01 1.777320e+00 2.730567e-02
-2.100000e-01 1.777320e+00 3.006747e-02
-1.950000e-01 1.777320e+00 3.360786e-02
-1.800000e-01 1.777320e+00 3.826427e-02
-1.650000e-01 1.777320e+00 4.469684e-02
-1.500000e-01 1.777320e+00 5.421004e-02
-1.350000e-01 1.777320e+00 6.946521e-02
-1.200000e-01 1.777320e+00 9.620086e-02
-1.050000e-01 1.777320e+00 1.474158e-01
-9.000000e-02 1.777320e+00 2.514506e-01
-7.500000e-02 1.777320e+00 4.518769e-01
-6.000000e-02 1.777320e+00 7.617815e-01
-4.500000e-02 1.777320e+00 1.140076e+00
-3.000000e-02 1.777320e+00 1.532193e+00
-1.500000e-02 1.777320e+00 1.847903e+00
5.551115e-17 1.777320e+00 1.971845e+00
1.500000e-02 1.777320e+00 1.847903e+00
3.000000e-02 1.777320e+00 1.532193e+00
4.500000e-02 1.777320e+00 1.140076e+00
6.000000e-02 1.777320e+00 7.617815e-01
7.500000e-02 1.777320e+00 4.518769e-01
9.000000e-02 1.777320e+00 2.514506e-01
1.050000e-01 1.777320e+00 1.474158e-01
1.200000e-01 1.777320e+00 9.620086e-02
1.350000e-01 1.777320e+00 6.946521e-02
1.500000e-01 1.777320e+00 5.421004e-02
1.650000e-01 1.777320e+00 4.469684e-02
1.800000e-01 1.777320e+00 3.826427e-02
1.950000e-01 1.777320e+00 3.360786e-02
2.100000e-01 1.777320e+00 3.006747e-02
2.250000e-01 1.777320e+00 2.730567e-02
2.400000e-01 1.777320e+00 2.514372e-02
2.550000e-01 1.777320e+00 2.347161e-02
2.700000e-01 1.777320e+00 2.220394e-02
2.850000e-01 1.777320e+00 2.126549e-02
3.000000e-01 1.777320e+00 2.058836e-02
-3.000000e-01 1.790985e+00 2.037235e-02
-2.850000e-01 1.790985e+00 2.116836e-02
-2.700000e-01 1.790985e+00 2.229706e-02
-2.550000e-01 1.790985e+00 2.386261e-02
-2.400000e-01 1.790985e+00 2.597860e-02
-2.250000e-01 1.790985e+00 2.875571e-02
-2.100000e-01 1.790985e+00 3.229907e-02
-1.950000e-01 1.790985e+00 3.675198e-02
-1.800000e-01 1.790985e+00 4.241761e-02
-1.650000e-01 1.790985e+00 4.997752e-02
-1.500000e-01 1.790985e+00 6.087056e-02
-1.350000e-01 1.790985e+00 7.807894e-02
-1.200000e-01 1.790985e+00 1.080198e-01
-1.050000e-01 1.790985e+00 1.651841e-01
-9.000000e-02 1.790985e+00 2.812245e-01
-7.500000e-02 1.790985e+00 5.056181e-01
-6.000000e-02 1.790985e+00 8.567821e-01
-4.500000e-02 1.790985e+00 1.294535e+00
-3.000000e-02 1.790985e+00 1.758650e+00
-1.500000e-02 1.790985e+00 2.138719e+00
5.551115e-17 1.790985e+00 2.289231e+00
1.500000e-02 1.790985e+00 2.138719e+00
3.000000e-02 1.790985e+00 1.758650e+00
4.500000e-02 1.790985e+00 1.294535e+00
6.000000e-02 1.790985e+00 8.567821e-01
7.500000e-02 1.790985e+00 5.056181e-01
9.000000e-02 1.790985e+00 2.812245e-01
1.050000e-01 1.790985e+00 1.651841e-01
1.200000e-01 1.790985e+00 1.080198e-01
1.350000e-01 1.790985e+00 7.807894e-02
1.500000e-01 1.790985e+00 6.087056e-02
1.650000e-01 1.790985e+00 4.997752e-02
1.800000e-01 1.790985e+00 4.241761e-02
1.950000e-01 1.790985e+00 3.675198e-02
2.100000e-01 1.790985e+00 3.229907e-02
2.250000e-01 1.790985e+00 2.875571e-02
2.400000e-01 1.790985e+00 2.597860e-02
2.550000e-01 1.790985e+00 2.386261e-02
2.700000e-01 1.790985e+00 2.229706e-02
2.850000e-01 1.790985e+00 2.116836e-02
3.000000e-01 1.790985e+00 2.037235e-02
-3.000000e-01 1.804649e+00 1.988155e-02
-2.850000e-01 1.804649e+00 2.073251e-02
-2.700000e-01 1.804649e+00 2.197920e-02
-2.550000e-01 1.804649e+00 2.378211e-02
-2.400000e-01 1.804649e+00 2.633625e-02
-2.250000e-01 1.804649e+00 2.984072e-02
-2.100000e-01 1.804649e+00 3.444732e-02
-1.950000e-01 1.804649e+00 4.025334e-02
-1.800000e-01 1.804649e+00 4.744221e-02
-1.650000e-01 1.804649e+00 5.661866e-02
-1.500000e-01 1.804649e+00 6.932281e-02
-1.350000e-01 1.804649e+00 8.891560e-02
-1.200000e-01 1.804649e+00 1.226396e-01
-1.050000e-01 1.804649e+00 1.867625e-01
-9.000000e-02 1.804649e+00 3.168517e-01
-7.500000e-02 1.804649e+00 5.694889e-01
-6.000000e-02 1.804649e+00 9.700927e-01
-4.500000e-02 1.804649e+00 1.480843e+00
-3.000000e-02 1.804649e+00 2.035325e+00
-1.500000e-02 1.804649e+00 2.497305e+00
5.551115e-17 1.804649e+00 2.681826e+00
1.500000e-02 1.804649e+00 2.497305e+00
3.000000e-02 1.804649e+00 2.035325e+00
4.500000e-02 1.804649e+00 1.480843e+00
6.000000e-02 1.804649e+00 9.700927e-01
7.500000e-02 1.804649e+00 5.694889e-01
9.000000e-02 1.804649e+00 3.168517e-01
1.050000e-01 1.804649e+00 1.867625e-01
1.200000e-01 1.804649e+00 1.226396e-01
1.350000e-01 1.804649e+00 8.891560e-02
1.500000e-01 1.804649e+00 6.932281e-02
1.650000e-01 1.804649e+00 5.661866e-02
1.800000e-01 1.804649e+00 4.744221e-02
1.950000e-01 1.804649e+00 4.025334e-02
2.100000e-01 1.804649e+00 3.444732e-02
2.250000e-01 1.804649e+00 2.984072e-02
2.400000e-01 1.804649e+00 2.633625e-02
2.550000e-01 1.804649e+00 2.378211e-02
2.700000e-01 1.804649e+00 2.197920e-02
2.850000e-01 1.804649e+00 2.073251e-02
3.000000e-01 1.804649e+00 1.988155e-02
-3.000000e-01 1.818313e+00 1.921798e-02
-2.850000e-01 1.818313e+00 2.004359e-02
-2.700000e-01 1.818313e+00 2.129062e-02
-2.550000e-01 1.818313e+00 2.317359e-02
-2.400000e-01 1.818313e+00 2.599589e-02
-2.250000e-01 1.818313e+00 3.013300e-02
-2.100000e-01 1.818313e+00 3.593648e-02
-1.950000e-01 1.818313e+00 4.358188e-02
-1.800000e-01 1.818313e+00 5.307649e-02
-1.650000e-01 1.818313e+00 6.472152e-02
-1.500000e-01 1.818313e+00 7.997894e-02
-1.350000e-01 1.818313e+00 1.026060e-01
-1.200000e-01 1.818313e+00 1.408694e-01
-1.050000e-01 1.818313e+00 2.131986e-01
-9.000000e-02 1.818313e+00 3.598469e-01
-7.500000e-02 1.818313e+00 6.460311e-01
-6.000000e-02 1.818313e+00 1.106408e+00
-4.500000e-02 1.818313e+00 1.707623e+00
-3.000000e-02 1.818313e+00 2.376490e+00
-1.500000e-02 1.818313e+00 2.943326e+00
5.551115e-17 1.818313e+00 3.171520e+00
1.500000e-02 1.818313e+00 2.943326e+00
3.000000e-02 1.818313e+00 2.376490e+00
4.500000e-02 1.818313e+00 1.707623e+00
6.000000e-02 1.818313e+00 1.106408e+00
7.500000e-02 1.818313e+00 6.460311e-01
9.000000e-02 1.818313e+00 3.598469e-01
1.050000e-01 1.818313e+00 2.131986e-01
1.200000e-01 1.818313e+00 1.408694e-01
1.350000e-01 1.818313e+00 1.026060e-01
1.500000e-01 1.818313e+00 7.997894e-02
1.650000e-01 1.818313e+00 6.472152e-02
1.800000e-01 1.818313e+00 5.307649e-02
1.950000e-01 1.818313e+00 4.358188e-02
2.100000e-01 1.818313e+00 3.593648e-02
2.250000e-01 1.818313e+00 3.013300e-02
2.400000e-01 1.818313e+00 2.599589e-02
2.550000e-01 1.818313e+00 2.317359e-02
2.700000e-01 1.818313e+00 2.129062e-02
2.850000e-01 1.818313e+00 2.004359e-02
3.000000e-01 1.818313e+00 1.921798e-02
-3.000000e-01 1.831977e+00 1.850725e-02
-2.850000e-01 1.831977e+00 1.925095e-02
-2.700000e-01 1.831977e+00 2.039802e-02
-2.550000e-01 1.831977e+00 2.218831e-02
-2.400000e-01 1.831977e+00 2.500689e-02
-2.250000e-01 1.831977e+00 2.942899e-02
-2.100000e-01 1.831977e+00 3.617609e-02
-1.950000e-01 1.831977e+00 4.585189e-02
-1.800000e-01 1.831977e+00 5.854279e-02
-1.650000e-01 1.831977e+00 7.401683e-02
-1.500000e-01 1.831977e+00 9.315177e-02
-1.350000e-01 1.831977e+00 1.198934e-01
-1.200000e-01 1.831977e+00 1.637568e-01
-1.050000e-01 1.831977e+00 2.458727e-01
-9.000000e-02 1.831977e+00 4.121979e-01
-7.500000e-02 1.831977e+00 7.385664e-01
-6.000000e-02 1.831977e+00 1.271880e+00
-4.500000e-02 1.831977e+00 1.986240e+00
-3.000000e-02 1.831977e+00 2.800861e+00
-1.500000e-02 1.831977e+00 3.502145e+00
5.551115e-17 1.831977e+00 3.786240e+00
1.500000e-02 1.831977e+00 3.502145e+00
3.000000e-02 1.831977e+00 2.800861e+00
4.500000e-02 1.831977e+00 1.986240e+00
6.000000e-02 1.831977e+00 1.271880e+00
7.500000e-02 1.831977e+00 7.385664e-01
9.000000e-02 1.831977e+00 4.121979e-01
1.050000e-01 1.831977e+00 2.458727e-01
1.200000e-01 1.831977e+00 1.637568e-01
1.350000e-01 1.831977e+00 1.198934e-01
1.500000e-01 1.831977e+00 9.315177e-02
1.650000e-01 1.831977e+00 7.401683e-02
1.800000e-01 1.831977e+00 5.854279e-02
1.950000e-01 1.831977e+00 4.585189e-02
2.100000e-01 1.831977e+00 3.617609e-02
2.250000e-01 1.831977e+00 2.942899e-02
2.400000e-01 1.831977e+00 2.500689e-02
2.550000e-01 1.831977e+00 2.218831e-02
2.700000e-01 1.831977e+00 2.039802e-02
2.850000e-01 1.831977e+00 1.925095e-02
3.000000e-01 1.831977e+00 1.850725e-02
-3.000000e-01 1.845642e+00 1.783427e-02
-2.850000e-01 1.845642e+00 1.847470e-02
-2.700000e-01 1.845642e+00 1.947271e-02
-2.550000e-01 1.845642e+00 2.106087e-02
-2.400000e-01 1.845642e+00 2.364562e-02
-2.250000e-01 1.845642e+00 2.792215e-02
-2.100000e-01 1.845642e+00 3.498094e-02
-1.950000e-01 1.845642e+00 4.619084e-02
-1.800000e-01 1.845642e+00 6.248337e-02
-1.650000e-01 1.845642e+00 8.348309e-02
-1.500000e-01 1.845642e+00 1.087399e-01
-1.350000e-01 1.845642e+00 1.415184e-01
-1.200000e-01 1.845642e+00 1.926099e-01
-1.050000e-01 1.845642e+00 2.865944e-01
-9.000000e-02 1.845642e+00 4.765234e-01
-7.500000e-02 1.845642e+00 8.514600e-01
-6.000000e-02 1.845642e+00 1.474611e+00
-4.500000e-02 1.845642e+00 2.331638e+00
-3.000000e-02 1.845642e+00 3.332569e+00
-1.500000e-02 1.845642e+00 4.205156e+00
5.551115e-17 1.845642e+00 4.559718e+00
1.500000e-02 1.845642e+00 4.205156e+00
3.000000e-02 1.845642e+00 3.332569e+00
4.500000e-02 1.845642e+00 2.331638e+00
6.000000e-02 1.845642e+00 1.474611e+00
7.500000e-02 1.845642e+00 8.514600e-01
9.000000e-02 1.845642e+00 4.765234e-01
1.050000e-01 1.845642e+00 2.865944e-01
1.200000e-01 1.845642e+00 1.926099e-01
1.350000e-01 1.845642e+00 1.415184e-01
1.500000e-01 1.845642e+00 1.087399e-01
1.650000e-01 1.845642e+00 8.348309e-02
1.800000e-01 1.845642e+00 6.248337e-02
1.950000e-01 1.845642e+00 4.619084e-02
2.100000e-01 1.845642e+00 3.498094e-02
2.250000e-01 1.845642e+00 2.792215e-02
2.400000e-01 1.845642e+00 2.364562e-02
2.550000e-01 1.845642e+00 2.106087e-02
2.700000e-01 1.845642e+00 1.947271e-02
2.850000e-01 1.845642e+00 1.847470e-02
3.000000e-01 1.845642e+00 1.783427e-02
-3.000000e-01 1.859306e+00 1.723466e-02
-2.850000e-01 1.859306e+00 1.777475e-02
-2.700000e-01 1.859306e+00 1.861802e-02
-2.550000e-01 1.859306e+00 1.997030e-02
-2.400000e-01 1.859306e+00 2.220936e-02
-2.250000e-01 1.859306e+00 2.603793e-02
-2.100000e-01 1.859306e+00 3.273136e-02
-1.950000e-01 1.859306e+00 4.437297e-02
-1.800000e-01 1.859306e+00 6.347577e-02
-1.650000e-01 1.859306e+00 9.109938e-02
-1.500000e-01 1.859306e+00 1.256497e-01
-1.350000e-01 1.859306e+00 1.678776e-01
-1.200000e-01 1.859306e+00 2.289335e-01
-1.050000e-01 1.859306e+00 3.376946e-01
-9.000000e-02 1.859306e+00 5.562692e-01
-7.500000e-02 1.859306e+00 9.904643e-01
-6.000000e-02 1.859306e+00 1.725268e+00
-4.500000e-02 1.859306e+00 2.763259e+00
-3.000000e-02 1.859306e+00 4.001484e+00
-1.500000e-02 1.859306e+00 5.087742e+00
5.551115e-17 1.859306e+00 5.527762e+00
1.500000e-02 1.859306e+00 5.087742e+00
3.000000e-02 1.859306e+00 4.001484e+00
4.500000e-02 1.859306e+00 2.763259e+00
6.000000e-02 1.859306e+00 1.725268e+00
7.500000e-02 1.859306e+00 9.904643e-01
9.000000e-02 1.859306e+00 5.562692e-01
1.050000e-01 1.859306e+00 3.376946e-01
1.200000e-01 1.859306e+00 2.289335e-01
1.350000e-01 1.859306e+00 1.678776e-01
1.500000e-01 1.859306e+00 1.256497e-01
1.650000e-01 1.859306e+00 9.109938e-02
1.800000e-01 1.859306e+00 6.347577e-02
1.950000e-01 1.859306e+00 4.437297e-02
2.100000e-01 1.859306e+00 3.273136e-02
2.250000e-01 1.859306e+00 2.603793e-02
2.400000e-01 1.859306e+00 2.220936e-02
2.550000e-01 1.859306e+00 1.997030e-02
2.700000e-01 1.859306e+00 1.861802e-02
2.850000e-01 1.859306e+00 1.777475e-02
3.000000e-01 1.859306e+00 1.723466e-02
-3.000000e-01 1.872970e+00 1.671308e-02
-2.850000e-01 1.872970e+00 1.716634e-02
-2.700000e-01 1.872970e+00 1.787151e-02
-2.550000e-01 1.872970e+00 1.900178e-02
-2.400000e-01 1.872970e+00 2.088302e-02
-2.250000e-01 1.872970e+00 2.414994e-02
-2.100000e-01 1.872970e+00 3.005751e-02
-1.950000e-01 1.872970e+00 4.101539e-02
-1.800000e-01 1.872970e+00 6.103288e-02
-1.650000e-01 1.872970e+00 9.438771e-02
-1.500000e-01 1.872970e+00 1.411483e-01
-1.350000e-01 1.872970e+00 1.982702e-01
-1.200000e-01 1.872970e+00 2.741290e-01
-1.050000e-01 1.872970e+00 4.020505e-01
-9.000000e-02 1.872970e+00 6.559234e-01
-7.500000e-02 1.872970e+00 1.163135e+00
-6.000000e-02 1.872970e+00 2.037797e+00
-4.500000e-02 1.872970e+00 3.305666e+00
-3.000000e-02 1.872970e+00 4.841244e+00
-1.500000e-02 1.872970e+00 6.180924e+00
5.551115e-17 1.872970e+00 6.715953e+00
1.500000e-02 1.872970e+00 6.180924e+00
3.000000e-02 1.872970e+00 4.841244e+00
4.500000e-02 1.872970e+00 3.305666e+00
6.000000e-02 1.872970e+00 2.037797e+00
7.500000e-02 1.872970e+00 1.163135e+00
9.000000e-02 1.872970e+00 6.559234e-01
1.050000e-01 1.872970e+00 4.020505e-01
1.200000e-01 1.872970e+00 2.741290e-01
1.350000e-01 1.872970e+00 1.982702e-01
1.500000e-01 1.872970e+00 1.411483e-01
1.650000e-01 1.872970e+00 9.438771e-02
1.800000e-01 1.872970e+00 6.103288e-02
1.950000e-01 1.872970e+00 4.101539e-02
2.100000e-01 1.872970e+00 3.005751e-02
2.250000e-01 1.872970e+00 2.414994e-02
2.400000e-01 1.872970e+00 2.088302e-02
2.550000e-01 1.872970e+00 1.900178e-02
2.700000e-01 1.872970e+00 1.787151e-02
2.850000e-01 1.872970e+00 1.716634e-02
3.000000e-01 1.872970e+00 1.671308e-02
-3.000000e-01 1.886635e+00 1.626083e-02
-2.850000e-01 1.886635e+00 1.664294e-02
-2.700000e-01 1.886635e+00 1.723330e-02
-2.550000e-01 1.886635e+00 1.817437e-02
-2.400000e-01 1.886635e+00 1.973672e-02
-2.250000e-01 1.886635e+00 2.245892e-02
-2.100000e-01 1.886635e+00 2.745513e-02
-1.950000e-01 1.886635e+00 3.707124e-02
-1.800000e-01 1.886635e+00 5.602361e-02
-1.650000e-01 1.886635e+00 9.197329e-02
-1.500000e-01 1.886635e+00 1.510213e-01
-1.350000e-01 1.886635e+00 2.296853e-01
-1.200000e-01 1.886635e+00 3.286727e-01
-1.050000e-01 1.886635e+00 4.828834e-01
-9.000000e-02 1.886635e+00 7.811750e-01
-7.500000e-02 1.886635e+00 1.379260e+00
-6.000000e-02 1.886635e+00 2.430026e+00
-4.500000e-02 1.886635e+00 3.987884e+00
-3.000000e-02 1.886635e+00 5.881293e+00
-1.500000e-02 1.886635e+00 7.489508e+00
5.551115e-17 1.886635e+00 8.110402e+00
1.500000e-02 1.886635e+00 7.489508e+00
3.000000e-02 1.886635e+00 5.881293e+00
4.500000e-02 1.886635e+00 3.987884e+00
6.000000e-02 1.886635e+00 2.430026e+00
7.500000e-02 1.886635e+00 1.379260e+00
9.000000e-02 1.886635e+00 7.811750e-01
1.050000e-01 1.886635e+00 4.828834e-01
1.200000e-01 1.886635e+00 3.286727e-01
1.350000e-01 1.886635e+00 2.296853e-01
1.500000e-01 1.886635e+00 1.510213e-01
1.650000e-01 1.886635e+00 9.197329e-02
1.800000e-01 1.886635e+00 5.602361e-02
1.950000e-01 1.886635e+00 3.707124e-02
2.100000e-01 1.886635e+00 2.745513e-02
2.250000e-01 1.886635e+00 2.245892e-02
2.400000e-01 1.886635e+00 1.973672e-02
2.550000e-01 1.886635e+00 1.817437e-02
2.700000e-01 1.886635e+00 1.723330e-02
2.850000e-01 1.886635e+00 1.664294e-02
3.000000e-01 1.886635e+00 1.626083e-02
-3.000000e-01 1.900299e+00 1.586575e-02
-2.850000e-01 1.900299e+00 1.619089e-02
-2.700000e-01 1.900299e+00 1.668885e-02
-2.550000e-01 1.900299e+00 1.747601e-02
-2.400000e-01 1.900299e+00 1.877361e-02
-2.250000e-01 1.900299e+00 2.102512e-02
-2.100000e-01 1.900299e+00 2.516688e-02
-1.950000e-01 1.900299e+00 3.326654e-02
-1.800000e-01 1.900299e+00 4.994793e-02
-1.650000e-01 1.900299e+00 8.473697e-02
-1.500000e-01 1.900299e+00 1.515982e-01
-1.350000e-01 1.900299e+00 2.558756e-01
-1.200000e-01 1.900299e+00 3.904014e-01
-1.050000e-01 1.900299e+00 5.829604e-01
-9.000000e-02 1.900299e+00 9.387947e-01
-7.500000e-02 1.900299e+00 1.651083e+00
-6.000000e-02 1.900299e+00 2.923592e+00
-4.500000e-02 1.900299e+00 4.839028e+00
-3.000000e-02 1.900299e+00 7.126032e+00
-1.500000e-02 1.900299e+00 8.948480e+00
5.551115e-17 1.900299e+00 9.605582e+00
1.500000e-02 1.900299e+00 8.948480e+00
3.000000e-02 1.900299e+00 7.126032e+00
4.500000e-02 1.900299e+00 4.839028e+00
6.000000e-02 1.900299e+00 2.923592e+00
7.500000e-02 1.900299e+00 1.651083e+00
9.000000e-02 1.900299e+00 9.387947e-01
1.050000e-01 1.900299e+00 5.829604e-01
1.200000e-01 1.900299e+00 3.904014e-01
1.350000e-01 1.900299e+00 2.558756e-01
1.500000e-01 1.900299e+00 1.515982e-01
1.650000e-01 1.900299e+00 8.473697e-02
1.800000e-01 1.900299e+00 4.994793e-02
1.950000e-01 1.900299e+00 3.326654e-02
2.100000e-01 1.900299e+00 2.516688e-02
2.250000e-01 1.900299e+00 2.102512e-02
2.400000e-01 1.900299e+00 1.877361e-02
2.550000e-01 1.900299e+00 1.747601e-02
2.700000e-01 1.900299e+00 1.668885e-02
2.850000e-01 1.900299e+00 1.619089e-02
3.000000e-01 1.900299e+00 1.586575e-02
-3.000000e-01 1.913963e+00 1.551637e-02
-2.850000e-01 1.913963e+00 1.579620e-02
-2.700000e-01 1.913963e+00 1.622064e-02
-2.550000e-01 1.913963e+00 1.688501e-02
-2.400000e-01 1.913963e+00 1.796975e-02
-2.250000e-01 1.913963e+00 1.983621e-02
-2.100000e-01 1.913963e+00 2.325169e-02
-1.950000e-01 1.913963e+00 2.994630e-02
-1.800000e-01 1.913963e+00 4.400719e-02
-1.650000e-01 1.913963e+00 7.505638e-02
-1.500000e-01 1.913963e+00 1.425561e-01
-1.350000e-01 1.913963e+00 2.687612e-01
-1.200000e-01 1.913963e+00 4.520143e-01
-1.050000e-01 1.913963e+00 7.025314e-01
-9.000000e-02 1.913963e+00 1.135704e+00
-7.500000e-02 1.913963e+00 1.992744e+00
-6.000000e-02 1.913963e+00 3.541742e+00
-4.500000e-02 1.913963e+00 5.875291e+00
-3.000000e-02 1.913963e+00 8.513280e+00
-1.500000e-02 1.913963e+00 1.036450e+01
5.551115e-17 1.913963e+00 1.094995e+01
1.500000e-02 1.913963e+00 1.036450e+01
3.000000e-02 1.913963e+00 8.513280e+00
4.500000e-02 1.913963e+00 5.875291e+00
6.000000e-02 1.913963e+00 3.541742e+00
7.500000e-02 1.913963e+00 1.992744e+00
9.000000e-02 1.913963e+00 1.135704e+00
1.050000e-01 1.913963e+00 7.025314e-01
1.200000e-01 1.913963e+00 4.520143e-01
1.350000e-01 1.913963e+00 2.687612e-01
1.500000e-01 1.913963e+00 1.425561e-01
1.650000e-01 1.913963e+00 7.505638e-02
1.800000e-01 1.913963e+00 4.400719e-02
1.950000e-01 1.913963e+00 2.994630e-02
2.100000e-01 1.913963e+00 2.325169e-02
2.250000e-01 1.913963e+00 1.983621e-02
2.400000e-01 1.913963e+00 1.796975e-02
2.550000e-01 1.913963e+00 1.688501e-02
2.700000e-01 1.913963e+00 1.622064e-02
2.850000e-01 1.913963e+00 1.579620e-02
3.000000e-01 1.913963e+00 1.551637e-02
-3.000000e-01 1.927627e+00 1.520317e-02
-2.850000e-01 1.927627e+00 1.544689e-02
-2.700000e-01 1.927627e+00 1.581287e-02
-2.550000e-01 1.927627e+00 1.637974e-02
-2.400000e-01 1.927627e+00 1.729537e-02
-2.250000e-01 1.927627e+00 1.885422e-02
-2.100000e-01 1.927627e+00 2.168017e-02
-1.950000e-01 1.927627e+00 2.718753e-02
-1.800000e-01 1.927627e+00 3.879900e-02
-1.650000e-01 1.927627e+00 6.515419e-02
-1.500000e-01 1.927627e+00 1.272028e-01
-1.350000e-01 1.927627e+00 2.632740e-01
-1.200000e-01 1.927627e+00 4.998287e-01
-1.050000e-01 1.927627e+00 8.352679e-01
-9.000000e-02 1.927627e+00 1.376123e+00
-7.500000e-02 1.927627e+00 2.417563e+00
-6.000000e-02 1.927627e+00 4.301848e+00
-4.500000e-02 1.927627e+00 7.070946e+00
-3.000000e-02 1.927627e+00 9.858657e+00
-1.500000e-02 1.927627e+00 1.139999e+01
5.551115e-17 1.927627e+00 1.177086e+01
1.500000e-02 1.927627e+00 1.139999e+01
3.000000e-02 1.927627e+00 9.858657e+00
4.500000e-02 1.927627e+00 7.070946e+00
6.000000e-02 1.927627e+00 4.301848e+00
7.500000e-02 1.927627e+00 2.417563e+00
9.000000e-02 1.927627e+00 1.376123e+00
1.050000e-01 1.927627e+00 8.352679e-01
1.200000e-01 1.927627e+00 4.998287e-01
1.350000e-01 1.927627e+00 2.632740e-01
1.500000e-01 1.927627e+00 1.272028e-01
1.650000e-01 1.927627e+00 6.515419e-02
1.800000e-01 1.927627e+00 3.879900e-02
1.950000e-01 1.927627e+00 2.718753e-02
2.100000e-01 1.927627e+00 2.168017e-02
2.250000e-01 1.927627e+00 1.885422e-02
2.400000e-01 1.927627e+00 1.729537e-02
2.550000e-01 1.927627e+00 1.637974e-02
2.700000e-01 1.927627e+00 1.581287e-02
2.850000e-01 1.927627e+00 1.544689e-02
3.000000e-01 1.927627e+00 1.520317e-02
-3.000000e-01 1.941292e+00 1.491868e-02
-2.850000e-01 1.941292e+00 1.513343e-02
-2.700000e-01 1.941292e+00 1.545266e-02
-2.550000e-01 1.941292e+00 1.594189e-02
-2.400000e-01 1.941292e+00 1.672326e-02
-2.250000e-01 1.941292e+00 1.803817e-02
-2.100000e-01 1.941292e+00 2.039473e-02
-1.950000e-01 1.941292e+00 2.494122e-02
-1.800000e-01 1.941292e+00 3.447479e-02
-1.650000e-01 1.941292e+00 5.628393e-02
-1.500000e-01 1.941292e+00 1.098512e-01
-1.350000e-01 1.941292e+00 2.415407e-01
-1.200000e-01 1.941292e+00 5.181230e-01
-1.050000e-01 1.941292e+00 9.629595e-01
-9.000000e-02 1.941292e+00 1.655086e+00
-7.500000e-02 1.941292e+00 2.930520e+00
-6.000000e-02 1.941292e+00 5.197329e+00
-4.500000e-02 1.941292e+00 8.311211e+00
-3.000000e-02 1.941292e+00 1.084084e+01
-1.500000e-02 1.941292e+00 1.170132e+01
5.551115e-17 1.941292e+00 1.176474e+01
1.500000e-02 1.941292e+00 1.170132e+01
3.000000e-02 1.941292e+00 1.084084e+01
4.500000e-02 1.941292e+00 8.311211e+00
6.000000e-02 1.941292e+00 5.197329e+00
7.500000e-02 1.941292e+00 2.930520e+00
9.000000e-02 1.941292e+00 1.655086e+00
1.050000e-01 1.941292e+00 9.629595e-01
1.200000e-01 1.941292e+00 5.181230e-01
1.350000e-01 1.941292e+00 2.415407e-01
1.500000e-01 1.941292e+00 1.098512e-01
1.650000e-01 1.941292e+00 5.628393e-02
1.800000e-01 1.941292e+00 3.447479e-02
1.950000e-01 1.941292e+00 2.494122e-02
2.100000e-01 1.941292e+00 2.039473e-02
2.250000e-01 1.941292e+00 1.803817e-02
2.400000e-01 1.941292e+00 1.672326e-02
2.550000e-01 1.941292e+00 1.594189e-02
2.700000e-01 1.941292e+00 1.545266e-02
2.850000e-01 1.941292e+00 1.513343e-02
3.000000e-01 1.941292e+00 1.491868e-02
-3.000000e-01 1.954956e+00 1.465717e-02
-2.850000e-01 1.954956e+00 1.484845e-02
-2.700000e-01 1.954956e+00 1.513000e-02
-2.550000e-01 1.954956e+00 1.555695e-02
-2.400000e-01 1.954956e+00 1.623118e-02
-2.250000e-01 1.954956e+00 1.735235e-02
-2.100000e-01 1.954956e+00 1.933701e-02
-1.950000e-01 1.954956e+00 2.311953e-02
-1.800000e-01 1.954956e+00 3.096881e-02
-1.650000e-01 1.954956e+00 4.885647e-02
-1.500000e-01 1.954956e+00 9.351409e-02
-1.350000e-01 1.954956e+00 2.110369e-01
-1.200000e-01 1.954956e+00 4.995548e-01
-1.050000e-01 1.954956e+00 1.054469e+00
-9.000000e-02 1.954956e+00 1.947582e+00
-7.500000e-02 1.954956e+00 3.512427e+00
-6.000000e-02 1.954956e+00 6.164711e+00
-4.500000e-02 1.954956e+00 9.354802e+00
-3.000000e-02 1.954956e+00 1.112403e+01
-1.500000e-02 1.954956e+00 1.114741e+01
5.551115e-17 1.954956e+00 1.093406e+01
1.500000e-02 1.954956e+00 1.114741e+01
3.000000e-02 1.954956e+00 1.112403e+01
4.500000e-02 1.954956e+00 9.354802e+00
6.000000e-02 1.954956e+00 6.164711e+00
7.500000e-02 1.954956e+00 3.512427e+00
9.000000e-02 1.954956e+00 1.947582e+00
1.050000e-01 1.954956e+00 1.054469e+00
1.200000e-01 1.954956e+00 4.995548e-01
1.350000e-01 1.954956e+00 2.110369e-01
1.500000e-01 1.954956e+00 9.351409e-02
1.650000e-01 1.954956e+00 4.885647e-02
1.800000e-01 1.954956e+00 3.096881e-02
1.950000e-01 1.954956e+00 2.311953e-02
2.100000e-01 1.954956e+00 1.933701e-02
2.250000e-01 1.954956e+00 1.735235e-02
2.400000e-01 1.954956e+00 1.623118e-02
2.550000e-01 1.954956e+00 1.555695e-02
2.700000e-01 1.954956e+00 1.513000e-02
2.850000e-01 1.954956e+00 1.484845e-02
3.000000e-01 1.954956e+00 1.465717e-02
-3.000000e-01 1.968620e+00 1.441426e-02
-2.850000e-01 1.968620e+00 1.458633e-02
-2.700000e-01 1.968620e+00 1.483721e-02
-2.550000e-01 1.968620e+00 1.521374e-02
-2.400000e-01 1.968620e+00 1.580180e-02
-2.250000e-01 1.968620e+00 1.676814e-02
-2.100000e-01 1.968620e+00 1.845734e-02
-1.950000e-01 1.968620e+00 2.163495e-02
-1.800000e-01 1.968620e+00 2.814478e-02
-1.650000e-01 1.968620e+00 4.282998e-02
-1.500000e-01 1.968620e+00 7.950401e-02
-1.350000e-01 1.968620e+00 1.792091e-01
-1.200000e-01 1.968620e+00 4.514101e-01
-1.050000e-01 1.968620e+00 1.078107e+00
-9.000000e-02 1.968620e+00 2.199054e+00
-7.500000e-02 1.968620e+00 4.096476e+00
-6.000000e-02 1.968620e+00 7.047439e+00
-4.500000e-02 1.968620e+00 9.885316e+00
-3.000000e-02 1.968620e+00 1.059442e+01
-1.500000e-02 1.968620e+00 9.954360e+00
5.551115e-17 1.968620e+00 9.585181e+00
1.500000e-02 1.968620e+00 9.954360e+00
3.000000e-02 1.968620e+00 1.059442e+01
4.500000e-02 1.968620e+00 9.885316e+00
6.000000e-02 1.968620e+00 7.047439e+00
7.500000e-02 1.968620e+00 4.096476e+00
9.000000e-02 1.968620e+00 2.199054e+00
1.050000e-01 1.968620e+00 1.078107e+00
1.200000e-01 1.968620e+00 4.514101e-01
1.350000e-01 1.968620e+00 1.792091e-01
1.500000e-01 1.968620e+00 7.950401e-02
1.650000e-01 1.968620e+00 4.282998e-02
1.800000e-01 1.968620e+00 2.814478e-02
1.950000e-01 1.968620e+00 2.163495e-02
2.100000e-01 1.968620e+00 1.845734e-02
2.250000e-01 1.968620e+00 1.676814e-02
2.400000e-01 1.968620e+00 1.580180e-02
2.550000e-01 1.968620e+00 1.521374e-02
2.700000e-01 1.968620e+00 1.483721e-02
2.850000e-01 1.968620e+00 1.458633e-02
3.000000e-01 1.968620e+00 1.441426e-02
-3.000000e-01 1.982284e+00 1.418661e-02
-2.850000e-01 1.982284e+00 1.434279e-02
-2.700000e-01 1.982284e+00 1.456844e-02
-2.550000e-01 1.982284e+00 1.490376e-02
-2.400000e-01 1.982284e+00 1.542185e-02
-2.250000e-01 1.982284e+00 1.626338e-02
-2.100000e-01 1.982284e+00 1.771626e-02
-1.950000e-01 1.982284e+00 2.041341e-02
-1.800000e-01 1.982284e+00 2.586324e-02
-1.650000e-01 1.982284e+00 3.799508e-02
-1.500000e-01 1.982284e+00 6.803232e-02
-1.350000e-01 1.982284e+00 1.504546e-01
-1.200000e-01 1.982284e+00 3.893990e-01
-1.050000e-01 1.982284e+00 1.024268e+00
-9.000000e-02 1.982284e+00 2.335169e+00
-7.500000e-02 1.982284e+00 4.555536e+00
-6.000000e-02 1.982284e+00 7.606704e+00
-4.500000e-02 1.982284e+00 9.698318e+00
-3.000000e-02 1.982284e+00 9.458517e+00
-1.500000e-02 1.982284e+00 8.495167e+00
5.551115e-17 1.982284e+00 8.089976e+00
1.500000e-02 1.982284e+00 8.495167e+00
3.000000e-02 1.982284e+00 9.458517e+00
4.500000e-02 1.982284e+00 9.698318e+00
6.000000e-02 1.982284e+00 7.606704e+00
7.500000e-02 1.982284e+00 4.555536e+00
9.000000e-02 1.982284e+00 2.335169e+00
1.050000e-01 1.982284e+00 1.024268e+00
1.200000e-01 1.982284e+00 3.893990e-01
1.350000e-01 1.982284e+00 1.504546e-01
1.500000e-01 1.982284e+00 6.803232e-02
1.650000e-01 1.982284e+00 3.799508e-02
1.800000e-01 1.982284e+00 2.586324e-02
1.950000e-01 1.982284e+00 2.041341e-02
2.100000e-01 1.982284e+00 1.771626e-02
2.250000e-01 1.982284e+00 1.626338e-02
2.400000e-01 1.982284e+00 1.542185e-02
2.550000e-01 1.982284e+00 1.490376e-02
2.700000e-01 1.982284e+00 1.456844e-02
2.850000e-01 1.982284e+00 1.434279e-02
3.000000e-01 1.982284e+00 1.418661e-02
-3.000000e-01 1.995949e+00 1.397165e-02
-2.850000e-01 1.995949e+00 1.411455e-02
-2.700000e-01 1.995949e+00 1.431923e-02
-2.550000e-01 1.995949e+00 1.462051e-02
-2.400000e-01 1.995949e+00 1.508122e-02
-2.250000e-01 1.995949e+00 1.582120e-02
-2.100000e-01 1.995949e+00 1.708340e-02
-1.950000e-01 1.995949e+00 1.939630e-02
-1.800000e-01 1.995949e+00 2.400501e-02
-1.650000e-01 1.995949e+00 3.411638e-02
-1.500000e-01 1.995949e+00 5.882360e-02
-1.350000e-01 1.995949e+00 1.263240e-01
-1.200000e-01 1.995949e+00 3.272270e-01
-1.050000e-01 1.995949e+00 9.137568e-01
-9.000000e-02 1.995949e+00 2.304002e+00
-7.500000e-02 1.995949e+00 4.740751e+00
-6.000000e-02 1.995949e+00 7.638148e+00
-4.500000e-02 1.995949e+00 8.869306e+00
-3.000000e-02 1.995949e+00 8.070990e+00
-1.500000e-02 1.995949e+00 7.068549e+00
5.551115e-17 1.995949e+00 6.697847e+00
1.500000e-02 1.995949e+00 7.068549e+00
3.000000e-02 1.995949e+00 8.070990e+00
4.500000e-02 1.995949e+00 8.869306e+00
6.000000e-02 1.995949e+00 7.638148e+00
7.500000e-02 1.995949e+00 4.740751e+00
9.000000e-02 1.995949e+00 2.304002e+00
1.050000e-01 1.995949e+00 9.137568e-01
1.200000e-01 1.995949e+00 3.272270e-01
1.350000e-01 1.995949e+00 1.263240e-01
1.500000e-01 1.995949e+00 5.882360e-02
1.650000e-01 1.995949e+00 3.411638e-02
1.800000e-01 1.995949e+00 2.400501e-02
1.950000e-01 1.995949e+00 1.939630e-02
2.100000e-01 1.995949e+00 1.708340e-02
2.250000e-01 1.995949e+00 1.582120e-02
2.400000e-01 1.995949e+00 1.508122e-02
2.550000e-01 1.995949e+00 1.462051e-02
2.700000e-01 1.995949e+00 1.431923e-02
2.850000e-01 1.995949e+00 1.411455e-02
3.000000e-01 1.995949e+00 1.397165e-02
-3.000000e-01 2.009613e+00 1.376741e-02
-2.850000e-01 2.009613e+00 1.389910e-02
-2.700000e-01 2.009613e+00 1.408618e-02
-2.550000e-01 2.009613e+00 1.435907e-02
-2.400000e-01 2.009613e+00 1.477224e-02
-2.250000e-01 2.009613e+00 1.542876e-02
-2.100000e-01 2.009613e+00 1.653563e-02
-1.950000e-01 2.009613e+00 1.853853e-02
-1.800000e-01 2.009613e+00 2.247537e-02
-1.650000e-01 2.009613e+00 3.098596e-02
-1.500000e-01 2.009613e+00 5.146902e-02
-1.350000e-01 2.009613e+00 1.067791e-01
-1.200000e-01 2.009613e+00 2.722209e-01
-1.050000e-01 2.009613e+00 7.805555e-01
-9.000000e-02 2.009613e+00 2.118104e+00
-7.500000e-02 2.009613e+00 4.578831e+00
-6.000000e-02 2.009613e+00 7.128956e+00
-4.500000e-02 2.009613e+00 7.688081e+00
-3.000000e-02 2.009613e+00 6.715278e+00
-1.500000e-02 2.009613e+00 5.823114e+00
5.551115e-17 2.009613e+00 5.512641e+00
1.500000e-02 2.009613e+00 5.823114e+00
3.000000e-02 2.009613e+00 6.715278e+00
4.500000e-02 2.009613e+00 7.688081e+00
6.000000e-02 2.009613e+00 7.128956e+00
7.500000e-02 2.009613e+00 4.578831e+00
9.000000e-02 2.009613e+00 2.118104e+00
1.050000e-01 2.009613e+00 7.805555e-01
1.200000e-01 2.009613e+00 2.722209e-01
1.350000e-01 2.009613e+00 1.067791e-01
1.500000e-01 2.009613e+00 5.146902e-02
1.650000e-01 2.009613e+00 3.098596e-02
1.800000e-01 2.009613e+00 2.247537e-02
1.950000e-01 2.009613e+00 1.853853e-02
2.100000e-01 2.009613e+00 1.653563e-02
2.250000e-01 2.009613e+00 1.542876e-02
2.400000e-01 2.009613e+00 1.477224e-02
2.550000e-01 2.009613e+00 1.435907e-02
2.700000e-01 2.009613e+00 1.408618e-02
2.850000e-01 2.009613e+00 1.389910e-02
3.000000e-01 2.009613e+00 1.376741e-02
-3.000000e-01 2.023277e+00 1.357233e-02
-2.850000e-01 2.023277e+00 1.369447e-02
-2.700000e-01 2.023277e+00 1.386663e-02
-2.550000e-01 2.023277e+00 1.411560e-02
-2.400000e-01 2.023277e+00 1.448902e-02
-2.250000e-01 2.023277e+00 1.507629e-02
-2.100000e-01 2.023277e+00 1.605539e-02
-1.950000e-01 2.023277e+00 1.780581e-02
-1.800000e-01 2.023277e+00 2.120134e-02
-1.650000e-01 2.023277e+00 2.843621e-02
-1.500000e-01 2.023277e+00 4.557767e-02
-1.350000e-01 2.023277e+00 9.116815e-02
-1.200000e-01 2.023277e+00 2.265599e-01
-1.050000e-01 2.023277e+00 6.512305e-01
-9.000000e-02 2.023277e+00 1.843557e+00
-7.500000e-02 2.023277e+00 4.134172e+00
-6.000000e-02 2.023277e+00 6.269071e+00
-4.500000e-02 2.023277e+00 6.448432e+00
-3.000000e-02 2.023277e+00 5.532120e+00
-1.500000e-02 2.023277e+00 4.796528e+00
5.551115e-17 2.023277e+00 4.547407e+00
1.500000e-02 2.023277e+00 4.796528e+00
3.000000e-02 2.023277e+00 5.532120e+00
4.500000e-02 2.023277e+00 6.448432e+00
6.000000e-02 2.023277e+00 6.269071e+00
7.500000e-02 2.023277e+00 4.134172e+00
9.000000e-02 2.023277e+00 1.843557e+00
1.050000e-01 2.023277e+00 6.512305e-01
1.200000e-01 2.023277e+00 2.265599e-01
1.350000e-01 2.023277e+00 9.116815e-02
1.500000e-01 2.023277e+00 4.557767e-02
1.650000e-01 2.023277e+00 2.843621e-02
1.800000e-01 2.023277e+00 2.120134e-02
1.950000e-01 2.023277e+00 1.780581e-02
2.100000e-01 2.023277e+00 1.605539e-02
2.250000e-01 2.023277e+00 1.507629e-02
2.400000e-01 2.023277e+00 1.448902e-02
2.550000e-01 2.023277e+00 1.411560e-02
2.700000e-01 2.023277e+00 1.386663e-02
2.850000e-01 2.023277e+00 1.369447e-02
3.000000e-01 2.023277e+00 1.357233e-02
-3.000000e-01 2.036942e+00 1.338520e-02
-2.850000e-01 2.036942e+00 1.349912e-02
-2.700000e-01 2.036942e+00 1.365852e-02
-2.550000e-01 2.036942e+00 1.388717e-02
-2.400000e-01 2.036942e+00 1.422704e-02
-2.250000e-01 2.036942e+00 1.475629e-02
-2.100000e-01 2.036942e+00 1.562930e-02
-1.950000e-01 2.036942e+00 1.717209e-02
-1.800000e-01 2.036942e+00 2.012740e-02
-1.650000e-01 2.036942e+00 2.633723e-02
-1.500000e-01 2.036942e+00 4.082401e-02
-1.350000e-01 2.036942e+00 7.872531e-02
-1.200000e-01 2.036942e+00 1.897742e-01
-1.050000e-01 2.036942e+00 5.387143e-01
-9.000000e-02 2.036942e+00 1.550882e+00
-7.500000e-02 2.036942e+00 3.553834e+00
-6.000000e-02 2.036942e+00 5.301238e+00
-4.500000e-02 2.036942e+00 5.325994e+00
-3.000000e-02 2.036942e+00 4.557019e+00
-1.500000e-02 2.036942e+00 3.972472e+00
5.551115e-17 2.036942e+00 3.776273e+00
1.500000e-02 2.036942e+00 3.972472e+00
3.000000e-02 2.036942e+00 4.557019e+00
4.500000e-02 2.036942e+00 5.325994e+00
6.000000e-02 2.036942e+00 5.301238e+00
7.500000e-02 2.036942e+00 3.553834e+00
9.000000e-02 2.036942e+00 1.550882e+00
1.050000e-01 2.036942e+00 5.387143e-01
1.200000e-01 2.036942e+00 1.897742e-01
1.350000e-01 2.036942e+00 7.872531e-02
1.500000e-01 2.036942e+00 4.082401e-02
1.650000e-01 2.036942e+00 2.633723e-02
1.800000e-01 2.036942e+00 2.012740e-02
1.950000e-01 2.036942e+00 1.717209e-02
2.100000e-01 2.036942e+00 1.562930e-02
2.250000e-01 2.036942e+00 1.475629e-02
2.400000e-01 2.036942e+00 1.422704e-02
2.550000e-01 2.036942e+00 1.388717e-02
2.700000e-01 2.036942e+00 1.365852e-02
2.850000e-01 2.036942e+00 1.349912e-02
3.000000e-01 2.036942e+00 1.338520e-02
-3.000000e-01 2.050606e+00 1.320504e-02
-2.850000e-01 2.050606e+00 1.331183e-02
-2.700000e-01 2.050606e+00 1.346022e-02
-2.550000e-01 2.050606e+00 1.367145e-02
-2.400000e-01 2.050606e+00 1.398275e-02
-2.250000e-01 2.050606e+00 1.446298e-02
-2.100000e-01 2.050606e+00 1.524708e-02
-1.950000e-01 2.050606e+00 1.661752e-02
-1.800000e-01 2.050606e+00 1.921139e-02
-1.650000e-01 2.050606e+00 2.459000e-02
-1.500000e-01 2.050606e+00 3.695218e-02
-1.350000e-01 2.050606e+00 6.876412e-02
-1.200000e-01 2.050606e+00 1.604639e-01
-1.050000e-01 2.050606e+00 4.461032e-01
-9.000000e-02 2.050606e+00 1.283728e+00
-7.500000e-02 2.050606e+00 2.968592e+00
-6.000000e-02 2.050606e+00 4.393142e+00
-4.500000e-02 2.050606e+00 4.383834e+00
-3.000000e-02 2.050606e+00 3.774340e+00
-1.500000e-02 2.050606e+00 3.317076e+00
5.551115e-17 2.050606e+00 3.163407e+00
1.500000e-02 2.050606e+00 3.317076e+00
3.000000e-02 2.050606e+00 3.774340e+00
4.500000e-02 2.050606e+00 4.383834e+00
6.000000e-02 2.050606e+00 4.393142e+00
7.500000e-02 2.050606e+00 2.968592e+00
9.000000e-02 2.050606e+00 1.283728e+00
1.050000e-01 2.050606e+00 4.461032e-01
1.200000e-01 2.050606e+00 1.604639e-01
1.350000e-01 2.050606e+00 6.876412e-02
1.500000e-01 2.050606e+00 3.695218e-02
1.650000e-01 2.050606e+00 2.459000e-02
1.800000e-01 2.050606e+00 1.921139e-02
1.950000e-01 2.050606e+00 1.661752e-02
2.100000e-01 2.050606e+00 1.524708e-02
2.250000e-01 2.050606e+00 1.446298e-02
2.400000e-01 2.050606e+00 1.398275e-02
2.550000e-01 2.050606e+00 1.367145e-02
2.700000e-01 2.050606e+00 1.346022e-02
2.850000e-01 2.050606e+00 1.331183e-02
3.000000e-01 2.050606e+00 1.320504e-02
-3.000000e-01 2.064270e+00 1.303106e-02
-2.850000e-01 2.064270e+00 1.313162e-02
-2.700000e-01 2.064270e+00 1.327044e-02
-2.550000e-01 2.064270e+00 1.346662e-02
-2.400000e-01 2.064270e+00 1.375340e-02
-2.250000e-01 2.064270e+00 1.419185e-02
-2.100000e-01 2.064270e+00 1.490078e-02
-1.950000e-01 2.064270e+00 1.612687e-02
-1.800000e-01 2.064270e+00 1.842119e-02
-1.650000e-01 2.064270e+00 2.311934e-02
-1.500000e-01 2.064270e+00 3.376606e-02
-1.350000e-01 2.064270e+00 6.072778e-02
-1.200000e-01 2.064270e+00 1.371235e-01
-1.050000e-01 2.064270e+00 3.717848e-01
-9.000000e-02 2.064270e+00 1.058547e+00
-7.500000e-02 2.064270e+00 2.449433e+00
-6.000000e-02 2.064270e+00 3.616957e+00
-4.500000e-02 2.064270e+00 3.621532e+00
-3.000000e-02 2.064270e+00 3.151859e+00
-1.500000e-02 2.064270e+00 2.795690e+00
5.551115e-17 2.064270e+00 2.675141e+00
1.500000e-02 2.064270e+00 2.795690e+00
3.000000e-02 2.064270e+00 3.151859e+00
4.500000e-02 2.064270e+00 3.621532e+00
6.000000e-02 2.064270e+00 3.616957e+00
7.500000e-02 2.064270e+00 2.449433e+00
9.000000e-02 2.064270e+00 1.058547e+00
1.050000e-01 2.064270e+00 3.717848e-01
1.200000e-01 2.064270e+00 1.371235e-01
1.350000e-01 2.064270e+00 6.072778e-02
1.500000e-01 2.064270e+00 3.376606e-02
1.650000e-01 2.064270e+00 2.311934e-02
1.800000e-01 2.064270e+00 1.842119e-02
1.950000e-01 2.064270e+00 1.612687e-02
2.100000e-01 2.064270e+00 1.490078e-02
2.250000e-01 2.064270e+00 1.419185e-02
2.400000e-01 2.064270e+00 1.375340e-02
2.550000e-01 2.064270e+00 1.346662e-02
2.700000e-01 2.064270e+00 1.327044e-02
2.850000e-01 2.064270e+00 1.313162e-02
3.000000e-01 2.064270e+00 1.303106e-02
-3.000000e-01 2.077934e+00 1.286264e-02
-2.850000e-01 2.077934e+00 1.295771e-02
-2.700000e-01 2.077934e+00 1.308814e-02
-2.550000e-01 2.077934e+00 1.327121e-02
-2.400000e-01 2.077934e+00 1.353677e-02
-2.250000e-01 2.077934e+00 1.393934e-02
-2.100000e-01 2.077934e+00 1.458421e-02
-1.950000e-01 2.077934e+00 1.568836e-02
-1.800000e-01 2.077934e+00 1.773221e-02
-1.650000e-01 2.077934e+00 2.186808e-02
-1.500000e-01 2.077934e+00 3.111663e-02
-1.350000e-01 2.077934e+00 5.418376e-02
-1.200000e-01 2.077934e+00 1.184436e-01
-1.050000e-01 2.077934e+00 3.126537e-01
-9.000000e-02 2.077934e+00 8.759893e-01
-7.500000e-02 2.077934e+00 2.018095e+00
-6.000000e-02 2.077934e+00 2.983641e+00
-4.500000e-02 2.077934e+00 3.013904e+00
-3.000000e-02 2.077934e+00 2.656649e+00
-1.500000e-02 2.077934e+00 2.378704e+00
5.551115e-17 2.077934e+00 2.283636e+00
1.500000e-02 2.077934e+00 2.378704e+00
3.000000e-02 2.077934e+00 2.656649e+00
4.500000e-02 2.077934e+00 3.013904e+00
6.000000e-02 2.077934e+00 2.983641e+00
7.500000e-02 2.077934e+00 2.018095e+00
9.000000e-02 2.077934e+00 8.759893e-01
1.050000e-01 2.077934e+00 3.126537e-01
1.200000e-01 2.077934e+00 1.184436e-01
1.350000e-01 2.077934e+00 5.418376e-02
1.500000e-01 2.077934e+00 3.111663e-02
1.650000e-01 2.077934e+00 2.186808e-02
1.800000e-01 2.077934e+00 1.773221e-02
1.950000e-01 2.077934e+00 1.568836e-02
2.100000e-01 2.077934e+00 1.458421e-02
2.250000e-01 2.077934e+00 1.393934e-02
2.400000e-01 2.077934e+00 1.353677e-02
2.550000e-01 2.077934e+00 1.327121e-02
2.700000e-01 2.077934e+00 1.308814e-02
2.850000e-01 2.077934e+00 1.295771e-02
3.000000e-01 2.077934e+00 1.286264e-02
-3.000000e-01 2.091599e+00 1.269923e-02
-2.850000e-01 2.091599e+00 1.278943e-02
-2.700000e-01 2.091599e+00 1.291247e-02
-2.550000e-01 2.091599e+00 1.308405e-02
-2.400000e-01 2.091599e+00 1.333113e-02
-2.250000e-01 2.091599e+00 1.370264e-02
-2.100000e-01 2.091599e+00 1.429250e-02
-1.950000e-01 2.091599e+00 1.529281e-02
-1.800000e-01 2.091599e+00 1.712543e-02
-1.650000e-01 2.091599e+00 2.079248e-02
-1.500000e-01 2.091599e+00 2.889074e-02
-1.350000e-01 2.091599e+00 4.880200e-02
-1.200000e-01 2.091599e+00 1.033753e-01
-1.050000e-01 2.091599e+00 2.655740e-01
-9.000000e-02 2.091599e+00 7.303562e-01
-7.500000e-02 2.091599e+00 1.670670e+00
-6.000000e-02 2.091599e+00 2.477316e+00
-4.500000e-02 2.091599e+00 2.530947e+00
-3.000000e-02 2.091599e+00 2.260586e+00
-1.500000e-02 2.091599e+00 2.042585e+00
5.551115e-17 2.091599e+00 1.967077e+00
1.500000e-02 2.091599e+00 2.042585e+00
3.000000e-02 2.091599e+00 2.260586e+00
4.500000e-02 2.091599e+00 2.530947e+00
6.000000e-02 2.091599e+00 2.477316e+00
7.500000e-02 2.091599e+00 1.670670e+00
9.000000e-02 2.091599e+00 7.303562e-01
1.050000e-01 2.091599e+00 2.655740e-01
1.200000e-01 2.091599e+00 1.033753e-01
1.350000e-01 2.091599e+00 4.880200e-02
1.500000e-01 2.091599e+00 2.889074e-02
1.650000e-01 2.091599e+00 2.079248e-02
1.800000e-01 2.091599e+00 1.712543e-02
1.950000e-01 2.091599e+00 1.529281e-02
2.100000e-01 2.091599e+00 1.429250e-02
2.250000e-01 2.091599e+00 1.370264e-02
2.400000e-01 2.091599e+00 1.333113e-02
2.550000e-01 2.091599e+00 1.308405e-02
2.700000e-01 2.091599e+00 1.291247e-02
2.850000e-01 2.091599e+00 1.278943e-02
3.000000e-01 2.091599e+00 1.269923e-02
-3.000000e-01 2.105263e+00 1.254042e-02
-2.850000e-01 2.105263e+00 1.262626e-02
-2.700000e-01 2.105263e+00 1.274274e-02
-2.550000e-01 2.105263e+00 1.290417e-02
-2.400000e-01 2.105263e+00 1.313503e-02
-2.250000e-01 2.105263e+00 1.347950e-02
-2.100000e-01 2.105263e+00 1.402178e-02
-1.950000e-01 2.105263e+00 1.493300e-02
-1.800000e-01 2.105263e+00 1.658606e-02
-1.650000e-01 2.105263e+00 1.985887e-02
-1.500000e-01 2.105263e+00 2.700210e-02
-1.350000e-01 2.105263e+00 4.433195e-02
-1.200000e-01 2.105263e+00 9.110821e-02
-1.050000e-01 2.105263e+00 2.278788e-01
-9.000000e-02 2.105263e+00 6.145841e-01
-7.500000e-02 2.105263e+00 1.394101e+00
-6.000000e-02 2.105263e+00 2.074876e+00
-4.500000e-02 2.105263e+00 2.145668e+00
-3.000000e-02 2.105263e+00 1.941319e+00
-1.500000e-02 2.105263e+00 1.769210e+00
5.551115e-17 2.105263e+00 1.708765e+00
1.500000e-02 2.105263e+00 1.769210e+00
3.000000e-02 2.105263e+00 1.941319e+00
4.500000e-02 2.105263e+00 2.145668e+00
6.000000e-02 2.105263e+00 2.074876e+00
7.500000e-02 2.105263e+00 1.394101e+00
9.000000e-02 2.105263e+00 6.145841e-01
1.050000e-01 2.105263e+00 2.278788e-01
1.200000e-01 2.105263e+00 9.110821e-02
1.350000e-01 2.105263e+00 4.433195e-02
1.500000e-01 2.105263e+00 2.700210e-02
1.650000e-01 2.105263e+00 1.985887e-02
1.800000e-01 2.105263e+00 1.658606e-02
1.950000e-01 2.105263e+00 1.493300e-02
2.100000e-01 2.105263e+00 1.402178e-02
2.250000e-01 2.105263e+00 1.347950e-02
2.400000e-01 2.105263e+00 1.313503e-02
2.550000e-01 2.105263e+00 1.290417e-02
2.700000e-01 2.105263e+00 1.274274e-02
2.850000e-01 2.105263e+00 1.262626e-02
3.000000e-01 2.105263e+00 1.254042e-02
-3.000000e-01 2.118927e+00 1.238582e-02
-2.850000e-01 2.118927e+00 1.246776e-02
-2.700000e-01 2.118927e+00 1.257837e-02
-2.550000e-01 2.118927e+00 1.273079e-02
-2.400000e-01 2.118927e+00 1.294734e-02
-2.250000e-01 2.118927e+00 1.326808e-02
-2.100000e-01 2.118927e+00 1.376893e-02
-1.950000e-01 2.118927e+00 1.460318e-02
-1.800000e-01 2.118927e+00 1.610247e-02
-1.650000e-01 2.118927e+00 1.904109e-02
-1.500000e-01 2.118927e+00 2.538450e-02
-1.350000e-01 2.118927e+00 4.058317e-02
-1.200000e-01 2.118927e+00 8.102523e-02
-1.050000e-01 2.118927e+00 1.974530e-01
-9.000000e-02 2.118927e+00 5.222397e-01
-7.500000e-02 2.118927e+00 1.174178e+00
-6.000000e-02 2.118927e+00 1.754336e+00
-4.500000e-02 2.118927e+00 1.836134e+00
-3.000000e-02 2.118927e+00 1.681640e+00
-1.500000e-02 2.118927e+00 1.544794e+00
5.551115e-17 2.118927e+00 1.496019e+00
1.500000e-02 2.118927e+00 1.544794e+00
3.000000e-02 2.118927e+00 1.681640e+00
4.500000e-02 2.118927e+00 1.836134e+00
6.000000e-02 2.118927e+00 1.754336e+00
7.500000e-02 2.118927e+00 1.174178e+00
9.000000e-02 2.118927e+00 5.222397e-01
1.050000e-01 2.118927e+00 1.974530e-01
1.200000e-01 2.118927e+00 8.102523e-02
1.350000e-01 2.118927e+00 4.058317e-02
1.500000e-01 2.118927e+00 2.538450e-02
1.650000e-01 2.118927e+00 1.904109e-02
1.800000e-01 2.118927e+00 1.610247e-02
1.950000e-01 2.118927e+00 1.460318e-02
2.100000e-01 2.118927e+00 1.376893e-02
2.250000e-01 2.118927e+00 1.326808e-02
2.400000e-01 2.118927e+00 1.294734e-02
2.550000e-01 2.118927e+00 1.273079e-02
2.700000e-01 2.118927e+00 1.257837e-02
2.850000e-01 2.118927e+00 1.246776e-02
3.000000e-01 2.118927e+00 1.238582e-02
-3.000000e-01 2.132592e+00 1.223513e-02
-2.850000e-01 2.132592e+00 1.231354e-02
-2.700000e-01 2.132592e+00 1.241888e-02
-2.550000e-01 2.132592e+00 1.256325e-02
-2.400000e-01 2.132592e+00 1.276710e-02
-2.250000e-01 2.132592e+00 1.306691e-02
-2.100000e-01 2.132592e+00 1.353146e-02
-1.950000e-01 2.132592e+00 1.429876e-02
-1.800000e-01 2.132592e+00 1.566544e-02
-1.650000e-01 2.132592e+00 1.831863e-02
-1.500000e-01 2.132592e+00 2.398669e-02
-1.350000e-01 2.132592e+00 3.741016e-02
-1.200000e-01 2.132592e+00 7.265796e-02
-1.050000e-01 2.132592e+00 1.726692e-01
-9.000000e-02 2.132592e+00 4.480698e-01
-7.500000e-02 2.132592e+00 9.984917e-01
-6.000000e-02 2.132592e+00 1.497427e+00
-4.500000e-02 2.132592e+00 1.585294e+00
-3.000000e-02 2.132592e+00 1.468457e+00
-1.500000e-02 2.132592e+00 1.358872e+00
5.551115e-17 2.132592e+00 1.319207e+00
1.500000e-02 2.132592e+00 1.358872e+00
3.000000e-02 2.132592e+00 1.468457e+00
4.500000e-02 2.132592e+00 1.585294e+00
6.000000e-02 2.132592e+00 1.497427e+00
7.500000e-02 2.132592e+00 9.984917e-01
9.000000e-02 2.132592e+00 4.480698e-01
1.050000e-01 2.132592e+00 1.726692e-01
1.200000e-01 2.132592e+00 7.265796e-02
1.350000e-01 2.132592e+00 3.741016e-02
1.500000e-01 2.132592e+00 2.398669e-02
1.650000e-01 2.132592e+00 1.831863e-02
1.800000e-01 2.132592e+00 1.566544e-02
1.950000e-01 2.132592e+00 1.429876e-02
2.100000e-01 2.132592e+00 1.353146e-02
2.250000e-01 2.132592e+00 1.306691e-02
2.400000e-01 2.132592e+00 1.276710e-02
2.550000e-01 2.132592e+00 1.256325e-02
2.700000e-01 2.132592e+00 1.241888e-02
2.850000e-01 2.132592e+00 1.231354e-02
3.000000e-01 2.132592e+00 1.223513e-02
-3.000000e-01 2.146256e+00 1.208809e-02
-2.850000e-01 2.146256e+00 1.216329e-02
-2.700000e-01 2.146256e+00 1.226387e-02
-2.550000e-01 2.146256e+00 1.240102e-02
-2.400000e-01 2.146256e+00 1.259352e-02
-2.250000e-01 2.146256e+00 1.287476e-02
-2.100000e-01 2.146256e+00 1.330731e-02
-1.950000e-01 2.146256e+00 1.401605e-02
-1.800000e-01 2.146256e+00 1.526761e-02
-1.650000e-01 2.146256e+00 1.767531e-02
-1.500000e-01 2.146256e+00 2.276873e-02
-1.350000e-01 2.146256e+00 3.470095e-02
-1.200000e-01 2.146256e+00 6.565008e-02
-1.050000e-01 2.146256e+00 1.522897e-01
-9.000000e-02 2.146256e+00 3.879813e-01
-7.500000e-02 2.146256e+00 8.570827e-01
-6.000000e-02 2.146256e+00 1.289801e+00
-4.500000e-02 2.146256e+00 1.380135e+00
-3.000000e-02 2.146256e+00 1.291833e+00
-1.500000e-02 2.146256e+00 1.203479e+00
5.551115e-17 2.146256e+00 1.170983e+00
1.500000e-02 2.146256e+00 1.203479e+00
3.000000e-02 2.146256e+00 1.291833e+00
4.500000e-02 2.146256e+00 1.380135e+00
6.000000e-02 2.146256e+00 1.289801e+00
7.500000e-02 2.146256e+00 8.570827e-01
9.000000e-02 2.146256e+00 3.879813e-01
1.050000e-01 2.146256e+00 1.522897e-01
1.200000e-01 2.146256e+00 6.565008e-02
1.350000e-01 2.146256e+00 3.470095e-02
1.500000e-01 2.146256e+00 2.276873e-02
1.650000e-01 2.146256e+00 1.767531e-02
1.800000e-01 2.146256e+00 1.526761e-02
1.950000e-01 2.146256e+00 1.401605e-02
2.100000e-01 2.146256e+00 1.330731e-02
2.250000e-01 2.146256e+00 1.287476e-02
2.400000e-01 2.146256e+00 1.259352e-02
2.550000e-01 2.146256e+00 1.240102e-02
2.700000e-01 2.146256e+00 1.226387e-02
2.850000e-01 2.146256e+00 1.216329e-02
3.000000e-01 2.146256e+00 1.208809e-02
-3.000000e-01 2.159920e+00 1.194447e-02
-2.850000e-01 2.159920e+00 1.201674e-02
-2.700000e-01 2.159920e+00 1.211300e-02
-2.550000e-01 2.159920e+00 1.224362e-02
-2.400000e-01 2.159920e+00 1.242595e-02
-2.250000e-01 2.159920e+00 1.269063e-02
-2.100000e-01 2.159920e+00 1.309483e-02
-1.950000e-01 2.159920e+00 1.375202e-02
-1.800000e-01 2.159920e+00 1.490306e-02
-1.650000e-01 2.159920e+00 1.709821e-02
-1.500000e-01 2.159920e+00 2.169916e-02
-1.350000e-01 2.159920e+00 3.236867e-02
-1.200000e-01 2.159920e+00 5.972896e-02
-1.050000e-01 2.159920e+00 1.353751e-01
-9.000000e-02 2.159920e+00 3.388477e-01
-7.500000e-02 2.159920e+00 7.422513e-01
-6.000000e-02 2.159920e+00 1.120465e+00
-4.500000e-02 2.159920e+00 1.210777e+00
-3.000000e-02 2.159920e+00 1.144206e+00
-1.500000e-02 2.159920e+00 1.072515e+00
5.551115e-17 2.159920e+00 1.045707e+00
1.500000e-02 2.159920e+00 1.072515e+00
3.000000e-02 2.159920e+00 1.144206e+00
4.500000e-02 2.159920e+00 1.210777e+00
6.000000e-02 2.159920e+00 1.120465e+00
7.500000e-02 2.159920e+00 7.422513e-01
9.000000e-02 2.159920e+00 3.388477e-01
1.050000e-01 2.159920e+00 1.353751e-01
1.200000e-01 2.159920e+00 5.972896e-02
1.350000e-01 2.159920e+00 3.236867e-02
1.500000e-01 2.159920e+00 2.169916e-02
1.650000e-01 2.159920e+00 1.709821e-02
1.800000e-01 2.159920e+00 1.490306e-02
1.950000e-01 2.159920e+00 1.375202e-02
2.100000e-01 2.159920e+00 1.309483e-02
2.250000e-01 2.159920e+00 1.269063e-02
2.400000e-01 2.159920e+00 1.242595e-02
2.550000e-01 2.159920e+00 1.224362e-02
2.700000e-01 2.159920e+00 1.211300e-02
2.850000e-01 2.159920e+00 1.201674e-02
3.000000e-01 2.159920e+00 1.194447e-02
-3.000000e-01 2.173584e+00 1.180406e-02
-2.850000e-01 2.173584e+00 1.187365e-02
-2.700000e-01 2.173584e+00 1.196597e-02
-2.550000e-01 2.173584e+00 1.209068e-02
-2.400000e-01 2.173584e+00 1.226382e-02
-2.250000e-01 2.173584e+00 1.251366e-02
-2.100000e-01 2.173584e+00 1.289261e-02
-1.950000e-01 2.173584e+00 1.350420e-02
-1.800000e-01 2.173584e+00 1.456695e-02
-1.650000e-01 2.173584e+00 1.657697e-02
-1.500000e-01 2.173584e+00 2.075303e-02
-1.350000e-01 2.173584e+00 3.034535e-02
-1.200000e-01 2.173584e+00 5.468448e-02
-1.050000e-01 2.173584e+00 1.212100e-01
-9.000000e-02 2.173584e+00 2.982955e-01
-7.500000e-02 2.173584e+00 6.481320e-01
-6.000000e-02 2.173584e+00 9.810697e-01
-4.500000e-02 2.173584e+00 1.069714e+00
-3.000000e-02 2.173584e+00 1.019782e+00
-1.500000e-02 2.173584e+00 9.612715e-01
5.551115e-17 2.173584e+00 9.390142e-01
1.500000e-02 2.173584e+00 9.612715e-01
3.000000e-02 2.173584e+00 1.019782e+00
4.500000e-02 2.173584e+00 1.069714e+00
6.000000e-02 2.173584e+00 9.810697e-01
7.500000e-02 2.173584e+00 6.481320e-01
9.000000e-02 2.173584e+00 2.982955e-01
1.050000e-01 2.173584e+00 1.212100e-01
1.200000e-01 2.173584e+00 5.468448e-02
1.350000e-01 2.173584e+00 3.034535e-02
1.500000e-01 2.173584e+00 2.075303e-02
1.650000e-01 2.173584e+00 1.657697e-02
1.800000e-01 2.173584e+00 1.456695e-02
1.950000e-01 2.173584e+00 1.350420e-02
2.100000e-01 2.173584e+00 1.289261e-02
2.250000e-01 2.173584e+00 1.251366e-02
2.400000e-01 2.173584e+00 1.226382e-02
2.550000e-01 2.173584e+00 1.209068e-02
2.700000e-01 2.173584e+00 1.196597e-02
2.850000e-01 2.173584e+00 1.187365e-02
3.000000e-01 2.173584e+00 1.180406e-02
-3.000000e-01 2.187249e+00 1.166670e-02
-2.850000e-01 2.187249e+00 1.173381e-02
-2.700000e-01 2.187249e+00 1.182253e-02
-2.550000e-01 2.187249e+00 1.194185e-02
-2.400000e-01 2.187249e+00 1.210668e-02
-2.250000e-01 2.187249e+00 1.234315e-02
-2.100000e-01 2.187249e+00 1.269950e-02
-1.950000e-01 2.187249e+00 1.327055e-02
-1.800000e-01 2.187249e+00 1.425534e-02
-1.650000e-01 2.187249e+00 1.610319e-02
-1.500000e-01 2.187249e+00 1.991037e-02
-1.350000e-01 2.187249e+00 2.857738e-02
-1.200000e-01 2.187249e+00 5.035332e-02
-1.050000e-01 2.187249e+00 1.092464e-01
-9.000000e-02 2.187249e+00 2.645212e-01
-7.500000e-02 2.187249e+00 5.702738e-01
-6.000000e-02 2.187249e+00 8.652731e-01
-4.500000e-02 2.187249e+00 9.512109e-01
-3.000000e-02 2.187249e+00 9.140892e-01
-1.500000e-02 2.187249e+00 8.660867e-01
5.551115e-17 2.187249e+00 8.474973e-01
1.500000e-02 2.187249e+00 8.660867e-01
3.000000e-02 2.187249e+00 9.140892e-01
4.500000e-02 2.187249e+00 9.512109e-01
6.000000e-02 2.187249e+00 8.652731e-01
7.500000e-02 2.187249e+00 5.702738e-01
9.000000e-02 2.187249e+00 2.645212e-01
1.050000e-01 2.187249e+00 1.092464e-01
1.200000e-01 2.187249e+00 5.035332e-02
1.350000e-01 2.187249e+00 2.857738e-02
1.500000e-01 2.187249e+00 1.991037e-02
1.650000e-01 2.187249e+00 1.610319e-02
1.800000e-01 2.187249e+00 1.425534e-02
1.950000e-01 2.187249e+00 1.327055e-02
2.100000e-01 2.187249e+00 1.269950e-02
2.250000e-01 2.187249e+00 1.234315e-02
2.400000e-01 2.187249e+00 1.210668e-02
2.550000e-01 2.187249e+00 1.194185e-02
2.700000e-01 2.187249e+00 1.182253e-02
2.850000e-01 2.187249e+00 1.173381e-02
3.000000e-01 2.187249e+00 1.166670e-02
-3.000000e-01 2.200913e+00 1.153222e-02
-2.850000e-01 2.200913e+00 1.159705e-02
-2.700000e-01 2.200913e+00 1.168245e-02
-2.550000e-01 2.200913e+00 1.179684e-02
-2.400000e-01 2.200913e+00 1.195412e-02
-2.250000e-01 2.200913e+00 1.217850e-02
-2.100000e-01 2.200913e+00 1.251454e-02
-1.950000e-01 2.200913e+00 1.304936e-02
-1.800000e-01 2.200913e+00 1.396499e-02
-1.650000e-01 2.200913e+00 1.567001e-02
-1.500000e-01 2.200913e+00 1.915507e-02
-1.350000e-01 2.200913e+00 2.702206e-02
-1.200000e-01 2.200913e+00 4.660750e-02
-1.050000e-01 2.200913e+00 9.906116e-02
-9.000000e-02 2.200913e+00 2.361480e-01
-7.500000e-02 2.200913e+00 5.052908e-01
-6.000000e-02 2.200913e+00 7.682414e-01
-4.500000e-02 2.200913e+00 8.508569e-01
-3.000000e-02 2.200913e+00 8.236501e-01
-1.500000e-02 2.200913e+00 7.840856e-01
5.551115e-17 2.200913e+00 7.684752e-01
1.500000e-02 2.200913e+00 7.840856e-01
3.000000e-02 2.200913e+00 8.236501e-01
4.500000e-02 2.200913e+00 8.508569e-01
6.000000e-02 2.200913e+00 7.682414e-01
7.500000e-02 2.200913e+00 5.052908e-01
9.000000e-02 2.200913e+00 2.361480e-01
1.050000e-01 2.200913e+00 9.906116e-02
1.200000e-01 2.200913e+00 4.660750e-02
1.350000e-01 2.200913e+00 2.702206e-02
1.500000e-01 2.200913e+00 1.915507e-02
1.650000e-01 2.200913e+00 1.567001e-02
1.800000e-01 2.200913e+00 1.396499e-02
1.950000e-01 2.200913e+00 1.304936e-02
2.100000e-01 2.200913e+00 1.251454e-02
2.250000e-01 2.200913e+00 1.217850e-02
2.400000e-01 2.200913e+00 1.195412e-02
2.550000e-01 2.200913e+00 1.179684e-02
2.700000e-01 2.200913e+00 1.168245e-02
2.850000e-01 2.200913e+00 1.159705e-02
3.000000e-01 2.200913e+00 1.153222e-02
-3.000000e-01 2.214577e+00 1.140050e-02
-2.850000e-01 2.214577e+00 1.146321e-02
-2.700000e-01 2.214577e+00 1.154555e-02
-2.550000e-01 2.214577e+00 1.165541e-02
-2.400000e-01 2.214577e+00 1.180579e-02
-2.250000e-01 2.214577e+00 1.201919e-02
-2.100000e-01 2.214577e+00 1.233689e-02
-1.950000e-01 2.214577e+00 1.283921e-02
-1.800000e-01 2.214577e+00 1.369319e-02
-1.650000e-01 2.214577e+00 1.527179e-02
-1.500000e-01 2.214577e+00 1.847405e-02
-1.350000e-01 2.214577e+00 2.564517e-02
-1.200000e-01 2.214577e+00 4.334585e-02
-1.050000e-01 2.214577e+00 9.032504e-02
-9.000000e-02 2.214577e+00 2.121173e-01
-7.500000e-02 2.214577e+00 4.505933e-01
-6.000000e-02 2.214577e+00 6.862640e-01
-4.500000e-02 2.214577e+00 7.652309e-01
-3.000000e-02 2.214577e+00 7.457346e-01
-1.500000e-02 2.214577e+00 7.129936e-01
5.551115e-17 2.214577e+00 6.998197e-01
1.500000e-02 2.214577e+00 7.129936e-01
3.000000e-02 2.214577e+00 7.457346e-01
4.500000e-02 2.214577e+00 7.652309e-01
6.000000e-02 2.214577e+00 6.862640e-01
7.500000e-02 2.214577e+00 4.505933e-01
9.000000e-02 2.214577e+00 2.121173e-01
1.050000e-01 2.214577e+00 9.032504e-02
1.200000e-01 2.214577e+00 4.334585e-02
1.350000e-01 2.214577e+00 2.564517e-02
1.500000e-01 2.214577e+00 1.847405e-02
1.650000e-01 2.214577e+00 1.527179e-02
1.800000e-01 2.214577e+00 1.369319e-02
1.950000e-01 2.214577e+00 1.283921e-02
2.100000e-01 2.214577e+00 1.233689e-02
2.250000e-01 2.214577e+00 1.201919e-02
2.400000e-01 2.214577e+00 1.180579e-02
2.550000e-01 2.214577e+00 1.165541e-02
2.700000e-01 2.214577e+00 1.154555e-02
2.850000e-01 2.214577e+00 1.146321e-02
3.000000e-01 2.214577e+00 1.140050e-02
-3.000000e-01 2.228242e+00 1.127141e-02
-2.850000e-01 2.228242e+00 1.133215e-02
-2.700000e-01 2.228242e+00 1.141165e-02
-2.550000e-01 2.228242e+00 1.151734e-02
-2.400000e-01 2.228242e+00 1.166139e-02
-2.250000e-01 2.228242e+00 1.186479e-02
-2.100000e-01 2.228242e+00 1.216587e-02
-1.950000e-01 2.228242e+00 1.263891e-02
-1.800000e-01 2.228242e+00 1.343769e-02
-1.650000e-01 2.228242e+00 1.490388e-02
-1.500000e-01 2.228242e+00 1.785658e-02
-1.350000e-01 2.228242e+00 2.441902e-02
-1.200000e-01 2.228242e+00 4.048772e-02
-1.050000e-01 2.228242e+00 8.277945e-02
-9.000000e-02 2.228242e+00 1.916086e-01
-7.500000e-02 2.228242e+00 4.041858e-01
-6.000000e-02 2.228242e+00 6.164712e-01
-4.500000e-02 2.228242e+00 6.916575e-01
-3.000000e-02 2.228242e+00 6.781820e-01
-1.500000e-02 2.228242e+00 6.509951e-01
5.551115e-17 2.228242e+00 6.398273e-01
1.500000e-02 2.228242e+00 6.509951e-01
3.000000e-02 2.228242e+00 6.781820e-01
4.500000e-02 2.228242e+00 6.916575e-01
6.000000e-02 2.228242e+00 6.164712e-01
7.500000e-02 2.228242e+00 4.041858e-01
9.000000e-02 2.228242e+00 1.916086e-01
1.050000e-01 2.228242e+00 8.277945e-02
1.200000e-01 2.228242e+00 4.048772e-02
1.350000e-01 2.228242e+00 2.441902e-02
1.500000e-01 2.228242e+00 1.785658e-02
1.650000e-01 2.228242e+00 1.490388e-02
1.800000e-01 2.228242e+00 1.343769e-02
1.950000e-01 2.228242e+00 1.263891e-02
2.100000e-01 2.228242e+00 1.216587e-02
2.250000e-01 2.228242e+00 1.186479e-02
2.400000e-01 2.228242e+00 1.166139e-02
2.550000e-01 2.228242e+00 1.151734e-02
2.700000e-01 2.228242e+00 1.141165e-02
2.850000e-01 2.228242e+00 1.133215e-02
3.000000e-01 2.228242e+00 1.127141e-02
-3.000000e-01 2.241906e+00 1.114483e-02
-2.850000e-01 2.241906e+00 1.120373e-02
-2.700000e-01 2.241906e+00 1.128060e-02
-2.550000e-01 2.241906e+00 1.138244e-02
-2.400000e-01 2.241906e+00 1.152066e-02
-2.250000e-01 2.241906e+00 1.171491e-02
-2.100000e-01 2.241906e+00 1.200087e-02
-1.950000e-01 2.241906e+00 1.244743e-02
-1.800000e-01 2.241906e+00 1.319659e-02
-1.650000e-01 2.241906e+00 1.456239e-02
-1.500000e-01 2.241906e+00 1.729383e-02
-1.350000e-01 2.241906e+00 2.332104e-02
-1.200000e-01 2.241906e+00 3.796830e-02
-1.050000e-01 2.241906e+00 7.621969e-02
-9.000000e-02 2.241906e+00 1.739807e-01
-7.500000e-02 2.241906e+00 3.645180e-01
-6.000000e-02 2.241906e+00 5.566242e-01
-4.500000e-02 2.241906e+00 6.280267e-01
-3.000000e-02 2.241906e+00 6.192681e-01
-1.500000e-02 2.241906e+00 5.966299e-01
5.551115e-17 2.241906e+00 5.871240e-01
1.500000e-02 2.241906e+00 5.966299e-01
3.000000e-02 2.241906e+00 6.192681e-01
4.500000e-02 2.241906e+00 6.280267e-01
6.000000e-02 2.241906e+00 5.566242e-01
7.500000e-02 2.241906e+00 3.645180e-01
9.000000e-02 2.241906e+00 1.739807e-01
1.050000e-01 2.241906e+00 7.621969e-02
1.200000e-01 2.241906e+00 3.796830e-02
1.350000e-01 2.241906e+00 2.332104e-02
1.500000e-01 2.241906e+00 1.729383e-02
1.650000e-01 2.241906e+00 1.456239e-02
1.800000e-01 2.241906e+00 1.319659e-02
1.950000e-01 2.241906e+00 1.244743e-02
2.100000e-01 2.241906e+00 1.200087e-02
2.250000e-01 2.241906e+00 1.171491e-02
2.400000e-01 2.241906e+00 1.152066e-02
2.550000e-01 2.241906e+00 1.138244e-02
2.700000e-01 2.241906e+00 1.128060e-02
2.850000e-01 2.241906e+00 1.120373e-02
3.000000e-01 2.241906e+00 1.114483e-02
-3.000000e-01 2.255570e+00 1.102068e-02
-2.850000e-01 2.255570e+00 1.107785e-02
-2.700000e-01 2.255570e+00 1.115227e-02
-2.550000e-01 2.255570e+00 1.125052e-02
-2.400000e-01 2.255570e+00 1.138337e-02
-2.250000e-01 2.255570e+00 1.156922e-02
-2.100000e-01 2.255570e+00 1.184138e-02
-1.950000e-01 2.255570e+00 1.226391e-02
-1.800000e-01 2.255570e+00 1.296829e-02
-1.650000e-01 2.255570e+00 1.424407e-02
-1.500000e-01 2.255570e+00 1.677846e-02
-1.350000e-01 2.255570e+00 2.233273e-02
-1.200000e-01 2.255570e+00 3.573512e-02
-1.050000e-01 2.255570e+00 7.048233e-02
-9.000000e-02 2.255570e+00 1.587282e-01
-7.500000e-02 2.255570e+00 3.303755e-01
-6.000000e-02 2.255570e+00 5.049621e-01
-4.500000e-02 2.255570e+00 5.726598e-01
-3.000000e-02 2.255570e+00 5.676058e-01
-1.500000e-02 2.255570e+00 5.487142e-01
5.551115e-17 2.255570e+00 5.405933e-01
1.500000e-02 2.255570e+00 5.487142e-01
3.000000e-02 2.255570e+00 5.676058e-01
4.500000e-02 2.255570e+00 5.726598e-01
6.000000e-02 2.255570e+00 5.049621e-01
7.500000e-02 2.255570e+00 3.303755e-01
9.000000e-02 2.255570e+00 1.587282e-01
1.050000e-01 2.255570e+00 7.048233e-02
1.200000e-01 2.255570e+00 3.573512e-02
1.350000e-01 2.255570e+00 2.233273e-02
1.500000e-01 2.255570e+00 1.677846e-02
1.650000e-01 2.255570e+00 1.424407e-02
1.800000e-01 2.255570e+00 1.296829e-02
1.950000e-01 2.255570e+00 1.226391e-02
2.100000e-01 2.255570e+00 1.184138e-02
2.250000e-01 2.255570e+00 1.156922e-02
2.400000e-01 2.255570e+00 1.138337e-02
2.550000e-01 2.255570e+00 1.125052e-02
2.700000e-01 2.255570e+00 1.115227e-02
2.850000e-01 2.255570e+00 1.107785e-02
3.000000e-01 2.255570e+00 1.102068e-02
-3.000000e-01 2.269234e+00 1.089885e-02
-2.850000e-01 2.269234e+00 1.095441e-02
-2.700000e-01 2.269234e+00 1.102652e-02
-2.550000e-01 2.269234e+00 1.112145e-02
-2.400000e-01 2.269234e+00 1.124933e-02
-2.250000e-01 2.269234e+00 1.142744e-02
-2.100000e-01 2.269234e+00 1.168696e-02
-1.950000e-01 2.269234e+00 1.208759e-02
-1.800000e-01 2.269234e+00 1.275142e-02
-1.650000e-01 2.269234e+00 1.394616e-02
-1.500000e-01 2.269234e+00 1.630435e-02
-1.350000e-01 2.269234e+00 2.143880e-02
-1.200000e-01 2.269234e+00 3.374537e-02
-1.050000e-01 2.269234e+00 6.543583e-02
-9.000000e-02 2.269234e+00 1.454492e-01
-7.500000e-02 2.269234e+00 3.007986e-01
-6.000000e-02 2.269234e+00 4.600876e-01
-4.500000e-02 2.269234e+00 5.242111e-01
-3.000000e-02 2.269234e+00 5.220707e-01
-1.500000e-02 2.269234e+00 5.062816e-01
5.551115e-17 2.269234e+00 4.993209e-01
1.500000e-02 2.269234e+00 5.062816e-01
3.000000e-02 2.269234e+00 5.220707e-01
4.500000e-02 2.269234e+00 5.242111e-01
6.000000e-02 2.269234e+00 4.600876e-01
7.500000e-02 2.269234e+00 3.007986e-01
9.000000e-02 2.269234e+00 1.454492e-01
1.050000e-01 2.269234e+00 6.543583e-02
1.200000e-01 2.269234e+00 3.374537e-02
1.350000e-01 2.269234e+00 2.143880e-02
1.500000e-01 2.269234e+00 1.630435e-02
1.650000e-01 2.269234e+00 1.394616e-02
1.800000e-01 2.269234e+00 1.275142e-02
1.950000e-01 2.269234e+00 1.208759e-02
2.100000e-01 2.269234e+00 1.168696e-02
2.250000e-01 2.269234e+00 1.142744e-02
2.400000e-01 2.269234e+00 1.124933e-02
2.550000e-01 2.269234e+00 1.112145e-02
2.700000e-01 2.269234e+00 1.102652e-02
2.850000e-01 2.269234e+00 1.095441e-02
3.000000e-01 2.269234e+00 1.089885e-02
-3.000000e-01 2.282899e+00 1.077927e-02
-2.850000e-01 2.282899e+00 1.083330e-02
-2.700000e-01 2.282899e+00 1.090326e-02
-2.550000e-01 2.282899e+00 1.099508e-02
-2.400000e-01 2.282899e+00 1.111834e-02
-2.250000e-01 2.282899e+00 1.128931e-02
-2.100000e-01 2.282899e+00 1.153721e-02
-1.950000e-01 2.282899e+00 1.191783e-02
-1.800000e-01 2.282899e+00 1.254481e-02
-1.650000e-01 2.282899e+00 1.366635e-02
-1.500000e-01 2.282899e+00 1.586635e-02
-1.350000e-01 2.282899e+00 2.062655e-02
-1.200000e-01 2.282899e+00 3.196386e-02
-1.050000e-01 2.282899e+00 6.097355e-02
-9.000000e-02 2.282899e+00 1.338219e-01
-7.500000e-02 2.282899e+00 2.750225e-01
-6.000000e-02 2.282899e+00 4.208831e-01
-4.500000e-02 2.282899e+00 4.815927e-01
-3.000000e-02 2.282899e+00 4.817448e-01
-1.500000e-02 2.282899e+00 4.685373e-01
5.551115e-17 2.282899e+00 4.625537e-01
1.500000e-02 2.282899e+00 4.685373e-01
3.000000e-02 2.282899e+00 4.817448e-01
4.500000e-02 2.282899e+00 4.815927e-01
6.000000e-02 2.282899e+00 4.208831e-01
7.500000e-02 2.282899e+00 2.750225e-01
9.000000e-02 2.282899e+00 1.338219e-01
1.050000e-01 2.282899e+00 6.097355e-02
1.200000e-01 2.282899e+00 3.196386e-02
1.350000e-01 2.282899e+00 2.062655e-02
1.500000e-01 2.282899e+00 1.586635e-02
1.650000e-01 2.282899e+00 1.366635e-02
1.800000e-01 2.282899e+00 1.254481e-02
1.950000e-01 2.282899e+00 1.191783e-02
2.100000e-01 2.282899e+00 1.153721e-02
2.250000e-01 2.282899e+00 1.128931e-02
2.400000e-01 2.282899e+00 1.111834e-02
2.550000e-01 2.282899e+00 1.099508e-02
2.700000e-01 2.282899e+00 1.090326e-02
2.850000e-01 2.282899e+00 1.083330e-02
3.000000e-01 2.282899e+00 1.077927e-02
-3.000000e-01 2.296563e+00 1.066185e-02
-2.850000e-01 2.296563e+00 1.071444e-02
-2.700000e-01 2.296563e+00 1.078237e-02
-2.550000e-01 2.296563e+00 1.087130e-02
-2.400000e-01 2.296563e+00 1.099026e-02
-2.250000e-01 2.296563e+00 1.115460e-02
-2.100000e-01 2.296563e+00 1.139180e-02
-1.950000e-01 2.296563e+00 1.175409e-02
-1.800000e-01 2.296563e+00 1.234747e-02
-1.650000e-01 2.296563e+00 1.340265e-02
-1.500000e-01 2.296563e+00 1.546012e-02
-1.350000e-01 2.296563e+00 1.988534e-02
-1.200000e-01 2.296563e+00 3.036152e-02
-1.050000e-01 2.296563e+00 5.700835e-02
-9.000000e-02 2.296563e+00 1.235860e-01
-7.500000e-02 2.296563e+00 2.524331e-01
-6.000000e-02 2.296563e+00 3.864475e-01
-4.500000e-02 2.296563e+00 4.439190e-01
-3.000000e-02 2.296563e+00 4.458732e-01
-1.500000e-02 2.296563e+00 4.348235e-01
5.551115e-17 2.296563e+00 4.296667e-01
1.500000e-02 2.296563e+00 4.348235e-01
3.000000e-02 2.296563e+00 4.458732e-01
4.500000e-02 2.296563e+00 4.439190e-01
6.000000e-02 2.296563e+00 3.864475e-01
7.500000e-02 2.296563e+00 2.524331e-01
9.000000e-02 2.296563e+00 1.235860e-01
1.050000e-01 2.296563e+00 5.700835e-02
1.200000e-01 2.296563e+00 3.036152e-02
1.350000e-01 2.296563e+00 1.988534e-02
1.500000e-01 2.296563e+00 1.546012e-02
1.650000e-01 2.296563e+00 1.340265e-02
1.800000e-01 2.296563e+00 1.234747e-02
1.950000e-01 2.296563e+00 1.175409e-02
2.100000e-01 2.296563e+00 1.139180e-02
2.250000e-01 2.296563e+00 1.115460e-02
2.400000e-01 2.296563e+00 1.099026e-02
2.550000e-01 2.296563e+00 1.087130e-02
2.700000e-01 2.296563e+00 1.078237e-02
2.850000e-01 2.296563e+00 1.071444e-02
3.000000e-01 2.296563e+00 1.066185e-02
-3.000000e-01 2.310227e+00 1.054652e-02
-2.850000e-01 2.310227e+00 1.059775e-02
-2.700000e-01 2.310227e+00 1.066378e-02
-2.550000e-01 2.310227e+00 1.074998e-02
-2.400000e-01 2.310227e+00 1.086493e-02
-2.250000e-01 2.310227e+00 1.102312e-02
-2.100000e-01 2.310227e+00 1.125043e-02
-1.950000e-01 2.310227e+00 1.159586e-02
-1.800000e-01 2.310227e+00 1.215853e-02
-1.650000e-01 2.310227e+00 1.315335e-02
-1.500000e-01 2.310227e+00 1.508195e-02
-1.350000e-01 2.310227e+00 1.920622e-02
-1.200000e-01 2.310227e+00 2.891414e-02
-1.050000e-01 2.310227e+00 5.346858e-02
-9.000000e-02 2.310227e+00 1.145300e-01
-7.500000e-02 2.310227e+00 2.325332e-01
-6.000000e-02 2.310227e+00 3.560489e-01
-4.500000e-02 2.310227e+00 4.104639e-01
-3.000000e-02 2.310227e+00 4.138311e-01
-1.500000e-02 2.310227e+00 4.045927e-01
5.551115e-17 2.310227e+00 4.001385e-01
1.500000e-02 2.310227e+00 4.045927e-01
3.000000e-02 2.310227e+00 4.138311e-01
4.500000e-02 2.310227e+00 4.104639e-01
6.000000e-02 2.310227e+00 3.560489e-01
7.500000e-02 2.310227e+00 2.325332e-01
9.000000e-02 2.310227e+00 1.145300e-01
1.050000e-01 2.310227e+00 5.346858e-02
1.200000e-01 2.310227e+00 2.891414e-02
1.350000e-01 2.310227e+00 1.920622e-02
1.500000e-01 2.310227e+00 1.508195e-02
1.650000e-01 2.310227e+00 1.315335e-02
1.800000e-01 2.310227e+00 1.215853e-02
1.950000e-01 2.310227e+00 1.159586e-02
2.100000e-01 2.310227e+00 1.125043e-02
2.250000e-01 2.310227e+00 1.102312e-02
2.400000e-01 2.310227e+00 1.086493e-02
2.550000e-01 2.310227e+00 1.074998e-02
2.700000e-01 2.310227e+00 1.066378e-02
2.850000e-01 2.310227e+00 1.059775e-02
3.000000e-01 2.310227e+00 1.054652e-02
-3.000000e-01 2.323891e+00 1.043322e-02
-2.850000e-01 2.323891e+00 1.048316e-02
-2.700000e-01 2.323891e+00 1.054739e-02
-2.550000e-01 2.323891e+00 1.063103e-02
-2.400000e-01 2.323891e+00 1.074222e-02
-2.250000e-01 2.323891e+00 1.089470e-02
-2.100000e-01 2.323891e+00 1.111284e-02
-1.950000e-01 2.323891e+00 1.144273e-02
-1.800000e-01 2.323891e+00 1.197723e-02
-1.650000e-01 2.323891e+00 1.291700e-02
-1.500000e-01 2.323891e+00 1.472871e-02
-1.350000e-01 2.323891e+00 1.858164e-02
-1.200000e-01 2.323891e+00 2.760145e-02
-1.050000e-01 2.323891e+00 5.029488e-02
-9.000000e-02 2.323891e+00 1.064803e-01
-7.500000e-02 2.323891e+00 2.149172e-01
-6.000000e-02 2.323891e+00 3.290882e-01
-4.500000e-02 2.323891e+00 3.806279e-01
-3.000000e-02 2.323891e+00 3.850982e-01
-1.500000e-02 2.323891e+00 3.773859e-01
5.551115e-17 2.323891e+00 3.735314e-01
1.500000e-02 2.323891e+00 3.773859e-01
3.000000e-02 2.323891e+00 3.850982e-01
4.500000e-02 2.323891e+00 3.806279e-01
6.000000e-02 2.323891e+00 3.290882e-01
7.500000e-02 2.323891e+00 2.149172e-01
9.000000e-02 2.323891e+00 1.064803e-01
1.050000e-01 2.323891e+00 5.029488e-02
1.200000e-01 2.323891e+00 2.760145e-02
1.350000e-01 2.323891e+00 1.858164e-02
1.500000e-01 2.323891e+00 1.472871e-02
1.650000e-01 2.323891e+00 1.291700e-02
1.800000e-01 2.323891e+00 1.197723e-02
1.950000e-01 2.323891e+00 1.144273e-02
2.100000e-01 2.323891e+00 1.111284e-02
2.250000e-01 2.323891e+00 1.089470e-02
2.400000e-01 2.323891e+00 1.074222e-02
2.550000e-01 2.323891e+00 1.063103e-02
2.700000e-01 2.323891e+00 1.054739e-02
2.850000e-01 2.323891e+00 1.048316e-02
3.000000e-01 2.323891e+00 1.043322e-02
-3.000000e-01 2.337556e+00 1.032189e-02
-2.850000e-01 2.337556e+00 1.037060e-02
-2.700000e-01 2.337556e+00 1.043312e-02
-2.550000e-01 2.337556e+00 1.051435e-02
-2.400000e-01 2.337556e+00 1.062202e-02
-2.250000e-01 2.337556e+00 1.076915e-02
-2.100000e-01 2.337556e+00 1.097879e-02
-1.950000e-01 2.337556e+00 1.129432e-02
-1.800000e-01 2.337556e+00 1.180292e-02
-1.650000e-01 2.337556e+00 1.269234e-02
-1.500000e-01 2.337556e+00 1.439769e-02
-1.350000e-01 2.337556e+00 1.800515e-02
-1.200000e-01 2.337556e+00 2.640638e-02
-1.050000e-01 2.337556e+00 4.743784e-02
-9.000000e-02 2.337556e+00 9.929381e-02
-7.500000e-02 2.337556e+00 1.992524e-01
-6.000000e-02 2.337556e+00 3.050720e-01
-4.500000e-02 2.337556e+00 3.539129e-01
-3.000000e-02 2.337556e+00 3.592386e-01
-1.500000e-02 2.337556e+00 3.528168e-01
5.551115e-17 2.337556e+00 3.494760e-01
1.500000e-02 2.337556e+00 3.528168e-01
3.000000e-02 2.337556e+00 3.592386e-01
4.500000e-02 2.337556e+00 3.539129e-01
6.000000e-02 2.337556e+00 3.050720e-01
7.500000e-02 2.337556e+00 1.992524e-01
9.000000e-02 2.337556e+00 9.929381e-02
1.050000e-01 2.337556e+00 4.743784e-02
1.200000e-01 2.337556e+00 2.640638e-02
1.350000e-01 2.337556e+00 1.800515e-02
1.500000e-01 2.337556e+00 1.439769e-02
1.650000e-01 2.337556e+00 1.269234e-02
1.800000e-01 2.337556e+00 1.180292e-02
1.950000e-01 2.337556e+00 1.129432e-02
2.100000e-01 2.337556e+00 1.097879e-02
2.250000e-01 2.337556e+00 1.076915e-02
2.400000e-01 2.337556e+00 1.062202e-02
2.550000e-01 2.337556e+00 1.051435e-02
2.700000e-01 2.337556e+00 1.043312e-02
2.850000e-01 2.337556e+00 1.037060e-02
3.000000e-01 2.337556e+00 1.032189e-02
-3.000000e-01 2.351220e+00 1.021246e-02
-2.850000e-01 2.351220e+00 1.026000e-02
-2.700000e-01 2.351220e+00 1.032091e-02
-2.550000e-01 2.351220e+00 1.039986e-02
-2.400000e-01 2.351220e+00 1.050423e-02
-2.250000e-01 2.351220e+00 1.064636e-02
-2.100000e-01 2.351220e+00 1.084807e-02
-1.950000e-01 2.351220e+00 1.115029e-02
-1.800000e-01 2.351220e+00 1.163501e-02
-1.650000e-01 2.351220e+00 1.247825e-02
-1.500000e-01 2.351220e+00 1.408656e-02
-1.350000e-01 2.351220e+00 1.747128e-02
-1.200000e-01 2.351220e+00 2.531450e-02
-1.050000e-01 2.351220e+00 4.485603e-02
-9.000000e-02 2.351220e+00 9.285170e-02
-7.500000e-02 2.351220e+00 1.852635e-01
-6.000000e-02 2.351220e+00 2.835913e-01
-4.500000e-02 2.351220e+00 3.299029e-01
-3.000000e-02 2.351220e+00 3.358852e-01
-1.500000e-02 2.351220e+00 3.305581e-01
5.551115e-17 2.351220e+00 3.276590e-01
1.500000e-02 2.351220e+00 3.305581e-01
3.000000e-02 2.351220e+00 3.358852e-01
4.500000e-02 2.351220e+00 3.299029e-01
6.000000e-02 2.351220e+00 2.835913e-01
7.500000e-02 2.351220e+00 1.852635e-01
9.000000e-02 2.351220e+00 9.285170e-02
1.050000e-01 2.351220e+00 4.485603e-02
1.200000e-01 2.351220e+00 2.531450e-02
1.350000e-01 2.351220e+00 1.747128e-02
1.500000e-01 2.351220e+00 1.408656e-02
1.650000e-01 2.351220e+00 1.247825e-02
1.800000e-01 2.351220e+00 1.163501e-02
1.950000e-01 2.351220e+00 1.115029e-02
2.100000e-01 2.351220e+00 1.084807e-02
2.250000e-01 2.351220e+00 1.064636e-02
2.400000e-01 2.351220e+00 1.050423e-02
2.550000e-01 2.351220e+00 1.039986e-02
2.700000e-01 2.351220e+00 1.032091e-02
2.850000e-01 2.351220e+00 1.026000e-02
3.000000e-01 2.351220e+00 1.021246e-02
-3.000000e-01 2.364884e+00 1.010488e-02
-2.850000e-01 2.364884e+00 1.015131e-02
-2.700000e-01 2.364884e+00 1.021069e-02
-2.550000e-01 2.364884e+00 1.028748e-02
-2.400000e-01 2.364884e+00 1.038873e-02
-2.250000e-01 2.364884e+00 1.052618e-02
-2.100000e-01 2.364884e+00 1.072049e-02
-1.950000e-01 2.364884e+00 1.101036e-02
-1.800000e-01 2.364884e+00 1.147302e-02
-1.650000e-01 2.364884e+00 1.227378e-02
-1.500000e-01 2.364884e+00 1.379330e-02
-1.350000e-01 2.364884e+00 1.697529e-02
-1.200000e-01 2.364884e+00 2.431351e-02
-1.050000e-01 2.364884e+00 4.251453e-02
-9.000000e-02 2.364884e+00 8.705467e-02
-7.500000e-02 2.364884e+00 1.727215e-01
-6.000000e-02 2.364884e+00 2.643047e-01
-4.500000e-02 2.364884e+00 3.082480e-01
-3.000000e-02 2.364884e+00 3.147271e-01
-1.500000e-02 2.364884e+00 3.103313e-01
5.551115e-17 2.364884e+00 3.078132e-01
1.500000e-02 2.364884e+00 3.103313e-01
3.000000e-02 2.364884e+00 3.147271e-01
4.500000e-02 2.364884e+00 3.082480e-01
6.000000e-02 2.364884e+00 2.643047e-01
7.500000e-02 2.364884e+00 1.727215e-01
9.000000e-02 2.364884e+00 8.705467e-02
1.050000e-01 2.364884e+00 4.251453e-02
1.200000e-01 2.364884e+00 2.431351e-02
1.350000e-01 2.364884e+00 1.697529e-02
1.500000e-01 2.364884e+00 1.379330e-02
1.650000e-01 2.364884e+00 1.227378e-02
1.800000e-01 2.364884e+00 1.147302e-02
1.950000e-01 2.364884e+00 1.101036e-02
2.100000e-01 2.364884e+00 1.072049e-02
2.250000e-01 2.364884e+00 1.052618e-02
2.400000e-01 2.364884e+00 1.038873e-02
2.550000e-01 2.364884e+00 1.028748e-02
2.700000e-01 2.364884e+00 1.021069e-02
2.850000e-01 2.364884e+00 1.015131e-02
3.000000e-01 2.364884e+00 1.010488e-02
