# MAPbI3 n=3 superfluid scan | Eg=2.178282 eV  Ex=1.991594 eV  binding=186.7 meV | density n = G_DEG * INT d2k/(2pi)^2 f_c (Kramers degeneracy G_DEG=2)
# target_n=2.000e+11 cm^-2  n=3.086852e+11 cm^-2  dmu=1.994100 eV  BEC
# kx_invA  omega_eV  A_kw
-3.000000e-01 -6.275930e-01 5.494448e-01
-2.850000e-01 -6.275930e-01 5.361379e-01
-2.700000e-01 -6.275930e-01 5.211647e-01
-2.550000e-01 -6.275930e-01 5.044250e-01
-2.400000e-01 -6.275930e-01 4.858413e-01
-2.250000e-01 -6.275930e-01 4.653761e-01
-2.100000e-01 -6.275930e-01 4.430548e-01
-1.950000e-01 -6.275930e-01 4.189922e-01
-1.800000e-01 -6.275930e-01 3.934219e-01
-1.650000e-01 -6.275930e-01 3.667193e-01
-1.500000e-01 -6.275930e-01 3.394123e-01
-1.350000e-01 -6.275930e-01 3.121645e-01
-1.200000e-01 -6.275930e-01 2.857264e-01
-1.050000e-01 -6.275930e-01 2.608524e-01
-9.000000e-02 -6.275930e-01 2.381971e-01
-7.500000e-02 -6.275930e-01 2.182070e-01
-6.000000e-02 -6.275930e-01 2.010262e-01
-4.500000e-02 -6.275930e-01 1.864906e-01
-3.000000e-02 -6.275930e-01 1.744897e-01
-1.500000e-02 -6.275930e-01 1.658787e-01
5.551115e-17 -6.275930e-01 1.626285e-01
1.500000e-02 -6.275930e-01 1.658787e-01
3.000000e-02 -6.275930e-01 1.744897e-01
4.500000e-02 -6.275930e-01 1.864906e-01
6.000000e-02 -6.275930e-01 2.010262e-01
7.500000e-02 -6.275930e-01 2.182070e-01
9.000000e-02 -6.275930e-01 2.381971e-01
1.050000e-01 -6.275930e-01 2.608524e-01
1.200000e-01 -6.275930e-01 2.857264e-01
1.350000e-01 -6.275930e-01 3.121645e-01
1.500000e-01 -6.275930e-01 3.394123e-01
1.650000e-01 -6.275930e-01 3.667193e-01
1.800000e-01 -6.275930e-01 3.934219e-01
1.950000e-01 -6.275930e-01 4.189922e-01
2.100000e-01 -6.275930e-01 4.430548e-01
2.250000e-01 -6.275930e-01 4.653761e-01
2.400000e-01 -6.275930e-01 4.858413e-01
2.550000e-01 -6.275930e-01 5.044250e-01
2.700000e-01 -6.275930e-01 5.211647e-01
2.850000e-01 -6.275930e-01 5.361379e-01
3.000000e-01 -6.275930e-01 5.494448e-01
-3.000000e-01 -6.139287e-01 5.931050e-01
-2.850000e-01 -6.139287e-01 5.782144e-01
-2.700000e-01 -6.139287e-01 5.614826e-01
-2.550000e-01 -6.139287e-01 5.428065e-01
-2.400000e-01 -6.139287e-01 5.221108e-01
-2.250000e-01 -6.139287e-01 4.993665e-01
-2.100000e-01 -6.139287e-01 4.746162e-01
-1.950000e-01 -6.139287e-01 4.480038e-01
-1.800000e-01 -6.139287e-01 4.198039e-01
-1.650000e-01 -6.139287e-01 3.904466e-01
-1.500000e-01 -6.139287e-01 3.605247e-01
-1.350000e-01 -6.139287e-01 3.307728e-01
-1.200000e-01 -6.139287e-01 3.020101e-01
-1.050000e-01 -6.139287e-01 2.750489e-01
-9.000000e-02 -6.139287e-01 2.505831e-01
-7.500000e-02 -6.139287e-01 2.290753e-01
-6.000000e-02 -6.139287e-01 2.106622e-01
-4.500000e-02 -6.139287e-01 1.951534e-01
-3.000000e-02 -6.139287e-01 1.824128e-01
-1.500000e-02 -6.139287e-01 1.733107e-01
5.551115e-17 -6.139287e-01 1.698832e-01
1.500000e-02 -6.139287e-01 1.733107e-01
3.000000e-02 -6.139287e-01 1.824128e-01
4.500000e-02 -6.139287e-01 1.951534e-01
6.000000e-02 -6.139287e-01 2.106622e-01
7.500000e-02 -6.139287e-01 2.290753e-01
9.000000e-02 -6.139287e-01 2.505831e-01
1.050000e-01 -6.139287e-01 2.750489e-01
1.200000e-01 -6.139287e-01 3.020101e-01
1.350000e-01 -6.139287e-01 3.307728e-01
1.500000e-01 -6.139287e-01 3.605247e-01
1.650000e-01 -6.139287e-01 3.904466e-01
1.800000e-01 -6.139287e-01 4.198039e-01
1.950000e-01 -6.139287e-01 4.480038e-01
2.100000e-01 -6.139287e-01 4.746162e-01
2.250000e-01 -6.139287e-01 4.993665e-01
2.400000e-01 -6.139287e-01 5.221108e-01
2.550000e-01 -6.139287e-01 5.428065e-01
2.700000e-01 -6.139287e-01 5.614826e-01
2.850000e-01 -6.139287e-01 5.782144e-01
3.000000e-01 -6.139287e-01 5.931050e-01
-3.000000e-01 -6.002645e-01 6.420958e-01
-2.850000e-01 -6.002645e-01 6.253643e-01
-2.700000e-01 -6.002645e-01 6.065922e-01
-2.550000e-01 -6.002645e-01 5.856744e-01
-2.400000e-01 -6.002645e-01 5.625392e-01
-2.250000e-01 -6.002645e-01 5.371695e-01
-2.100000e-01 -6.002645e-01 5.096299e-01
-1.950000e-01 -6.002645e-01 4.800990e-01
-1.800000e-01 -6.002645e-01 4.489009e-01
-1.650000e-01 -6.002645e-01 4.165290e-01
-1.500000e-01 -6.002645e-01 3.836508e-01
-1.350000e-01 -6.002645e-01 3.510811e-01
-1.200000e-01 -6.002645e-01 3.197154e-01
-1.050000e-01 -6.002645e-01 2.904284e-01
-9.000000e-02 -6.002645e-01 2.639547e-01
-7.500000e-02 -6.002645e-01 2.407716e-01
-6.000000e-02 -6.002645e-01 2.210045e-01
-4.500000e-02 -6.002645e-01 2.044316e-01
-3.000000e-02 -6.002645e-01 1.908865e-01
-1.500000e-02 -6.002645e-01 1.812526e-01
5.551115e-17 -6.002645e-01 1.776338e-01
1.500000e-02 -6.002645e-01 1.812526e-01
3.000000e-02 -6.002645e-01 1.908865e-01
4.500000e-02 -6.002645e-01 2.044316e-01
6.000000e-02 -6.002645e-01 2.210045e-01
7.500000e-02 -6.002645e-01 2.407716e-01
9.000000e-02 -6.002645e-01 2.639547e-01
1.050000e-01 -6.002645e-01 2.904284e-01
1.200000e-01 -6.002645e-01 3.197154e-01
1.350000e-01 -6.002645e-01 3.510811e-01
1.500000e-01 -6.002645e-01 3.836508e-01
1.650000e-01 -6.002645e-01 4.165290e-01
1.800000e-01 -6.002645e-01 4.489009e-01
1.950000e-01 -6.002645e-01 4.800990e-01
2.100000e-01 -6.002645e-01 5.096299e-01
2.250000e-01 -6.002645e-01 5.371695e-01
2.400000e-01 -6.002645e-01 5.625392e-01
2.550000e-01 -6.002645e-01 5.856744e-01
2.700000e-01 -6.002645e-01 6.065922e-01
2.850000e-01 -6.002645e-01 6.253643e-01
3.000000e-01 -6.002645e-01 6.420958e-01
-3.000000e-01 -5.866002e-01 6.973051e-01
-2.850000e-01 -5.866002e-01 6.784224e-01
-2.700000e-01 -5.866002e-01 6.572705e-01
-2.550000e-01 -5.866002e-01 6.337439e-01
-2.400000e-01 -5.866002e-01 6.077770e-01
-2.250000e-01 -5.866002e-01 5.793684e-01
-2.100000e-01 -5.866002e-01 5.486106e-01
-1.950000e-01 -5.866002e-01 5.157248e-01
-1.800000e-01 -5.866002e-01 4.810936e-01
-1.650000e-01 -5.866002e-01 4.452849e-01
-1.500000e-01 -5.866002e-01 4.090524e-01
-1.350000e-01 -5.866002e-01 3.733011e-01
-1.200000e-01 -5.866002e-01 3.390112e-01
-1.050000e-01 -5.866002e-01 3.071248e-01
-9.000000e-02 -5.866002e-01 2.784184e-01
-7.500000e-02 -5.866002e-01 2.533816e-01
-6.000000e-02 -5.866002e-01 2.321234e-01
-4.500000e-02 -5.866002e-01 2.143846e-01
-3.000000e-02 -5.866002e-01 1.999627e-01
-1.500000e-02 -5.866002e-01 1.897522e-01
5.551115e-17 -5.866002e-01 1.859264e-01
1.500000e-02 -5.866002e-01 1.897522e-01
3.000000e-02 -5.866002e-01 1.999627e-01
4.500000e-02 -5.866002e-01 2.143846e-01
6.000000e-02 -5.866002e-01 2.321234e-01
7.500000e-02 -5.866002e-01 2.533816e-01
9.000000e-02 -5.866002e-01 2.784184e-01
1.050000e-01 -5.866002e-01 3.071248e-01
1.200000e-01 -5.866002e-01 3.390112e-01
1.350000e-01 -5.866002e-01 3.733011e-01
1.500000e-01 -5.866002e-01 4.090524e-01
1.650000e-01 -5.866002e-01 4.452849e-01
1.800000e-01 -5.866002e-01 4.810936e-01
1.950000e-01 -5.866002e-01 5.157248e-01
2.100000e-01 -5.866002e-01 5.486106e-01
2.250000e-01 -5.866002e-01 5.793684e-01
2.400000e-01 -5.866002e-01 6.077770e-01
2.550000e-01 -5.866002e-01 6.337439e-01
2.700000e-01 -5.866002e-01 6.572705e-01
2.850000e-01 -5.866002e-01 6.784224e-01
3.000000e-01 -5.866002e-01 6.973051e-01
-3.000000e-01 -5.729359e-01 7.598093e-01
-2.850000e-01 -5.729359e-01 7.383982e-01
-2.700000e-01 -5.729359e-01 7.144552e-01
-2.550000e-01 -5.729359e-01 6.878760e-01
-2.400000e-01 -5.729359e-01 6.586047e-01
-2.250000e-01 -5.729359e-01 6.266608e-01
-2.100000e-01 -5.729359e-01 5.921718e-01
-1.950000e-01 -5.729359e-01 5.554110e-01
-1.800000e-01 -5.729359e-01 5.168315e-01
-1.650000e-01 -5.729359e-01 4.770883e-01
-1.500000e-01 -5.729359e-01 4.370346e-01
-1.350000e-01 -5.729359e-01 3.976779e-01
-1.200000e-01 -5.729359e-01 3.600921e-01
-1.050000e-01 -5.729359e-01 3.252917e-01
-9.000000e-02 -5.729359e-01 2.940957e-01
-7.500000e-02 -5.729359e-01 2.670023e-01
-6.000000e-02 -5.729359e-01 2.440983e-01
-4.500000e-02 -5.729359e-01 2.250792e-01
-3.000000e-02 -5.729359e-01 2.096996e-01
-1.500000e-02 -5.729359e-01 1.988625e-01
5.551115e-17 -5.729359e-01 1.948125e-01
1.500000e-02 -5.729359e-01 1.988625e-01
3.000000e-02 -5.729359e-01 2.096996e-01
4.500000e-02 -5.729359e-01 2.250792e-01
6.000000e-02 -5.729359e-01 2.440983e-01
7.500000e-02 -5.729359e-01 2.670023e-01
9.000000e-02 -5.729359e-01 2.940957e-01
1.050000e-01 -5.729359e-01 3.252917e-01
1.200000e-01 -5.729359e-01 3.600921e-01
1.350000e-01 -5.729359e-01 3.976779e-01
1.500000e-01 -5.729359e-01 4.370346e-01
1.650000e-01 -5.729359e-01 4.770883e-01
1.800000e-01 -5.729359e-01 5.168315e-01
1.950000e-01 -5.729359e-01 5.554110e-01
2.100000e-01 -5.729359e-01 5.921718e-01
2.250000e-01 -5.729359e-01 6.266608e-01
2.400000e-01 -5.729359e-01 6.586047e-01
2.550000e-01 -5.729359e-01 6.878760e-01
2.700000e-01 -5.729359e-01 7.144552e-01
2.850000e-01 -5.729359e-01 7.383982e-01
3.000000e-01 -5.729359e-01 7.598093e-01
-3.000000e-01 -5.592716e-01 8.309225e-01
-2.850000e-01 -5.592716e-01 8.065217e-01
-2.700000e-01 -5.592716e-01 7.792855e-01
-2.550000e-01 -5.592716e-01 7.491136e-01
-2.400000e-01 -5.592716e-01 7.159645e-01
-2.250000e-01 -5.592716e-01 6.798851e-01
-2.100000e-01 -5.592716e-01 6.410475e-01
-1.950000e-01 -5.592716e-01 5.997889e-01
-1.800000e-01 -5.592716e-01 5.566469e-01
-1.650000e-01 -5.592716e-01 5.123795e-01
-1.500000e-01 -5.592716e-01 4.679549e-01
-1.350000e-01 -5.592716e-01 4.244969e-01
-1.200000e-01 -5.592716e-01 3.831831e-01
-1.050000e-01 -5.592716e-01 3.451056e-01
-9.000000e-02 -5.592716e-01 3.111251e-01
-7.500000e-02 -5.592716e-01 2.817440e-01
-6.000000e-02 -5.592716e-01 2.570187e-01
-4.500000e-02 -5.592716e-01 2.365903e-01
-3.000000e-02 -5.592716e-01 2.201626e-01
-1.500000e-02 -5.592716e-01 2.086433e-01
5.551115e-17 -5.592716e-01 2.043498e-01
1.500000e-02 -5.592716e-01 2.086433e-01
3.000000e-02 -5.592716e-01 2.201626e-01
4.500000e-02 -5.592716e-01 2.365903e-01
6.000000e-02 -5.592716e-01 2.570187e-01
7.500000e-02 -5.592716e-01 2.817440e-01
9.000000e-02 -5.592716e-01 3.111251e-01
1.050000e-01 -5.592716e-01 3.451056e-01
1.200000e-01 -5.592716e-01 3.831831e-01
1.350000e-01 -5.592716e-01 4.244969e-01
1.500000e-01 -5.592716e-01 4.679549e-01
1.650000e-01 -5.592716e-01 5.123795e-01
1.800000e-01 -5.592716e-01 5.566469e-01
1.950000e-01 -5.592716e-01 5.997889e-01
2.100000e-01 -5.592716e-01 6.410475e-01
2.250000e-01 -5.592716e-01 6.798851e-01
2.400000e-01 -5.592716e-01 7.159645e-01
2.550000e-01 -5.592716e-01 7.491136e-01
2.700000e-01 -5.592716e-01 7.792855e-01
2.850000e-01 -5.592716e-01 8.065217e-01
3.000000e-01 -5.592716e-01 8.309225e-01
-3.000000e-01 -5.456073e-01 9.122604e-01
-2.850000e-01 -5.456073e-01 8.843011e-01
-2.700000e-01 -5.456073e-01 8.531546e-01
-2.550000e-01 -5.456073e-01 8.187283e-01
-2.400000e-01 -5.456073e-01 7.810011e-01
-2.250000e-01 -5.456073e-01 7.400562e-01
-2.100000e-01 -5.456073e-01 6.961222e-01
-1.950000e-01 -5.456073e-01 6.496150e-01
-1.800000e-01 -5.456073e-01 6.011745e-01
-1.650000e-01 -5.456073e-01 5.516802e-01
-1.500000e-01 -5.456073e-01 5.022339e-01
-1.350000e-01 -5.456073e-01 4.540916e-01
-1.200000e-01 -5.456073e-01 4.085454e-01
-1.050000e-01 -5.456073e-01 3.667696e-01
-9.000000e-02 -5.456073e-01 3.296654e-01
-7.500000e-02 -5.456073e-01 2.977322e-01
-6.000000e-02 -5.456073e-01 2.709861e-01
-4.500000e-02 -5.456073e-01 2.490029e-01
-3.000000e-02 -5.456073e-01 2.314254e-01
-1.500000e-02 -5.456073e-01 2.191615e-01
5.551115e-17 -5.456073e-01 2.146033e-01
1.500000e-02 -5.456073e-01 2.191615e-01
3.000000e-02 -5.456073e-01 2.314254e-01
4.500000e-02 -5.456073e-01 2.490029e-01
6.000000e-02 -5.456073e-01 2.709861e-01
7.500000e-02 -5.456073e-01 2.977322e-01
9.000000e-02 -5.456073e-01 3.296654e-01
1.050000e-01 -5.456073e-01 3.667696e-01
1.200000e-01 -5.456073e-01 4.085454e-01
1.350000e-01 -5.456073e-01 4.540916e-01
1.500000e-01 -5.456073e-01 5.022339e-01
1.650000e-01 -5.456073e-01 5.516802e-01
1.800000e-01 -5.456073e-01 6.011745e-01
1.950000e-01 -5.456073e-01 6.496150e-01
2.100000e-01 -5.456073e-01 6.961222e-01
2.250000e-01 -5.456073e-01 7.400562e-01
2.400000e-01 -5.456073e-01 7.810011e-01
2.550000e-01 -5.456073e-01 8.187283e-01
2.700000e-01 -5.456073e-01 8.531546e-01
2.850000e-01 -5.456073e-01 8.843011e-01
3.000000e-01 -5.456073e-01 9.122604e-01
-3.000000e-01 -5.319431e-01 1.005824e+00
-2.850000e-01 -5.319431e-01 9.736004e-01
-2.700000e-01 -5.319431e-01 9.377793e-01
-2.550000e-01 -5.319431e-01 8.982817e-01
-2.400000e-01 -5.319431e-01 8.551150e-01
-2.250000e-01 -5.319431e-01 8.084104e-01
-2.100000e-01 -5.319431e-01 7.584681e-01
-1.950000e-01 -5.319431e-01 7.058020e-01
-1.800000e-01 -5.319431e-01 6.511750e-01
-1.650000e-01 -5.319431e-01 5.956119e-01
-1.500000e-01 -5.319431e-01 5.403694e-01
-1.350000e-01 -5.319431e-01 4.868538e-01
-1.200000e-01 -5.319431e-01 4.364835e-01
-1.050000e-01 -5.319431e-01 3.905193e-01
-9.000000e-02 -5.319431e-01 3.498991e-01
-7.500000e-02 -5.319431e-01 3.151104e-01
-6.000000e-02 -5.319431e-01 2.861160e-01
-4.500000e-02 -5.319431e-01 2.624128e-01
-3.000000e-02 -5.319431e-01 2.435711e-01
-1.500000e-02 -5.319431e-01 2.304929e-01
5.551115e-17 -5.319431e-01 2.256460e-01
1.500000e-02 -5.319431e-01 2.304929e-01
3.000000e-02 -5.319431e-01 2.435711e-01
4.500000e-02 -5.319431e-01 2.624128e-01
6.000000e-02 -5.319431e-01 2.861160e-01
7.500000e-02 -5.319431e-01 3.151104e-01
9.000000e-02 -5.319431e-01 3.498991e-01
1.050000e-01 -5.319431e-01 3.905193e-01
1.200000e-01 -5.319431e-01 4.364835e-01
1.350000e-01 -5.319431e-01 4.868538e-01
1.500000e-01 -5.319431e-01 5.403694e-01
1.650000e-01 -5.319431e-01 5.956119e-01
1.800000e-01 -5.319431e-01 6.511750e-01
1.950000e-01 -5.319431e-01 7.058020e-01
2.100000e-01 -5.319431e-01 7.584681e-01
2.250000e-01 -5.319431e-01 8.084104e-01
2.400000e-01 -5.319431e-01 8.551150e-01
2.550000e-01 -5.319431e-01 8.982817e-01
2.700000e-01 -5.319431e-01 9.377793e-01
2.850000e-01 -5.319431e-01 9.736004e-01
3.000000e-01 -5.319431e-01 1.005824e+00
-3.000000e-01 -5.182788e-01 1.114112e+00
-2.850000e-01 -5.182788e-01 1.076740e+00
-2.700000e-01 -5.182788e-01 1.035291e+00
-2.550000e-01 -5.182788e-01 9.897057e-01
-2.400000e-01 -5.182788e-01 9.400320e-01
-2.250000e-01 -5.182788e-01 8.864643e-01
-2.100000e-01 -5.182788e-01 8.293942e-01
-1.950000e-01 -5.182788e-01 7.694569e-01
-1.800000e-01 -5.182788e-01 7.075662e-01
-1.650000e-01 -5.182788e-01 6.449188e-01
-1.500000e-01 -5.182788e-01 5.829531e-01
-1.350000e-01 -5.182788e-01 5.232457e-01
-1.200000e-01 -5.182788e-01 4.673541e-01
-1.050000e-01 -5.182788e-01 4.166282e-01
-9.000000e-02 -5.182788e-01 3.720370e-01
-7.500000e-02 -5.182788e-01 3.340430e-01
-6.000000e-02 -5.182788e-01 3.025402e-01
-4.500000e-02 -5.182788e-01 2.769291e-01
-3.000000e-02 -5.182788e-01 2.566938e-01
-1.500000e-02 -5.182788e-01 2.427230e-01
5.551115e-17 -5.182788e-01 2.375606e-01
1.500000e-02 -5.182788e-01 2.427230e-01
3.000000e-02 -5.182788e-01 2.566938e-01
4.500000e-02 -5.182788e-01 2.769291e-01
6.000000e-02 -5.182788e-01 3.025402e-01
7.500000e-02 -5.182788e-01 3.340430e-01
9.000000e-02 -5.182788e-01 3.720370e-01
1.050000e-01 -5.182788e-01 4.166282e-01
1.200000e-01 -5.182788e-01 4.673541e-01
1.350000e-01 -5.182788e-01 5.232457e-01
1.500000e-01 -5.182788e-01 5.829531e-01
1.650000e-01 -5.182788e-01 6.449188e-01
1.800000e-01 -5.182788e-01 7.075662e-01
1.950000e-01 -5.182788e-01 7.694569e-01
2.100000e-01 -5.182788e-01 8.293942e-01
2.250000e-01 -5.182788e-01 8.864643e-01
2.400000e-01 -5.182788e-01 9.400320e-01
2.550000e-01 -5.182788e-01 9.897057e-01
2.700000e-01 -5.182788e-01 1.035291e+00
2.850000e-01 -5.182788e-01 1.076740e+00
3.000000e-01 -5.182788e-01 1.114112e+00
-3.000000e-01 -5.046145e-01 1.240270e+00
-2.850000e-01 -5.046145e-01 1.196634e+00
-2.700000e-01 -5.046145e-01 1.148356e+00
-2.550000e-01 -5.046145e-01 1.095409e+00
-2.400000e-01 -5.046145e-01 1.037895e+00
-2.250000e-01 -5.046145e-01 9.760922e-01
-2.100000e-01 -5.046145e-01 9.105092e-01
-1.950000e-01 -5.046145e-01 8.419332e-01
-1.800000e-01 -5.046145e-01 7.714617e-01
-1.650000e-01 -5.046145e-01 7.004983e-01
-1.500000e-01 -5.046145e-01 6.306928e-01
-1.350000e-01 -5.046145e-01 5.638161e-01
-1.200000e-01 -5.046145e-01 5.015769e-01
-1.050000e-01 -5.046145e-01 4.454158e-01
-9.000000e-02 -5.046145e-01 3.963231e-01
-7.500000e-02 -5.046145e-01 3.547195e-01
-6.000000e-02 -5.046145e-01 3.204091e-01
-4.500000e-02 -5.046145e-01 2.926761e-01
-3.000000e-02 -5.046145e-01 2.709005e-01
-1.500000e-02 -5.046145e-01 2.559487e-01
5.551115e-17 -5.046145e-01 2.504408e-01
1.500000e-02 -5.046145e-01 2.559487e-01
3.000000e-02 -5.046145e-01 2.709005e-01
4.500000e-02 -5.046145e-01 2.926761e-01
6.000000e-02 -5.046145e-01 3.204091e-01
7.500000e-02 -5.046145e-01 3.547195e-01
9.000000e-02 -5.046145e-01 3.963231e-01
1.050000e-01 -5.046145e-01 4.454158e-01
1.200000e-01 -5.046145e-01 5.015769e-01
1.350000e-01 -5.046145e-01 5.638161e-01
1.500000e-01 -5.046145e-01 6.306928e-01
1.650000e-01 -5.046145e-01 7.004983e-01
1.800000e-01 -5.046145e-01 7.714617e-01
1.950000e-01 -5.046145e-01 8.419332e-01
2.100000e-01 -5.046145e-01 9.105092e-01
2.250000e-01 -5.046145e-01 9.760922e-01
2.400000e-01 -5.046145e-01 1.037895e+00
2.550000e-01 -5.046145e-01 1.095409e+00
2.700000e-01 -5.046145e-01 1.148356e+00
2.850000e-01 -5.046145e-01 1.196634e+00
3.000000e-01 -5.046145e-01 1.240270e+00
-3.000000e-01 -4.909502e-01 1.388288e+00
-2.850000e-01 -4.909502e-01 1.336969e+00
-2.700000e-01 -4.909502e-01 1.280340e+00
-2.550000e-01 -4.909502e-01 1.218420e+00
-2.400000e-01 -4.909502e-01 1.151386e+00
-2.250000e-01 -4.909502e-01 1.079629e+00
-2.100000e-01 -4.909502e-01 1.003806e+00
-1.950000e-01 -4.909502e-01 9.248960e-01
-1.800000e-01 -4.909502e-01 8.442232e-01
-1.650000e-01 -4.909502e-01 7.634386e-01
-1.500000e-01 -4.909502e-01 6.844402e-01
-1.350000e-01 -4.909502e-01 6.092192e-01
-1.200000e-01 -4.909502e-01 5.396486e-01
-1.050000e-01 -4.909502e-01 4.772570e-01
-9.000000e-02 -4.909502e-01 4.230416e-01
-7.500000e-02 -4.909502e-01 3.773587e-01
-6.000000e-02 -4.909502e-01 3.398961e-01
-4.500000e-02 -4.909502e-01 3.097957e-01
-3.000000e-02 -4.909502e-01 2.863130e-01
-1.500000e-02 -4.909502e-01 2.702803e-01
5.551115e-17 -4.909502e-01 2.643931e-01
1.500000e-02 -4.909502e-01 2.702803e-01
3.000000e-02 -4.909502e-01 2.863130e-01
4.500000e-02 -4.909502e-01 3.097957e-01
6.000000e-02 -4.909502e-01 3.398961e-01
7.500000e-02 -4.909502e-01 3.773587e-01
9.000000e-02 -4.909502e-01 4.230416e-01
1.050000e-01 -4.909502e-01 4.772570e-01
1.200000e-01 -4.909502e-01 5.396486e-01
1.350000e-01 -4.909502e-01 6.092192e-01
1.500000e-01 -4.909502e-01 6.844402e-01
1.650000e-01 -4.909502e-01 7.634386e-01
1.800000e-01 -4.909502e-01 8.442232e-01
1.950000e-01 -4.909502e-01 9.248960e-01
2.100000e-01 -4.909502e-01 1.003806e+00
2.250000e-01 -4.909502e-01 1.079629e+00
2.400000e-01 -4.909502e-01 1.151386e+00
2.550000e-01 -4.909502e-01 1.218420e+00
2.700000e-01 -4.909502e-01 1.280340e+00
2.850000e-01 -4.909502e-01 1.336969e+00
3.000000e-01 -4.909502e-01 1.388288e+00
-3.000000e-01 -4.772859e-01 1.563277e+00
-2.850000e-01 -4.772859e-01 1.502453e+00
-2.700000e-01 -4.772859e-01 1.435524e+00
-2.550000e-01 -4.772859e-01 1.362575e+00
-2.400000e-01 -4.772859e-01 1.283890e+00
-2.250000e-01 -4.772859e-01 1.200004e+00
-2.100000e-01 -4.772859e-01 1.111771e+00
-1.950000e-01 -4.772859e-01 1.020411e+00
-1.800000e-01 -4.772859e-01 9.275264e-01
-1.650000e-01 -4.772859e-01 8.350685e-01
-1.500000e-01 -4.772859e-01 7.452264e-01
-1.350000e-01 -4.772859e-01 6.602404e-01
-1.200000e-01 -4.772859e-01 5.821594e-01
-1.050000e-01 -4.772859e-01 5.125934e-01
-9.000000e-02 -4.772859e-01 4.525247e-01
-7.500000e-02 -4.772859e-01 4.022145e-01
-6.000000e-02 -4.772859e-01 3.612005e-01
-4.500000e-02 -4.772859e-01 3.284510e-01
-3.000000e-02 -4.772859e-01 3.030707e-01
-1.500000e-02 -4.772859e-01 2.858439e-01
5.551115e-17 -4.772859e-01 2.795390e-01
1.500000e-02 -4.772859e-01 2.858439e-01
3.000000e-02 -4.772859e-01 3.030707e-01
4.500000e-02 -4.772859e-01 3.284510e-01
6.000000e-02 -4.772859e-01 3.612005e-01
7.500000e-02 -4.772859e-01 4.022145e-01
9.000000e-02 -4.772859e-01 4.525247e-01
1.050000e-01 -4.772859e-01 5.125934e-01
1.200000e-01 -4.772859e-01 5.821594e-01
1.350000e-01 -4.772859e-01 6.602404e-01
1.500000e-01 -4.772859e-01 7.452264e-01
1.650000e-01 -4.772859e-01 8.350685e-01
1.800000e-01 -4.772859e-01 9.275264e-01
1.950000e-01 -4.772859e-01 1.020411e+00
2.100000e-01 -4.772859e-01 1.111771e+00
2.250000e-01 -4.772859e-01 1.200004e+00
2.400000e-01 -4.772859e-01 1.283890e+00
2.550000e-01 -4.772859e-01 1.362575e+00
2.700000e-01 -4.772859e-01 1.435524e+00
2.850000e-01 -4.772859e-01 1.502453e+00
3.000000e-01 -4.772859e-01 1.563277e+00
-3.000000e-01 -4.636217e-01 1.771835e+00
-2.850000e-01 -4.636217e-01 1.699147e+00
-2.700000e-01 -4.636217e-01 1.619402e+00
-2.550000e-01 -4.636217e-01 1.532783e+00
-2.400000e-01 -4.636217e-01 1.439714e+00
-2.250000e-01 -4.636217e-01 1.340930e+00
-2.100000e-01 -4.636217e-01 1.237535e+00
-1.950000e-01 -4.636217e-01 1.131059e+00
-1.800000e-01 -4.636217e-01 1.023450e+00
-1.650000e-01 -4.636217e-01 9.170227e-01
-1.500000e-01 -4.636217e-01 8.143081e-01
-1.350000e-01 -4.636217e-01 7.178281e-01
-1.200000e-01 -4.636217e-01 6.298156e-01
-1.050000e-01 -4.636217e-01 5.519482e-01
-9.000000e-02 -4.636217e-01 4.851624e-01
-7.500000e-02 -4.636217e-01 4.295826e-01
-6.000000e-02 -4.636217e-01 3.845534e-01
-4.500000e-02 -4.636217e-01 3.488294e-01
-3.000000e-02 -4.636217e-01 3.213335e-01
-1.500000e-02 -4.636217e-01 3.027835e-01
5.551115e-17 -4.636217e-01 2.960176e-01
1.500000e-02 -4.636217e-01 3.027835e-01
3.000000e-02 -4.636217e-01 3.213335e-01
4.500000e-02 -4.636217e-01 3.488294e-01
6.000000e-02 -4.636217e-01 3.845534e-01
7.500000e-02 -4.636217e-01 4.295826e-01
9.000000e-02 -4.636217e-01 4.851624e-01
1.050000e-01 -4.636217e-01 5.519482e-01
1.200000e-01 -4.636217e-01 6.298156e-01
1.350000e-01 -4.636217e-01 7.178281e-01
1.500000e-01 -4.636217e-01 8.143081e-01
1.650000e-01 -4.636217e-01 9.170227e-01
1.800000e-01 -4.636217e-01 1.023450e+00
1.950000e-01 -4.636217e-01 1.131059e+00
2.100000e-01 -4.636217e-01 1.237535e+00
2.250000e-01 -4.636217e-01 1.340930e+00
2.400000e-01 -4.636217e-01 1.439714e+00
2.550000e-01 -4.636217e-01 1.532783e+00
2.700000e-01 -4.636217e-01 1.619402e+00
2.850000e-01 -4.636217e-01 1.699147e+00
3.000000e-01 -4.636217e-01 1.771835e+00
-3.000000e-01 -4.499574e-01 2.022546e+00
-2.850000e-01 -4.499574e-01 1.934918e+00
-2.700000e-01 -4.499574e-01 1.839085e+00
-2.550000e-01 -4.499574e-01 1.735368e+00
-2.400000e-01 -4.499574e-01 1.624388e+00
-2.250000e-01 -4.499574e-01 1.507143e+00
-2.100000e-01 -4.499574e-01 1.385071e+00
-1.950000e-01 -4.499574e-01 1.260093e+00
-1.800000e-01 -4.499574e-01 1.134593e+00
-1.650000e-01 -4.499574e-01 1.011327e+00
-1.500000e-01 -4.499574e-01 8.932282e-01
-1.350000e-01 -4.499574e-01 7.831345e-01
-1.200000e-01 -4.499574e-01 6.834666e-01
-1.050000e-01 -4.499574e-01 5.959451e-01
-9.000000e-02 -4.499574e-01 5.214150e-01
-7.500000e-02 -4.499574e-01 4.598092e-01
-6.000000e-02 -4.499574e-01 4.102233e-01
-4.500000e-02 -4.499574e-01 3.711480e-01
-3.000000e-02 -4.499574e-01 3.412856e-01
-1.500000e-02 -4.499574e-01 3.212650e-01
5.551115e-17 -4.499574e-01 3.139886e-01
1.500000e-02 -4.499574e-01 3.212650e-01
3.000000e-02 -4.499574e-01 3.412856e-01
4.500000e-02 -4.499574e-01 3.711480e-01
6.000000e-02 -4.499574e-01 4.102233e-01
7.500000e-02 -4.499574e-01 4.598092e-01
9.000000e-02 -4.499574e-01 5.214150e-01
1.050000e-01 -4.499574e-01 5.959451e-01
1.200000e-01 -4.499574e-01 6.834666e-01
1.350000e-01 -4.499574e-01 7.831345e-01
1.500000e-01 -4.499574e-01 8.932282e-01
1.650000e-01 -4.499574e-01 1.011327e+00
1.800000e-01 -4.499574e-01 1.134593e+00
1.950000e-01 -4.499574e-01 1.260093e+00
2.100000e-01 -4.499574e-01 1.385071e+00
2.250000e-01 -4.499574e-01 1.507143e+00
2.400000e-01 -4.499574e-01 1.624388e+00
2.550000e-01 -4.499574e-01 1.735368e+00
2.700000e-01 -4.499574e-01 1.839085e+00
2.850000e-01 -4.499574e-01 1.934918e+00
3.000000e-01 -4.499574e-01 2.022546e+00
-3.000000e-01 -4.362931e-01 2.326661e+00
-2.850000e-01 -4.362931e-01 2.220053e+00
-2.700000e-01 -4.362931e-01 2.103845e+00
-2.550000e-01 -4.362931e-01 1.978553e+00
-2.400000e-01 -4.362931e-01 1.845069e+00
-2.250000e-01 -4.362931e-01 1.704746e+00
-2.100000e-01 -4.362931e-01 1.559463e+00
-1.950000e-01 -4.362931e-01 1.411647e+00
-1.800000e-01 -4.362931e-01 1.264231e+00
-1.650000e-01 -4.362931e-01 1.120511e+00
-1.500000e-01 -4.362931e-01 9.838945e-01
-1.350000e-01 -4.362931e-01 8.575699e-01
-1.200000e-01 -4.362931e-01 7.441409e-01
-1.050000e-01 -4.362931e-01 6.453307e-01
-9.000000e-02 -4.362931e-01 5.618288e-01
-7.500000e-02 -4.362931e-01 4.933017e-01
-6.000000e-02 -4.362931e-01 4.385235e-01
-4.500000e-02 -4.362931e-01 3.956585e-01
-3.000000e-02 -4.362931e-01 3.631398e-01
-1.500000e-02 -4.362931e-01 3.414796e-01
5.551115e-17 -4.362931e-01 3.336363e-01
1.500000e-02 -4.362931e-01 3.414796e-01
3.000000e-02 -4.362931e-01 3.631398e-01
4.500000e-02 -4.362931e-01 3.956585e-01
6.000000e-02 -4.362931e-01 4.385235e-01
7.500000e-02 -4.362931e-01 4.933017e-01
9.000000e-02 -4.362931e-01 5.618288e-01
1.050000e-01 -4.362931e-01 6.453307e-01
1.200000e-01 -4.362931e-01 7.441409e-01
1.350000e-01 -4.362931e-01 8.575699e-01
1.500000e-01 -4.362931e-01 9.838945e-01
1.650000e-01 -4.362931e-01 1.120511e+00
1.800000e-01 -4.362931e-01 1.264231e+00
1.950000e-01 -4.362931e-01 1.411647e+00
2.100000e-01 -4.362931e-01 1.559463e+00
2.250000e-01 -4.362931e-01 1.704746e+00
2.400000e-01 -4.362931e-01 1.845069e+00
2.550000e-01 -4.362931e-01 1.978553e+00
2.700000e-01 -4.362931e-01 2.103845e+00
2.850000e-01 -4.362931e-01 2.220053e+00
3.000000e-01 -4.362931e-01 2.326661e+00
-3.000000e-01 -4.226288e-01 2.698987e+00
-2.850000e-01 -4.226288e-01 2.568078e+00
-2.700000e-01 -4.226288e-01 2.425852e+00
-2.550000e-01 -4.226288e-01 2.273099e+00
-2.400000e-01 -4.226288e-01 2.111091e+00
-2.250000e-01 -4.226288e-01 1.941662e+00
-2.100000e-01 -4.226288e-01 1.767275e+00
-1.950000e-01 -4.226288e-01 1.591021e+00
-1.800000e-01 -4.226288e-01 1.416529e+00
-1.650000e-01 -4.226288e-01 1.247761e+00
-1.500000e-01 -4.226288e-01 1.088685e+00
-1.350000e-01 -4.226288e-01 9.428726e-01
-1.200000e-01 -4.226288e-01 8.130923e-01
-1.050000e-01 -4.226288e-01 7.010056e-01
-9.000000e-02 -4.226288e-01 6.070552e-01
-7.500000e-02 -4.226288e-01 5.305411e-01
-6.000000e-02 -4.226288e-01 4.698214e-01
-4.500000e-02 -4.226288e-01 4.226542e-01
-3.000000e-02 -4.226288e-01 3.871434e-01
-1.500000e-02 -4.226288e-01 3.636488e-01
5.551115e-17 -4.226288e-01 3.551739e-01
1.500000e-02 -4.226288e-01 3.636488e-01
3.000000e-02 -4.226288e-01 3.871434e-01
4.500000e-02 -4.226288e-01 4.226542e-01
6.000000e-02 -4.226288e-01 4.698214e-01
7.500000e-02 -4.226288e-01 5.305411e-01
9.000000e-02 -4.226288e-01 6.070552e-01
1.050000e-01 -4.226288e-01 7.010056e-01
1.200000e-01 -4.226288e-01 8.130923e-01
1.350000e-01 -4.226288e-01 9.428726e-01
1.500000e-01 -4.226288e-01 1.088685e+00
1.650000e-01 -4.226288e-01 1.247761e+00
1.800000e-01 -4.226288e-01 1.416529e+00
1.950000e-01 -4.226288e-01 1.591021e+00
2.100000e-01 -4.226288e-01 1.767275e+00
2.250000e-01 -4.226288e-01 1.941662e+00
2.400000e-01 -4.226288e-01 2.111091e+00
2.550000e-01 -4.226288e-01 2.273099e+00
2.700000e-01 -4.226288e-01 2.425852e+00
2.850000e-01 -4.226288e-01 2.568078e+00
3.000000e-01 -4.226288e-01 2.698987e+00
-3.000000e-01 -4.089645e-01 3.159029e+00
-2.850000e-01 -4.089645e-01 2.996815e+00
-2.700000e-01 -4.089645e-01 2.821135e+00
-2.550000e-01 -4.089645e-01 2.633167e+00
-2.400000e-01 -4.089645e-01 2.434706e+00
-2.250000e-01 -4.089645e-01 2.228249e+00
-2.100000e-01 -4.089645e-01 2.017046e+00
-1.950000e-01 -4.089645e-01 1.805064e+00
-1.800000e-01 -4.089645e-01 1.596826e+00
-1.650000e-01 -4.089645e-01 1.397122e+00
-1.500000e-01 -4.089645e-01 1.210586e+00
-1.350000e-01 -4.089645e-01 1.041202e+00
-1.200000e-01 -4.089645e-01 8.918592e-01
-1.050000e-01 -4.089645e-01 7.640619e-01
-9.000000e-02 -4.089645e-01 6.578761e-01
-7.500000e-02 -4.089645e-01 5.720994e-01
-6.000000e-02 -4.089645e-01 5.045503e-01
-4.500000e-02 -4.089645e-01 4.524788e-01
-3.000000e-02 -4.089645e-01 4.135846e-01
-1.500000e-02 -4.089645e-01 3.880303e-01
5.551115e-17 -4.089645e-01 3.788491e-01
1.500000e-02 -4.089645e-01 3.880303e-01
3.000000e-02 -4.089645e-01 4.135846e-01
4.500000e-02 -4.089645e-01 4.524788e-01
6.000000e-02 -4.089645e-01 5.045503e-01
7.500000e-02 -4.089645e-01 5.720994e-01
9.000000e-02 -4.089645e-01 6.578761e-01
1.050000e-01 -4.089645e-01 7.640619e-01
1.200000e-01 -4.089645e-01 8.918592e-01
1.350000e-01 -4.089645e-01 1.041202e+00
1.500000e-01 -4.089645e-01 1.210586e+00
1.650000e-01 -4.089645e-01 1.397122e+00
1.800000e-01 -4.089645e-01 1.596826e+00
1.950000e-01 -4.089645e-01 1.805064e+00
2.100000e-01 -4.089645e-01 2.017046e+00
2.250000e-01 -4.089645e-01 2.228249e+00
2.400000e-01 -4.089645e-01 2.434706e+00
2.550000e-01 -4.089645e-01 2.633167e+00
2.700000e-01 -4.089645e-01 2.821135e+00
2.850000e-01 -4.089645e-01 2.996815e+00
3.000000e-01 -4.089645e-01 3.159029e+00
-3.000000e-01 -3.953003e-01 3.732300e+00
-2.850000e-01 -3.953003e-01 3.529657e+00
-2.700000e-01 -3.953003e-01 3.310788e+00
-2.550000e-01 -3.953003e-01 3.077413e+00
-2.400000e-01 -3.953003e-01 2.832055e+00
-2.250000e-01 -3.953003e-01 2.578131e+00
-2.100000e-01 -3.953003e-01 2.319966e+00
-1.950000e-01 -3.953003e-01 2.062698e+00
-1.800000e-01 -3.953003e-01 1.812023e+00
-1.650000e-01 -3.953003e-01 1.573778e+00
-1.500000e-01 -3.953003e-01 1.353383e+00
-1.350000e-01 -3.953003e-01 1.155260e+00
-1.200000e-01 -3.953003e-01 9.823445e-01
-1.050000e-01 -3.953003e-01 8.358339e-01
-9.000000e-02 -3.953003e-01 7.152353e-01
-7.500000e-02 -3.953003e-01 6.186599e-01
-6.000000e-02 -3.953003e-01 5.432231e-01
-4.500000e-02 -3.953003e-01 4.855367e-01
-3.000000e-02 -3.953003e-01 4.428009e-01
-1.500000e-02 -3.953003e-01 4.149252e-01
5.551115e-17 -3.953003e-01 4.049515e-01
1.500000e-02 -3.953003e-01 4.149252e-01
3.000000e-02 -3.953003e-01 4.428009e-01
4.500000e-02 -3.953003e-01 4.855367e-01
6.000000e-02 -3.953003e-01 5.432231e-01
7.500000e-02 -3.953003e-01 6.186599e-01
9.000000e-02 -3.953003e-01 7.152353e-01
1.050000e-01 -3.953003e-01 8.358339e-01
1.200000e-01 -3.953003e-01 9.823445e-01
1.350000e-01 -3.953003e-01 1.155260e+00
1.500000e-01 -3.953003e-01 1.353383e+00
1.650000e-01 -3.953003e-01 1.573778e+00
1.800000e-01 -3.953003e-01 1.812023e+00
1.950000e-01 -3.953003e-01 2.062698e+00
2.100000e-01 -3.953003e-01 2.319966e+00
2.250000e-01 -3.953003e-01 2.578131e+00
2.400000e-01 -3.953003e-01 2.832055e+00
2.550000e-01 -3.953003e-01 3.077413e+00
2.700000e-01 -3.953003e-01 3.310788e+00
2.850000e-01 -3.953003e-01 3.529657e+00
3.000000e-01 -3.953003e-01 3.732300e+00
-3.000000e-01 -3.816360e-01 4.451481e+00
-2.850000e-01 -3.816360e-01 4.196843e+00
-2.700000e-01 -3.816360e-01 3.922288e+00
-2.550000e-01 -3.816360e-01 3.630284e+00
-2.400000e-01 -3.816360e-01 3.324375e+00
-2.250000e-01 -3.816360e-01 3.009260e+00
-2.100000e-01 -3.816360e-01 2.690760e+00
-1.950000e-01 -3.816360e-01 2.375624e+00
-1.800000e-01 -3.816360e-01 2.071117e+00
-1.650000e-01 -3.816360e-01 1.784421e+00
-1.500000e-01 -3.816360e-01 1.521912e+00
-1.350000e-01 -3.816360e-01 1.288459e+00
-1.200000e-01 -3.816360e-01 1.086919e+00
-1.050000e-01 -3.816360e-01 9.179627e-01
-9.000000e-02 -3.816360e-01 7.802802e-01
-7.500000e-02 -3.816360e-01 6.710439e-01
-6.000000e-02 -3.816360e-01 5.864508e-01
-4.500000e-02 -3.816360e-01 5.223059e-01
-3.000000e-02 -3.816360e-01 4.751897e-01
-1.500000e-02 -3.816360e-01 4.446868e-01
5.551115e-17 -3.816360e-01 4.338203e-01
1.500000e-02 -3.816360e-01 4.446868e-01
3.000000e-02 -3.816360e-01 4.751897e-01
4.500000e-02 -3.816360e-01 5.223059e-01
6.000000e-02 -3.816360e-01 5.864508e-01
7.500000e-02 -3.816360e-01 6.710439e-01
9.000000e-02 -3.816360e-01 7.802802e-01
1.050000e-01 -3.816360e-01 9.179627e-01
1.200000e-01 -3.816360e-01 1.086919e+00
1.350000e-01 -3.816360e-01 1.288459e+00
1.500000e-01 -3.816360e-01 1.521912e+00
1.650000e-01 -3.816360e-01 1.784421e+00
1.800000e-01 -3.816360e-01 2.071117e+00
1.950000e-01 -3.816360e-01 2.375624e+00
2.100000e-01 -3.816360e-01 2.690760e+00
2.250000e-01 -3.816360e-01 3.009260e+00
2.400000e-01 -3.816360e-01 3.324375e+00
2.550000e-01 -3.816360e-01 3.630284e+00
2.700000e-01 -3.816360e-01 3.922288e+00
2.850000e-01 -3.816360e-01 4.196843e+00
3.000000e-01 -3.816360e-01 4.451481e+00
-3.000000e-01 -3.679717e-01 5.356414e+00
-2.850000e-01 -3.679717e-01 5.036013e+00
-2.700000e-01 -3.679717e-01 4.690468e+00
-2.550000e-01 -3.679717e-01 4.323248e+00
-2.400000e-01 -3.679717e-01 3.939316e+00
-2.250000e-01 -3.679717e-01 3.545191e+00
-2.100000e-01 -3.679717e-01 3.148828e+00
-1.950000e-01 -3.679717e-01 2.759252e+00
-1.800000e-01 -3.679717e-01 2.385903e+00
-1.650000e-01 -3.679717e-01 2.037765e+00
-1.500000e-01 -3.679717e-01 1.722405e+00
-1.350000e-01 -3.679717e-01 1.445144e+00
-1.200000e-01 -3.679717e-01 1.208562e+00
-1.050000e-01 -3.679717e-01 1.012483e+00
-9.000000e-02 -3.679717e-01 8.544143e-01
-7.500000e-02 -3.679717e-01 7.302448e-01
-6.000000e-02 -3.679717e-01 6.349654e-01
-4.500000e-02 -3.679717e-01 5.633548e-01
-3.000000e-02 -3.679717e-01 5.112207e-01
-1.500000e-02 -3.679717e-01 4.777321e-01
5.551115e-17 -3.679717e-01 4.658555e-01
1.500000e-02 -3.679717e-01 4.777321e-01
3.000000e-02 -3.679717e-01 5.112207e-01
4.500000e-02 -3.679717e-01 5.633548e-01
6.000000e-02 -3.679717e-01 6.349654e-01
7.500000e-02 -3.679717e-01 7.302448e-01
9.000000e-02 -3.679717e-01 8.544143e-01
1.050000e-01 -3.679717e-01 1.012483e+00
1.200000e-01 -3.679717e-01 1.208562e+00
1.350000e-01 -3.679717e-01 1.445144e+00
1.500000e-01 -3.679717e-01 1.722405e+00
1.650000e-01 -3.679717e-01 2.037765e+00
1.800000e-01 -3.679717e-01 2.385903e+00
1.950000e-01 -3.679717e-01 2.759252e+00
2.100000e-01 -3.679717e-01 3.148828e+00
2.250000e-01 -3.679717e-01 3.545191e+00
2.400000e-01 -3.679717e-01 3.939316e+00
2.550000e-01 -3.679717e-01 4.323248e+00
2.700000e-01 -3.679717e-01 4.690468e+00
2.850000e-01 -3.679717e-01 5.036013e+00
3.000000e-01 -3.679717e-01 5.356414e+00
-3.000000e-01 -3.543074e-01 6.490368e+00
-2.850000e-01 -3.543074e-01 6.090138e+00
-2.700000e-01 -3.543074e-01 5.656807e+00
-2.550000e-01 -3.543074e-01 5.195093e+00
-2.400000e-01 -3.543074e-01 4.711898e+00
-2.250000e-01 -3.543074e-01 4.216355e+00
-2.100000e-01 -3.543074e-01 3.719552e+00
-1.950000e-01 -3.543074e-01 3.233869e+00
-1.800000e-01 -3.543074e-01 2.771917e+00
-1.650000e-01 -3.543074e-01 2.345231e+00
-1.500000e-01 -3.543074e-01 1.962960e+00
-1.350000e-01 -3.543074e-01 1.630892e+00
-1.200000e-01 -3.543074e-01 1.351046e+00
-1.050000e-01 -3.543074e-01 1.121936e+00
-9.000000e-02 -3.543074e-01 9.393678e-01
-7.500000e-02 -3.543074e-01 7.974723e-01
-6.000000e-02 -3.543074e-01 6.896488e-01
-4.500000e-02 -3.543074e-01 6.093630e-01
-3.000000e-02 -3.543074e-01 5.514530e-01
-1.500000e-02 -3.543074e-01 5.145552e-01
5.551115e-17 -3.543074e-01 5.015310e-01
1.500000e-02 -3.543074e-01 5.145552e-01
3.000000e-02 -3.543074e-01 5.514530e-01
4.500000e-02 -3.543074e-01 6.093630e-01
6.000000e-02 -3.543074e-01 6.896488e-01
7.500000e-02 -3.543074e-01 7.974723e-01
9.000000e-02 -3.543074e-01 9.393678e-01
1.050000e-01 -3.543074e-01 1.121936e+00
1.200000e-01 -3.543074e-01 1.351046e+00
1.350000e-01 -3.543074e-01 1.630892e+00
1.500000e-01 -3.543074e-01 1.962960e+00
1.650000e-01 -3.543074e-01 2.345231e+00
1.800000e-01 -3.543074e-01 2.771917e+00
1.950000e-01 -3.543074e-01 3.233869e+00
2.100000e-01 -3.543074e-01 3.719552e+00
2.250000e-01 -3.543074e-01 4.216355e+00
2.400000e-01 -3.543074e-01 4.711898e+00
2.550000e-01 -3.543074e-01 5.195093e+00
2.700000e-01 -3.543074e-01 5.656807e+00
2.850000e-01 -3.543074e-01 6.090138e+00
3.000000e-01 -3.543074e-01 6.490368e+00
-3.000000e-01 -3.406431e-01 7.886958e+00
-2.850000e-01 -3.406431e-01 7.398379e+00
-2.700000e-01 -3.406431e-01 6.863761e+00
-2.550000e-01 -3.406431e-01 6.289076e+00
-2.400000e-01 -3.406431e-01 5.683724e+00
-2.250000e-01 -3.406431e-01 5.060577e+00
-2.100000e-01 -3.406431e-01 4.435462e+00
-1.950000e-01 -3.406431e-01 3.825961e+00
-1.800000e-01 -3.406431e-01 3.249614e+00
-1.650000e-01 -3.406431e-01 2.721857e+00
-1.500000e-01 -3.406431e-01 2.254171e+00
-1.350000e-01 -3.406431e-01 1.852923e+00
-1.200000e-01 -3.406431e-01 1.519193e+00
-1.050000e-01 -3.406431e-01 1.249523e+00
-9.000000e-02 -3.406431e-01 1.037289e+00
-7.500000e-02 -3.406431e-01 8.742095e-01
-6.000000e-02 -3.406431e-01 7.515708e-01
-4.500000e-02 -3.406431e-01 6.611481e-01
-3.000000e-02 -3.406431e-01 5.965549e-01
-1.500000e-02 -3.406431e-01 5.557456e-01
5.551115e-17 -3.406431e-01 5.414114e-01
1.500000e-02 -3.406431e-01 5.557456e-01
3.000000e-02 -3.406431e-01 5.965549e-01
4.500000e-02 -3.406431e-01 6.611481e-01
6.000000e-02 -3.406431e-01 7.515708e-01
7.500000e-02 -3.406431e-01 8.742095e-01
9.000000e-02 -3.406431e-01 1.037289e+00
1.050000e-01 -3.406431e-01 1.249523e+00
1.200000e-01 -3.406431e-01 1.519193e+00
1.350000e-01 -3.406431e-01 1.852923e+00
1.500000e-01 -3.406431e-01 2.254171e+00
1.650000e-01 -3.406431e-01 2.721857e+00
1.800000e-01 -3.406431e-01 3.249614e+00
1.950000e-01 -3.406431e-01 3.825961e+00
2.100000e-01 -3.406431e-01 4.435462e+00
2.250000e-01 -3.406431e-01 5.060577e+00
2.400000e-01 -3.406431e-01 5.683724e+00
2.550000e-01 -3.406431e-01 6.289076e+00
2.700000e-01 -3.406431e-01 6.863761e+00
2.850000e-01 -3.406431e-01 7.398379e+00
3.000000e-01 -3.406431e-01 7.886958e+00
-3.000000e-01 -3.269789e-01 9.538034e+00
-2.850000e-01 -3.269789e-01 8.971482e+00
-2.700000e-01 -3.269789e-01 8.337365e+00
-2.550000e-01 -3.269789e-01 7.641923e+00
-2.400000e-01 -3.269789e-01 6.897119e+00
-2.250000e-01 -3.269789e-01 6.120886e+00
-2.100000e-01 -3.269789e-01 5.336275e+00
-1.950000e-01 -3.269789e-01 4.569290e+00
-1.800000e-01 -3.269789e-01 3.845683e+00
-1.650000e-01 -3.269789e-01 3.187446e+00
-1.500000e-01 -3.269789e-01 2.609973e+00
-1.350000e-01 -3.269789e-01 2.120660e+00
-1.200000e-01 -3.269789e-01 1.719216e+00
-1.050000e-01 -3.269789e-01 1.399309e+00
-9.000000e-02 -3.269789e-01 1.150869e+00
-7.500000e-02 -3.269789e-01 9.622885e-01
-6.000000e-02 -3.269789e-01 8.220378e-01
-4.500000e-02 -3.269789e-01 7.196992e-01
-3.000000e-02 -3.269789e-01 6.473304e-01
-1.500000e-02 -3.269789e-01 6.020101e-01
5.551115e-17 -3.269789e-01 5.861728e-01
1.500000e-02 -3.269789e-01 6.020101e-01
3.000000e-02 -3.269789e-01 6.473304e-01
4.500000e-02 -3.269789e-01 7.196992e-01
6.000000e-02 -3.269789e-01 8.220378e-01
7.500000e-02 -3.269789e-01 9.622885e-01
9.000000e-02 -3.269789e-01 1.150869e+00
1.050000e-01 -3.269789e-01 1.399309e+00
1.200000e-01 -3.269789e-01 1.719216e+00
1.350000e-01 -3.269789e-01 2.120660e+00
1.500000e-01 -3.269789e-01 2.609973e+00
1.650000e-01 -3.269789e-01 3.187446e+00
1.800000e-01 -3.269789e-01 3.845683e+00
1.950000e-01 -3.269789e-01 4.569290e+00
2.100000e-01 -3.269789e-01 5.336275e+00
2.250000e-01 -3.269789e-01 6.120886e+00
2.400000e-01 -3.269789e-01 6.897119e+00
2.550000e-01 -3.269789e-01 7.641923e+00
2.700000e-01 -3.269789e-01 8.337365e+00
2.850000e-01 -3.269789e-01 8.971482e+00
3.000000e-01 -3.269789e-01 9.538034e+00
-3.000000e-01 -3.133146e-01 1.133402e+01
-2.850000e-01 -3.133146e-01 1.074130e+01
-2.700000e-01 -3.133146e-01 1.004763e+01
-2.550000e-01 -3.133146e-01 9.255564e+00
-2.400000e-01 -3.133146e-01 8.377318e+00
-2.250000e-01 -3.133146e-01 7.436107e+00
-2.100000e-01 -3.133146e-01 6.465273e+00
-1.950000e-01 -3.133146e-01 5.504561e+00
-1.800000e-01 -3.133146e-01 4.594109e+00
-1.650000e-01 -3.133146e-01 3.767885e+00
-1.500000e-01 -3.133146e-01 3.048728e+00
-1.350000e-01 -3.133146e-01 2.446471e+00
-1.200000e-01 -3.133146e-01 1.959187e+00
-1.050000e-01 -3.133146e-01 1.576505e+00
-9.000000e-02 -3.133146e-01 1.283502e+00
-7.500000e-02 -3.133146e-01 1.063989e+00
-6.000000e-02 -3.133146e-01 9.026564e-01
-4.500000e-02 -3.133146e-01 7.862218e-01
-3.000000e-02 -3.133146e-01 7.047532e-01
-1.500000e-02 -3.133146e-01 6.542014e-01
5.551115e-17 -3.133146e-01 6.366304e-01
1.500000e-02 -3.133146e-01 6.542014e-01
3.000000e-02 -3.133146e-01 7.047532e-01
4.500000e-02 -3.133146e-01 7.862218e-01
6.000000e-02 -3.133146e-01 9.026564e-01
7.500000e-02 -3.133146e-01 1.063989e+00
9.000000e-02 -3.133146e-01 1.283502e+00
1.050000e-01 -3.133146e-01 1.576505e+00
1.200000e-01 -3.133146e-01 1.959187e+00
1.350000e-01 -3.133146e-01 2.446471e+00
1.500000e-01 -3.133146e-01 3.048728e+00
1.650000e-01 -3.133146e-01 3.767885e+00
1.800000e-01 -3.133146e-01 4.594109e+00
1.950000e-01 -3.133146e-01 5.504561e+00
2.100000e-01 -3.133146e-01 6.465273e+00
2.250000e-01 -3.133146e-01 7.436107e+00
2.400000e-01 -3.133146e-01 8.377318e+00
2.550000e-01 -3.133146e-01 9.255564e+00
2.700000e-01 -3.133146e-01 1.004763e+01
2.850000e-01 -3.133146e-01 1.074130e+01
3.000000e-01 -3.133146e-01 1.133402e+01
-3.000000e-01 -2.996503e-01 1.299526e+01
-2.850000e-01 -2.996503e-01 1.248945e+01
-2.700000e-01 -2.996503e-01 1.184207e+01
-2.550000e-01 -2.996503e-01 1.104193e+01
-2.400000e-01 -2.996503e-01 1.009218e+01
-2.250000e-01 -2.996503e-01 9.015692e+00
-2.100000e-01 -2.996503e-01 7.856490e+00
-1.950000e-01 -2.996503e-01 6.674777e+00
-1.800000e-01 -2.996503e-01 5.535765e+00
-1.650000e-01 -2.996503e-01 4.496269e+00
-1.500000e-01 -2.996503e-01 3.594516e+00
-1.350000e-01 -2.996503e-01 2.846650e+00
-1.200000e-01 -2.996503e-01 2.249664e+00
-1.050000e-01 -2.996503e-01 1.787840e+00
-9.000000e-02 -2.996503e-01 1.439511e+00
-7.500000e-02 -2.996503e-01 1.182174e+00
-6.000000e-02 -2.996503e-01 9.954174e-01
-4.500000e-02 -2.996503e-01 8.621952e-01
-3.000000e-02 -2.996503e-01 7.700099e-01
-1.500000e-02 -2.996503e-01 7.133551e-01
5.551115e-17 -2.996503e-01 6.937730e-01
1.500000e-02 -2.996503e-01 7.133551e-01
3.000000e-02 -2.996503e-01 7.700099e-01
4.500000e-02 -2.996503e-01 8.621952e-01
6.000000e-02 -2.996503e-01 9.954174e-01
7.500000e-02 -2.996503e-01 1.182174e+00
9.000000e-02 -2.996503e-01 1.439511e+00
1.050000e-01 -2.996503e-01 1.787840e+00
1.200000e-01 -2.996503e-01 2.249664e+00
1.350000e-01 -2.996503e-01 2.846650e+00
1.500000e-01 -2.996503e-01 3.594516e+00
1.650000e-01 -2.996503e-01 4.496269e+00
1.800000e-01 -2.996503e-01 5.535765e+00
1.950000e-01 -2.996503e-01 6.674777e+00
2.100000e-01 -2.996503e-01 7.856490e+00
2.250000e-01 -2.996503e-01 9.015692e+00
2.400000e-01 -2.996503e-01 1.009218e+01
2.550000e-01 -2.996503e-01 1.104193e+01
2.700000e-01 -2.996503e-01 1.184207e+01
2.850000e-01 -2.996503e-01 1.248945e+01
3.000000e-01 -2.996503e-01 1.299526e+01
-3.000000e-01 -2.859860e-01 1.408310e+01
-2.850000e-01 -2.859860e-01 1.381764e+01
-2.700000e-01 -2.859860e-01 1.338722e+01
-2.550000e-01 -2.859860e-01 1.275195e+01
-2.400000e-01 -2.859860e-01 1.188523e+01
-2.250000e-01 -2.859860e-01 1.078850e+01
-2.100000e-01 -2.859860e-01 9.503083e+00
-1.950000e-01 -2.859860e-01 8.110105e+00
-1.800000e-01 -2.859860e-01 6.713563e+00
-1.650000e-01 -2.859860e-01 5.412781e+00
-1.500000e-01 -2.859860e-01 4.278371e+00
-1.350000e-01 -2.859860e-01 3.342630e+00
-1.200000e-01 -2.859860e-01 2.604538e+00
-1.050000e-01 -2.859860e-01 2.042077e+00
-9.000000e-02 -2.859860e-01 1.624445e+00
-7.500000e-02 -2.859860e-01 1.320462e+00
-6.000000e-02 -2.859860e-01 1.102807e+00
-4.500000e-02 -2.859860e-01 9.494475e-01
-3.000000e-02 -2.859860e-01 8.445571e-01
-1.500000e-02 -2.859860e-01 7.807375e-01
5.551115e-17 -2.859860e-01 7.588083e-01
1.500000e-02 -2.859860e-01 7.807375e-01
3.000000e-02 -2.859860e-01 8.445571e-01
4.500000e-02 -2.859860e-01 9.494475e-01
6.000000e-02 -2.859860e-01 1.102807e+00
7.500000e-02 -2.859860e-01 1.320462e+00
9.000000e-02 -2.859860e-01 1.624445e+00
1.050000e-01 -2.859860e-01 2.042077e+00
1.200000e-01 -2.859860e-01 2.604538e+00
1.350000e-01 -2.859860e-01 3.342630e+00
1.500000e-01 -2.859860e-01 4.278371e+00
1.650000e-01 -2.859860e-01 5.412781e+00
1.800000e-01 -2.859860e-01 6.713563e+00
1.950000e-01 -2.859860e-01 8.110105e+00
2.100000e-01 -2.859860e-01 9.503083e+00
2.250000e-01 -2.859860e-01 1.078850e+01
2.400000e-01 -2.859860e-01 1.188523e+01
2.550000e-01 -2.859860e-01 1.275195e+01
2.700000e-01 -2.859860e-01 1.338722e+01
2.850000e-01 -2.859860e-01 1.381764e+01
3.000000e-01 -2.859860e-01 1.408310e+01
-3.000000e-01 -2.723217e-01 1.420501e+01
-2.850000e-01 -2.723217e-01 1.428375e+01
-2.700000e-01 -2.723217e-01 1.422753e+01
-2.550000e-01 -2.723217e-01 1.396461e+01
-2.400000e-01 -2.723217e-01 1.341845e+01
-2.250000e-01 -2.723217e-01 1.253137e+01
-2.100000e-01 -2.723217e-01 1.129821e+01
-1.950000e-01 -2.723217e-01 9.792091e+00
-1.800000e-01 -2.723217e-01 8.156864e+00
-1.650000e-01 -2.723217e-01 6.560611e+00
-1.500000e-01 -2.723217e-01 5.138688e+00
-1.350000e-01 -2.723217e-01 3.962305e+00
-1.200000e-01 -2.723217e-01 3.042111e+00
-1.050000e-01 -2.723217e-01 2.350704e+00
-9.000000e-02 -2.723217e-01 1.845489e+00
-7.500000e-02 -2.723217e-01 1.483474e+00
-6.000000e-02 -2.723217e-01 1.227957e+00
-4.500000e-02 -2.723217e-01 1.050256e+00
-3.000000e-02 -2.723217e-01 9.301959e-01
-1.500000e-02 -2.723217e-01 8.579083e-01
5.551115e-17 -2.723217e-01 8.332218e-01
1.500000e-02 -2.723217e-01 8.579083e-01
3.000000e-02 -2.723217e-01 9.301959e-01
4.500000e-02 -2.723217e-01 1.050256e+00
6.000000e-02 -2.723217e-01 1.227957e+00
7.500000e-02 -2.723217e-01 1.483474e+00
9.000000e-02 -2.723217e-01 1.845489e+00
1.050000e-01 -2.723217e-01 2.350704e+00
1.200000e-01 -2.723217e-01 3.042111e+00
1.350000e-01 -2.723217e-01 3.962305e+00
1.500000e-01 -2.723217e-01 5.138688e+00
1.650000e-01 -2.723217e-01 6.560611e+00
1.800000e-01 -2.723217e-01 8.156864e+00
1.950000e-01 -2.723217e-01 9.792091e+00
2.100000e-01 -2.723217e-01 1.129821e+01
2.250000e-01 -2.723217e-01 1.253137e+01
2.400000e-01 -2.723217e-01 1.341845e+01
2.550000e-01 -2.723217e-01 1.396461e+01
2.700000e-01 -2.723217e-01 1.422753e+01
2.850000e-01 -2.723217e-01 1.428375e+01
3.000000e-01 -2.723217e-01 1.420501e+01
-3.000000e-01 -2.586575e-01 1.331150e+01
-2.850000e-01 -2.586575e-01 1.370187e+01
-2.700000e-01 -2.586575e-01 1.404313e+01
-2.550000e-01 -2.586575e-01 1.425830e+01
-2.400000e-01 -2.586575e-01 1.423584e+01
-2.250000e-01 -2.586575e-01 1.384217e+01
-2.100000e-01 -2.586575e-01 1.296594e+01
-1.950000e-01 -2.586575e-01 1.159037e+01
-1.800000e-01 -2.586575e-01 9.844911e+00
-1.650000e-01 -2.586575e-01 7.972110e+00
-1.500000e-01 -2.586575e-01 6.218642e+00
-1.350000e-01 -2.586575e-01 4.740945e+00
-1.200000e-01 -2.586575e-01 3.586384e+00
-1.050000e-01 -2.586575e-01 2.728845e+00
-9.000000e-02 -2.586575e-01 2.112016e+00
-7.500000e-02 -2.586575e-01 1.677155e+00
-6.000000e-02 -2.586575e-01 1.374841e+00
-4.500000e-02 -2.586575e-01 1.167482e+00
-3.000000e-02 -2.586575e-01 1.029171e+00
-1.500000e-02 -2.586575e-01 9.468030e-01
5.551115e-17 -2.586575e-01 9.188547e-01
1.500000e-02 -2.586575e-01 9.468030e-01
3.000000e-02 -2.586575e-01 1.029171e+00
4.500000e-02 -2.586575e-01 1.167482e+00
6.000000e-02 -2.586575e-01 1.374841e+00
7.500000e-02 -2.586575e-01 1.677155e+00
9.000000e-02 -2.586575e-01 2.112016e+00
1.050000e-01 -2.586575e-01 2.728845e+00
1.200000e-01 -2.586575e-01 3.586384e+00
1.350000e-01 -2.586575e-01 4.740945e+00
1.500000e-01 -2.586575e-01 6.218642e+00
1.650000e-01 -2.586575e-01 7.972110e+00
1.800000e-01 -2.586575e-01 9.844911e+00
1.950000e-01 -2.586575e-01 1.159037e+01
2.100000e-01 -2.586575e-01 1.296594e+01
2.250000e-01 -2.586575e-01 1.384217e+01
2.400000e-01 -2.586575e-01 1.423584e+01
2.550000e-01 -2.586575e-01 1.425830e+01
2.700000e-01 -2.586575e-01 1.404313e+01
2.850000e-01 -2.586575e-01 1.370187e+01
3.000000e-01 -2.586575e-01 1.331150e+01
-3.000000e-01 -2.449932e-01 1.173943e+01
-2.850000e-01 -2.449932e-01 1.230155e+01
-2.700000e-01 -2.449932e-01 1.290876e+01
-2.550000e-01 -2.449932e-01 1.351455e+01
-2.400000e-01 -2.449932e-01 1.402505e+01
-2.250000e-01 -2.449932e-01 1.428142e+01
-2.100000e-01 -2.449932e-01 1.406953e+01
-1.950000e-01 -2.449932e-01 1.319803e+01
-1.800000e-01 -2.449932e-01 1.164283e+01
-1.650000e-01 -2.449932e-01 9.635267e+00
-1.500000e-01 -2.449932e-01 7.555859e+00
-1.350000e-01 -2.449932e-01 5.720307e+00
-1.200000e-01 -2.449932e-01 4.268303e+00
-1.050000e-01 -2.449932e-01 3.196420e+00
-9.000000e-02 -2.449932e-01 2.436329e+00
-7.500000e-02 -2.449932e-01 1.909221e+00
-6.000000e-02 -2.449932e-01 1.548551e+00
-4.500000e-02 -2.449932e-01 1.304747e+00
-3.000000e-02 -2.449932e-01 1.144303e+00
-1.500000e-02 -2.449932e-01 1.049842e+00
5.551115e-17 -2.449932e-01 1.018007e+00
1.500000e-02 -2.449932e-01 1.049842e+00
3.000000e-02 -2.449932e-01 1.144303e+00
4.500000e-02 -2.449932e-01 1.304747e+00
6.000000e-02 -2.449932e-01 1.548551e+00
7.500000e-02 -2.449932e-01 1.909221e+00
9.000000e-02 -2.449932e-01 2.436329e+00
1.050000e-01 -2.449932e-01 3.196420e+00
1.200000e-01 -2.449932e-01 4.268303e+00
1.350000e-01 -2.449932e-01 5.720307e+00
1.500000e-01 -2.449932e-01 7.555859e+00
1.650000e-01 -2.449932e-01 9.635267e+00
1.800000e-01 -2.449932e-01 1.164283e+01
1.950000e-01 -2.449932e-01 1.319803e+01
2.100000e-01 -2.449932e-01 1.406953e+01
2.250000e-01 -2.449932e-01 1.428142e+01
2.400000e-01 -2.449932e-01 1.402505e+01
2.550000e-01 -2.449932e-01 1.351455e+01
2.700000e-01 -2.449932e-01 1.290876e+01
2.850000e-01 -2.449932e-01 1.230155e+01
3.000000e-01 -2.449932e-01 1.173943e+01
-3.000000e-01 -2.313289e-01 9.942555e+00
-2.850000e-01 -2.313289e-01 1.053374e+01
-2.700000e-01 -2.313289e-01 1.122849e+01
-2.550000e-01 -2.313289e-01 1.202084e+01
-2.400000e-01 -2.313289e-01 1.287141e+01
-2.250000e-01 -2.313289e-01 1.367353e+01
-2.100000e-01 -2.313289e-01 1.421244e+01
-1.950000e-01 -2.313289e-01 1.416546e+01
-1.800000e-01 -2.313289e-01 1.323812e+01
-1.650000e-01 -2.313289e-01 1.143261e+01
-1.500000e-01 -2.313289e-01 9.155443e+00
-1.350000e-01 -2.313289e-01 6.942490e+00
-1.200000e-01 -2.313289e-01 5.126169e+00
-1.050000e-01 -2.313289e-01 3.779456e+00
-9.000000e-02 -2.313289e-01 2.834639e+00
-7.500000e-02 -2.313289e-01 2.189757e+00
-6.000000e-02 -2.313289e-01 1.755663e+00
-4.500000e-02 -2.313289e-01 1.466677e+00
-3.000000e-02 -2.313289e-01 1.279163e+00
-1.500000e-02 -2.313289e-01 1.170080e+00
5.551115e-17 -2.313289e-01 1.133575e+00
1.500000e-02 -2.313289e-01 1.170080e+00
3.000000e-02 -2.313289e-01 1.279163e+00
4.500000e-02 -2.313289e-01 1.466677e+00
6.000000e-02 -2.313289e-01 1.755663e+00
7.500000e-02 -2.313289e-01 2.189757e+00
9.000000e-02 -2.313289e-01 2.834639e+00
1.050000e-01 -2.313289e-01 3.779456e+00
1.200000e-01 -2.313289e-01 5.126169e+00
1.350000e-01 -2.313289e-01 6.942490e+00
1.500000e-01 -2.313289e-01 9.155443e+00
1.650000e-01 -2.313289e-01 1.143261e+01
1.800000e-01 -2.313289e-01 1.323812e+01
1.950000e-01 -2.313289e-01 1.416546e+01
2.100000e-01 -2.313289e-01 1.421244e+01
2.250000e-01 -2.313289e-01 1.367353e+01
2.400000e-01 -2.313289e-01 1.287141e+01
2.550000e-01 -2.313289e-01 1.202084e+01
2.700000e-01 -2.313289e-01 1.122849e+01
2.850000e-01 -2.313289e-01 1.053374e+01
3.000000e-01 -2.313289e-01 9.942555e+00
-3.000000e-01 -2.176646e-01 8.243534e+00
-2.850000e-01 -2.176646e-01 8.778835e+00
-2.700000e-01 -2.176646e-01 9.435191e+00
-2.550000e-01 -2.176646e-01 1.023352e+01
-2.400000e-01 -2.176646e-01 1.118357e+01
-2.250000e-01 -2.176646e-01 1.225765e+01
-2.100000e-01 -2.176646e-01 1.333668e+01
-1.950000e-01 -2.176646e-01 1.413334e+01
-1.800000e-01 -2.176646e-01 1.417950e+01
-1.650000e-01 -2.176646e-01 1.307389e+01
-1.500000e-01 -2.176646e-01 1.093638e+01
-1.350000e-01 -2.176646e-01 8.431516e+00
-1.200000e-01 -2.176646e-01 6.203117e+00
-1.050000e-01 -2.176646e-01 4.511197e+00
-9.000000e-02 -2.176646e-01 3.328269e+00
-7.500000e-02 -2.176646e-01 2.532020e+00
-6.000000e-02 -2.176646e-01 2.004736e+00
-4.500000e-02 -2.176646e-01 1.659232e+00
-3.000000e-02 -2.176646e-01 1.438318e+00
-1.500000e-02 -2.176646e-01 1.311399e+00
5.551115e-17 -2.176646e-01 1.269238e+00
1.500000e-02 -2.176646e-01 1.311399e+00
3.000000e-02 -2.176646e-01 1.438318e+00
4.500000e-02 -2.176646e-01 1.659232e+00
6.000000e-02 -2.176646e-01 2.004736e+00
7.500000e-02 -2.176646e-01 2.532020e+00
9.000000e-02 -2.176646e-01 3.328269e+00
1.050000e-01 -2.176646e-01 4.511197e+00
1.200000e-01 -2.176646e-01 6.203117e+00
1.350000e-01 -2.176646e-01 8.431516e+00
1.500000e-01 -2.176646e-01 1.093638e+01
1.650000e-01 -2.176646e-01 1.307389e+01
1.800000e-01 -2.176646e-01 1.417950e+01
1.950000e-01 -2.176646e-01 1.413334e+01
2.100000e-01 -2.176646e-01 1.333668e+01
2.250000e-01 -2.176646e-01 1.225765e+01
2.400000e-01 -2.176646e-01 1.118357e+01
2.550000e-01 -2.176646e-01 1.023352e+01
2.700000e-01 -2.176646e-01 9.435191e+00
2.850000e-01 -2.176646e-01 8.778835e+00
3.000000e-01 -2.176646e-01 8.243534e+00
-3.000000e-01 -2.040003e-01 6.785581e+00
-2.850000e-01 -2.040003e-01 7.234724e+00
-2.700000e-01 -2.040003e-01 7.797393e+00
-2.550000e-01 -2.040003e-01 8.504699e+00
-2.400000e-01 -2.040003e-01 9.391699e+00
-2.250000e-01 -2.040003e-01 1.048610e+01
-2.100000e-01 -2.040003e-01 1.177352e+01
-1.950000e-01 -2.040003e-01 1.311473e+01
-1.800000e-01 -2.040003e-01 1.411542e+01
-1.650000e-01 -2.040003e-01 1.411567e+01
-1.500000e-01 -2.040003e-01 1.266025e+01
-1.350000e-01 -2.040003e-01 1.015207e+01
-1.200000e-01 -2.040003e-01 7.536897e+00
-1.050000e-01 -2.040003e-01 5.431925e+00
-9.000000e-02 -2.040003e-01 3.944971e+00
-7.500000e-02 -2.040003e-01 2.953478e+00
-6.000000e-02 -2.040003e-01 2.306990e+00
-4.500000e-02 -2.040003e-01 1.890149e+00
-3.000000e-02 -2.040003e-01 1.627650e+00
-1.500000e-02 -2.040003e-01 1.478782e+00
5.551115e-17 -2.040003e-01 1.429709e+00
1.500000e-02 -2.040003e-01 1.478782e+00
3.000000e-02 -2.040003e-01 1.627650e+00
4.500000e-02 -2.040003e-01 1.890149e+00
6.000000e-02 -2.040003e-01 2.306990e+00
7.500000e-02 -2.040003e-01 2.953478e+00
9.000000e-02 -2.040003e-01 3.944971e+00
1.050000e-01 -2.040003e-01 5.431925e+00
1.200000e-01 -2.040003e-01 7.536897e+00
1.350000e-01 -2.040003e-01 1.015207e+01
1.500000e-01 -2.040003e-01 1.266025e+01
1.650000e-01 -2.040003e-01 1.411567e+01
1.800000e-01 -2.040003e-01 1.411542e+01
1.950000e-01 -2.040003e-01 1.311473e+01
2.100000e-01 -2.040003e-01 1.177352e+01
2.250000e-01 -2.040003e-01 1.048610e+01
2.400000e-01 -2.040003e-01 9.391699e+00
2.550000e-01 -2.040003e-01 8.504699e+00
2.700000e-01 -2.040003e-01 7.797393e+00
2.850000e-01 -2.040003e-01 7.234724e+00
3.000000e-01 -2.040003e-01 6.785581e+00
-3.000000e-01 -1.903361e-01 5.593775e+00
-2.850000e-01 -1.903361e-01 5.957028e+00
-2.700000e-01 -1.903361e-01 6.416652e+00
-2.550000e-01 -1.903361e-01 7.003743e+00
-2.400000e-01 -1.903361e-01 7.759643e+00
-2.250000e-01 -1.903361e-01 8.735018e+00
-2.100000e-01 -1.903361e-01 9.977409e+00
-1.950000e-01 -1.903361e-01 1.148361e+01
-1.800000e-01 -1.903361e-01 1.307191e+01
-1.650000e-01 -1.903361e-01 1.417762e+01
-1.500000e-01 -1.903361e-01 1.391342e+01
-1.350000e-01 -1.903361e-01 1.194188e+01
-1.200000e-01 -1.903361e-01 9.133130e+00
-1.050000e-01 -1.903361e-01 6.584715e+00
-9.000000e-02 -1.903361e-01 4.719851e+00
-7.500000e-02 -1.903361e-01 3.477071e+00
-6.000000e-02 -1.903361e-01 2.677193e+00
-4.500000e-02 -1.903361e-01 2.169551e+00
-3.000000e-02 -1.903361e-01 1.854801e+00
-1.500000e-02 -1.903361e-01 1.678671e+00
5.551115e-17 -1.903361e-01 1.621075e+00
1.500000e-02 -1.903361e-01 1.678671e+00
3.000000e-02 -1.903361e-01 1.854801e+00
4.500000e-02 -1.903361e-01 2.169551e+00
6.000000e-02 -1.903361e-01 2.677193e+00
7.500000e-02 -1.903361e-01 3.477071e+00
9.000000e-02 -1.903361e-01 4.719851e+00
1.050000e-01 -1.903361e-01 6.584715e+00
1.200000e-01 -1.903361e-01 9.133130e+00
1.350000e-01 -1.903361e-01 1.194188e+01
1.500000e-01 -1.903361e-01 1.391342e+01
1.650000e-01 -1.903361e-01 1.417762e+01
1.800000e-01 -1.903361e-01 1.307191e+01
1.950000e-01 -1.903361e-01 1.148361e+01
2.100000e-01 -1.903361e-01 9.977409e+00
2.250000e-01 -1.903361e-01 8.735018e+00
2.400000e-01 -1.903361e-01 7.759643e+00
2.550000e-01 -1.903361e-01 7.003743e+00
2.700000e-01 -1.903361e-01 6.416652e+00
2.850000e-01 -1.903361e-01 5.957028e+00
3.000000e-01 -1.903361e-01 5.593775e+00
-3.000000e-01 -1.766718e-01 4.640292e+00
-2.850000e-01 -1.766718e-01 4.929744e+00
-2.700000e-01 -1.766718e-01 5.297291e+00
-2.550000e-01 -1.766718e-01 5.769866e+00
-2.400000e-01 -1.766718e-01 6.385632e+00
-2.250000e-01 -1.766718e-01 7.197663e+00
-2.100000e-01 -1.766718e-01 8.274624e+00
-1.950000e-01 -1.766718e-01 9.685590e+00
-1.800000e-01 -1.766718e-01 1.142980e+01
-1.650000e-01 -1.766718e-01 1.323455e+01
-1.500000e-01 -1.766718e-01 1.426636e+01
-1.350000e-01 -1.766718e-01 1.345658e+01
-1.200000e-01 -1.766718e-01 1.091204e+01
-1.050000e-01 -1.766718e-01 8.001226e+00
-9.000000e-02 -1.766718e-01 5.694502e+00
-7.500000e-02 -1.766718e-01 4.132479e+00
-6.000000e-02 -1.766718e-01 3.134798e+00
-4.500000e-02 -1.766718e-01 2.510749e+00
-3.000000e-02 -1.766718e-01 2.129770e+00
-1.500000e-02 -1.766718e-01 1.919469e+00
5.551115e-17 -1.766718e-01 1.851263e+00
1.500000e-02 -1.766718e-01 1.919469e+00
3.000000e-02 -1.766718e-01 2.129770e+00
4.500000e-02 -1.766718e-01 2.510749e+00
6.000000e-02 -1.766718e-01 3.134798e+00
7.500000e-02 -1.766718e-01 4.132479e+00
9.000000e-02 -1.766718e-01 5.694502e+00
1.050000e-01 -1.766718e-01 8.001226e+00
1.200000e-01 -1.766718e-01 1.091204e+01
1.350000e-01 -1.766718e-01 1.345658e+01
1.500000e-01 -1.766718e-01 1.426636e+01
1.650000e-01 -1.766718e-01 1.323455e+01
1.800000e-01 -1.766718e-01 1.142980e+01
1.950000e-01 -1.766718e-01 9.685590e+00
2.100000e-01 -1.766718e-01 8.274624e+00
2.250000e-01 -1.766718e-01 7.197663e+00
2.400000e-01 -1.766718e-01 6.385632e+00
2.550000e-01 -1.766718e-01 5.769866e+00
2.700000e-01 -1.766718e-01 5.297291e+00
2.850000e-01 -1.766718e-01 4.929744e+00
3.000000e-01 -1.766718e-01 4.640292e+00
-3.000000e-01 -1.630075e-01 3.882411e+00
-2.850000e-01 -1.630075e-01 4.112410e+00
-2.700000e-01 -1.630075e-01 4.404477e+00
-2.550000e-01 -1.630075e-01 4.780515e+00
-2.400000e-01 -1.630075e-01 5.272425e+00
-2.250000e-01 -1.630075e-01 5.926943e+00
-2.100000e-01 -1.630075e-01 6.811464e+00
-1.950000e-01 -1.630075e-01 8.016242e+00
-1.800000e-01 -1.630075e-01 9.632383e+00
-1.650000e-01 -1.630075e-01 1.163854e+01
-1.500000e-01 -1.630075e-01 1.357716e+01
-1.350000e-01 -1.630075e-01 1.424002e+01
-1.200000e-01 -1.630075e-01 1.263712e+01
-1.050000e-01 -1.630075e-01 9.667552e+00
-9.000000e-02 -1.630075e-01 6.910948e+00
-7.500000e-02 -1.630075e-01 4.956746e+00
-6.000000e-02 -1.630075e-01 3.705234e+00
-4.500000e-02 -1.630075e-01 2.931284e+00
-3.000000e-02 -1.630075e-01 2.465711e+00
-1.500000e-02 -1.630075e-01 2.212197e+00
5.551115e-17 -1.630075e-01 2.130663e+00
1.500000e-02 -1.630075e-01 2.212197e+00
3.000000e-02 -1.630075e-01 2.465711e+00
4.500000e-02 -1.630075e-01 2.931284e+00
6.000000e-02 -1.630075e-01 3.705234e+00
7.500000e-02 -1.630075e-01 4.956746e+00
9.000000e-02 -1.630075e-01 6.910948e+00
1.050000e-01 -1.630075e-01 9.667552e+00
1.200000e-01 -1.630075e-01 1.263712e+01
1.350000e-01 -1.630075e-01 1.424002e+01
1.500000e-01 -1.630075e-01 1.357716e+01
1.650000e-01 -1.630075e-01 1.163854e+01
1.800000e-01 -1.630075e-01 9.632383e+00
1.950000e-01 -1.630075e-01 8.016242e+00
2.100000e-01 -1.630075e-01 6.811464e+00
2.250000e-01 -1.630075e-01 5.926943e+00
2.400000e-01 -1.630075e-01 5.272425e+00
2.550000e-01 -1.630075e-01 4.780515e+00
2.700000e-01 -1.630075e-01 4.404477e+00
2.850000e-01 -1.630075e-01 4.112410e+00
3.000000e-01 -1.630075e-01 3.882411e+00
-3.000000e-01 -1.493432e-01 3.278959e+00
-2.850000e-01 -1.493432e-01 3.462398e+00
-2.700000e-01 -1.493432e-01 3.694913e+00
-2.550000e-01 -1.493432e-01 3.993842e+00
-2.400000e-01 -1.493432e-01 4.384710e+00
-2.250000e-01 -1.493432e-01 4.905737e+00
-2.100000e-01 -1.493432e-01 5.614630e+00
-1.950000e-01 -1.493432e-01 6.597075e+00
-1.800000e-01 -1.493432e-01 7.969549e+00
-1.650000e-01 -1.493432e-01 9.840706e+00
-1.500000e-01 -1.493432e-01 1.211425e+01
-1.350000e-01 -1.493432e-01 1.399119e+01
-1.200000e-01 -1.493432e-01 1.389632e+01
-1.050000e-01 -1.493432e-01 1.146253e+01
-9.000000e-02 -1.493432e-01 8.393410e+00
-7.500000e-02 -1.493432e-01 5.992408e+00
-6.000000e-02 -1.493432e-01 4.421027e+00
-4.500000e-02 -1.493432e-01 3.454165e+00
-3.000000e-02 -1.493432e-01 2.879954e+00
-1.500000e-02 -1.493432e-01 2.571374e+00
5.551115e-17 -1.493432e-01 2.472955e+00
1.500000e-02 -1.493432e-01 2.571374e+00
3.000000e-02 -1.493432e-01 2.879954e+00
4.500000e-02 -1.493432e-01 3.454165e+00
6.000000e-02 -1.493432e-01 4.421027e+00
7.500000e-02 -1.493432e-01 5.992408e+00
9.000000e-02 -1.493432e-01 8.393410e+00
1.050000e-01 -1.493432e-01 1.146253e+01
1.200000e-01 -1.493432e-01 1.389632e+01
1.350000e-01 -1.493432e-01 1.399119e+01
1.500000e-01 -1.493432e-01 1.211425e+01
1.650000e-01 -1.493432e-01 9.840706e+00
1.800000e-01 -1.493432e-01 7.969549e+00
1.950000e-01 -1.493432e-01 6.597075e+00
2.100000e-01 -1.493432e-01 5.614630e+00
2.250000e-01 -1.493432e-01 4.905737e+00
2.400000e-01 -1.493432e-01 4.384710e+00
2.550000e-01 -1.493432e-01 3.993842e+00
2.700000e-01 -1.493432e-01 3.694913e+00
2.850000e-01 -1.493432e-01 3.462398e+00
3.000000e-01 -1.493432e-01 3.278959e+00
-3.000000e-01 -1.356789e-01 2.795541e+00
-2.850000e-01 -1.356789e-01 2.942884e+00
-2.700000e-01 -1.356789e-01 3.129128e+00
-2.550000e-01 -1.356789e-01 3.367875e+00
-2.400000e-01 -1.356789e-01 3.679186e+00
-2.250000e-01 -1.356789e-01 4.093333e+00
-2.100000e-01 -1.356789e-01 4.656884e+00
-1.950000e-01 -1.356789e-01 5.442089e+00
-1.800000e-01 -1.356789e-01 6.558495e+00
-1.650000e-01 -1.356789e-01 8.153176e+00
-1.500000e-01 -1.356789e-01 1.033293e+01
-1.350000e-01 -1.356789e-01 1.281069e+01
-1.200000e-01 -1.356789e-01 1.425910e+01
-1.050000e-01 -1.356789e-01 1.309129e+01
-9.000000e-02 -1.356789e-01 1.010740e+01
-7.500000e-02 -1.356789e-01 7.278903e+00
-6.000000e-02 -1.356789e-01 5.321697e+00
-4.500000e-02 -1.356789e-01 4.109099e+00
-3.000000e-02 -1.356789e-01 3.395225e+00
-1.500000e-02 -1.356789e-01 3.016106e+00
5.551115e-17 -1.356789e-01 2.896155e+00
1.500000e-02 -1.356789e-01 3.016106e+00
3.000000e-02 -1.356789e-01 3.395225e+00
4.500000e-02 -1.356789e-01 4.109099e+00
6.000000e-02 -1.356789e-01 5.321697e+00
7.500000e-02 -1.356789e-01 7.278903e+00
9.000000e-02 -1.356789e-01 1.010740e+01
1.050000e-01 -1.356789e-01 1.309129e+01
1.200000e-01 -1.356789e-01 1.425910e+01
1.350000e-01 -1.356789e-01 1.281069e+01
1.500000e-01 -1.356789e-01 1.033293e+01
1.650000e-01 -1.356789e-01 8.153176e+00
1.800000e-01 -1.356789e-01 6.558495e+00
1.950000e-01 -1.356789e-01 5.442089e+00
2.100000e-01 -1.356789e-01 4.656884e+00
2.250000e-01 -1.356789e-01 4.093333e+00
2.400000e-01 -1.356789e-01 3.679186e+00
2.550000e-01 -1.356789e-01 3.367875e+00
2.700000e-01 -1.356789e-01 3.129128e+00
2.850000e-01 -1.356789e-01 2.942884e+00
3.000000e-01 -1.356789e-01 2.795541e+00
-3.000000e-01 -1.220147e-01 2.405090e+00
-2.850000e-01 -1.220147e-01 2.524469e+00
-2.700000e-01 -1.220147e-01 2.674884e+00
-2.550000e-01 -1.220147e-01 2.867008e+00
-2.400000e-01 -1.220147e-01 3.116546e+00
-2.250000e-01 -1.220147e-01 3.447191e+00
-2.100000e-01 -1.220147e-01 3.895591e+00
-1.950000e-01 -1.220147e-01 4.519597e+00
-1.800000e-01 -1.220147e-01 5.411091e+00
-1.650000e-01 -1.220147e-01 6.710506e+00
-1.500000e-01 -1.220147e-01 8.595142e+00
-1.350000e-01 -1.220147e-01 1.111315e+01
-1.200000e-01 -1.220147e-01 1.357969e+01
-1.050000e-01 -1.220147e-01 1.410903e+01
-9.000000e-02 -1.220147e-01 1.189244e+01
-7.500000e-02 -1.220147e-01 8.829098e+00
-6.000000e-02 -1.220147e-01 6.449808e+00
-4.500000e-02 -1.220147e-01 4.932951e+00
-3.000000e-02 -1.220147e-01 4.040823e+00
-1.500000e-02 -1.220147e-01 3.571305e+00
5.551115e-17 -1.220147e-01 3.423807e+00
1.500000e-02 -1.220147e-01 3.571305e+00
3.000000e-02 -1.220147e-01 4.040823e+00
4.500000e-02 -1.220147e-01 4.932951e+00
6.000000e-02 -1.220147e-01 6.449808e+00
7.500000e-02 -1.220147e-01 8.829098e+00
9.000000e-02 -1.220147e-01 1.189244e+01
1.050000e-01 -1.220147e-01 1.410903e+01
1.200000e-01 -1.220147e-01 1.357969e+01
1.350000e-01 -1.220147e-01 1.111315e+01
1.500000e-01 -1.220147e-01 8.595142e+00
1.650000e-01 -1.220147e-01 6.710506e+00
1.800000e-01 -1.220147e-01 5.411091e+00
1.950000e-01 -1.220147e-01 4.519597e+00
2.100000e-01 -1.220147e-01 3.895591e+00
2.250000e-01 -1.220147e-01 3.447191e+00
2.400000e-01 -1.220147e-01 3.116546e+00
2.550000e-01 -1.220147e-01 2.867008e+00
2.700000e-01 -1.220147e-01 2.674884e+00
2.850000e-01 -1.220147e-01 2.524469e+00
3.000000e-01 -1.220147e-01 2.405090e+00
-3.000000e-01 -1.083504e-01 2.086847e+00
-2.850000e-01 -1.083504e-01 2.184466e+00
-2.700000e-01 -1.083504e-01 2.307056e+00
-2.550000e-01 -1.083504e-01 2.463037e+00
-2.400000e-01 -1.083504e-01 2.664736e+00
-2.250000e-01 -1.083504e-01 2.930681e+00
-2.100000e-01 -1.083504e-01 3.289474e+00
-1.950000e-01 -1.083504e-01 3.786454e+00
-1.800000e-01 -1.083504e-01 4.494938e+00
-1.650000e-01 -1.083504e-01 5.533296e+00
-1.500000e-01 -1.083504e-01 7.079757e+00
-1.350000e-01 -1.083504e-01 9.324490e+00
-1.200000e-01 -1.083504e-01 1.212303e+01
-1.050000e-01 -1.083504e-01 1.414217e+01
-9.000000e-02 -1.083504e-01 1.340665e+01
-7.500000e-02 -1.083504e-01 1.058050e+01
-6.000000e-02 -1.083504e-01 7.837472e+00
-4.500000e-02 -1.083504e-01 5.967500e+00
-3.000000e-02 -1.083504e-01 4.853001e+00
-1.500000e-02 -1.083504e-01 4.268610e+00
5.551115e-17 -1.083504e-01 4.085997e+00
1.500000e-02 -1.083504e-01 4.268610e+00
3.000000e-02 -1.083504e-01 4.853001e+00
4.500000e-02 -1.083504e-01 5.967500e+00
6.000000e-02 -1.083504e-01 7.837472e+00
7.500000e-02 -1.083504e-01 1.058050e+01
9.000000e-02 -1.083504e-01 1.340665e+01
1.050000e-01 -1.083504e-01 1.414217e+01
1.200000e-01 -1.083504e-01 1.212303e+01
1.350000e-01 -1.083504e-01 9.324490e+00
1.500000e-01 -1.083504e-01 7.079757e+00
1.650000e-01 -1.083504e-01 5.533296e+00
1.800000e-01 -1.083504e-01 4.494938e+00
1.950000e-01 -1.083504e-01 3.786454e+00
2.100000e-01 -1.083504e-01 3.289474e+00
2.250000e-01 -1.083504e-01 2.930681e+00
2.400000e-01 -1.083504e-01 2.664736e+00
2.550000e-01 -1.083504e-01 2.463037e+00
2.700000e-01 -1.083504e-01 2.307056e+00
2.850000e-01 -1.083504e-01 2.184466e+00
3.000000e-01 -1.083504e-01 2.086847e+00
-3.000000e-01 -9.468610e-02 1.825039e+00
-2.850000e-01 -9.468610e-02 1.905606e+00
-2.700000e-01 -9.468610e-02 2.006451e+00
-2.550000e-01 -9.468610e-02 2.134268e+00
-2.400000e-01 -9.468610e-02 2.298798e+00
-2.250000e-01 -9.468610e-02 2.514592e+00
-2.100000e-01 -9.468610e-02 2.803992e+00
-1.950000e-01 -9.468610e-02 3.202305e+00
-1.800000e-01 -9.468610e-02 3.766839e+00
-1.650000e-01 -9.468610e-02 4.592133e+00
-1.500000e-01 -9.468610e-02 5.831346e+00
-1.350000e-01 -9.468610e-02 7.701619e+00
-1.200000e-01 -9.468610e-02 1.034388e+01
-1.050000e-01 -9.468610e-02 1.317724e+01
-9.000000e-02 -9.468610e-02 1.419528e+01
-7.500000e-02 -9.468610e-02 1.232465e+01
-6.000000e-02 -9.468610e-02 9.473594e+00
-4.500000e-02 -9.468610e-02 7.250019e+00
-3.000000e-02 -9.468610e-02 5.872558e+00
-1.500000e-02 -9.468610e-02 5.145865e+00
5.551115e-17 -9.468610e-02 4.919210e+00
1.500000e-02 -9.468610e-02 5.145865e+00
3.000000e-02 -9.468610e-02 5.872558e+00
4.500000e-02 -9.468610e-02 7.250019e+00
6.000000e-02 -9.468610e-02 9.473594e+00
7.500000e-02 -9.468610e-02 1.232465e+01
9.000000e-02 -9.468610e-02 1.419528e+01
1.050000e-01 -9.468610e-02 1.317724e+01
1.200000e-01 -9.468610e-02 1.034388e+01
1.350000e-01 -9.468610e-02 7.701619e+00
1.500000e-01 -9.468610e-02 5.831346e+00
1.650000e-01 -9.468610e-02 4.592133e+00
1.800000e-01 -9.468610e-02 3.766839e+00
1.950000e-01 -9.468610e-02 3.202305e+00
2.100000e-01 -9.468610e-02 2.803992e+00
2.250000e-01 -9.468610e-02 2.514592e+00
2.400000e-01 -9.468610e-02 2.298798e+00
2.550000e-01 -9.468610e-02 2.134268e+00
2.700000e-01 -9.468610e-02 2.006451e+00
2.850000e-01 -9.468610e-02 1.905606e+00
3.000000e-01 -9.468610e-02 1.825039e+00
-3.000000e-01 -8.102182e-02 1.607691e+00
-2.850000e-01 -8.102182e-02 1.674785e+00
-2.700000e-01 -8.102182e-02 1.758499e+00
-2.550000e-01 -8.102182e-02 1.864206e+00
-2.400000e-01 -8.102182e-02 1.999668e+00
-2.250000e-01 -8.102182e-02 2.176397e+00
-2.100000e-01 -8.102182e-02 2.411941e+00
-1.950000e-01 -8.102182e-02 2.733840e+00
-1.800000e-01 -8.102182e-02 3.186622e+00
-1.650000e-01 -8.102182e-02 3.844100e+00
-1.500000e-01 -8.102182e-02 4.829462e+00
-1.350000e-01 -8.102182e-02 6.337998e+00
-1.200000e-01 -8.102182e-02 8.605636e+00
-1.050000e-01 -8.102182e-02 1.157268e+01
-9.000000e-02 -8.102182e-02 1.395569e+01
-7.500000e-02 -8.102182e-02 1.367312e+01
-6.000000e-02 -8.102182e-02 1.124395e+01
-4.500000e-02 -8.102182e-02 8.788293e+00
-3.000000e-02 -8.102182e-02 7.135129e+00
-1.500000e-02 -8.102182e-02 6.242248e+00
5.551115e-17 -8.102182e-02 5.962548e+00
1.500000e-02 -8.102182e-02 6.242248e+00
3.000000e-02 -8.102182e-02 7.135129e+00
4.500000e-02 -8.102182e-02 8.788293e+00
6.000000e-02 -8.102182e-02 1.124395e+01
7.500000e-02 -8.102182e-02 1.367312e+01
9.000000e-02 -8.102182e-02 1.395569e+01
1.050000e-01 -8.102182e-02 1.157268e+01
1.200000e-01 -8.102182e-02 8.605636e+00
1.350000e-01 -8.102182e-02 6.337998e+00
1.500000e-01 -8.102182e-02 4.829462e+00
1.650000e-01 -8.102182e-02 3.844100e+00
1.800000e-01 -8.102182e-02 3.186622e+00
1.950000e-01 -8.102182e-02 2.733840e+00
2.100000e-01 -8.102182e-02 2.411941e+00
2.250000e-01 -8.102182e-02 2.176397e+00
2.400000e-01 -8.102182e-02 1.999668e+00
2.550000e-01 -8.102182e-02 1.864206e+00
2.700000e-01 -8.102182e-02 1.758499e+00
2.850000e-01 -8.102182e-02 1.674785e+00
3.000000e-01 -8.102182e-02 1.607691e+00
-3.000000e-01 -6.735754e-02 1.425677e+00
-2.850000e-01 -6.735754e-02 1.482029e+00
-2.700000e-01 -6.735754e-02 1.552131e+00
-2.550000e-01 -6.735754e-02 1.640331e+00
-2.400000e-01 -6.735754e-02 1.752876e+00
-2.250000e-01 -6.735754e-02 1.898954e+00
-2.100000e-01 -6.735754e-02 2.092453e+00
-1.950000e-01 -6.735754e-02 2.354982e+00
-1.800000e-01 -6.735754e-02 2.721204e+00
-1.650000e-01 -6.735754e-02 3.248338e+00
-1.500000e-01 -6.735754e-02 4.032681e+00
-1.350000e-01 -6.735754e-02 5.234188e+00
-1.200000e-01 -6.735754e-02 7.088686e+00
-1.050000e-01 -6.735754e-02 9.777437e+00
-9.000000e-02 -6.735754e-02 1.278478e+01
-7.500000e-02 -6.735754e-02 1.418291e+01
-6.000000e-02 -6.735754e-02 1.286459e+01
-4.500000e-02 -6.735754e-02 1.051017e+01
-3.000000e-02 -6.735754e-02 8.645792e+00
-1.500000e-02 -6.735754e-02 7.583029e+00
5.551115e-17 -6.735754e-02 7.244981e+00
1.500000e-02 -6.735754e-02 7.583029e+00
3.000000e-02 -6.735754e-02 8.645792e+00
4.500000e-02 -6.735754e-02 1.051017e+01
6.000000e-02 -6.735754e-02 1.286459e+01
7.500000e-02 -6.735754e-02 1.418291e+01
9.000000e-02 -6.735754e-02 1.278478e+01
1.050000e-01 -6.735754e-02 9.777437e+00
1.200000e-01 -6.735754e-02 7.088686e+00
1.350000e-01 -6.735754e-02 5.234188e+00
1.500000e-01 -6.735754e-02 4.032681e+00
1.650000e-01 -6.735754e-02 3.248338e+00
1.800000e-01 -6.735754e-02 2.721204e+00
1.950000e-01 -6.735754e-02 2.354982e+00
2.100000e-01 -6.735754e-02 2.092453e+00
2.250000e-01 -6.735754e-02 1.898954e+00
2.400000e-01 -6.735754e-02 1.752876e+00
2.550000e-01 -6.735754e-02 1.640331e+00
2.700000e-01 -6.735754e-02 1.552131e+00
2.850000e-01 -6.735754e-02 1.482029e+00
3.000000e-01 -6.735754e-02 1.425677e+00
-3.000000e-01 -5.369326e-02 1.271995e+00
-2.850000e-01 -5.369326e-02 1.319706e+00
-2.700000e-01 -5.369326e-02 1.378893e+00
-2.550000e-01 -5.369326e-02 1.453110e+00
-2.400000e-01 -5.369326e-02 1.547428e+00
-2.250000e-01 -5.369326e-02 1.669250e+00
-2.100000e-01 -5.369326e-02 1.829668e+00
-1.950000e-01 -5.369326e-02 2.045775e+00
-1.800000e-01 -5.369326e-02 2.344709e+00
-1.650000e-01 -5.369326e-02 2.770881e+00
-1.500000e-01 -5.369326e-02 3.398797e+00
-1.350000e-01 -5.369326e-02 4.354226e+00
-1.200000e-01 -5.369326e-02 5.838518e+00
-1.050000e-01 -5.369326e-02 8.098073e+00
-9.000000e-02 -5.369326e-02 1.109460e+01
-7.500000e-02 -5.369326e-02 1.365153e+01
-6.000000e-02 -5.369326e-02 1.389956e+01
-4.500000e-02 -5.369326e-02 1.219430e+01
-3.000000e-02 -5.369326e-02 1.032856e+01
-1.500000e-02 -5.369326e-02 9.144434e+00
5.551115e-17 -5.369326e-02 8.754636e+00
1.500000e-02 -5.369326e-02 9.144434e+00
3.000000e-02 -5.369326e-02 1.032856e+01
4.500000e-02 -5.369326e-02 1.219430e+01
6.000000e-02 -5.369326e-02 1.389956e+01
7.500000e-02 -5.369326e-02 1.365153e+01
9.000000e-02 -5.369326e-02 1.109460e+01
1.050000e-01 -5.369326e-02 8.098073e+00
1.200000e-01 -5.369326e-02 5.838518e+00
1.350000e-01 -5.369326e-02 4.354226e+00
1.500000e-01 -5.369326e-02 3.398797e+00
1.650000e-01 -5.369326e-02 2.770881e+00
1.800000e-01 -5.369326e-02 2.344709e+00
1.950000e-01 -5.369326e-02 2.045775e+00
2.100000e-01 -5.369326e-02 1.829668e+00
2.250000e-01 -5.369326e-02 1.669250e+00
2.400000e-01 -5.369326e-02 1.547428e+00
2.550000e-01 -5.369326e-02 1.453110e+00
2.700000e-01 -5.369326e-02 1.378893e+00
2.850000e-01 -5.369326e-02 1.319706e+00
3.000000e-01 -5.369326e-02 1.271995e+00
-3.000000e-01 -4.002898e-02 1.141230e+00
-2.850000e-01 -4.002898e-02 1.181931e+00
-2.700000e-01 -4.002898e-02 1.232289e+00
-2.550000e-01 -4.002898e-02 1.295236e+00
-2.400000e-01 -4.002898e-02 1.374927e+00
-2.250000e-01 -4.002898e-02 1.477384e+00
-2.100000e-01 -4.002898e-02 1.611549e+00
-1.950000e-01 -4.002898e-02 1.791061e+00
-1.800000e-01 -4.002898e-02 2.037344e+00
-1.650000e-01 -4.002898e-02 2.385052e+00
-1.500000e-01 -4.002898e-02 2.891797e+00
-1.350000e-01 -4.002898e-02 3.654842e+00
-1.200000e-01 -4.002898e-02 4.835068e+00
-1.050000e-01 -4.002898e-02 6.664890e+00
-9.000000e-02 -4.002898e-02 9.310717e+00
-7.500000e-02 -4.002898e-02 1.228962e+01
-6.000000e-02 -4.002898e-02 1.397180e+01
-4.500000e-02 -4.002898e-02 1.344688e+01
-3.000000e-02 -4.002898e-02 1.195898e+01
-1.500000e-02 -4.002898e-02 1.079357e+01
5.551115e-17 -4.002898e-02 1.038308e+01
1.500000e-02 -4.002898e-02 1.079357e+01
3.000000e-02 -4.002898e-02 1.195898e+01
4.500000e-02 -4.002898e-02 1.344688e+01
6.000000e-02 -4.002898e-02 1.397180e+01
7.500000e-02 -4.002898e-02 1.228962e+01
9.000000e-02 -4.002898e-02 9.310717e+00
1.050000e-01 -4.002898e-02 6.664890e+00
1.200000e-01 -4.002898e-02 4.835068e+00
1.350000e-01 -4.002898e-02 3.654842e+00
1.500000e-01 -4.002898e-02 2.891797e+00
1.650000e-01 -4.002898e-02 2.385052e+00
1.800000e-01 -4.002898e-02 2.037344e+00
1.950000e-01 -4.002898e-02 1.791061e+00
2.100000e-01 -4.002898e-02 1.611549e+00
2.250000e-01 -4.002898e-02 1.477384e+00
2.400000e-01 -4.002898e-02 1.374927e+00
2.550000e-01 -4.002898e-02 1.295236e+00
2.700000e-01 -4.002898e-02 1.232289e+00
2.850000e-01 -4.002898e-02 1.181931e+00
3.000000e-01 -4.002898e-02 1.141230e+00
-3.000000e-01 -2.636470e-02 1.029164e+00
-2.850000e-01 -2.636470e-02 1.064129e+00
-2.700000e-01 -2.636470e-02 1.107284e+00
-2.550000e-01 -2.636470e-02 1.161069e+00
-2.400000e-01 -2.636470e-02 1.228919e+00
-2.250000e-01 -2.636470e-02 1.315777e+00
-2.100000e-01 -2.636470e-02 1.428918e+00
-1.950000e-01 -2.636470e-02 1.579332e+00
-1.800000e-01 -2.636470e-02 1.784079e+00
-1.650000e-01 -2.636470e-02 2.070413e+00
-1.500000e-01 -2.636470e-02 2.483079e+00
-1.350000e-01 -2.636470e-02 3.096986e+00
-1.200000e-01 -2.636470e-02 4.037015e+00
-1.050000e-01 -2.636470e-02 5.496386e+00
-9.000000e-02 -2.636470e-02 7.690800e+00
-7.500000e-02 -2.636470e-02 1.054181e+01
-6.000000e-02 -2.636470e-02 1.305199e+01
-4.500000e-02 -2.636470e-02 1.384474e+01
-3.000000e-02 -2.636470e-02 1.314674e+01
-1.500000e-02 -2.636470e-02 1.223256e+01
5.551115e-17 -2.636470e-02 1.186471e+01
1.500000e-02 -2.636470e-02 1.223256e+01
3.000000e-02 -2.636470e-02 1.314674e+01
4.500000e-02 -2.636470e-02 1.384474e+01
6.000000e-02 -2.636470e-02 1.305199e+01
7.500000e-02 -2.636470e-02 1.054181e+01
9.000000e-02 -2.636470e-02 7.690800e+00
1.050000e-01 -2.636470e-02 5.496386e+00
1.200000e-01 -2.636470e-02 4.037015e+00
1.350000e-01 -2.636470e-02 3.096986e+00
1.500000e-01 -2.636470e-02 2.483079e+00
1.650000e-01 -2.636470e-02 2.070413e+00
1.800000e-01 -2.636470e-02 1.784079e+00
1.950000e-01 -2.636470e-02 1.579332e+00
2.100000e-01 -2.636470e-02 1.428918e+00
2.250000e-01 -2.636470e-02 1.315777e+00
2.400000e-01 -2.636470e-02 1.228919e+00
2.550000e-01 -2.636470e-02 1.161069e+00
2.700000e-01 -2.636470e-02 1.107284e+00
2.850000e-01 -2.636470e-02 1.064129e+00
3.000000e-01 -2.636470e-02 1.029164e+00
-3.000000e-01 -1.270041e-02 9.324770e-01
-2.850000e-01 -1.270041e-02 9.627105e-01
-2.700000e-01 -1.270041e-02 9.999411e-01
-2.550000e-01 -1.270041e-02 1.046216e+00
-2.400000e-01 -1.270041e-02 1.104399e+00
-2.250000e-01 -1.270041e-02 1.178582e+00
-2.100000e-01 -1.270041e-02 1.274740e+00
-1.950000e-01 -1.270041e-02 1.401807e+00
-1.800000e-01 -1.270041e-02 1.573498e+00
-1.650000e-01 -1.270041e-02 1.811435e+00
-1.500000e-01 -1.270041e-02 2.150620e+00
-1.350000e-01 -1.270041e-02 2.648888e+00
-1.200000e-01 -1.270041e-02 3.402139e+00
-1.050000e-01 -1.270041e-02 4.562474e+00
-9.000000e-02 -1.270041e-02 6.329075e+00
-7.500000e-02 -1.270041e-02 8.793193e+00
-6.000000e-02 -1.270041e-02 1.148414e+01
-4.500000e-02 -1.270041e-02 1.322852e+01
-3.000000e-02 -1.270041e-02 1.348527e+01
-1.500000e-02 -1.270041e-02 1.304455e+01
5.551115e-17 -1.270041e-02 1.279676e+01
1.500000e-02 -1.270041e-02 1.304455e+01
3.000000e-02 -1.270041e-02 1.348527e+01
4.500000e-02 -1.270041e-02 1.322852e+01
6.000000e-02 -1.270041e-02 1.148414e+01
7.500000e-02 -1.270041e-02 8.793193e+00
9.000000e-02 -1.270041e-02 6.329075e+00
1.050000e-01 -1.270041e-02 4.562474e+00
1.200000e-01 -1.270041e-02 3.402139e+00
1.350000e-01 -1.270041e-02 2.648888e+00
1.500000e-01 -1.270041e-02 2.150620e+00
1.650000e-01 -1.270041e-02 1.811435e+00
1.800000e-01 -1.270041e-02 1.573498e+00
1.950000e-01 -1.270041e-02 1.401807e+00
2.100000e-01 -1.270041e-02 1.274740e+00
2.250000e-01 -1.270041e-02 1.178582e+00
2.400000e-01 -1.270041e-02 1.104399e+00
2.550000e-01 -1.270041e-02 1.046216e+00
2.700000e-01 -1.270041e-02 9.999411e-01
2.850000e-01 -1.270041e-02 9.627105e-01
3.000000e-01 -1.270041e-02 9.324770e-01
-3.000000e-01 9.638653e-04 8.485384e-01
-2.850000e-01 9.638653e-04 8.748398e-01
-2.700000e-01 9.638653e-04 9.071599e-01
-2.550000e-01 9.638653e-04 9.472289e-01
-2.400000e-01 9.638653e-04 9.974545e-01
-2.250000e-01 9.638653e-04 1.061253e+00
-2.100000e-01 9.638653e-04 1.143573e+00
-1.950000e-01 9.638653e-04 1.251744e+00
-1.800000e-01 9.638653e-04 1.396891e+00
-1.650000e-01 9.638653e-04 1.596330e+00
-1.500000e-01 9.638653e-04 1.877671e+00
-1.350000e-01 9.638653e-04 2.285838e+00
-1.200000e-01 9.638653e-04 2.894381e+00
-1.050000e-01 9.638653e-04 3.820224e+00
-9.000000e-02 9.638653e-04 5.226584e+00
-7.500000e-02 9.638653e-04 7.248408e+00
-6.000000e-02 9.638653e-04 9.713229e+00
-4.500000e-02 9.638653e-04 1.183985e+01
-3.000000e-02 9.638653e-04 1.283850e+01
-1.500000e-02 9.638653e-04 1.292290e+01
5.551115e-17 9.638653e-04 1.283788e+01
1.500000e-02 9.638653e-04 1.292290e+01
3.000000e-02 9.638653e-04 1.283850e+01
4.500000e-02 9.638653e-04 1.183985e+01
6.000000e-02 9.638653e-04 9.713229e+00
7.500000e-02 9.638653e-04 7.248408e+00
9.000000e-02 9.638653e-04 5.226584e+00
1.050000e-01 9.638653e-04 3.820224e+00
1.200000e-01 9.638653e-04 2.894381e+00
1.350000e-01 9.638653e-04 2.285838e+00
1.500000e-01 9.638653e-04 1.877671e+00
1.650000e-01 9.638653e-04 1.596330e+00
1.800000e-01 9.638653e-04 1.396891e+00
1.950000e-01 9.638653e-04 1.251744e+00
2.100000e-01 9.638653e-04 1.143573e+00
2.250000e-01 9.638653e-04 1.061253e+00
2.400000e-01 9.638653e-04 9.974545e-01
2.550000e-01 9.638653e-04 9.472289e-01
2.700000e-01 9.638653e-04 9.071599e-01
2.850000e-01 9.638653e-04 8.748398e-01
3.000000e-01 9.638653e-04 8.485384e-01
-3.000000e-01 1.462815e-02 7.752441e-01
-2.850000e-01 1.462815e-02 7.982543e-01
-2.700000e-01 1.462815e-02 8.264744e-01
-2.550000e-01 1.462815e-02 8.613777e-01
-2.400000e-01 1.462815e-02 9.050032e-01
-2.250000e-01 1.462815e-02 9.602255e-01
-2.100000e-01 1.462815e-02 1.031176e+00
-1.950000e-01 1.462815e-02 1.123922e+00
-1.800000e-01 1.462815e-02 1.247569e+00
-1.650000e-01 1.462815e-02 1.416108e+00
-1.500000e-01 1.462815e-02 1.651519e+00
-1.350000e-01 1.462815e-02 1.988969e+00
-1.200000e-01 1.462815e-02 2.485085e+00
-1.050000e-01 1.462815e-02 3.228995e+00
-9.000000e-02 1.462815e-02 4.347616e+00
-7.500000e-02 1.462815e-02 5.967611e+00
-6.000000e-02 1.462815e-02 8.048692e+00
-4.500000e-02 1.462815e-02 1.011856e+01
-3.000000e-02 1.462815e-02 1.145849e+01
-1.500000e-02 1.462815e-02 1.191698e+01
5.551115e-17 1.462815e-02 1.197137e+01
1.500000e-02 1.462815e-02 1.191698e+01
3.000000e-02 1.462815e-02 1.145849e+01
4.500000e-02 1.462815e-02 1.011856e+01
6.000000e-02 1.462815e-02 8.048692e+00
7.500000e-02 1.462815e-02 5.967611e+00
9.000000e-02 1.462815e-02 4.347616e+00
1.050000e-01 1.462815e-02 3.228995e+00
1.200000e-01 1.462815e-02 2.485085e+00
1.350000e-01 1.462815e-02 1.988969e+00
1.500000e-01 1.462815e-02 1.651519e+00
1.650000e-01 1.462815e-02 1.416108e+00
1.800000e-01 1.462815e-02 1.247569e+00
1.950000e-01 1.462815e-02 1.123922e+00
2.100000e-01 1.462815e-02 1.031176e+00
2.250000e-01 1.462815e-02 9.602255e-01
2.400000e-01 1.462815e-02 9.050032e-01
2.550000e-01 1.462815e-02 8.613777e-01
2.700000e-01 1.462815e-02 8.264744e-01
2.850000e-01 1.462815e-02 7.982543e-01
3.000000e-01 1.462815e-02 7.752441e-01
-3.000000e-01 2.829243e-02 7.108987e-01
-2.850000e-01 2.829243e-02 7.311354e-01
-2.700000e-01 2.829243e-02 7.559089e-01
-2.550000e-01 2.829243e-02 7.864817e-01
-2.400000e-01 2.829243e-02 8.245929e-01
-2.250000e-01 2.829243e-02 8.726791e-01
-2.100000e-01 2.829243e-02 9.342175e-01
-1.950000e-01 2.829243e-02 1.014268e+00
-1.800000e-01 2.829243e-02 1.120350e+00
-1.650000e-01 2.829243e-02 1.263870e+00
-1.500000e-01 2.829243e-02 1.462485e+00
-1.350000e-01 2.829243e-02 1.743962e+00
-1.200000e-01 2.829243e-02 2.152186e+00
-1.050000e-01 2.829243e-02 2.755073e+00
-9.000000e-02 2.829243e-02 3.649028e+00
-7.500000e-02 2.829243e-02 4.936957e+00
-6.000000e-02 2.829243e-02 6.624680e+00
-4.500000e-02 2.829243e-02 8.424802e+00
-3.000000e-02 2.829243e-02 9.775451e+00
-1.500000e-02 2.829243e-02 1.038901e+01
5.551115e-17 2.829243e-02 1.051980e+01
1.500000e-02 2.829243e-02 1.038901e+01
3.000000e-02 2.829243e-02 9.775451e+00
4.500000e-02 2.829243e-02 8.424802e+00
6.000000e-02 2.829243e-02 6.624680e+00
7.500000e-02 2.829243e-02 4.936957e+00
9.000000e-02 2.829243e-02 3.649028e+00
1.050000e-01 2.829243e-02 2.755073e+00
1.200000e-01 2.829243e-02 2.152186e+00
1.350000e-01 2.829243e-02 1.743962e+00
1.500000e-01 2.829243e-02 1.462485e+00
1.650000e-01 2.829243e-02 1.263870e+00
1.800000e-01 2.829243e-02 1.120350e+00
1.950000e-01 2.829243e-02 1.014268e+00
2.100000e-01 2.829243e-02 9.342175e-01
2.250000e-01 2.829243e-02 8.726791e-01
2.400000e-01 2.829243e-02 8.245929e-01
2.550000e-01 2.829243e-02 7.864817e-01
2.700000e-01 2.829243e-02 7.559089e-01
2.850000e-01 2.829243e-02 7.311354e-01
3.000000e-01 2.829243e-02 7.108987e-01
-3.000000e-01 4.195671e-02 6.541254e-01
-2.850000e-01 4.195671e-02 6.720104e-01
-2.700000e-01 4.195671e-02 6.938674e-01
-2.550000e-01 4.195671e-02 7.207858e-01
-2.400000e-01 4.195671e-02 7.542584e-01
-2.250000e-01 4.195671e-02 7.963648e-01
-2.100000e-01 4.195671e-02 8.500526e-01
-1.950000e-01 4.195671e-02 9.195757e-01
-1.800000e-01 4.195671e-02 1.011192e+00
-1.650000e-01 4.195671e-02 1.134281e+00
-1.500000e-01 4.195671e-02 1.303155e+00
-1.350000e-01 4.195671e-02 1.539935e+00
-1.200000e-01 4.195671e-02 1.878900e+00
-1.050000e-01 4.195671e-02 2.372011e+00
-9.000000e-02 4.195671e-02 3.091833e+00
-7.500000e-02 4.195671e-02 4.116766e+00
-6.000000e-02 4.195671e-02 5.462310e+00
-4.500000e-02 4.195671e-02 6.941224e+00
-3.000000e-02 4.195671e-02 8.132281e+00
-1.500000e-02 4.195671e-02 8.740779e+00
5.551115e-17 4.195671e-02 8.891073e+00
1.500000e-02 4.195671e-02 8.740779e+00
3.000000e-02 4.195671e-02 8.132281e+00
4.500000e-02 4.195671e-02 6.941224e+00
6.000000e-02 4.195671e-02 5.462310e+00
7.500000e-02 4.195671e-02 4.116766e+00
9.000000e-02 4.195671e-02 3.091833e+00
1.050000e-01 4.195671e-02 2.372011e+00
1.200000e-01 4.195671e-02 1.878900e+00
1.350000e-01 4.195671e-02 1.539935e+00
1.500000e-01 4.195671e-02 1.303155e+00
1.650000e-01 4.195671e-02 1.134281e+00
1.800000e-01 4.195671e-02 1.011192e+00
1.950000e-01 4.195671e-02 9.195757e-01
2.100000e-01 4.195671e-02 8.500526e-01
2.250000e-01 4.195671e-02 7.963648e-01
2.400000e-01 4.195671e-02 7.542584e-01
2.550000e-01 4.195671e-02 7.207858e-01
2.700000e-01 4.195671e-02 6.938674e-01
2.850000e-01 4.195671e-02 6.720104e-01
3.000000e-01 4.195671e-02 6.541254e-01
-3.000000e-01 5.562099e-02 6.037983e-01
-2.850000e-01 5.562099e-02 6.196771e-01
-2.700000e-01 5.562099e-02 6.390516e-01
-2.550000e-01 5.562099e-02 6.628668e-01
-2.400000e-01 5.562099e-02 6.924122e-01
-2.250000e-01 5.562099e-02 7.294744e-01
-2.100000e-01 5.562099e-02 7.765688e-01
-1.950000e-01 5.562099e-02 8.372974e-01
-1.800000e-01 5.562099e-02 9.169084e-01
-1.650000e-01 5.562099e-02 1.023179e+00
-1.500000e-01 5.562099e-02 1.167808e+00
-1.350000e-01 5.562099e-02 1.368576e+00
-1.200000e-01 5.562099e-02 1.652489e+00
-1.050000e-01 5.562099e-02 2.059549e+00
-9.000000e-02 5.562099e-02 2.644295e+00
-7.500000e-02 5.562099e-02 3.464563e+00
-6.000000e-02 5.562099e-02 4.532895e+00
-4.500000e-02 5.562099e-02 5.716355e+00
-3.000000e-02 5.562099e-02 6.698835e+00
-1.500000e-02 5.562099e-02 7.227261e+00
5.551115e-17 5.562099e-02 7.365294e+00
1.500000e-02 5.562099e-02 7.227261e+00
3.000000e-02 5.562099e-02 6.698835e+00
4.500000e-02 5.562099e-02 5.716355e+00
6.000000e-02 5.562099e-02 4.532895e+00
7.500000e-02 5.562099e-02 3.464563e+00
9.000000e-02 5.562099e-02 2.644295e+00
1.050000e-01 5.562099e-02 2.059549e+00
1.200000e-01 5.562099e-02 1.652489e+00
1.350000e-01 5.562099e-02 1.368576e+00
1.500000e-01 5.562099e-02 1.167808e+00
1.650000e-01 5.562099e-02 1.023179e+00
1.800000e-01 5.562099e-02 9.169084e-01
1.950000e-01 5.562099e-02 8.372974e-01
2.100000e-01 5.562099e-02 7.765688e-01
2.250000e-01 5.562099e-02 7.294744e-01
2.400000e-01 5.562099e-02 6.924122e-01
2.550000e-01 5.562099e-02 6.628668e-01
2.700000e-01 5.562099e-02 6.390516e-01
2.850000e-01 5.562099e-02 6.196771e-01
3.000000e-01 5.562099e-02 6.037983e-01
-3.000000e-01 6.928527e-02 5.589902e-01
-2.850000e-01 6.928527e-02 5.731482e-01
-2.700000e-01 6.928527e-02 5.903972e-01
-2.550000e-01 6.928527e-02 6.115619e-01
-2.400000e-01 6.928527e-02 6.377625e-01
-2.250000e-01 6.928527e-02 6.705429e-01
-2.100000e-01 6.928527e-02 7.120636e-01
-1.950000e-01 6.928527e-02 7.653952e-01
-1.800000e-01 6.928527e-02 8.349713e-01
-1.650000e-01 6.928527e-02 9.272892e-01
-1.500000e-01 6.928527e-02 1.051992e+00
-1.350000e-01 6.928527e-02 1.223494e+00
-1.200000e-01 6.928527e-02 1.463254e+00
-1.050000e-01 6.928527e-02 1.802299e+00
-9.000000e-02 6.928527e-02 2.281725e+00
-7.500000e-02 6.928527e-02 2.943459e+00
-6.000000e-02 6.928527e-02 3.794190e+00
-4.500000e-02 6.928527e-02 4.732473e+00
-3.000000e-02 6.928527e-02 5.517700e+00
-1.500000e-02 6.928527e-02 5.947769e+00
5.551115e-17 6.928527e-02 6.062228e+00
1.500000e-02 6.928527e-02 5.947769e+00
3.000000e-02 6.928527e-02 5.517700e+00
4.500000e-02 6.928527e-02 4.732473e+00
6.000000e-02 6.928527e-02 3.794190e+00
7.500000e-02 6.928527e-02 2.943459e+00
9.000000e-02 6.928527e-02 2.281725e+00
1.050000e-01 6.928527e-02 1.802299e+00
1.200000e-01 6.928527e-02 1.463254e+00
1.350000e-01 6.928527e-02 1.223494e+00
1.500000e-01 6.928527e-02 1.051992e+00
1.650000e-01 6.928527e-02 9.272892e-01
1.800000e-01 6.928527e-02 8.349713e-01
1.950000e-01 6.928527e-02 7.653952e-01
2.100000e-01 6.928527e-02 7.120636e-01
2.250000e-01 6.928527e-02 6.705429e-01
2.400000e-01 6.928527e-02 6.377625e-01
2.550000e-01 6.928527e-02 6.115619e-01
2.700000e-01 6.928527e-02 5.903972e-01
2.850000e-01 6.928527e-02 5.731482e-01
3.000000e-01 6.928527e-02 5.589902e-01
-3.000000e-01 8.294955e-02 5.189325e-01
-2.850000e-01 8.294955e-02 5.316066e-01
-2.700000e-01 8.294955e-02 5.470262e-01
-2.550000e-01 8.294955e-02 5.659146e-01
-2.400000e-01 8.294955e-02 5.892501e-01
-2.250000e-01 8.294955e-02 6.183746e-01
-2.100000e-01 8.294955e-02 6.551548e-01
-1.950000e-01 8.294955e-02 7.022249e-01
-1.800000e-01 8.294955e-02 7.633556e-01
-1.650000e-01 8.294955e-02 8.440146e-01
-1.500000e-01 8.294955e-02 9.522118e-01
-1.350000e-01 8.294955e-02 1.099730e+00
-1.200000e-01 8.294955e-02 1.303767e+00
-1.050000e-01 8.294955e-02 1.588579e+00
-9.000000e-02 8.294955e-02 1.985271e+00
-7.500000e-02 8.294955e-02 2.523928e+00
-6.000000e-02 8.294955e-02 3.205889e+00
-4.500000e-02 8.294955e-02 3.949852e+00
-3.000000e-02 8.294955e-02 4.569735e+00
-1.500000e-02 8.294955e-02 4.909175e+00
5.551115e-17 8.294955e-02 4.999447e+00
1.500000e-02 8.294955e-02 4.909175e+00
3.000000e-02 8.294955e-02 4.569735e+00
4.500000e-02 8.294955e-02 3.949852e+00
6.000000e-02 8.294955e-02 3.205889e+00
7.500000e-02 8.294955e-02 2.523928e+00
9.000000e-02 8.294955e-02 1.985271e+00
1.050000e-01 8.294955e-02 1.588579e+00
1.200000e-01 8.294955e-02 1.303767e+00
1.350000e-01 8.294955e-02 1.099730e+00
1.500000e-01 8.294955e-02 9.522118e-01
1.650000e-01 8.294955e-02 8.440146e-01
1.800000e-01 8.294955e-02 7.633556e-01
1.950000e-01 8.294955e-02 7.022249e-01
2.100000e-01 8.294955e-02 6.551548e-01
2.250000e-01 8.294955e-02 6.183746e-01
2.400000e-01 8.294955e-02 5.892501e-01
2.550000e-01 8.294955e-02 5.659146e-01
2.700000e-01 8.294955e-02 5.470262e-01
2.850000e-01 8.294955e-02 5.316066e-01
3.000000e-01 8.294955e-02 5.189325e-01
-3.000000e-01 9.661383e-02 4.829844e-01
-2.850000e-01 9.661383e-02 4.943726e-01
-2.700000e-01 9.661383e-02 5.082098e-01
-2.550000e-01 9.661383e-02 5.251331e-01
-2.400000e-01 9.661383e-02 5.460014e-01
-2.250000e-01 9.661383e-02 5.719871e-01
-2.100000e-01 9.661383e-02 6.047121e-01
-1.950000e-01 9.661383e-02 6.464497e-01
-1.800000e-01 9.661383e-02 7.004272e-01
-1.650000e-01 9.661383e-02 7.712774e-01
-1.500000e-01 9.661383e-02 8.657025e-01
-1.350000e-01 9.661383e-02 9.934105e-01
-1.200000e-01 9.661383e-02 1.168296e+00
-1.050000e-01 9.661383e-02 1.409476e+00
-9.000000e-02 9.661383e-02 1.740625e+00
-7.500000e-02 9.661383e-02 2.183164e+00
-6.000000e-02 9.661383e-02 2.734448e+00
-4.500000e-02 9.661383e-02 3.327347e+00
-3.000000e-02 9.661383e-02 3.815824e+00
-1.500000e-02 9.661383e-02 4.080425e+00
5.551115e-17 9.661383e-02 4.149927e+00
1.500000e-02 9.661383e-02 4.080425e+00
3.000000e-02 9.661383e-02 3.815824e+00
4.500000e-02 9.661383e-02 3.327347e+00
6.000000e-02 9.661383e-02 2.734448e+00
7.500000e-02 9.661383e-02 2.183164e+00
9.000000e-02 9.661383e-02 1.740625e+00
1.050000e-01 9.661383e-02 1.409476e+00
1.200000e-01 9.661383e-02 1.168296e+00
1.350000e-01 9.661383e-02 9.934105e-01
1.500000e-01 9.661383e-02 8.657025e-01
1.650000e-01 9.661383e-02 7.712774e-01
1.800000e-01 9.661383e-02 7.004272e-01
1.950000e-01 9.661383e-02 6.464497e-01
2.100000e-01 9.661383e-02 6.047121e-01
2.250000e-01 9.661383e-02 5.719871e-01
2.400000e-01 9.661383e-02 5.460014e-01
2.550000e-01 9.661383e-02 5.251331e-01
2.700000e-01 9.661383e-02 5.082098e-01
2.850000e-01 9.661383e-02 4.943726e-01
3.000000e-01 9.661383e-02 4.829844e-01
-3.000000e-01 1.102781e-01 4.506083e-01
-2.850000e-01 1.102781e-01 4.608771e-01
-2.700000e-01 1.102781e-01 4.733388e-01
-2.550000e-01 1.102781e-01 4.885575e-01
-2.400000e-01 1.102781e-01 5.072906e-01
-2.250000e-01 1.102781e-01 5.305675e-01
-2.100000e-01 1.102781e-01 5.598048e-01
-1.950000e-01 1.102781e-01 5.969753e-01
-1.800000e-01 1.102781e-01 6.448577e-01
-1.650000e-01 1.102781e-01 7.074024e-01
-1.500000e-01 1.102781e-01 7.902566e-01
-1.350000e-01 1.102781e-01 9.014780e-01
-1.200000e-01 1.102781e-01 1.052382e+00
-1.050000e-01 1.102781e-01 1.258152e+00
-9.000000e-02 1.102781e-01 1.536913e+00
-7.500000e-02 1.102781e-01 1.903802e+00
-6.000000e-02 1.102781e-01 2.353520e+00
-4.500000e-02 1.102781e-01 2.829639e+00
-3.000000e-02 1.102781e-01 3.216060e+00
-1.500000e-02 1.102781e-01 3.421792e+00
5.551115e-17 1.102781e-01 3.474749e+00
1.500000e-02 1.102781e-01 3.421792e+00
3.000000e-02 1.102781e-01 3.216060e+00
4.500000e-02 1.102781e-01 2.829639e+00
6.000000e-02 1.102781e-01 2.353520e+00
7.500000e-02 1.102781e-01 1.903802e+00
9.000000e-02 1.102781e-01 1.536913e+00
1.050000e-01 1.102781e-01 1.258152e+00
1.200000e-01 1.102781e-01 1.052382e+00
1.350000e-01 1.102781e-01 9.014780e-01
1.500000e-01 1.102781e-01 7.902566e-01
1.650000e-01 1.102781e-01 7.074024e-01
1.800000e-01 1.102781e-01 6.448577e-01
1.950000e-01 1.102781e-01 5.969753e-01
2.100000e-01 1.102781e-01 5.598048e-01
2.250000e-01 1.102781e-01 5.305675e-01
2.400000e-01 1.102781e-01 5.072906e-01
2.550000e-01 1.102781e-01 4.885575e-01
2.700000e-01 1.102781e-01 4.733388e-01
2.850000e-01 1.102781e-01 4.608771e-01
3.000000e-01 1.102781e-01 4.506083e-01
-3.000000e-01 1.239424e-01 4.213508e-01
-2.850000e-01 1.239424e-01 4.306409e-01
-2.700000e-01 1.239424e-01 4.419017e-01
-2.550000e-01 1.239424e-01 4.556349e-01
-2.400000e-01 1.239424e-01 4.725114e-01
-2.250000e-01 1.239424e-01 4.934392e-01
-2.100000e-01 1.239424e-01 5.196616e-01
-1.950000e-01 1.239424e-01 5.528996e-01
-1.800000e-01 1.239424e-01 5.955590e-01
-1.650000e-01 1.239424e-01 6.510289e-01
-1.500000e-01 1.239424e-01 7.240981e-01
-1.350000e-01 1.239424e-01 8.215020e-01
-1.200000e-01 1.239424e-01 9.525245e-01
-1.050000e-01 1.239424e-01 1.129315e+00
-9.000000e-02 1.239424e-01 1.365831e+00
-7.500000e-02 1.239424e-01 1.672662e+00
-6.000000e-02 1.239424e-01 2.042907e+00
-4.500000e-02 1.239424e-01 2.428602e+00
-3.000000e-02 1.239424e-01 2.736370e+00
-1.500000e-02 1.239424e-01 2.896763e+00
5.551115e-17 1.239424e-01 2.936979e+00
1.500000e-02 1.239424e-01 2.896763e+00
3.000000e-02 1.239424e-01 2.736370e+00
4.500000e-02 1.239424e-01 2.428602e+00
6.000000e-02 1.239424e-01 2.042907e+00
7.500000e-02 1.239424e-01 1.672662e+00
9.000000e-02 1.239424e-01 1.365831e+00
1.050000e-01 1.239424e-01 1.129315e+00
1.200000e-01 1.239424e-01 9.525245e-01
1.350000e-01 1.239424e-01 8.215020e-01
1.500000e-01 1.239424e-01 7.240981e-01
1.650000e-01 1.239424e-01 6.510289e-01
1.800000e-01 1.239424e-01 5.955590e-01
1.950000e-01 1.239424e-01 5.528996e-01
2.100000e-01 1.239424e-01 5.196616e-01
2.250000e-01 1.239424e-01 4.934392e-01
2.400000e-01 1.239424e-01 4.725114e-01
2.550000e-01 1.239424e-01 4.556349e-01
2.700000e-01 1.239424e-01 4.419017e-01
2.850000e-01 1.239424e-01 4.306409e-01
3.000000e-01 1.239424e-01 4.213508e-01
-3.000000e-01 1.376067e-01 3.948277e-01
-2.850000e-01 1.376067e-01 4.032583e-01
-2.700000e-01 1.376067e-01 4.134664e-01
-2.550000e-01 1.376067e-01 4.258995e-01
-2.400000e-01 1.376067e-01 4.411543e-01
-2.250000e-01 1.376067e-01 4.600355e-01
-2.100000e-01 1.376067e-01 4.836393e-01
-1.950000e-01 1.376067e-01 5.134743e-01
-1.800000e-01 1.376067e-01 5.516345e-01
-1.650000e-01 1.376067e-01 6.010435e-01
-1.500000e-01 1.376067e-01 6.657876e-01
-1.350000e-01 1.376067e-01 7.515336e-01
-1.200000e-01 1.376067e-01 8.659529e-01
-1.050000e-01 1.376067e-01 1.018837e+00
-9.000000e-02 1.376067e-01 1.220992e+00
-7.500000e-02 1.376067e-01 1.479719e+00
-6.000000e-02 1.376067e-01 1.787270e+00
-4.500000e-02 1.376067e-01 2.102561e+00
-3.000000e-02 1.376067e-01 2.349689e+00
-1.500000e-02 1.376067e-01 2.475407e+00
5.551115e-17 1.376067e-01 2.505954e+00
1.500000e-02 1.376067e-01 2.475407e+00
3.000000e-02 1.376067e-01 2.349689e+00
4.500000e-02 1.376067e-01 2.102561e+00
6.000000e-02 1.376067e-01 1.787270e+00
7.500000e-02 1.376067e-01 1.479719e+00
9.000000e-02 1.376067e-01 1.220992e+00
1.050000e-01 1.376067e-01 1.018837e+00
1.200000e-01 1.376067e-01 8.659529e-01
1.350000e-01 1.376067e-01 7.515336e-01
1.500000e-01 1.376067e-01 6.657876e-01
1.650000e-01 1.376067e-01 6.010435e-01
1.800000e-01 1.376067e-01 5.516345e-01
1.950000e-01 1.376067e-01 5.134743e-01
2.100000e-01 1.376067e-01 4.836393e-01
2.250000e-01 1.376067e-01 4.600355e-01
2.400000e-01 1.376067e-01 4.411543e-01
2.550000e-01 1.376067e-01 4.258995e-01
2.700000e-01 1.376067e-01 4.134664e-01
2.850000e-01 1.376067e-01 4.032583e-01
3.000000e-01 1.376067e-01 3.948277e-01
-3.000000e-01 1.512709e-01 3.707114e-01
-2.850000e-01 1.512709e-01 3.783846e-01
-2.700000e-01 1.512709e-01 3.876660e-01
-2.550000e-01 1.512709e-01 3.989565e-01
-2.400000e-01 1.512709e-01 4.127892e-01
-2.250000e-01 1.512709e-01 4.298796e-01
-2.100000e-01 1.512709e-01 4.511987e-01
-1.950000e-01 1.512709e-01 4.780750e-01
-1.800000e-01 1.512709e-01 5.123399e-01
-1.650000e-01 1.512709e-01 5.565291e-01
-1.500000e-01 1.512709e-01 6.141493e-01
-1.350000e-01 1.512709e-01 6.899982e-01
-1.200000e-01 1.512709e-01 7.904569e-01
-1.050000e-01 1.512709e-01 9.234698e-01
-9.000000e-02 1.512709e-01 1.097443e+00
-7.500000e-02 1.512709e-01 1.317300e+00
-6.000000e-02 1.512709e-01 1.574961e+00
-4.500000e-02 1.512709e-01 1.835019e+00
-3.000000e-02 1.512709e-01 2.035173e+00
-1.500000e-02 1.512709e-01 2.134365e+00
5.551115e-17 1.512709e-01 2.157604e+00
1.500000e-02 1.512709e-01 2.134365e+00
3.000000e-02 1.512709e-01 2.035173e+00
4.500000e-02 1.512709e-01 1.835019e+00
6.000000e-02 1.512709e-01 1.574961e+00
7.500000e-02 1.512709e-01 1.317300e+00
9.000000e-02 1.512709e-01 1.097443e+00
1.050000e-01 1.512709e-01 9.234698e-01
1.200000e-01 1.512709e-01 7.904569e-01
1.350000e-01 1.512709e-01 6.899982e-01
1.500000e-01 1.512709e-01 6.141493e-01
1.650000e-01 1.512709e-01 5.565291e-01
1.800000e-01 1.512709e-01 5.123399e-01
1.950000e-01 1.512709e-01 4.780750e-01
2.100000e-01 1.512709e-01 4.511987e-01
2.250000e-01 1.512709e-01 4.298796e-01
2.400000e-01 1.512709e-01 4.127892e-01
2.550000e-01 1.512709e-01 3.989565e-01
2.700000e-01 1.512709e-01 3.876660e-01
2.850000e-01 1.512709e-01 3.783846e-01
3.000000e-01 1.512709e-01 3.707114e-01
-3.000000e-01 1.649352e-01 3.487216e-01
-2.850000e-01 1.649352e-01 3.557247e-01
-2.700000e-01 1.649352e-01 3.641874e-01
-2.550000e-01 1.649352e-01 3.744701e-01
-2.400000e-01 1.649352e-01 3.870504e-01
-2.250000e-01 1.649352e-01 4.025676e-01
-2.100000e-01 1.649352e-01 4.218848e-01
-1.950000e-01 1.649352e-01 4.461771e-01
-1.800000e-01 1.649352e-01 4.770539e-01
-1.650000e-01 1.649352e-01 5.167252e-01
-1.500000e-01 1.649352e-01 5.682165e-01
-1.350000e-01 1.649352e-01 6.356138e-01
-1.200000e-01 1.649352e-01 7.242579e-01
-1.050000e-01 1.649352e-01 8.406357e-01
-9.000000e-02 1.649352e-01 9.913140e-01
-7.500000e-02 1.649352e-01 1.179493e+00
-6.000000e-02 1.649352e-01 1.397098e+00
-4.500000e-02 1.649352e-01 1.613459e+00
-3.000000e-02 1.649352e-01 1.776971e+00
-1.500000e-02 1.649352e-01 1.855783e+00
5.551115e-17 1.649352e-01 1.873493e+00
1.500000e-02 1.649352e-01 1.855783e+00
3.000000e-02 1.649352e-01 1.776971e+00
4.500000e-02 1.649352e-01 1.613459e+00
6.000000e-02 1.649352e-01 1.397098e+00
7.500000e-02 1.649352e-01 1.179493e+00
9.000000e-02 1.649352e-01 9.913140e-01
1.050000e-01 1.649352e-01 8.406357e-01
1.200000e-01 1.649352e-01 7.242579e-01
1.350000e-01 1.649352e-01 6.356138e-01
1.500000e-01 1.649352e-01 5.682165e-01
1.650000e-01 1.649352e-01 5.167252e-01
1.800000e-01 1.649352e-01 4.770539e-01
1.950000e-01 1.649352e-01 4.461771e-01
2.100000e-01 1.649352e-01 4.218848e-01
2.250000e-01 1.649352e-01 4.025676e-01
2.400000e-01 1.649352e-01 3.870504e-01
2.550000e-01 1.649352e-01 3.744701e-01
2.700000e-01 1.649352e-01 3.641874e-01
2.850000e-01 1.649352e-01 3.557247e-01
3.000000e-01 1.649352e-01 3.487216e-01
-3.000000e-01 1.785995e-01 3.286174e-01
-2.850000e-01 1.785995e-01 3.350256e-01
-2.700000e-01 1.785995e-01 3.427624e-01
-2.550000e-01 1.785995e-01 3.521528e-01
-2.400000e-01 1.785995e-01 3.636263e-01
-2.250000e-01 1.785995e-01 3.777560e-01
-2.100000e-01 1.785995e-01 3.953121e-01
-1.950000e-01 1.785995e-01 4.173384e-01
-1.800000e-01 1.785995e-01 4.452550e-01
-1.650000e-01 1.785995e-01 4.809974e-01
-1.500000e-01 1.785995e-01 5.271893e-01
-1.350000e-01 1.785995e-01 5.873293e-01
-1.200000e-01 1.785995e-01 6.659144e-01
-1.050000e-01 1.785995e-01 7.682724e-01
-9.000000e-02 1.785995e-01 8.995511e-01
-7.500000e-02 1.785995e-01 1.061702e+00
-6.000000e-02 1.785995e-01 1.246867e+00
-4.500000e-02 1.785995e-01 1.428353e+00
-3.000000e-02 1.785995e-01 1.563050e+00
-1.500000e-02 1.785995e-01 1.626104e+00
5.551115e-17 1.785995e-01 1.639616e+00
1.500000e-02 1.785995e-01 1.626104e+00
3.000000e-02 1.785995e-01 1.563050e+00
4.500000e-02 1.785995e-01 1.428353e+00
6.000000e-02 1.785995e-01 1.246867e+00
7.500000e-02 1.785995e-01 1.061702e+00
9.000000e-02 1.785995e-01 8.995511e-01
1.050000e-01 1.785995e-01 7.682724e-01
1.200000e-01 1.785995e-01 6.659144e-01
1.350000e-01 1.785995e-01 5.873293e-01
1.500000e-01 1.785995e-01 5.271893e-01
1.650000e-01 1.785995e-01 4.809974e-01
1.800000e-01 1.785995e-01 4.452550e-01
1.950000e-01 1.785995e-01 4.173384e-01
2.100000e-01 1.785995e-01 3.953121e-01
2.250000e-01 1.785995e-01 3.777560e-01
2.400000e-01 1.785995e-01 3.636263e-01
2.550000e-01 1.785995e-01 3.521528e-01
2.700000e-01 1.785995e-01 3.427624e-01
2.850000e-01 1.785995e-01 3.350256e-01
3.000000e-01 1.785995e-01 3.286174e-01
-3.000000e-01 1.922638e-01 3.101908e-01
-2.850000e-01 1.922638e-01 3.160692e-01
-2.700000e-01 1.922638e-01 3.231601e-01
-2.550000e-01 1.922638e-01 3.317577e-01
-2.400000e-01 1.922638e-01 3.422496e-01
-2.250000e-01 1.922638e-01 3.551510e-01
-2.100000e-01 1.922638e-01 3.711522e-01
-1.950000e-01 1.922638e-01 3.911832e-01
-1.800000e-01 1.922638e-01 4.165028e-01
-1.650000e-01 1.922638e-01 4.488135e-01
-1.500000e-01 1.922638e-01 4.904011e-01
-1.350000e-01 1.922638e-01 5.442773e-01
-1.200000e-01 1.922638e-01 6.142492e-01
-1.050000e-01 1.922638e-01 7.047170e-01
-9.000000e-02 1.922638e-01 8.197266e-01
-7.500000e-02 1.922638e-01 9.603262e-01
-6.000000e-02 1.922638e-01 1.118997e+00
-4.500000e-02 1.922638e-01 1.272405e+00
-3.000000e-02 1.922638e-01 1.384250e+00
-1.500000e-02 1.922638e-01 1.435030e+00
5.551115e-17 1.922638e-01 1.445338e+00
1.500000e-02 1.922638e-01 1.435030e+00
3.000000e-02 1.922638e-01 1.384250e+00
4.500000e-02 1.922638e-01 1.272405e+00
6.000000e-02 1.922638e-01 1.118997e+00
7.500000e-02 1.922638e-01 9.603262e-01
9.000000e-02 1.922638e-01 8.197266e-01
1.050000e-01 1.922638e-01 7.047170e-01
1.200000e-01 1.922638e-01 6.142492e-01
1.350000e-01 1.922638e-01 5.442773e-01
1.500000e-01 1.922638e-01 4.904011e-01
1.650000e-01 1.922638e-01 4.488135e-01
1.800000e-01 1.922638e-01 4.165028e-01
1.950000e-01 1.922638e-01 3.911832e-01
2.100000e-01 1.922638e-01 3.711522e-01
2.250000e-01 1.922638e-01 3.551510e-01
2.400000e-01 1.922638e-01 3.422496e-01
2.550000e-01 1.922638e-01 3.317577e-01
2.700000e-01 1.922638e-01 3.231601e-01
2.850000e-01 1.922638e-01 3.160692e-01
3.000000e-01 1.922638e-01 3.101908e-01
-3.000000e-01 2.059281e-01 2.932614e-01
-2.850000e-01 2.059281e-01 2.986664e-01
-2.700000e-01 2.059281e-01 3.051810e-01
-2.550000e-01 2.059281e-01 3.130720e-01
-2.400000e-01 2.059281e-01 3.226903e-01
-2.250000e-01 2.059281e-01 3.345008e-01
-2.100000e-01 2.059281e-01 3.491238e-01
-1.950000e-01 2.059281e-01 3.673916e-01
-1.800000e-01 2.059281e-01 3.904239e-01
-1.650000e-01 2.059281e-01 4.197243e-01
-1.500000e-01 2.059281e-01 4.572938e-01
-1.350000e-01 2.059281e-01 5.057373e-01
-1.200000e-01 2.059281e-01 5.682946e-01
-1.050000e-01 2.059281e-01 6.486184e-01
-9.000000e-02 2.059281e-01 7.498941e-01
-7.500000e-02 2.059281e-01 8.725175e-01
-6.000000e-02 2.059281e-01 1.009378e+00
-4.500000e-02 2.059281e-01 1.139988e+00
-3.000000e-02 2.059281e-01 1.233556e+00
-1.500000e-02 2.059281e-01 1.274703e+00
5.551115e-17 2.059281e-01 1.282550e+00
1.500000e-02 2.059281e-01 1.274703e+00
3.000000e-02 2.059281e-01 1.233556e+00
4.500000e-02 2.059281e-01 1.139988e+00
6.000000e-02 2.059281e-01 1.009378e+00
7.500000e-02 2.059281e-01 8.725175e-01
9.000000e-02 2.059281e-01 7.498941e-01
1.050000e-01 2.059281e-01 6.486184e-01
1.200000e-01 2.059281e-01 5.682946e-01
1.350000e-01 2.059281e-01 5.057373e-01
1.500000e-01 2.059281e-01 4.572938e-01
1.650000e-01 2.059281e-01 4.197243e-01
1.800000e-01 2.059281e-01 3.904239e-01
1.950000e-01 2.059281e-01 3.673916e-01
2.100000e-01 2.059281e-01 3.491238e-01
2.250000e-01 2.059281e-01 3.345008e-01
2.400000e-01 2.059281e-01 3.226903e-01
2.550000e-01 2.059281e-01 3.130720e-01
2.700000e-01 2.059281e-01 3.051810e-01
2.850000e-01 2.059281e-01 2.986664e-01
3.000000e-01 2.059281e-01 2.932614e-01
-3.000000e-01 2.195923e-01 2.776724e-01
-2.850000e-01 2.195923e-01 2.826532e-01
-2.700000e-01 2.195923e-01 2.886518e-01
-2.550000e-01 2.195923e-01 2.959111e-01
-2.400000e-01 2.195923e-01 3.047495e-01
-2.250000e-01 2.195923e-01 3.155877e-01
-2.100000e-01 2.195923e-01 3.289853e-01
-1.950000e-01 2.195923e-01 3.456893e-01
-1.800000e-01 2.195923e-01 3.666995e-01
-1.650000e-01 2.195923e-01 3.933492e-01
-1.500000e-01 2.195923e-01 4.273972e-01
-1.350000e-01 2.195923e-01 4.711069e-01
-1.200000e-01 2.195923e-01 5.272493e-01
-1.050000e-01 2.195923e-01 5.988709e-01
-9.000000e-02 2.195923e-01 6.884808e-01
-7.500000e-02 2.195923e-01 7.960067e-01
-6.000000e-02 2.195923e-01 9.147752e-01
-4.500000e-02 2.195923e-01 1.026725e+00
-3.000000e-02 2.195923e-01 1.105553e+00
-1.500000e-02 2.195923e-01 1.139081e+00
5.551115e-17 2.195923e-01 1.145027e+00
1.500000e-02 2.195923e-01 1.139081e+00
3.000000e-02 2.195923e-01 1.105553e+00
4.500000e-02 2.195923e-01 1.026725e+00
6.000000e-02 2.195923e-01 9.147752e-01
7.500000e-02 2.195923e-01 7.960067e-01
9.000000e-02 2.195923e-01 6.884808e-01
1.050000e-01 2.195923e-01 5.988709e-01
1.200000e-01 2.195923e-01 5.272493e-01
1.350000e-01 2.195923e-01 4.711069e-01
1.500000e-01 2.195923e-01 4.273972e-01
1.650000e-01 2.195923e-01 3.933492e-01
1.800000e-01 2.195923e-01 3.666995e-01
1.950000e-01 2.195923e-01 3.456893e-01
2.100000e-01 2.195923e-01 3.289853e-01
2.250000e-01 2.195923e-01 3.155877e-01
2.400000e-01 2.195923e-01 3.047495e-01
2.550000e-01 2.195923e-01 2.959111e-01
2.700000e-01 2.195923e-01 2.886518e-01
2.850000e-01 2.195923e-01 2.826532e-01
3.000000e-01 2.195923e-01 2.776724e-01
-3.000000e-01 2.332566e-01 2.632867e-01
-2.850000e-01 2.332566e-01 2.678863e-01
-2.700000e-01 2.332566e-01 2.734217e-01
-2.550000e-01 2.332566e-01 2.801145e-01
-2.400000e-01 2.332566e-01 2.882546e-01
-2.250000e-01 2.332566e-01 2.982238e-01
-2.100000e-01 2.332566e-01 3.105282e-01
-1.950000e-01 2.332566e-01 3.258406e-01
-1.800000e-01 2.332566e-01 3.450569e-01
-1.650000e-01 2.332566e-01 3.693636e-01
-1.500000e-01 2.332566e-01 4.003130e-01
-1.350000e-01 2.332566e-01 4.398804e-01
-1.200000e-01 2.332566e-01 4.904465e-01
-1.050000e-01 2.332566e-01 5.545633e-01
-9.000000e-02 2.332566e-01 6.342065e-01
-7.500000e-02 2.332566e-01 7.289705e-01
-6.000000e-02 2.332566e-01 8.326245e-01
-4.500000e-02 2.332566e-01 9.291822e-01
-3.000000e-02 2.332566e-01 9.960283e-01
-1.500000e-02 2.332566e-01 1.023485e+00
5.551115e-17 2.332566e-01 1.027957e+00
1.500000e-02 2.332566e-01 1.023485e+00
3.000000e-02 2.332566e-01 9.960283e-01
4.500000e-02 2.332566e-01 9.291822e-01
6.000000e-02 2.332566e-01 8.326245e-01
7.500000e-02 2.332566e-01 7.289705e-01
9.000000e-02 2.332566e-01 6.342065e-01
1.050000e-01 2.332566e-01 5.545633e-01
1.200000e-01 2.332566e-01 4.904465e-01
1.350000e-01 2.332566e-01 4.398804e-01
1.500000e-01 2.332566e-01 4.003130e-01
1.650000e-01 2.332566e-01 3.693636e-01
1.800000e-01 2.332566e-01 3.450569e-01
1.950000e-01 2.332566e-01 3.258406e-01
2.100000e-01 2.332566e-01 3.105282e-01
2.250000e-01 2.332566e-01 2.982238e-01
2.400000e-01 2.332566e-01 2.882546e-01
2.550000e-01 2.332566e-01 2.801145e-01
2.700000e-01 2.332566e-01 2.734217e-01
2.850000e-01 2.332566e-01 2.678863e-01
3.000000e-01 2.332566e-01 2.632867e-01
-3.000000e-01 2.469209e-01 2.499844e-01
-2.850000e-01 2.469209e-01 2.542405e-01
-2.700000e-01 2.469209e-01 2.593589e-01
-2.550000e-01 2.469209e-01 2.655423e-01
-2.400000e-01 2.469209e-01 2.730552e-01
-2.250000e-01 2.469209e-01 2.822453e-01
-2.100000e-01 2.469209e-01 2.935715e-01
-1.950000e-01 2.469209e-01 3.076418e-01
-1.800000e-01 2.469209e-01 3.252612e-01
-1.650000e-01 2.469209e-01 3.474897e-01
-1.500000e-01 2.469209e-01 3.757022e-01
-1.350000e-01 2.469209e-01 4.116299e-01
-1.200000e-01 2.469209e-01 4.573271e-01
-1.050000e-01 2.469209e-01 5.149402e-01
-9.000000e-02 2.469209e-01 5.860218e-01
-7.500000e-02 2.469209e-01 6.699322e-01
-6.000000e-02 2.469209e-01 7.608740e-01
-4.500000e-02 2.469209e-01 8.446426e-01
-3.000000e-02 2.469209e-01 9.016749e-01
-1.500000e-02 2.469209e-01 9.242607e-01
5.551115e-17 2.469209e-01 9.275818e-01
1.500000e-02 2.469209e-01 9.242607e-01
3.000000e-02 2.469209e-01 9.016749e-01
4.500000e-02 2.469209e-01 8.446426e-01
6.000000e-02 2.469209e-01 7.608740e-01
7.500000e-02 2.469209e-01 6.699322e-01
9.000000e-02 2.469209e-01 5.860218e-01
1.050000e-01 2.469209e-01 5.149402e-01
1.200000e-01 2.469209e-01 4.573271e-01
1.350000e-01 2.469209e-01 4.116299e-01
1.500000e-01 2.469209e-01 3.757022e-01
1.650000e-01 2.469209e-01 3.474897e-01
1.800000e-01 2.469209e-01 3.252612e-01
1.950000e-01 2.469209e-01 3.076418e-01
2.100000e-01 2.469209e-01 2.935715e-01
2.250000e-01 2.469209e-01 2.822453e-01
2.400000e-01 2.469209e-01 2.730552e-01
2.550000e-01 2.469209e-01 2.655423e-01
2.700000e-01 2.469209e-01 2.593589e-01
2.850000e-01 2.469209e-01 2.542405e-01
3.000000e-01 2.469209e-01 2.499844e-01
-3.000000e-01 2.605852e-01 2.376599e-01
-2.850000e-01 2.605852e-01 2.416057e-01
-2.700000e-01 2.605852e-01 2.463477e-01
-2.550000e-01 2.605852e-01 2.520719e-01
-2.400000e-01 2.605852e-01 2.590201e-01
-2.250000e-01 2.605852e-01 2.675097e-01
-2.100000e-01 2.605852e-01 2.779581e-01
-1.950000e-01 2.605852e-01 2.909161e-01
-1.800000e-01 2.605852e-01 3.071096e-01
-1.650000e-01 2.605852e-01 3.274885e-01
-1.500000e-01 2.605852e-01 3.532752e-01
-1.350000e-01 2.605852e-01 3.859925e-01
-1.200000e-01 2.605852e-01 4.274205e-01
-1.050000e-01 2.605852e-01 4.793713e-01
-9.000000e-02 2.605852e-01 5.430603e-01
-7.500000e-02 2.605852e-01 6.176874e-01
-6.000000e-02 2.605852e-01 6.978699e-01
-4.500000e-02 2.605852e-01 7.709393e-01
-3.000000e-02 2.605852e-01 8.198760e-01
-1.500000e-02 2.605852e-01 8.385275e-01
5.551115e-17 2.605852e-01 8.409473e-01
1.500000e-02 2.605852e-01 8.385275e-01
3.000000e-02 2.605852e-01 8.198760e-01
4.500000e-02 2.605852e-01 7.709393e-01
6.000000e-02 2.605852e-01 6.978699e-01
7.500000e-02 2.605852e-01 6.176874e-01
9.000000e-02 2.605852e-01 5.430603e-01
1.050000e-01 2.605852e-01 4.793713e-01
1.200000e-01 2.605852e-01 4.274205e-01
1.350000e-01 2.605852e-01 3.859925e-01
1.500000e-01 2.605852e-01 3.532752e-01
1.650000e-01 2.605852e-01 3.274885e-01
1.800000e-01 2.605852e-01 3.071096e-01
1.950000e-01 2.605852e-01 2.909161e-01
2.100000e-01 2.605852e-01 2.779581e-01
2.250000e-01 2.605852e-01 2.675097e-01
2.400000e-01 2.605852e-01 2.590201e-01
2.550000e-01 2.605852e-01 2.520719e-01
2.700000e-01 2.605852e-01 2.463477e-01
2.850000e-01 2.605852e-01 2.416057e-01
3.000000e-01 2.605852e-01 2.376599e-01
-3.000000e-01 2.742495e-01 2.262203e-01
-2.850000e-01 2.742495e-01 2.298850e-01
-2.700000e-01 2.742495e-01 2.342865e-01
-2.550000e-01 2.742495e-01 2.395955e-01
-2.400000e-01 2.742495e-01 2.460340e-01
-2.250000e-01 2.742495e-01 2.538921e-01
-2.100000e-01 2.742495e-01 2.635505e-01
-1.950000e-01 2.742495e-01 2.755098e-01
-1.800000e-01 2.742495e-01 2.904262e-01
-1.650000e-01 2.742495e-01 3.091538e-01
-1.500000e-01 2.742495e-01 3.327829e-01
-1.350000e-01 2.742495e-01 3.626583e-01
-1.200000e-01 2.742495e-01 4.003282e-01
-1.050000e-01 2.742495e-01 4.473276e-01
-9.000000e-02 2.742495e-01 5.046025e-01
-7.500000e-02 2.742495e-01 5.712468e-01
-6.000000e-02 2.742495e-01 6.422687e-01
-4.500000e-02 2.742495e-01 7.063295e-01
-3.000000e-02 2.742495e-01 7.485432e-01
-1.500000e-02 2.742495e-01 7.639972e-01
5.551115e-17 2.742495e-01 7.657086e-01
1.500000e-02 2.742495e-01 7.639972e-01
3.000000e-02 2.742495e-01 7.485432e-01
4.500000e-02 2.742495e-01 7.063295e-01
6.000000e-02 2.742495e-01 6.422687e-01
7.500000e-02 2.742495e-01 5.712468e-01
9.000000e-02 2.742495e-01 5.046025e-01
1.050000e-01 2.742495e-01 4.473276e-01
1.200000e-01 2.742495e-01 4.003282e-01
1.350000e-01 2.742495e-01 3.626583e-01
1.500000e-01 2.742495e-01 3.327829e-01
1.650000e-01 2.742495e-01 3.091538e-01
1.800000e-01 2.742495e-01 2.904262e-01
1.950000e-01 2.742495e-01 2.755098e-01
2.100000e-01 2.742495e-01 2.635505e-01
2.250000e-01 2.742495e-01 2.538921e-01
2.400000e-01 2.742495e-01 2.460340e-01
2.550000e-01 2.742495e-01 2.395955e-01
2.700000e-01 2.742495e-01 2.342865e-01
2.850000e-01 2.742495e-01 2.298850e-01
3.000000e-01 2.742495e-01 2.262203e-01
-3.000000e-01 2.879137e-01 2.155831e-01
-2.850000e-01 2.879137e-01 2.189928e-01
-2.700000e-01 2.879137e-01 2.230853e-01
-2.550000e-01 2.879137e-01 2.280182e-01
-2.400000e-01 2.879137e-01 2.339953e-01
-2.250000e-01 2.879137e-01 2.412827e-01
-2.100000e-01 2.879137e-01 2.502284e-01
-1.950000e-01 2.879137e-01 2.612884e-01
-1.800000e-01 2.879137e-01 2.750579e-01
-1.650000e-01 2.879137e-01 2.923066e-01
-1.500000e-01 2.879137e-01 3.140108e-01
-1.350000e-01 2.879137e-01 3.413616e-01
-1.200000e-01 2.879137e-01 3.757108e-01
-1.050000e-01 2.879137e-01 4.183628e-01
-9.000000e-02 2.879137e-01 4.700474e-01
-7.500000e-02 2.879137e-01 5.297924e-01
-6.000000e-02 2.879137e-01 5.929713e-01
-4.500000e-02 2.879137e-01 6.494010e-01
-3.000000e-02 2.879137e-01 6.859963e-01
-1.500000e-02 2.879137e-01 6.988369e-01
5.551115e-17 2.879137e-01 6.999900e-01
1.500000e-02 2.879137e-01 6.988369e-01
3.000000e-02 2.879137e-01 6.859963e-01
4.500000e-02 2.879137e-01 6.494010e-01
6.000000e-02 2.879137e-01 5.929713e-01
7.500000e-02 2.879137e-01 5.297924e-01
9.000000e-02 2.879137e-01 4.700474e-01
1.050000e-01 2.879137e-01 4.183628e-01
1.200000e-01 2.879137e-01 3.757108e-01
1.350000e-01 2.879137e-01 3.413616e-01
1.500000e-01 2.879137e-01 3.140108e-01
1.650000e-01 2.879137e-01 2.923066e-01
1.800000e-01 2.879137e-01 2.750579e-01
1.950000e-01 2.879137e-01 2.612884e-01
2.100000e-01 2.879137e-01 2.502284e-01
2.250000e-01 2.879137e-01 2.412827e-01
2.400000e-01 2.879137e-01 2.339953e-01
2.550000e-01 2.879137e-01 2.280182e-01
2.700000e-01 2.879137e-01 2.230853e-01
2.850000e-01 2.879137e-01 2.189928e-01
3.000000e-01 2.879137e-01 2.155831e-01
-3.000000e-01 3.015780e-01 2.056754e-01
-2.850000e-01 3.015780e-01 2.088530e-01
-2.700000e-01 3.015780e-01 2.126648e-01
-2.550000e-01 3.015780e-01 2.172561e-01
-2.400000e-01 3.015780e-01 2.228146e-01
-2.250000e-01 3.015780e-01 2.295850e-01
-2.100000e-01 3.015780e-01 2.378861e-01
-1.950000e-01 3.015780e-01 2.481343e-01
-1.800000e-01 3.015780e-01 2.608707e-01
-1.650000e-01 3.015780e-01 2.767914e-01
-1.500000e-01 3.015780e-01 2.967728e-01
-1.350000e-01 3.015780e-01 3.218737e-01
-1.200000e-01 3.015780e-01 3.532783e-01
-1.050000e-01 3.015780e-01 3.920983e-01
-9.000000e-02 3.015780e-01 4.388896e-01
-7.500000e-02 3.015780e-01 4.926435e-01
-6.000000e-02 3.015780e-01 5.490723e-01
-4.500000e-02 3.015780e-01 5.990012e-01
-3.000000e-02 3.015780e-01 6.308733e-01
-1.500000e-02 3.015780e-01 6.415666e-01
5.551115e-17 3.015780e-01 6.422791e-01
1.500000e-02 3.015780e-01 6.415666e-01
3.000000e-02 3.015780e-01 6.308733e-01
4.500000e-02 3.015780e-01 5.990012e-01
6.000000e-02 3.015780e-01 5.490723e-01
7.500000e-02 3.015780e-01 4.926435e-01
9.000000e-02 3.015780e-01 4.388896e-01
1.050000e-01 3.015780e-01 3.920983e-01
1.200000e-01 3.015780e-01 3.532783e-01
1.350000e-01 3.015780e-01 3.218737e-01
1.500000e-01 3.015780e-01 2.967728e-01
1.650000e-01 3.015780e-01 2.767914e-01
1.800000e-01 3.015780e-01 2.608707e-01
1.950000e-01 3.015780e-01 2.481343e-01
2.100000e-01 3.015780e-01 2.378861e-01
2.250000e-01 3.015780e-01 2.295850e-01
2.400000e-01 3.015780e-01 2.228146e-01
2.550000e-01 3.015780e-01 2.172561e-01
2.700000e-01 3.015780e-01 2.126648e-01
2.850000e-01 3.015780e-01 2.088530e-01
3.000000e-01 3.015780e-01 2.056754e-01
-3.000000e-01 3.152423e-01 1.964323e-01
-2.850000e-01 3.152423e-01 1.993984e-01
-2.700000e-01 3.152423e-01 2.029544e-01
-2.550000e-01 3.152423e-01 2.072347e-01
-2.400000e-01 3.152423e-01 2.124128e-01
-2.250000e-01 3.152423e-01 2.187136e-01
-2.100000e-01 3.152423e-01 2.264303e-01
-1.950000e-01 3.152423e-01 2.359438e-01
-1.800000e-01 3.152423e-01 2.477474e-01
-1.650000e-01 3.152423e-01 2.624723e-01
-1.500000e-01 3.152423e-01 2.809073e-01
-1.350000e-01 3.152423e-01 3.039969e-01
-1.200000e-01 3.152423e-01 3.327816e-01
-1.050000e-01 3.152423e-01 3.682115e-01
-9.000000e-02 3.152423e-01 4.107024e-01
-7.500000e-02 3.152423e-01 4.592304e-01
-6.000000e-02 3.152423e-01 5.098212e-01
-4.500000e-02 3.152423e-01 5.541823e-01
-3.000000e-02 3.152423e-01 5.820620e-01
-1.500000e-02 3.152423e-01 5.909825e-01
5.551115e-17 3.152423e-01 5.913473e-01
1.500000e-02 3.152423e-01 5.909825e-01
3.000000e-02 3.152423e-01 5.820620e-01
4.500000e-02 3.152423e-01 5.541823e-01
6.000000e-02 3.152423e-01 5.098212e-01
7.500000e-02 3.152423e-01 4.592304e-01
9.000000e-02 3.152423e-01 4.107024e-01
1.050000e-01 3.152423e-01 3.682115e-01
1.200000e-01 3.152423e-01 3.327816e-01
1.350000e-01 3.152423e-01 3.039969e-01
1.500000e-01 3.152423e-01 2.809073e-01
1.650000e-01 3.152423e-01 2.624723e-01
1.800000e-01 3.152423e-01 2.477474e-01
1.950000e-01 3.152423e-01 2.359438e-01
2.100000e-01 3.152423e-01 2.264303e-01
2.250000e-01 3.152423e-01 2.187136e-01
2.400000e-01 3.152423e-01 2.124128e-01
2.550000e-01 3.152423e-01 2.072347e-01
2.700000e-01 3.152423e-01 2.029544e-01
2.850000e-01 3.152423e-01 1.993984e-01
3.000000e-01 3.152423e-01 1.964323e-01
-3.000000e-01 3.289066e-01 1.877960e-01
-2.850000e-01 3.289066e-01 1.905687e-01
-2.700000e-01 3.289066e-01 1.938913e-01
-2.550000e-01 3.289066e-01 1.978880e-01
-2.400000e-01 3.289066e-01 2.027193e-01
-2.250000e-01 3.289066e-01 2.085929e-01
-2.100000e-01 3.289066e-01 2.157785e-01
-1.950000e-01 3.289066e-01 2.246255e-01
-1.800000e-01 3.289066e-01 2.355848e-01
-1.650000e-01 3.289066e-01 2.492299e-01
-1.500000e-01 3.289066e-01 2.662733e-01
-1.350000e-01 3.289066e-01 2.875595e-01
-1.200000e-01 3.289066e-01 3.140059e-01
-1.050000e-01 3.289066e-01 3.464262e-01
-9.000000e-02 3.289066e-01 3.851231e-01
-7.500000e-02 3.289066e-01 4.290736e-01
-6.000000e-02 3.289066e-01 4.745918e-01
-4.500000e-02 3.289066e-01 5.141605e-01
-3.000000e-02 3.289066e-01 5.386479e-01
-1.500000e-02 3.289066e-01 5.460984e-01
5.551115e-17 3.289066e-01 5.461890e-01
1.500000e-02 3.289066e-01 5.460984e-01
3.000000e-02 3.289066e-01 5.386479e-01
4.500000e-02 3.289066e-01 5.141605e-01
6.000000e-02 3.289066e-01 4.745918e-01
7.500000e-02 3.289066e-01 4.290736e-01
9.000000e-02 3.289066e-01 3.851231e-01
1.050000e-01 3.289066e-01 3.464262e-01
1.200000e-01 3.289066e-01 3.140059e-01
1.350000e-01 3.289066e-01 2.875595e-01
1.500000e-01 3.289066e-01 2.662733e-01
1.650000e-01 3.289066e-01 2.492299e-01
1.800000e-01 3.289066e-01 2.355848e-01
1.950000e-01 3.289066e-01 2.246255e-01
2.100000e-01 3.289066e-01 2.157785e-01
2.250000e-01 3.289066e-01 2.085929e-01
2.400000e-01 3.289066e-01 2.027193e-01
2.550000e-01 3.289066e-01 1.978880e-01
2.700000e-01 3.289066e-01 1.938913e-01
2.850000e-01 3.289066e-01 1.905687e-01
3.000000e-01 3.289066e-01 1.877960e-01
-3.000000e-01 3.425709e-01 1.797146e-01
-2.850000e-01 3.425709e-01 1.823104e-01
-2.700000e-01 3.425709e-01 1.854194e-01
-2.550000e-01 3.425709e-01 1.891570e-01
-2.400000e-01 3.425709e-01 1.936717e-01
-2.250000e-01 3.425709e-01 1.991556e-01
-2.100000e-01 3.425709e-01 2.058575e-01
-1.950000e-01 3.425709e-01 2.140986e-01
-1.800000e-01 3.425709e-01 2.242918e-01
-1.650000e-01 3.425709e-01 2.369597e-01
-1.500000e-01 3.425709e-01 2.527473e-01
-1.350000e-01 3.425709e-01 2.724120e-01
-1.200000e-01 3.425709e-01 2.967651e-01
-1.050000e-01 3.425709e-01 3.265047e-01
-9.000000e-02 3.425709e-01 3.618425e-01
-7.500000e-02 3.425709e-01 4.017674e-01
-6.000000e-02 3.425709e-01 4.428588e-01
-4.500000e-02 3.425709e-01 4.782831e-01
-3.000000e-02 3.425709e-01 4.998740e-01
-1.500000e-02 3.425709e-01 5.061010e-01
5.551115e-17 3.425709e-01 5.059759e-01
1.500000e-02 3.425709e-01 5.061010e-01
3.000000e-02 3.425709e-01 4.998740e-01
4.500000e-02 3.425709e-01 4.782831e-01
6.000000e-02 3.425709e-01 4.428588e-01
7.500000e-02 3.425709e-01 4.017674e-01
9.000000e-02 3.425709e-01 3.618425e-01
1.050000e-01 3.425709e-01 3.265047e-01
1.200000e-01 3.425709e-01 2.967651e-01
1.350000e-01 3.425709e-01 2.724120e-01
1.500000e-01 3.425709e-01 2.527473e-01
1.650000e-01 3.425709e-01 2.369597e-01
1.800000e-01 3.425709e-01 2.242918e-01
1.950000e-01 3.425709e-01 2.140986e-01
2.100000e-01 3.425709e-01 2.058575e-01
2.250000e-01 3.425709e-01 1.991556e-01
2.400000e-01 3.425709e-01 1.936717e-01
2.550000e-01 3.425709e-01 1.891570e-01
2.700000e-01 3.425709e-01 1.854194e-01
2.850000e-01 3.425709e-01 1.823104e-01
3.000000e-01 3.425709e-01 1.797146e-01
-3.000000e-01 3.562351e-01 1.721418e-01
-2.850000e-01 3.562351e-01 1.745754e-01
-2.700000e-01 3.562351e-01 1.774887e-01
-2.550000e-01 3.562351e-01 1.809889e-01
-2.400000e-01 3.562351e-01 1.852139e-01
-2.250000e-01 3.562351e-01 1.903418e-01
-2.100000e-01 3.562351e-01 1.966023e-01
-1.950000e-01 3.562351e-01 2.042913e-01
-1.800000e-01 3.562351e-01 2.137878e-01
-1.650000e-01 3.562351e-01 2.255693e-01
-1.500000e-01 3.562351e-01 2.402208e-01
-1.350000e-01 3.562351e-01 2.584238e-01
-1.200000e-01 3.562351e-01 2.808974e-01
-1.050000e-01 3.562351e-01 3.082420e-01
-9.000000e-02 3.562351e-01 3.405953e-01
-7.500000e-02 3.562351e-01 3.769669e-01
-6.000000e-02 3.562351e-01 4.141791e-01
-4.500000e-02 3.562351e-01 4.460033e-01
-3.000000e-02 3.562351e-01 4.651102e-01
-1.500000e-02 3.562351e-01 4.703152e-01
5.551115e-17 3.562351e-01 4.700212e-01
1.500000e-02 3.562351e-01 4.703152e-01
3.000000e-02 3.562351e-01 4.651102e-01
4.500000e-02 3.562351e-01 4.460033e-01
6.000000e-02 3.562351e-01 4.141791e-01
7.500000e-02 3.562351e-01 3.769669e-01
9.000000e-02 3.562351e-01 3.405953e-01
1.050000e-01 3.562351e-01 3.082420e-01
1.200000e-01 3.562351e-01 2.808974e-01
1.350000e-01 3.562351e-01 2.584238e-01
1.500000e-01 3.562351e-01 2.402208e-01
1.650000e-01 3.562351e-01 2.255693e-01
1.800000e-01 3.562351e-01 2.137878e-01
1.950000e-01 3.562351e-01 2.042913e-01
2.100000e-01 3.562351e-01 1.966023e-01
2.250000e-01 3.562351e-01 1.903418e-01
2.400000e-01 3.562351e-01 1.852139e-01
2.550000e-01 3.562351e-01 1.809889e-01
2.700000e-01 3.562351e-01 1.774887e-01
2.850000e-01 3.562351e-01 1.745754e-01
3.000000e-01 3.562351e-01 1.721418e-01
-3.000000e-01 3.698994e-01 1.650360e-01
-2.850000e-01 3.698994e-01 1.673206e-01
-2.700000e-01 3.698994e-01 1.700541e-01
-2.550000e-01 3.698994e-01 1.733366e-01
-2.400000e-01 3.698994e-01 1.772962e-01
-2.250000e-01 3.698994e-01 1.820980e-01
-2.100000e-01 3.698994e-01 1.879548e-01
-1.950000e-01 3.698994e-01 1.951398e-01
-1.800000e-01 3.698994e-01 2.040015e-01
-1.650000e-01 3.698994e-01 2.149769e-01
-1.500000e-01 3.698994e-01 2.285982e-01
-1.350000e-01 3.698994e-01 2.454800e-01
-1.200000e-01 3.698994e-01 2.662616e-01
-1.050000e-01 3.698994e-01 2.914601e-01
-9.000000e-02 3.698994e-01 3.211533e-01
-7.500000e-02 3.698994e-01 3.543770e-01
-6.000000e-02 3.698994e-01 3.881769e-01
-4.500000e-02 3.698994e-01 4.168610e-01
-3.000000e-02 3.698994e-01 4.338282e-01
-1.500000e-02 3.698994e-01 4.381770e-01
5.551115e-17 3.698994e-01 4.377517e-01
1.500000e-02 3.698994e-01 4.381770e-01
3.000000e-02 3.698994e-01 4.338282e-01
4.500000e-02 3.698994e-01 4.168610e-01
6.000000e-02 3.698994e-01 3.881769e-01
7.500000e-02 3.698994e-01 3.543770e-01
9.000000e-02 3.698994e-01 3.211533e-01
1.050000e-01 3.698994e-01 2.914601e-01
1.200000e-01 3.698994e-01 2.662616e-01
1.350000e-01 3.698994e-01 2.454800e-01
1.500000e-01 3.698994e-01 2.285982e-01
1.650000e-01 3.698994e-01 2.149769e-01
1.800000e-01 3.698994e-01 2.040015e-01
1.950000e-01 3.698994e-01 1.951398e-01
2.100000e-01 3.698994e-01 1.879548e-01
2.250000e-01 3.698994e-01 1.820980e-01
2.400000e-01 3.698994e-01 1.772962e-01
2.550000e-01 3.698994e-01 1.733366e-01
2.700000e-01 3.698994e-01 1.700541e-01
2.850000e-01 3.698994e-01 1.673206e-01
3.000000e-01 3.698994e-01 1.650360e-01
-3.000000e-01 3.835637e-01 1.583597e-01
-2.850000e-01 3.835637e-01 1.605071e-01
-2.700000e-01 3.835637e-01 1.630754e-01
-2.550000e-01 3.835637e-01 1.661577e-01
-2.400000e-01 3.835637e-01 1.698736e-01
-2.250000e-01 3.835637e-01 1.743763e-01
-2.100000e-01 3.835637e-01 1.798633e-01
-1.950000e-01 3.835637e-01 1.865872e-01
-1.800000e-01 3.835637e-01 1.948691e-01
-1.650000e-01 3.835637e-01 2.051100e-01
-1.500000e-01 3.835637e-01 2.177951e-01
-1.350000e-01 3.835637e-01 2.334800e-01
-1.200000e-01 3.835637e-01 2.527343e-01
-1.050000e-01 3.835637e-01 2.760041e-01
-9.000000e-02 3.835637e-01 3.033191e-01
-7.500000e-02 3.835637e-01 3.337449e-01
-6.000000e-02 3.835637e-01 3.645319e-01
-4.500000e-02 3.835637e-01 3.904663e-01
-3.000000e-02 3.835637e-01 4.055834e-01
-1.500000e-02 3.835637e-01 4.092130e-01
5.551115e-17 3.835637e-01 4.086868e-01
1.500000e-02 3.835637e-01 4.092130e-01
3.000000e-02 3.835637e-01 4.055834e-01
4.500000e-02 3.835637e-01 3.904663e-01
6.000000e-02 3.835637e-01 3.645319e-01
7.500000e-02 3.835637e-01 3.337449e-01
9.000000e-02 3.835637e-01 3.033191e-01
1.050000e-01 3.835637e-01 2.760041e-01
1.200000e-01 3.835637e-01 2.527343e-01
1.350000e-01 3.835637e-01 2.334800e-01
1.500000e-01 3.835637e-01 2.177951e-01
1.650000e-01 3.835637e-01 2.051100e-01
1.800000e-01 3.835637e-01 1.948691e-01
1.950000e-01 3.835637e-01 1.865872e-01
2.100000e-01 3.835637e-01 1.798633e-01
2.250000e-01 3.835637e-01 1.743763e-01
2.400000e-01 3.835637e-01 1.698736e-01
2.550000e-01 3.835637e-01 1.661577e-01
2.700000e-01 3.835637e-01 1.630754e-01
2.850000e-01 3.835637e-01 1.605071e-01
3.000000e-01 3.835637e-01 1.583597e-01
-3.000000e-01 3.972280e-01 1.520790e-01
-2.850000e-01 3.972280e-01 1.541000e-01
-2.700000e-01 3.972280e-01 1.565161e-01
-2.550000e-01 3.972280e-01 1.594142e-01
-2.400000e-01 3.972280e-01 1.629058e-01
-2.250000e-01 3.972280e-01 1.671337e-01
-2.100000e-01 3.972280e-01 1.722812e-01
-1.950000e-01 3.972280e-01 1.785825e-01
-1.800000e-01 3.972280e-01 1.863340e-01
-1.650000e-01 3.972280e-01 1.959042e-01
-1.500000e-01 3.972280e-01 2.077366e-01
-1.350000e-01 3.972280e-01 2.223345e-01
-1.200000e-01 3.972280e-01 2.402069e-01
-1.050000e-01 3.972280e-01 2.617388e-01
-9.000000e-02 3.972280e-01 2.869213e-01
-7.500000e-02 3.972280e-01 3.148523e-01
-6.000000e-02 3.972280e-01 3.429701e-01
-4.500000e-02 3.972280e-01 3.664878e-01
-3.000000e-02 3.972280e-01 3.799991e-01
-1.500000e-02 3.972280e-01 3.830233e-01
5.551115e-17 3.972280e-01 3.824206e-01
1.500000e-02 3.972280e-01 3.830233e-01
3.000000e-02 3.972280e-01 3.799991e-01
4.500000e-02 3.972280e-01 3.664878e-01
6.000000e-02 3.972280e-01 3.429701e-01
7.500000e-02 3.972280e-01 3.148523e-01
9.000000e-02 3.972280e-01 2.869213e-01
1.050000e-01 3.972280e-01 2.617388e-01
1.200000e-01 3.972280e-01 2.402069e-01
1.350000e-01 3.972280e-01 2.223345e-01
1.500000e-01 3.972280e-01 2.077366e-01
1.650000e-01 3.972280e-01 1.959042e-01
1.800000e-01 3.972280e-01 1.863340e-01
1.950000e-01 3.972280e-01 1.785825e-01
2.100000e-01 3.972280e-01 1.722812e-01
2.250000e-01 3.972280e-01 1.671337e-01
2.400000e-01 3.972280e-01 1.629058e-01
2.550000e-01 3.972280e-01 1.594142e-01
2.700000e-01 3.972280e-01 1.565161e-01
2.850000e-01 3.972280e-01 1.541000e-01
3.000000e-01 3.972280e-01 1.520790e-01
-3.000000e-01 4.108923e-01 1.461635e-01
-2.850000e-01 4.108923e-01 1.480678e-01
-2.700000e-01 4.108923e-01 1.503433e-01
-2.550000e-01 4.108923e-01 1.530716e-01
-2.400000e-01 4.108923e-01 1.563565e-01
-2.250000e-01 4.108923e-01 1.603315e-01
-2.100000e-01 4.108923e-01 1.651669e-01
-1.950000e-01 4.108923e-01 1.710801e-01
-1.800000e-01 4.108923e-01 1.783453e-01
-1.650000e-01 4.108923e-01 1.873019e-01
-1.500000e-01 4.108923e-01 1.983560e-01
-1.350000e-01 4.108923e-01 2.119647e-01
-1.200000e-01 4.108923e-01 2.285838e-01
-1.050000e-01 4.108923e-01 2.485458e-01
-9.000000e-02 4.108923e-01 2.718108e-01
-7.500000e-02 4.108923e-01 2.975105e-01
-6.000000e-02 4.108923e-01 3.232558e-01
-4.500000e-02 4.108923e-01 3.446419e-01
-3.000000e-02 4.108923e-01 3.567547e-01
-1.500000e-02 4.108923e-01 3.592684e-01
5.551115e-17 4.108923e-01 3.586091e-01
1.500000e-02 4.108923e-01 3.592684e-01
3.000000e-02 4.108923e-01 3.567547e-01
4.500000e-02 4.108923e-01 3.446419e-01
6.000000e-02 4.108923e-01 3.232558e-01
7.500000e-02 4.108923e-01 2.975105e-01
9.000000e-02 4.108923e-01 2.718108e-01
1.050000e-01 4.108923e-01 2.485458e-01
1.200000e-01 4.108923e-01 2.285838e-01
1.350000e-01 4.108923e-01 2.119647e-01
1.500000e-01 4.108923e-01 1.983560e-01
1.650000e-01 4.108923e-01 1.873019e-01
1.800000e-01 4.108923e-01 1.783453e-01
1.950000e-01 4.108923e-01 1.710801e-01
2.100000e-01 4.108923e-01 1.651669e-01
2.250000e-01 4.108923e-01 1.603315e-01
2.400000e-01 4.108923e-01 1.563565e-01
2.550000e-01 4.108923e-01 1.530716e-01
2.700000e-01 4.108923e-01 1.503433e-01
2.850000e-01 4.108923e-01 1.480678e-01
3.000000e-01 4.108923e-01 1.461635e-01
-3.000000e-01 4.245566e-01 1.405855e-01
-2.850000e-01 4.245566e-01 1.423818e-01
-2.700000e-01 4.245566e-01 1.445275e-01
-2.550000e-01 4.245566e-01 1.470988e-01
-2.400000e-01 4.245566e-01 1.501931e-01
-2.250000e-01 4.245566e-01 1.539348e-01
-2.100000e-01 4.245566e-01 1.584827e-01
-1.950000e-01 4.245566e-01 1.640390e-01
-1.800000e-01 4.245566e-01 1.708576e-01
-1.650000e-01 4.245566e-01 1.792518e-01
-1.500000e-01 4.245566e-01 1.895941e-01
-1.350000e-01 4.245566e-01 2.023006e-01
-1.200000e-01 4.245566e-01 2.177803e-01
-1.050000e-01 4.245566e-01 2.363207e-01
-9.000000e-02 4.245566e-01 2.578571e-01
-7.500000e-02 4.245566e-01 2.815555e-01
-6.000000e-02 4.245566e-01 3.051853e-01
-4.500000e-02 4.245566e-01 3.246852e-01
-3.000000e-02 4.245566e-01 3.355761e-01
-1.500000e-02 4.245566e-01 3.376589e-01
5.551115e-17 4.245566e-01 3.369592e-01
1.500000e-02 4.245566e-01 3.376589e-01
3.000000e-02 4.245566e-01 3.355761e-01
4.500000e-02 4.245566e-01 3.246852e-01
6.000000e-02 4.245566e-01 3.051853e-01
7.500000e-02 4.245566e-01 2.815555e-01
9.000000e-02 4.245566e-01 2.578571e-01
1.050000e-01 4.245566e-01 2.363207e-01
1.200000e-01 4.245566e-01 2.177803e-01
1.350000e-01 4.245566e-01 2.023006e-01
1.500000e-01 4.245566e-01 1.895941e-01
1.650000e-01 4.245566e-01 1.792518e-01
1.800000e-01 4.245566e-01 1.708576e-01
1.950000e-01 4.245566e-01 1.640390e-01
2.100000e-01 4.245566e-01 1.584827e-01
2.250000e-01 4.245566e-01 1.539348e-01
2.400000e-01 4.245566e-01 1.501931e-01
2.550000e-01 4.245566e-01 1.470988e-01
2.700000e-01 4.245566e-01 1.445275e-01
2.850000e-01 4.245566e-01 1.423818e-01
3.000000e-01 4.245566e-01 1.405855e-01
-3.000000e-01 4.382208e-01 1.353198e-01
-2.850000e-01 4.382208e-01 1.370162e-01
-2.700000e-01 4.382208e-01 1.390417e-01
-2.550000e-01 4.382208e-01 1.414678e-01
-2.400000e-01 4.382208e-01 1.443859e-01
-2.250000e-01 4.382208e-01 1.479121e-01
-2.100000e-01 4.382208e-01 1.521949e-01
-1.950000e-01 4.382208e-01 1.574222e-01
-1.800000e-01 4.382208e-01 1.638300e-01
-1.650000e-01 4.382208e-01 1.717077e-01
-1.500000e-01 4.382208e-01 1.813979e-01
-1.350000e-01 4.382208e-01 1.932799e-01
-1.200000e-01 4.382208e-01 2.077216e-01
-1.050000e-01 4.382208e-01 2.249717e-01
-9.000000e-02 4.382208e-01 2.449458e-01
-7.500000e-02 4.382208e-01 2.668441e-01
-6.000000e-02 4.382208e-01 2.885822e-01
-4.500000e-02 4.382208e-01 3.064079e-01
-3.000000e-02 4.382208e-01 3.162280e-01
-1.500000e-02 4.382208e-01 3.179468e-01
5.551115e-17 4.382208e-01 3.172197e-01
1.500000e-02 4.382208e-01 3.179468e-01
3.000000e-02 4.382208e-01 3.162280e-01
4.500000e-02 4.382208e-01 3.064079e-01
6.000000e-02 4.382208e-01 2.885822e-01
7.500000e-02 4.382208e-01 2.668441e-01
9.000000e-02 4.382208e-01 2.449458e-01
1.050000e-01 4.382208e-01 2.249717e-01
1.200000e-01 4.382208e-01 2.077216e-01
1.350000e-01 4.382208e-01 1.932799e-01
1.500000e-01 4.382208e-01 1.813979e-01
1.650000e-01 4.382208e-01 1.717077e-01
1.800000e-01 4.382208e-01 1.638300e-01
1.950000e-01 4.382208e-01 1.574222e-01
2.100000e-01 4.382208e-01 1.521949e-01
2.250000e-01 4.382208e-01 1.479121e-01
2.400000e-01 4.382208e-01 1.443859e-01
2.550000e-01 4.382208e-01 1.414678e-01
2.700000e-01 4.382208e-01 1.390417e-01
2.850000e-01 4.382208e-01 1.370162e-01
3.000000e-01 4.382208e-01 1.353198e-01
-3.000000e-01 4.518851e-01 1.303436e-01
-2.850000e-01 4.518851e-01 1.319473e-01
-2.700000e-01 4.518851e-01 1.338614e-01
-2.550000e-01 4.518851e-01 1.361531e-01
-2.400000e-01 4.518851e-01 1.389080e-01
-2.250000e-01 4.518851e-01 1.422350e-01
-2.100000e-01 4.518851e-01 1.462727e-01
-1.950000e-01 4.518851e-01 1.511965e-01
-1.800000e-01 4.518851e-01 1.572257e-01
-1.650000e-01 4.518851e-01 1.646283e-01
-1.500000e-01 4.518851e-01 1.737199e-01
-1.350000e-01 4.518851e-01 1.848470e-01
-1.200000e-01 4.518851e-01 1.983411e-01
-1.050000e-01 4.518851e-01 2.144174e-01
-9.000000e-02 4.518851e-01 2.329761e-01
-7.500000e-02 4.518851e-01 2.532514e-01
-6.000000e-02 4.518851e-01 2.732930e-01
-4.500000e-02 4.518851e-01 2.896282e-01
-3.000000e-02 4.518851e-01 2.985072e-01
-1.500000e-02 4.518851e-01 2.999185e-01
5.551115e-17 4.518851e-01 2.991749e-01
1.500000e-02 4.518851e-01 2.999185e-01
3.000000e-02 4.518851e-01 2.985072e-01
4.500000e-02 4.518851e-01 2.896282e-01
6.000000e-02 4.518851e-01 2.732930e-01
7.500000e-02 4.518851e-01 2.532514e-01
9.000000e-02 4.518851e-01 2.329761e-01
1.050000e-01 4.518851e-01 2.144174e-01
1.200000e-01 4.518851e-01 1.983411e-01
1.350000e-01 4.518851e-01 1.848470e-01
1.500000e-01 4.518851e-01 1.737199e-01
1.650000e-01 4.518851e-01 1.646283e-01
1.800000e-01 4.518851e-01 1.572257e-01
1.950000e-01 4.518851e-01 1.511965e-01
2.100000e-01 4.518851e-01 1.462727e-01
2.250000e-01 4.518851e-01 1.422350e-01
2.400000e-01 4.518851e-01 1.389080e-01
2.550000e-01 4.518851e-01 1.361531e-01
2.700000e-01 4.518851e-01 1.338614e-01
2.850000e-01 4.518851e-01 1.319473e-01
3.000000e-01 4.518851e-01 1.303436e-01
-3.000000e-01 4.655494e-01 1.256362e-01
-2.850000e-01 4.655494e-01 1.271538e-01
-2.700000e-01 4.655494e-01 1.289645e-01
-2.550000e-01 4.655494e-01 1.311315e-01
-2.400000e-01 4.655494e-01 1.337351e-01
-2.250000e-01 4.655494e-01 1.368775e-01
-2.100000e-01 4.655494e-01 1.406885e-01
-1.950000e-01 4.655494e-01 1.453318e-01
-1.800000e-01 4.655494e-01 1.510115e-01
-1.650000e-01 4.655494e-01 1.579764e-01
-1.500000e-01 4.655494e-01 1.665174e-01
-1.350000e-01 4.655494e-01 1.769520e-01
-1.200000e-01 4.655494e-01 1.895795e-01
-1.050000e-01 4.655494e-01 2.045857e-01
-9.000000e-02 4.655494e-01 2.218591e-01
-7.500000e-02 4.655494e-01 2.406672e-01
-6.000000e-02 4.655494e-01 2.591836e-01
-4.500000e-02 4.655494e-01 2.741882e-01
-3.000000e-02 4.655494e-01 2.822381e-01
-1.500000e-02 4.655494e-01 2.833897e-01
5.551115e-17 4.655494e-01 2.826383e-01
1.500000e-02 4.655494e-01 2.833897e-01
3.000000e-02 4.655494e-01 2.822381e-01
4.500000e-02 4.655494e-01 2.741882e-01
6.000000e-02 4.655494e-01 2.591836e-01
7.500000e-02 4.655494e-01 2.406672e-01
9.000000e-02 4.655494e-01 2.218591e-01
1.050000e-01 4.655494e-01 2.045857e-01
1.200000e-01 4.655494e-01 1.895795e-01
1.350000e-01 4.655494e-01 1.769520e-01
1.500000e-01 4.655494e-01 1.665174e-01
1.650000e-01 4.655494e-01 1.579764e-01
1.800000e-01 4.655494e-01 1.510115e-01
1.950000e-01 4.655494e-01 1.453318e-01
2.100000e-01 4.655494e-01 1.406885e-01
2.250000e-01 4.655494e-01 1.368775e-01
2.400000e-01 4.655494e-01 1.337351e-01
2.550000e-01 4.655494e-01 1.311315e-01
2.700000e-01 4.655494e-01 1.289645e-01
2.850000e-01 4.655494e-01 1.271538e-01
3.000000e-01 4.655494e-01 1.256362e-01
-3.000000e-01 4.792137e-01 1.211785e-01
-2.850000e-01 4.792137e-01 1.226161e-01
-2.700000e-01 4.792137e-01 1.243307e-01
-2.550000e-01 4.792137e-01 1.263818e-01
-2.400000e-01 4.792137e-01 1.288450e-01
-2.250000e-01 4.792137e-01 1.318163e-01
-2.100000e-01 4.792137e-01 1.354171e-01
-1.950000e-01 4.792137e-01 1.398007e-01
-1.800000e-01 4.792137e-01 1.451574e-01
-1.650000e-01 4.792137e-01 1.517182e-01
-1.500000e-01 4.792137e-01 1.597522e-01
-1.350000e-01 4.792137e-01 1.695504e-01
-1.200000e-01 4.792137e-01 1.813836e-01
-1.050000e-01 4.792137e-01 1.954124e-01
-9.000000e-02 4.792137e-01 2.115162e-01
-7.500000e-02 4.792137e-01 2.289949e-01
-6.000000e-02 4.792137e-01 2.461364e-01
-4.500000e-02 4.792137e-01 2.599501e-01
-3.000000e-02 4.792137e-01 2.672677e-01
-1.500000e-02 4.792137e-01 2.682003e-01
5.551115e-17 4.792137e-01 2.674483e-01
1.500000e-02 4.792137e-01 2.682003e-01
3.000000e-02 4.792137e-01 2.672677e-01
4.500000e-02 4.792137e-01 2.599501e-01
6.000000e-02 4.792137e-01 2.461364e-01
7.500000e-02 4.792137e-01 2.289949e-01
9.000000e-02 4.792137e-01 2.115162e-01
1.050000e-01 4.792137e-01 1.954124e-01
1.200000e-01 4.792137e-01 1.813836e-01
1.350000e-01 4.792137e-01 1.695504e-01
1.500000e-01 4.792137e-01 1.597522e-01
1.650000e-01 4.792137e-01 1.517182e-01
1.800000e-01 4.792137e-01 1.451574e-01
1.950000e-01 4.792137e-01 1.398007e-01
2.100000e-01 4.792137e-01 1.354171e-01
2.250000e-01 4.792137e-01 1.318163e-01
2.400000e-01 4.792137e-01 1.288450e-01
2.550000e-01 4.792137e-01 1.263818e-01
2.700000e-01 4.792137e-01 1.243307e-01
2.850000e-01 4.792137e-01 1.226161e-01
3.000000e-01 4.792137e-01 1.211785e-01
-3.000000e-01 4.928780e-01 1.169533e-01
-2.850000e-01 4.928780e-01 1.183164e-01
-2.700000e-01 4.928780e-01 1.199415e-01
-2.550000e-01 4.928780e-01 1.218849e-01
-2.400000e-01 4.928780e-01 1.242176e-01
-2.250000e-01 4.928780e-01 1.270298e-01
-2.100000e-01 4.928780e-01 1.304357e-01
-1.950000e-01 4.928780e-01 1.345785e-01
-1.800000e-01 4.928780e-01 1.396362e-01
-1.650000e-01 4.928780e-01 1.458235e-01
-1.500000e-01 4.928780e-01 1.533897e-01
-1.350000e-01 4.928780e-01 1.626021e-01
-1.200000e-01 4.928780e-01 1.737061e-01
-1.050000e-01 4.928780e-01 1.868403e-01
-9.000000e-02 4.928780e-01 2.018775e-01
-7.500000e-02 4.928780e-01 2.181490e-01
-6.000000e-02 4.928780e-01 2.340482e-01
-4.500000e-02 4.928780e-01 2.467933e-01
-3.000000e-02 4.928780e-01 2.534626e-01
-1.500000e-02 4.928780e-01 2.542110e-01
5.551115e-17 4.928780e-01 2.534642e-01
1.500000e-02 4.928780e-01 2.542110e-01
3.000000e-02 4.928780e-01 2.534626e-01
4.500000e-02 4.928780e-01 2.467933e-01
6.000000e-02 4.928780e-01 2.340482e-01
7.500000e-02 4.928780e-01 2.181490e-01
9.000000e-02 4.928780e-01 2.018775e-01
1.050000e-01 4.928780e-01 1.868403e-01
1.200000e-01 4.928780e-01 1.737061e-01
1.350000e-01 4.928780e-01 1.626021e-01
1.500000e-01 4.928780e-01 1.533897e-01
1.650000e-01 4.928780e-01 1.458235e-01
1.800000e-01 4.928780e-01 1.396362e-01
1.950000e-01 4.928780e-01 1.345785e-01
2.100000e-01 4.928780e-01 1.304357e-01
2.250000e-01 4.928780e-01 1.270298e-01
2.400000e-01 4.928780e-01 1.242176e-01
2.550000e-01 4.928780e-01 1.218849e-01
2.700000e-01 4.928780e-01 1.199415e-01
2.850000e-01 4.928780e-01 1.183164e-01
3.000000e-01 4.928780e-01 1.169533e-01
-3.000000e-01 5.065422e-01 1.129448e-01
-2.850000e-01 5.065422e-01 1.142383e-01
-2.700000e-01 5.065422e-01 1.157801e-01
-2.550000e-01 5.065422e-01 1.176232e-01
-2.400000e-01 5.065422e-01 1.198344e-01
-2.250000e-01 5.065422e-01 1.224987e-01
-2.100000e-01 5.065422e-01 1.257233e-01
-1.950000e-01 5.065422e-01 1.296427e-01
-1.800000e-01 5.065422e-01 1.344231e-01
-1.650000e-01 5.065422e-01 1.402648e-01
-1.500000e-01 5.065422e-01 1.473987e-01
-1.350000e-01 5.065422e-01 1.560709e-01
-1.200000e-01 5.065422e-01 1.665042e-01
-1.050000e-01 5.065422e-01 1.788182e-01
-9.000000e-02 5.065422e-01 1.928808e-01
-7.500000e-02 5.065422e-01 2.080536e-01
-6.000000e-02 5.065422e-01 2.228278e-01
-4.500000e-02 5.065422e-01 2.346118e-01
-3.000000e-02 5.065422e-01 2.407061e-01
-1.500000e-02 5.065422e-01 2.413000e-01
5.551115e-17 5.065422e-01 2.405632e-01
1.500000e-02 5.065422e-01 2.413000e-01
3.000000e-02 5.065422e-01 2.407061e-01
4.500000e-02 5.065422e-01 2.346118e-01
6.000000e-02 5.065422e-01 2.228278e-01
7.500000e-02 5.065422e-01 2.080536e-01
9.000000e-02 5.065422e-01 1.928808e-01
1.050000e-01 5.065422e-01 1.788182e-01
1.200000e-01 5.065422e-01 1.665042e-01
1.350000e-01 5.065422e-01 1.560709e-01
1.500000e-01 5.065422e-01 1.473987e-01
1.650000e-01 5.065422e-01 1.402648e-01
1.800000e-01 5.065422e-01 1.344231e-01
1.950000e-01 5.065422e-01 1.296427e-01
2.100000e-01 5.065422e-01 1.257233e-01
2.250000e-01 5.065422e-01 1.224987e-01
2.400000e-01 5.065422e-01 1.198344e-01
2.550000e-01 5.065422e-01 1.176232e-01
2.700000e-01 5.065422e-01 1.157801e-01
2.850000e-01 5.065422e-01 1.142383e-01
3.000000e-01 5.065422e-01 1.129448e-01
-3.000000e-01 5.202065e-01 1.091383e-01
-2.850000e-01 5.202065e-01 1.103670e-01
-2.700000e-01 5.202065e-01 1.118311e-01
-2.550000e-01 5.202065e-01 1.135805e-01
-2.400000e-01 5.202065e-01 1.156785e-01
-2.250000e-01 5.202065e-01 1.182051e-01
-2.100000e-01 5.202065e-01 1.212611e-01
-1.950000e-01 5.202065e-01 1.249728e-01
-1.800000e-01 5.202065e-01 1.294958e-01
-1.650000e-01 5.202065e-01 1.350170e-01
-1.500000e-01 5.202065e-01 1.417508e-01
-1.350000e-01 5.202065e-01 1.499242e-01
-1.200000e-01 5.202065e-01 1.597397e-01
-1.050000e-01 5.202065e-01 1.713003e-01
-9.000000e-02 5.202065e-01 1.844706e-01
-7.500000e-02 5.202065e-01 1.986415e-01
-6.000000e-02 5.202065e-01 2.123946e-01
-4.500000e-02 5.202065e-01 2.233123e-01
-3.000000e-02 5.202065e-01 2.288958e-01
-1.500000e-02 5.202065e-01 2.293605e-01
5.551115e-17 5.202065e-01 2.286377e-01
1.500000e-02 5.202065e-01 2.293605e-01
3.000000e-02 5.202065e-01 2.288958e-01
4.500000e-02 5.202065e-01 2.233123e-01
6.000000e-02 5.202065e-01 2.123946e-01
7.500000e-02 5.202065e-01 1.986415e-01
9.000000e-02 5.202065e-01 1.844706e-01
1.050000e-01 5.202065e-01 1.713003e-01
1.200000e-01 5.202065e-01 1.597397e-01
1.350000e-01 5.202065e-01 1.499242e-01
1.500000e-01 5.202065e-01 1.417508e-01
1.650000e-01 5.202065e-01 1.350170e-01
1.800000e-01 5.202065e-01 1.294958e-01
1.950000e-01 5.202065e-01 1.249728e-01
2.100000e-01 5.202065e-01 1.212611e-01
2.250000e-01 5.202065e-01 1.182051e-01
2.400000e-01 5.202065e-01 1.156785e-01
2.550000e-01 5.202065e-01 1.135805e-01
2.700000e-01 5.202065e-01 1.118311e-01
2.850000e-01 5.202065e-01 1.103670e-01
3.000000e-01 5.202065e-01 1.091383e-01
-3.000000e-01 5.338708e-01 1.055207e-01
-2.850000e-01 5.338708e-01 1.066888e-01
-2.700000e-01 5.338708e-01 1.080802e-01
-2.550000e-01 5.338708e-01 1.097423e-01
-2.400000e-01 5.338708e-01 1.117347e-01
-2.250000e-01 5.338708e-01 1.141328e-01
-2.100000e-01 5.338708e-01 1.170318e-01
-1.950000e-01 5.338708e-01 1.205501e-01
-1.800000e-01 5.338708e-01 1.248338e-01
-1.650000e-01 5.338708e-01 1.300574e-01
-1.500000e-01 5.338708e-01 1.364205e-01
-1.350000e-01 5.338708e-01 1.441326e-01
-1.200000e-01 5.338708e-01 1.533780e-01
-1.050000e-01 5.338708e-01 1.642452e-01
-9.000000e-02 5.338708e-01 1.765972e-01
-7.500000e-02 5.338708e-01 1.898527e-01
-6.000000e-02 5.338708e-01 2.026771e-01
-4.500000e-02 5.338708e-01 2.128124e-01
-3.000000e-02 5.338708e-01 2.179411e-01
-1.500000e-02 5.338708e-01 2.182987e-01
5.551115e-17 5.338708e-01 2.175929e-01
1.500000e-02 5.338708e-01 2.182987e-01
3.000000e-02 5.338708e-01 2.179411e-01
4.500000e-02 5.338708e-01 2.128124e-01
6.000000e-02 5.338708e-01 2.026771e-01
7.500000e-02 5.338708e-01 1.898527e-01
9.000000e-02 5.338708e-01 1.765972e-01
1.050000e-01 5.338708e-01 1.642452e-01
1.200000e-01 5.338708e-01 1.533780e-01
1.350000e-01 5.338708e-01 1.441326e-01
1.500000e-01 5.338708e-01 1.364205e-01
1.650000e-01 5.338708e-01 1.300574e-01
1.800000e-01 5.338708e-01 1.248338e-01
1.950000e-01 5.338708e-01 1.205501e-01
2.100000e-01 5.338708e-01 1.170318e-01
2.250000e-01 5.338708e-01 1.141328e-01
2.400000e-01 5.338708e-01 1.117347e-01
2.550000e-01 5.338708e-01 1.097423e-01
2.700000e-01 5.338708e-01 1.080802e-01
2.850000e-01 5.338708e-01 1.066888e-01
3.000000e-01 5.338708e-01 1.055207e-01
-3.000000e-01 5.475351e-01 1.020795e-01
-2.850000e-01 5.475351e-01 1.031909e-01
-2.700000e-01 5.475351e-01 1.045145e-01
-2.550000e-01 5.475351e-01 1.060949e-01
-2.400000e-01 5.475351e-01 1.079886e-01
-2.250000e-01 5.475351e-01 1.102669e-01
-2.100000e-01 5.475351e-01 1.130193e-01
-1.950000e-01 5.475351e-01 1.163575e-01
-1.800000e-01 5.475351e-01 1.204184e-01
-1.650000e-01 5.475351e-01 1.253655e-01
-1.500000e-01 5.475351e-01 1.313845e-01
-1.350000e-01 5.475351e-01 1.386692e-01
-1.200000e-01 5.475351e-01 1.473878e-01
-1.050000e-01 5.475351e-01 1.576160e-01
-9.000000e-02 5.475351e-01 1.692161e-01
-7.500000e-02 5.475351e-01 1.816336e-01
-6.000000e-02 5.475351e-01 1.936118e-01
-4.500000e-02 5.475351e-01 2.030389e-01
-3.000000e-02 5.475351e-01 2.077622e-01
-1.500000e-02 5.475351e-01 2.080316e-01
5.551115e-17 5.475351e-01 2.073455e-01
1.500000e-02 5.475351e-01 2.080316e-01
3.000000e-02 5.475351e-01 2.077622e-01
4.500000e-02 5.475351e-01 2.030389e-01
6.000000e-02 5.475351e-01 1.936118e-01
7.500000e-02 5.475351e-01 1.816336e-01
9.000000e-02 5.475351e-01 1.692161e-01
1.050000e-01 5.475351e-01 1.576160e-01
1.200000e-01 5.475351e-01 1.473878e-01
1.350000e-01 5.475351e-01 1.386692e-01
1.500000e-01 5.475351e-01 1.313845e-01
1.650000e-01 5.475351e-01 1.253655e-01
1.800000e-01 5.475351e-01 1.204184e-01
1.950000e-01 5.475351e-01 1.163575e-01
2.100000e-01 5.475351e-01 1.130193e-01
2.250000e-01 5.475351e-01 1.102669e-01
2.400000e-01 5.475351e-01 1.079886e-01
2.550000e-01 5.475351e-01 1.060949e-01
2.700000e-01 5.475351e-01 1.045145e-01
2.850000e-01 5.475351e-01 1.031909e-01
3.000000e-01 5.475351e-01 1.020795e-01
-3.000000e-01 5.611994e-01 9.880360e-02
-2.850000e-01 5.611994e-01 9.986194e-02
-2.700000e-01 5.611994e-01 1.011219e-01
-2.550000e-01 5.611994e-01 1.026259e-01
-2.400000e-01 5.611994e-01 1.044273e-01
-2.250000e-01 5.611994e-01 1.065936e-01
-2.100000e-01 5.611994e-01 1.092092e-01
-1.950000e-01 5.611994e-01 1.123793e-01
-1.800000e-01 5.611994e-01 1.162326e-01
-1.650000e-01 5.611994e-01 1.209223e-01
-1.500000e-01 5.611994e-01 1.266215e-01
-1.350000e-01 5.611994e-01 1.335098e-01
-1.200000e-01 5.611994e-01 1.417408e-01
-1.050000e-01 5.611994e-01 1.513792e-01
-9.000000e-02 5.611994e-01 1.622873e-01
-7.500000e-02 5.611994e-01 1.739363e-01
-6.000000e-02 5.611994e-01 1.851420e-01
-4.500000e-02 5.611994e-01 1.939269e-01
-3.000000e-02 5.611994e-01 1.982884e-01
-1.500000e-02 5.611994e-01 1.984859e-01
5.551115e-17 5.611994e-01 1.978216e-01
1.500000e-02 5.611994e-01 1.984859e-01
3.000000e-02 5.611994e-01 1.982884e-01
4.500000e-02 5.611994e-01 1.939269e-01
6.000000e-02 5.611994e-01 1.851420e-01
7.500000e-02 5.611994e-01 1.739363e-01
9.000000e-02 5.611994e-01 1.622873e-01
1.050000e-01 5.611994e-01 1.513792e-01
1.200000e-01 5.611994e-01 1.417408e-01
1.350000e-01 5.611994e-01 1.335098e-01
1.500000e-01 5.611994e-01 1.266215e-01
1.650000e-01 5.611994e-01 1.209223e-01
1.800000e-01 5.611994e-01 1.162326e-01
1.950000e-01 5.611994e-01 1.123793e-01
2.100000e-01 5.611994e-01 1.092092e-01
2.250000e-01 5.611994e-01 1.065936e-01
2.400000e-01 5.611994e-01 1.044273e-01
2.550000e-01 5.611994e-01 1.026259e-01
2.700000e-01 5.611994e-01 1.011219e-01
2.850000e-01 5.611994e-01 9.986194e-02
3.000000e-01 5.611994e-01 9.880360e-02
-3.000000e-01 5.748636e-01 9.568256e-02
-2.850000e-01 5.748636e-01 9.669114e-02
-2.700000e-01 5.748636e-01 9.789153e-02
-2.550000e-01 5.748636e-01 9.932395e-02
-2.400000e-01 5.748636e-01 1.010390e-01
-2.250000e-01 5.748636e-01 1.031004e-01
-2.100000e-01 5.748636e-01 1.055881e-01
-1.950000e-01 5.748636e-01 1.086012e-01
-1.800000e-01 5.748636e-01 1.122608e-01
-1.650000e-01 5.748636e-01 1.167105e-01
-1.500000e-01 5.748636e-01 1.221123e-01
-1.350000e-01 5.748636e-01 1.286324e-01
-1.200000e-01 5.748636e-01 1.364115e-01
-1.050000e-01 5.748636e-01 1.455045e-01
-9.000000e-02 5.748636e-01 1.557747e-01
-7.500000e-02 5.748636e-01 1.667177e-01
-6.000000e-02 5.748636e-01 1.772169e-01
-4.500000e-02 5.748636e-01 1.854185e-01
-3.000000e-02 5.748636e-01 1.894567e-01
-1.500000e-02 5.748636e-01 1.895966e-01
5.551115e-17 5.748636e-01 1.889558e-01
1.500000e-02 5.748636e-01 1.895966e-01
3.000000e-02 5.748636e-01 1.894567e-01
4.500000e-02 5.748636e-01 1.854185e-01
6.000000e-02 5.748636e-01 1.772169e-01
7.500000e-02 5.748636e-01 1.667177e-01
9.000000e-02 5.748636e-01 1.557747e-01
1.050000e-01 5.748636e-01 1.455045e-01
1.200000e-01 5.748636e-01 1.364115e-01
1.350000e-01 5.748636e-01 1.286324e-01
1.500000e-01 5.748636e-01 1.221123e-01
1.650000e-01 5.748636e-01 1.167105e-01
1.800000e-01 5.748636e-01 1.122608e-01
1.950000e-01 5.748636e-01 1.086012e-01
2.100000e-01 5.748636e-01 1.055881e-01
2.250000e-01 5.748636e-01 1.031004e-01
2.400000e-01 5.748636e-01 1.010390e-01
2.550000e-01 5.748636e-01 9.932395e-02
2.700000e-01 5.748636e-01 9.789153e-02
2.850000e-01 5.748636e-01 9.669114e-02
3.000000e-01 5.748636e-01 9.568256e-02
-3.000000e-01 5.885279e-01 9.270679e-02
-2.850000e-01 5.885279e-01 9.366867e-02
-2.700000e-01 5.885279e-01 9.481319e-02
-2.550000e-01 5.885279e-01 9.617849e-02
-2.400000e-01 5.885279e-01 9.781258e-02
-2.250000e-01 5.885279e-01 9.977581e-02
-2.100000e-01 5.885279e-01 1.021437e-01
-1.950000e-01 5.885279e-01 1.050100e-01
-1.800000e-01 5.885279e-01 1.084887e-01
-1.650000e-01 5.885279e-01 1.127146e-01
-1.500000e-01 5.885279e-01 1.178391e-01
-1.350000e-01 5.885279e-01 1.240168e-01
-1.200000e-01 5.885279e-01 1.313765e-01
-1.050000e-01 5.885279e-01 1.399646e-01
-9.000000e-02 5.885279e-01 1.496458e-01
-7.500000e-02 5.885279e-01 1.599393e-01
-6.000000e-02 5.885279e-01 1.697911e-01
-4.500000e-02 5.885279e-01 1.774620e-01
-3.000000e-02 5.885279e-01 1.812111e-01
-1.500000e-02 5.885279e-01 1.813058e-01
5.551115e-17 5.885279e-01 1.806898e-01
1.500000e-02 5.885279e-01 1.813058e-01
3.000000e-02 5.885279e-01 1.812111e-01
4.500000e-02 5.885279e-01 1.774620e-01
6.000000e-02 5.885279e-01 1.697911e-01
7.500000e-02 5.885279e-01 1.599393e-01
9.000000e-02 5.885279e-01 1.496458e-01
1.050000e-01 5.885279e-01 1.399646e-01
1.200000e-01 5.885279e-01 1.313765e-01
1.350000e-01 5.885279e-01 1.240168e-01
1.500000e-01 5.885279e-01 1.178391e-01
1.650000e-01 5.885279e-01 1.127146e-01
1.800000e-01 5.885279e-01 1.084887e-01
1.950000e-01 5.885279e-01 1.050100e-01
2.100000e-01 5.885279e-01 1.021437e-01
2.250000e-01 5.885279e-01 9.977581e-02
2.400000e-01 5.885279e-01 9.781258e-02
2.550000e-01 5.885279e-01 9.617849e-02
2.700000e-01 5.885279e-01 9.481319e-02
2.850000e-01 5.885279e-01 9.366867e-02
3.000000e-01 5.885279e-01 9.270679e-02
-3.000000e-01 6.021922e-01 8.986743e-02
-2.850000e-01 6.021922e-01 9.078545e-02
-2.700000e-01 6.021922e-01 9.187749e-02
-2.550000e-01 6.021922e-01 9.317981e-02
-2.400000e-01 6.021922e-01 9.473794e-02
-2.250000e-01 6.021922e-01 9.660912e-02
-2.100000e-01 6.021922e-01 9.886485e-02
-1.950000e-01 6.021922e-01 1.015937e-01
-1.800000e-01 6.021922e-01 1.049031e-01
-1.650000e-01 6.021922e-01 1.089199e-01
-1.500000e-01 6.021922e-01 1.137858e-01
-1.350000e-01 6.021922e-01 1.196447e-01
-1.200000e-01 6.021922e-01 1.266146e-01
-1.050000e-01 6.021922e-01 1.347345e-01
-9.000000e-02 6.021922e-01 1.438712e-01
-7.500000e-02 6.021922e-01 1.535660e-01
-6.000000e-02 6.021922e-01 1.628238e-01
-4.500000e-02 6.021922e-01 1.700112e-01
-3.000000e-02 6.021922e-01 1.735016e-01
-1.500000e-02 6.021922e-01 1.735617e-01
5.551115e-17 6.021922e-01 1.729716e-01
1.500000e-02 6.021922e-01 1.735617e-01
3.000000e-02 6.021922e-01 1.735016e-01
4.500000e-02 6.021922e-01 1.700112e-01
6.000000e-02 6.021922e-01 1.628238e-01
7.500000e-02 6.021922e-01 1.535660e-01
9.000000e-02 6.021922e-01 1.438712e-01
1.050000e-01 6.021922e-01 1.347345e-01
1.200000e-01 6.021922e-01 1.266146e-01
1.350000e-01 6.021922e-01 1.196447e-01
1.500000e-01 6.021922e-01 1.137858e-01
1.650000e-01 6.021922e-01 1.089199e-01
1.800000e-01 6.021922e-01 1.049031e-01
1.950000e-01 6.021922e-01 1.015937e-01
2.100000e-01 6.021922e-01 9.886485e-02
2.250000e-01 6.021922e-01 9.660912e-02
2.400000e-01 6.021922e-01 9.473794e-02
2.550000e-01 6.021922e-01 9.317981e-02
2.700000e-01 6.021922e-01 9.187749e-02
2.850000e-01 6.021922e-01 9.078545e-02
3.000000e-01 6.021922e-01 8.986743e-02
-3.000000e-01 6.158565e-01 8.715629e-02
-2.850000e-01 6.158565e-01 8.803306e-02
-2.700000e-01 6.158565e-01 8.907579e-02
-2.550000e-01 6.158565e-01 9.031893e-02
-2.400000e-01 6.158565e-01 9.180573e-02
-2.250000e-01 6.158565e-01 9.359051e-02
-2.100000e-01 6.158565e-01 9.574103e-02
-1.950000e-01 6.158565e-01 9.834100e-02
-1.800000e-01 6.158565e-01 1.014920e-01
-1.650000e-01 6.158565e-01 1.053133e-01
-1.500000e-01 6.158565e-01 1.099377e-01
-1.350000e-01 6.158565e-01 1.154993e-01
-1.200000e-01 6.158565e-01 1.221064e-01
-1.050000e-01 6.158565e-01 1.297917e-01
-9.000000e-02 6.158565e-01 1.384242e-01
-7.500000e-02 6.158565e-01 1.475664e-01
-6.000000e-02 6.158565e-01 1.562784e-01
-4.500000e-02 6.158565e-01 1.630245e-01
-3.000000e-02 6.158565e-01 1.662831e-01
-1.500000e-02 6.158565e-01 1.663183e-01
5.551115e-17 6.158565e-01 1.657549e-01
1.500000e-02 6.158565e-01 1.663183e-01
3.000000e-02 6.158565e-01 1.662831e-01
4.500000e-02 6.158565e-01 1.630245e-01
6.000000e-02 6.158565e-01 1.562784e-01
7.500000e-02 6.158565e-01 1.475664e-01
9.000000e-02 6.158565e-01 1.384242e-01
1.050000e-01 6.158565e-01 1.297917e-01
1.200000e-01 6.158565e-01 1.221064e-01
1.350000e-01 6.158565e-01 1.154993e-01
1.500000e-01 6.158565e-01 1.099377e-01
1.650000e-01 6.158565e-01 1.053133e-01
1.800000e-01 6.158565e-01 1.014920e-01
1.950000e-01 6.158565e-01 9.834100e-02
2.100000e-01 6.158565e-01 9.574103e-02
2.250000e-01 6.158565e-01 9.359051e-02
2.400000e-01 6.158565e-01 9.180573e-02
2.550000e-01 6.158565e-01 9.031893e-02
2.700000e-01 6.158565e-01 8.907579e-02
2.850000e-01 6.158565e-01 8.803306e-02
3.000000e-01 6.158565e-01 8.715629e-02
-3.000000e-01 6.295208e-01 8.456577e-02
-2.850000e-01 6.295208e-01 8.540374e-02
-2.700000e-01 6.295208e-01 8.640007e-02
-2.550000e-01 6.295208e-01 8.758755e-02
-2.400000e-01 6.295208e-01 8.900731e-02
-2.250000e-01 6.295208e-01 9.071092e-02
-2.100000e-01 6.295208e-01 9.276265e-02
-1.950000e-01 6.295208e-01 9.524178e-02
-1.800000e-01 6.295208e-01 9.824425e-02
-1.650000e-01 6.295208e-01 1.018825e-01
-1.500000e-01 6.295208e-01 1.062812e-01
-1.350000e-01 6.295208e-01 1.115652e-01
-1.200000e-01 6.295208e-01 1.178344e-01
-1.050000e-01 6.295208e-01 1.251156e-01
-9.000000e-02 6.295208e-01 1.332806e-01
-7.500000e-02 6.295208e-01 1.419121e-01
-6.000000e-02 6.295208e-01 1.501215e-01
-4.500000e-02 6.295208e-01 1.564644e-01
-3.000000e-02 6.295208e-01 1.595156e-01
-1.500000e-02 6.295208e-01 1.595340e-01
5.551115e-17 6.295208e-01 1.589981e-01
1.500000e-02 6.295208e-01 1.595340e-01
3.000000e-02 6.295208e-01 1.595156e-01
4.500000e-02 6.295208e-01 1.564644e-01
6.000000e-02 6.295208e-01 1.501215e-01
7.500000e-02 6.295208e-01 1.419121e-01
9.000000e-02 6.295208e-01 1.332806e-01
1.050000e-01 6.295208e-01 1.251156e-01
1.200000e-01 6.295208e-01 1.178344e-01
1.350000e-01 6.295208e-01 1.115652e-01
1.500000e-01 6.295208e-01 1.062812e-01
1.650000e-01 6.295208e-01 1.018825e-01
1.800000e-01 6.295208e-01 9.824425e-02
1.950000e-01 6.295208e-01 9.524178e-02
2.100000e-01 6.295208e-01 9.276265e-02
2.250000e-01 6.295208e-01 9.071092e-02
2.400000e-01 6.295208e-01 8.900731e-02
2.550000e-01 6.295208e-01 8.758755e-02
2.700000e-01 6.295208e-01 8.640007e-02
2.850000e-01 6.295208e-01 8.540374e-02
3.000000e-01 6.295208e-01 8.456577e-02
-3.000000e-01 6.431850e-01 8.208885e-02
-2.850000e-01 6.431850e-01 8.289025e-02
-2.700000e-01 6.431850e-01 8.384289e-02
-2.550000e-01 6.431850e-01 8.497798e-02
-2.400000e-01 6.431850e-01 8.633467e-02
-2.250000e-01 6.431850e-01 8.796195e-02
-2.100000e-01 6.431850e-01 8.992084e-02
-1.950000e-01 6.431850e-01 9.228649e-02
-1.800000e-01 6.431850e-01 9.514963e-02
-1.650000e-01 6.431850e-01 9.861632e-02
-1.500000e-01 6.431850e-01 1.028037e-01
-1.350000e-01 6.431850e-01 1.078284e-01
-1.200000e-01 6.431850e-01 1.137823e-01
-1.050000e-01 6.431850e-01 1.206874e-01
-9.000000e-02 6.431850e-01 1.284183e-01
-7.500000e-02 6.431850e-01 1.365771e-01
-6.000000e-02 6.431850e-01 1.443234e-01
-4.500000e-02 6.431850e-01 1.502975e-01
-3.000000e-02 6.431850e-01 1.531628e-01
-1.500000e-02 6.431850e-01 1.531717e-01
5.551115e-17 6.431850e-01 1.526638e-01
1.500000e-02 6.431850e-01 1.531717e-01
3.000000e-02 6.431850e-01 1.531628e-01
4.500000e-02 6.431850e-01 1.502975e-01
6.000000e-02 6.431850e-01 1.443234e-01
7.500000e-02 6.431850e-01 1.365771e-01
9.000000e-02 6.431850e-01 1.284183e-01
1.050000e-01 6.431850e-01 1.206874e-01
1.200000e-01 6.431850e-01 1.137823e-01
1.350000e-01 6.431850e-01 1.078284e-01
1.500000e-01 6.431850e-01 1.028037e-01
1.650000e-01 6.431850e-01 9.861632e-02
1.800000e-01 6.431850e-01 9.514963e-02
1.950000e-01 6.431850e-01 9.228649e-02
2.100000e-01 6.431850e-01 8.992084e-02
2.250000e-01 6.431850e-01 8.796195e-02
2.400000e-01 6.431850e-01 8.633467e-02
2.550000e-01 6.431850e-01 8.497798e-02
2.700000e-01 6.431850e-01 8.384289e-02
2.850000e-01 6.431850e-01 8.289025e-02
3.000000e-01 6.431850e-01 8.208885e-02
-3.000000e-01 6.568493e-01 7.971898e-02
-2.850000e-01 6.568493e-01 8.048592e-02
-2.700000e-01 6.568493e-01 8.139738e-02
-2.550000e-01 6.568493e-01 8.248312e-02
-2.400000e-01 6.568493e-01 8.378040e-02
-2.250000e-01 6.568493e-01 8.533584e-02
-2.100000e-01 6.568493e-01 8.720741e-02
-1.950000e-01 6.568493e-01 8.946639e-02
-1.800000e-01 6.568493e-01 9.219868e-02
-1.650000e-01 6.568493e-01 9.550442e-02
-1.500000e-01 6.568493e-01 9.949380e-02
-1.350000e-01 6.568493e-01 1.042759e-01
-1.200000e-01 6.568493e-01 1.099353e-01
-1.050000e-01 6.568493e-01 1.164899e-01
-9.000000e-02 6.568493e-01 1.238173e-01
-7.500000e-02 6.568493e-01 1.315380e-01
-6.000000e-02 6.568493e-01 1.388570e-01
-4.500000e-02 6.568493e-01 1.444931e-01
-3.000000e-02 6.568493e-01 1.471921e-01
-1.500000e-02 6.568493e-01 1.471980e-01
5.551115e-17 6.568493e-01 1.467184e-01
1.500000e-02 6.568493e-01 1.471980e-01
3.000000e-02 6.568493e-01 1.471921e-01
4.500000e-02 6.568493e-01 1.444931e-01
6.000000e-02 6.568493e-01 1.388570e-01
7.500000e-02 6.568493e-01 1.315380e-01
9.000000e-02 6.568493e-01 1.238173e-01
1.050000e-01 6.568493e-01 1.164899e-01
1.200000e-01 6.568493e-01 1.099353e-01
1.350000e-01 6.568493e-01 1.042759e-01
1.500000e-01 6.568493e-01 9.949380e-02
1.650000e-01 6.568493e-01 9.550442e-02
1.800000e-01 6.568493e-01 9.219868e-02
1.950000e-01 6.568493e-01 8.946639e-02
2.100000e-01 6.568493e-01 8.720741e-02
2.250000e-01 6.568493e-01 8.533584e-02
2.400000e-01 6.568493e-01 8.378040e-02
2.550000e-01 6.568493e-01 8.248312e-02
2.700000e-01 6.568493e-01 8.139738e-02
2.850000e-01 6.568493e-01 8.048592e-02
3.000000e-01 6.568493e-01 7.971898e-02
-3.000000e-01 6.705136e-01 7.745009e-02
-2.850000e-01 6.705136e-01 7.818451e-02
-2.700000e-01 6.705136e-01 7.905714e-02
-2.550000e-01 6.705136e-01 8.009634e-02
-2.400000e-01 6.705136e-01 8.133763e-02
-2.250000e-01 6.705136e-01 8.282539e-02
-2.100000e-01 6.705136e-01 8.461474e-02
-1.950000e-01 6.705136e-01 8.677337e-02
-1.800000e-01 6.705136e-01 8.938266e-02
-1.650000e-01 6.705136e-01 9.253727e-02
-1.500000e-01 6.705136e-01 9.634095e-02
-1.350000e-01 6.705136e-01 1.008958e-01
-1.200000e-01 6.705136e-01 1.062800e-01
-1.050000e-01 6.705136e-01 1.125075e-01
-9.000000e-02 6.705136e-01 1.194593e-01
-7.500000e-02 6.705136e-01 1.267734e-01
-6.000000e-02 6.705136e-01 1.336975e-01
-4.500000e-02 6.705136e-01 1.390238e-01
-3.000000e-02 6.705136e-01 1.415740e-01
-1.500000e-02 6.705136e-01 1.415825e-01
5.551115e-17 6.705136e-01 1.411317e-01
1.500000e-02 6.705136e-01 1.415825e-01
3.000000e-02 6.705136e-01 1.415740e-01
4.500000e-02 6.705136e-01 1.390238e-01
6.000000e-02 6.705136e-01 1.336975e-01
7.500000e-02 6.705136e-01 1.267734e-01
9.000000e-02 6.705136e-01 1.194593e-01
1.050000e-01 6.705136e-01 1.125075e-01
1.200000e-01 6.705136e-01 1.062800e-01
1.350000e-01 6.705136e-01 1.008958e-01
1.500000e-01 6.705136e-01 9.634095e-02
1.650000e-01 6.705136e-01 9.253727e-02
1.800000e-01 6.705136e-01 8.938266e-02
1.950000e-01 6.705136e-01 8.677337e-02
2.100000e-01 6.705136e-01 8.461474e-02
2.250000e-01 6.705136e-01 8.282539e-02
2.400000e-01 6.705136e-01 8.133763e-02
2.550000e-01 6.705136e-01 8.009634e-02
2.700000e-01 6.705136e-01 7.905714e-02
2.850000e-01 6.705136e-01 7.818451e-02
3.000000e-01 6.705136e-01 7.745009e-02
-3.000000e-01 6.841779e-01 7.527654e-02
-2.850000e-01 6.841779e-01 7.598026e-02
-2.700000e-01 6.841779e-01 7.681621e-02
-2.550000e-01 6.841779e-01 7.781149e-02
-2.400000e-01 6.841779e-01 7.899997e-02
-2.250000e-01 6.841779e-01 8.042392e-02
-2.100000e-01 6.841779e-01 8.213580e-02
-1.950000e-01 6.841779e-01 8.419992e-02
-1.800000e-01 6.841779e-01 8.669349e-02
-1.650000e-01 6.841779e-01 8.970604e-02
-1.500000e-01 6.841779e-01 9.333537e-02
-1.350000e-01 6.841779e-01 9.767716e-02
-1.200000e-01 6.841779e-01 1.028037e-01
-1.050000e-01 6.841779e-01 1.087258e-01
-9.000000e-02 6.841779e-01 1.153275e-01
-7.500000e-02 6.841779e-01 1.222639e-01
-6.000000e-02 6.841779e-01 1.288226e-01
-4.500000e-02 6.841779e-01 1.338647e-01
-3.000000e-02 6.841779e-01 1.362818e-01
-1.500000e-02 6.841779e-01 1.362981e-01
5.551115e-17 6.841779e-01 1.358762e-01
1.500000e-02 6.841779e-01 1.362981e-01
3.000000e-02 6.841779e-01 1.362818e-01
4.500000e-02 6.841779e-01 1.338647e-01
6.000000e-02 6.841779e-01 1.288226e-01
7.500000e-02 6.841779e-01 1.222639e-01
9.000000e-02 6.841779e-01 1.153275e-01
1.050000e-01 6.841779e-01 1.087258e-01
1.200000e-01 6.841779e-01 1.028037e-01
1.350000e-01 6.841779e-01 9.767716e-02
1.500000e-01 6.841779e-01 9.333537e-02
1.650000e-01 6.841779e-01 8.970604e-02
1.800000e-01 6.841779e-01 8.669349e-02
1.950000e-01 6.841779e-01 8.419992e-02
2.100000e-01 6.841779e-01 8.213580e-02
2.250000e-01 6.841779e-01 8.042392e-02
2.400000e-01 6.841779e-01 7.899997e-02
2.550000e-01 6.841779e-01 7.781149e-02
2.700000e-01 6.841779e-01 7.681621e-02
2.850000e-01 6.841779e-01 7.598026e-02
3.000000e-01 6.841779e-01 7.527654e-02
-3.000000e-01 6.978422e-01 7.319308e-02
-2.850000e-01 6.978422e-01 7.386777e-02
-2.700000e-01 6.978422e-01 7.466908e-02
-2.550000e-01 6.978422e-01 7.562288e-02
-2.400000e-01 6.978422e-01 7.676149e-02
-2.250000e-01 6.978422e-01 7.812522e-02
-2.100000e-01 6.978422e-01 7.976403e-02
-1.950000e-01 6.978422e-01 8.173908e-02
-1.800000e-01 6.978422e-01 8.412367e-02
-1.650000e-01 6.978422e-01 8.700257e-02
-1.500000e-01 6.978422e-01 9.046807e-02
-1.350000e-01 6.978422e-01 9.460993e-02
-1.200000e-01 6.978422e-01 9.949513e-02
-1.050000e-01 6.978422e-01 1.051315e-01
-9.000000e-02 6.978422e-01 1.114067e-01
-7.500000e-02 6.978422e-01 1.179917e-01
-6.000000e-02 6.978422e-01 1.242120e-01
-4.500000e-02 6.978422e-01 1.289930e-01
-3.000000e-02 6.978422e-01 1.312914e-01
-1.500000e-02 6.978422e-01 1.313199e-01
5.551115e-17 6.978422e-01 1.309272e-01
1.500000e-02 6.978422e-01 1.313199e-01
3.000000e-02 6.978422e-01 1.312914e-01
4.500000e-02 6.978422e-01 1.289930e-01
6.000000e-02 6.978422e-01 1.242120e-01
7.500000e-02 6.978422e-01 1.179917e-01
9.000000e-02 6.978422e-01 1.114067e-01
1.050000e-01 6.978422e-01 1.051315e-01
1.200000e-01 6.978422e-01 9.949513e-02
1.350000e-01 6.978422e-01 9.460993e-02
1.500000e-01 6.978422e-01 9.046807e-02
1.650000e-01 6.978422e-01 8.700257e-02
1.800000e-01 6.978422e-01 8.412367e-02
1.950000e-01 6.978422e-01 8.173908e-02
2.100000e-01 6.978422e-01 7.976403e-02
2.250000e-01 6.978422e-01 7.812522e-02
2.400000e-01 6.978422e-01 7.676149e-02
2.550000e-01 6.978422e-01 7.562288e-02
2.700000e-01 6.978422e-01 7.466908e-02
2.850000e-01 6.978422e-01 7.386777e-02
3.000000e-01 6.978422e-01 7.319308e-02
-3.000000e-01 7.115064e-01 7.119479e-02
-2.850000e-01 7.115064e-01 7.184203e-02
-2.700000e-01 7.115064e-01 7.261058e-02
-2.550000e-01 7.115064e-01 7.352517e-02
-2.400000e-01 7.115064e-01 7.461666e-02
-2.250000e-01 7.115064e-01 7.592352e-02
-2.100000e-01 7.115064e-01 7.749336e-02
-1.950000e-01 7.115064e-01 7.938440e-02
-1.800000e-01 7.115064e-01 8.166626e-02
-1.650000e-01 7.115064e-01 8.441930e-02
-1.500000e-01 7.115064e-01 8.773070e-02
-1.350000e-01 7.115064e-01 9.168476e-02
-1.200000e-01 7.115064e-01 9.634358e-02
-1.050000e-01 7.115064e-01 1.017125e-01
-9.000000e-02 7.115064e-01 1.076828e-01
-7.500000e-02 7.115064e-01 1.139406e-01
-6.000000e-02 7.115064e-01 1.198471e-01
-4.500000e-02 7.115064e-01 1.243881e-01
-3.000000e-02 7.115064e-01 1.265808e-01
-1.500000e-02 7.115064e-01 1.266256e-01
5.551115e-17 7.115064e-01 1.262621e-01
1.500000e-02 7.115064e-01 1.266256e-01
3.000000e-02 7.115064e-01 1.265808e-01
4.500000e-02 7.115064e-01 1.243881e-01
6.000000e-02 7.115064e-01 1.198471e-01
7.500000e-02 7.115064e-01 1.139406e-01
9.000000e-02 7.115064e-01 1.076828e-01
1.050000e-01 7.115064e-01 1.017125e-01
1.200000e-01 7.115064e-01 9.634358e-02
1.350000e-01 7.115064e-01 9.168476e-02
1.500000e-01 7.115064e-01 8.773070e-02
1.650000e-01 7.115064e-01 8.441930e-02
1.800000e-01 7.115064e-01 8.166626e-02
1.950000e-01 7.115064e-01 7.938440e-02
2.100000e-01 7.115064e-01 7.749336e-02
2.250000e-01 7.115064e-01 7.592352e-02
2.400000e-01 7.115064e-01 7.461666e-02
2.550000e-01 7.115064e-01 7.352517e-02
2.700000e-01 7.115064e-01 7.261058e-02
2.850000e-01 7.115064e-01 7.184203e-02
3.000000e-01 7.115064e-01 7.119479e-02
-3.000000e-01 7.251707e-01 6.927710e-02
-2.850000e-01 7.251707e-01 6.989836e-02
-2.700000e-01 7.251707e-01 7.063592e-02
-2.550000e-01 7.251707e-01 7.151341e-02
-2.400000e-01 7.251707e-01 7.256035e-02
-2.250000e-01 7.251707e-01 7.381345e-02
-2.100000e-01 7.251707e-01 7.531814e-02
-1.950000e-01 7.251707e-01 7.712986e-02
-1.800000e-01 7.251707e-01 7.931481e-02
-1.650000e-01 7.251707e-01 8.194923e-02
-1.500000e-01 7.251707e-01 8.511554e-02
-1.350000e-01 7.251707e-01 8.889303e-02
-1.200000e-01 7.251707e-01 9.333932e-02
-1.050000e-01 7.251707e-01 9.845771e-02
-9.000000e-02 7.251707e-01 1.041428e-01
-7.500000e-02 7.251707e-01 1.100956e-01
-6.000000e-02 7.251707e-01 1.157109e-01
-4.500000e-02 7.251707e-01 1.200312e-01
-3.000000e-02 7.251707e-01 1.221300e-01
-1.500000e-02 7.251707e-01 1.221948e-01
5.551115e-17 7.251707e-01 1.218607e-01
1.500000e-02 7.251707e-01 1.221948e-01
3.000000e-02 7.251707e-01 1.221300e-01
4.500000e-02 7.251707e-01 1.200312e-01
6.000000e-02 7.251707e-01 1.157109e-01
7.500000e-02 7.251707e-01 1.100956e-01
9.000000e-02 7.251707e-01 1.041428e-01
1.050000e-01 7.251707e-01 9.845771e-02
1.200000e-01 7.251707e-01 9.333932e-02
1.350000e-01 7.251707e-01 8.889303e-02
1.500000e-01 7.251707e-01 8.511554e-02
1.650000e-01 7.251707e-01 8.194923e-02
1.800000e-01 7.251707e-01 7.931481e-02
1.950000e-01 7.251707e-01 7.712986e-02
2.100000e-01 7.251707e-01 7.531814e-02
2.250000e-01 7.251707e-01 7.381345e-02
2.400000e-01 7.251707e-01 7.256035e-02
2.550000e-01 7.251707e-01 7.151341e-02
2.700000e-01 7.251707e-01 7.063592e-02
2.850000e-01 7.251707e-01 6.989836e-02
3.000000e-01 7.251707e-01 6.927710e-02
-3.000000e-01 7.388350e-01 6.743575e-02
-2.850000e-01 7.388350e-01 6.803240e-02
-2.700000e-01 7.388350e-01 6.874060e-02
-2.550000e-01 7.388350e-01 6.958298e-02
-2.400000e-01 7.388350e-01 7.058775e-02
-2.250000e-01 7.388350e-01 7.179001e-02
-2.100000e-01 7.388350e-01 7.323310e-02
-1.950000e-01 7.388350e-01 7.496987e-02
-1.800000e-01 7.388350e-01 7.706333e-02
-1.650000e-01 7.388350e-01 7.958586e-02
-1.500000e-01 7.388350e-01 8.261546e-02
-1.350000e-01 7.388350e-01 8.622677e-02
-1.200000e-01 7.388350e-01 9.047337e-02
-1.050000e-01 7.388350e-01 9.535672e-02
-9.000000e-02 7.388350e-01 1.007750e-01
-7.500000e-02 7.388350e-01 1.064432e-01
-6.000000e-02 7.388350e-01 1.117880e-01
-4.500000e-02 7.388350e-01 1.159052e-01
-3.000000e-02 7.388350e-01 1.179208e-01
-1.500000e-02 7.388350e-01 1.180088e-01
5.551115e-17 7.388350e-01 1.177042e-01
1.500000e-02 7.388350e-01 1.180088e-01
3.000000e-02 7.388350e-01 1.179208e-01
4.500000e-02 7.388350e-01 1.159052e-01
6.000000e-02 7.388350e-01 1.117880e-01
7.500000e-02 7.388350e-01 1.064432e-01
9.000000e-02 7.388350e-01 1.007750e-01
1.050000e-01 7.388350e-01 9.535672e-02
1.200000e-01 7.388350e-01 9.047337e-02
1.350000e-01 7.388350e-01 8.622677e-02
1.500000e-01 7.388350e-01 8.261546e-02
1.650000e-01 7.388350e-01 7.958586e-02
1.800000e-01 7.388350e-01 7.706333e-02
1.950000e-01 7.388350e-01 7.496987e-02
2.100000e-01 7.388350e-01 7.323310e-02
2.250000e-01 7.388350e-01 7.179001e-02
2.400000e-01 7.388350e-01 7.058775e-02
2.550000e-01 7.388350e-01 6.958298e-02
2.700000e-01 7.388350e-01 6.874060e-02
2.850000e-01 7.388350e-01 6.803240e-02
3.000000e-01 7.388350e-01 6.743575e-02
-3.000000e-01 7.524993e-01 6.566675e-02
-2.850000e-01 7.524993e-01 6.624006e-02
-2.700000e-01 7.524993e-01 6.692044e-02
-2.550000e-01 7.524993e-01 6.772956e-02
-2.400000e-01 7.524993e-01 6.869440e-02
-2.250000e-01 7.524993e-01 6.984852e-02
-2.100000e-01 7.524993e-01 7.123333e-02
-1.950000e-01 7.524993e-01 7.289923e-02
-1.800000e-01 7.524993e-01 7.490624e-02
-1.650000e-01 7.524993e-01 7.732313e-02
-1.500000e-01 7.524993e-01 8.022381e-02
-1.350000e-01 7.524993e-01 8.367859e-02
-1.200000e-01 7.524993e-01 8.773737e-02
-1.050000e-01 7.524993e-01 9.240007e-02
-9.000000e-02 7.524993e-01 9.756835e-02
-7.500000e-02 7.524993e-01 1.029707e-01
-6.000000e-02 7.524993e-01 1.080640e-01
-4.500000e-02 7.524993e-01 1.119943e-01
-3.000000e-02 7.524993e-01 1.139367e-01
-1.500000e-02 7.524993e-01 1.140509e-01
5.551115e-17 7.524993e-01 1.137757e-01
1.500000e-02 7.524993e-01 1.140509e-01
3.000000e-02 7.524993e-01 1.139367e-01
4.500000e-02 7.524993e-01 1.119943e-01
6.000000e-02 7.524993e-01 1.080640e-01
7.500000e-02 7.524993e-01 1.029707e-01
9.000000e-02 7.524993e-01 9.756835e-02
1.050000e-01 7.524993e-01 9.240007e-02
1.200000e-01 7.524993e-01 8.773737e-02
1.350000e-01 7.524993e-01 8.367859e-02
1.500000e-01 7.524993e-01 8.022381e-02
1.650000e-01 7.524993e-01 7.732313e-02
1.800000e-01 7.524993e-01 7.490624e-02
1.950000e-01 7.524993e-01 7.289923e-02
2.100000e-01 7.524993e-01 7.123333e-02
2.250000e-01 7.524993e-01 6.984852e-02
2.400000e-01 7.524993e-01 6.869440e-02
2.550000e-01 7.524993e-01 6.772956e-02
2.700000e-01 7.524993e-01 6.692044e-02
2.850000e-01 7.524993e-01 6.624006e-02
3.000000e-01 7.524993e-01 6.566675e-02
-3.000000e-01 7.661636e-01 6.396635e-02
-2.850000e-01 7.661636e-01 6.451753e-02
-2.700000e-01 7.661636e-01 6.517153e-02
-2.550000e-01 7.661636e-01 6.594911e-02
-2.400000e-01 7.661636e-01 6.687610e-02
-2.250000e-01 7.661636e-01 6.798462e-02
-2.100000e-01 7.661636e-01 6.931425e-02
-1.950000e-01 7.661636e-01 7.091309e-02
-1.800000e-01 7.661636e-01 7.283835e-02
-1.650000e-01 7.661636e-01 7.515544e-02
-1.500000e-01 7.661636e-01 7.793442e-02
-1.350000e-01 7.661636e-01 8.124165e-02
-1.200000e-01 7.661636e-01 8.512362e-02
-1.050000e-01 7.661636e-01 8.957897e-02
-9.000000e-02 7.661636e-01 9.451286e-02
-7.500000e-02 7.661636e-01 9.966669e-02
-6.000000e-02 7.661636e-01 1.045260e-01
-4.500000e-02 7.661636e-01 1.082842e-01
-3.000000e-02 7.661636e-01 1.101623e-01
-1.500000e-02 7.661636e-01 1.103055e-01
5.551115e-17 7.661636e-01 1.100599e-01
1.500000e-02 7.661636e-01 1.103055e-01
3.000000e-02 7.661636e-01 1.101623e-01
4.500000e-02 7.661636e-01 1.082842e-01
6.000000e-02 7.661636e-01 1.045260e-01
7.500000e-02 7.661636e-01 9.966669e-02
9.000000e-02 7.661636e-01 9.451286e-02
1.050000e-01 7.661636e-01 8.957897e-02
1.200000e-01 7.661636e-01 8.512362e-02
1.350000e-01 7.661636e-01 8.124165e-02
1.500000e-01 7.661636e-01 7.793442e-02
1.650000e-01 7.661636e-01 7.515544e-02
1.800000e-01 7.661636e-01 7.283835e-02
1.950000e-01 7.661636e-01 7.091309e-02
2.100000e-01 7.661636e-01 6.931425e-02
2.250000e-01 7.661636e-01 6.798462e-02
2.400000e-01 7.661636e-01 6.687610e-02
2.550000e-01 7.661636e-01 6.594911e-02
2.700000e-01 7.661636e-01 6.517153e-02
2.850000e-01 7.661636e-01 6.451753e-02
3.000000e-01 7.661636e-01 6.396635e-02
-3.000000e-01 7.798278e-01 6.233106e-02
-2.850000e-01 7.798278e-01 6.286124e-02
-2.700000e-01 7.798278e-01 6.349020e-02
-2.550000e-01 7.798278e-01 6.423785e-02
-2.400000e-01 7.798278e-01 6.512896e-02
-2.250000e-01 7.798278e-01 6.619425e-02
-2.100000e-01 7.798278e-01 6.747158e-02
-1.950000e-01 7.798278e-01 6.900692e-02
-1.800000e-01 7.798278e-01 7.085482e-02
-1.650000e-01 7.798278e-01 7.307754e-02
-1.500000e-01 7.798278e-01 7.574156e-02
-1.350000e-01 7.798278e-01 7.890957e-02
-1.200000e-01 7.798278e-01 8.262497e-02
-1.050000e-01 7.798278e-01 8.688530e-02
-9.000000e-02 7.798278e-01 9.159921e-02
-7.500000e-02 7.798278e-01 9.652049e-02
-6.000000e-02 7.798278e-01 1.011619e-01
-4.500000e-02 7.798278e-01 1.047617e-01
-3.000000e-02 7.798278e-01 1.065838e-01
-1.500000e-02 7.798278e-01 1.067586e-01
5.551115e-17 7.798278e-01 1.065426e-01
1.500000e-02 7.798278e-01 1.067586e-01
3.000000e-02 7.798278e-01 1.065838e-01
4.500000e-02 7.798278e-01 1.047617e-01
6.000000e-02 7.798278e-01 1.011619e-01
7.500000e-02 7.798278e-01 9.652049e-02
9.000000e-02 7.798278e-01 9.159921e-02
1.050000e-01 7.798278e-01 8.688530e-02
1.200000e-01 7.798278e-01 8.262497e-02
1.350000e-01 7.798278e-01 7.890957e-02
1.500000e-01 7.798278e-01 7.574156e-02
1.650000e-01 7.798278e-01 7.307754e-02
1.800000e-01 7.798278e-01 7.085482e-02
1.950000e-01 7.798278e-01 6.900692e-02
2.100000e-01 7.798278e-01 6.747158e-02
2.250000e-01 7.798278e-01 6.619425e-02
2.400000e-01 7.798278e-01 6.512896e-02
2.550000e-01 7.798278e-01 6.423785e-02
2.700000e-01 7.798278e-01 6.349020e-02
2.850000e-01 7.798278e-01 6.286124e-02
3.000000e-01 7.798278e-01 6.233106e-02
-3.000000e-01 7.934921e-01 6.075760e-02
-2.850000e-01 7.934921e-01 6.126783e-02
-2.700000e-01 7.934921e-01 6.187302e-02
-2.550000e-01 7.934921e-01 6.259226e-02
-2.400000e-01 7.934921e-01 6.344931e-02
-2.250000e-01 7.934921e-01 6.447359e-02
-2.100000e-01 7.934921e-01 6.570134e-02
-1.950000e-01 7.934921e-01 6.717649e-02
-1.800000e-01 7.934921e-01 6.895113e-02
-1.650000e-01 7.934921e-01 7.108454e-02
-1.500000e-01 7.934921e-01 7.363990e-02
-1.350000e-01 7.934921e-01 7.667645e-02
-1.200000e-01 7.934921e-01 8.023478e-02
-1.050000e-01 7.934921e-01 8.431154e-02
-9.000000e-02 7.934921e-01 8.881882e-02
-7.500000e-02 7.934921e-01 9.352231e-02
-6.000000e-02 7.934921e-01 9.796066e-02
-4.500000e-02 7.934921e-01 1.014148e-01
-3.000000e-02 7.934921e-01 1.031885e-01
-1.500000e-02 7.934921e-01 1.033972e-01
5.551115e-17 7.934921e-01 1.032108e-01
1.500000e-02 7.934921e-01 1.033972e-01
3.000000e-02 7.934921e-01 1.031885e-01
4.500000e-02 7.934921e-01 1.014148e-01
6.000000e-02 7.934921e-01 9.796066e-02
7.500000e-02 7.934921e-01 9.352231e-02
9.000000e-02 7.934921e-01 8.881882e-02
1.050000e-01 7.934921e-01 8.431154e-02
1.200000e-01 7.934921e-01 8.023478e-02
1.350000e-01 7.934921e-01 7.667645e-02
1.500000e-01 7.934921e-01 7.363990e-02
1.650000e-01 7.934921e-01 7.108454e-02
1.800000e-01 7.934921e-01 6.895113e-02
1.950000e-01 7.934921e-01 6.717649e-02
2.100000e-01 7.934921e-01 6.570134e-02
2.250000e-01 7.934921e-01 6.447359e-02
2.400000e-01 7.934921e-01 6.344931e-02
2.550000e-01 7.934921e-01 6.259226e-02
2.700000e-01 7.934921e-01 6.187302e-02
2.850000e-01 7.934921e-01 6.126783e-02
3.000000e-01 7.934921e-01 6.075760e-02
-3.000000e-01 8.071564e-01 5.924291e-02
-2.850000e-01 8.071564e-01 5.973416e-02
-2.700000e-01 8.071564e-01 6.031676e-02
-2.550000e-01 8.071564e-01 6.100902e-02
-2.400000e-01 8.071564e-01 6.183372e-02
-2.250000e-01 8.071564e-01 6.281907e-02
-2.100000e-01 8.071564e-01 6.399977e-02
-1.950000e-01 8.071564e-01 6.541786e-02
-1.800000e-01 8.071564e-01 6.712305e-02
-1.650000e-01 8.071564e-01 6.917191e-02
-1.500000e-01 8.071564e-01 7.162446e-02
-1.350000e-01 8.071564e-01 7.453678e-02
-1.200000e-01 8.071564e-01 7.794688e-02
-1.050000e-01 8.071564e-01 8.185070e-02
-9.000000e-02 8.071564e-01 8.616375e-02
-7.500000e-02 8.071564e-01 9.066312e-02
-6.000000e-02 8.071564e-01 9.491220e-02
-4.500000e-02 8.071564e-01 9.823214e-02
-3.000000e-02 8.071564e-01 9.996470e-02
-1.500000e-02 8.071564e-01 1.002094e-01
5.551115e-17 8.071564e-01 1.000528e-01
1.500000e-02 8.071564e-01 1.002094e-01
3.000000e-02 8.071564e-01 9.996470e-02
4.500000e-02 8.071564e-01 9.823214e-02
6.000000e-02 8.071564e-01 9.491220e-02
7.500000e-02 8.071564e-01 9.066312e-02
9.000000e-02 8.071564e-01 8.616375e-02
1.050000e-01 8.071564e-01 8.185070e-02
1.200000e-01 8.071564e-01 7.794688e-02
1.350000e-01 8.071564e-01 7.453678e-02
1.500000e-01 8.071564e-01 7.162446e-02
1.650000e-01 8.071564e-01 6.917191e-02
1.800000e-01 8.071564e-01 6.712305e-02
1.950000e-01 8.071564e-01 6.541786e-02
2.100000e-01 8.071564e-01 6.399977e-02
2.250000e-01 8.071564e-01 6.281907e-02
2.400000e-01 8.071564e-01 6.183372e-02
2.550000e-01 8.071564e-01 6.100902e-02
2.700000e-01 8.071564e-01 6.031676e-02
2.850000e-01 8.071564e-01 5.973416e-02
3.000000e-01 8.071564e-01 5.924291e-02
-3.000000e-01 8.208207e-01 5.778409e-02
-2.850000e-01 8.208207e-01 5.825730e-02
-2.700000e-01 8.208207e-01 5.881842e-02
-2.550000e-01 8.208207e-01 5.948503e-02
-2.400000e-01 8.208207e-01 6.027898e-02
-2.250000e-01 8.208207e-01 6.122736e-02
-2.100000e-01 8.208207e-01 6.236339e-02
-1.950000e-01 8.208207e-01 6.372731e-02
-1.800000e-01 8.208207e-01 6.536666e-02
-1.650000e-01 8.208207e-01 6.733537e-02
-1.500000e-01 8.208207e-01 6.969059e-02
-1.350000e-01 8.208207e-01 7.248544e-02
-1.200000e-01 8.208207e-01 7.575555e-02
-1.050000e-01 8.208207e-01 7.949631e-02
-9.000000e-02 8.208207e-01 8.362662e-02
-7.500000e-02 8.208207e-01 8.793456e-02
-6.000000e-02 8.208207e-01 9.200710e-02
-4.500000e-02 8.208207e-01 9.520366e-02
-3.000000e-02 8.208207e-01 9.690158e-02
-1.500000e-02 8.208207e-01 9.718437e-02
5.551115e-17 8.208207e-01 9.705764e-02
1.500000e-02 8.208207e-01 9.718437e-02
3.000000e-02 8.208207e-01 9.690158e-02
4.500000e-02 8.208207e-01 9.520366e-02
6.000000e-02 8.208207e-01 9.200710e-02
7.500000e-02 8.208207e-01 8.793456e-02
9.000000e-02 8.208207e-01 8.362662e-02
1.050000e-01 8.208207e-01 7.949631e-02
1.200000e-01 8.208207e-01 7.575555e-02
1.350000e-01 8.208207e-01 7.248544e-02
1.500000e-01 8.208207e-01 6.969059e-02
1.650000e-01 8.208207e-01 6.733537e-02
1.800000e-01 8.208207e-01 6.536666e-02
1.950000e-01 8.208207e-01 6.372731e-02
2.100000e-01 8.208207e-01 6.236339e-02
2.250000e-01 8.208207e-01 6.122736e-02
2.400000e-01 8.208207e-01 6.027898e-02
2.550000e-01 8.208207e-01 5.948503e-02
2.700000e-01 8.208207e-01 5.881842e-02
2.850000e-01 8.208207e-01 5.825730e-02
3.000000e-01 8.208207e-01 5.778409e-02
-3.000000e-01 8.344850e-01 5.637843e-02
-2.850000e-01 8.344850e-01 5.683448e-02
-2.700000e-01 8.344850e-01 5.737515e-02
-2.550000e-01 8.344850e-01 5.801736e-02
-2.400000e-01 8.344850e-01 5.878209e-02
-2.250000e-01 8.344850e-01 5.969531e-02
-2.100000e-01 8.344850e-01 6.078890e-02
-1.950000e-01 8.344850e-01 6.210139e-02
-1.800000e-01 8.344850e-01 6.367824e-02
-1.650000e-01 8.344850e-01 6.557097e-02
-1.500000e-01 8.344850e-01 6.783397e-02
-1.350000e-01 8.344850e-01 7.051763e-02
-1.200000e-01 8.344850e-01 7.365545e-02
-1.050000e-01 8.344850e-01 7.724235e-02
-9.000000e-02 8.344850e-01 8.120061e-02
-7.500000e-02 8.344850e-01 8.532889e-02
-6.000000e-02 8.344850e-01 8.923669e-02
-4.500000e-02 8.344850e-01 9.231988e-02
-3.000000e-02 8.344850e-01 9.398928e-02
-1.500000e-02 8.344850e-01 9.431216e-02
5.551115e-17 8.344850e-01 9.421538e-02
1.500000e-02 8.344850e-01 9.431216e-02
3.000000e-02 8.344850e-01 9.398928e-02
4.500000e-02 8.344850e-01 9.231988e-02
6.000000e-02 8.344850e-01 8.923669e-02
7.500000e-02 8.344850e-01 8.532889e-02
9.000000e-02 8.344850e-01 8.120061e-02
1.050000e-01 8.344850e-01 7.724235e-02
1.200000e-01 8.344850e-01 7.365545e-02
1.350000e-01 8.344850e-01 7.051763e-02
1.500000e-01 8.344850e-01 6.783397e-02
1.650000e-01 8.344850e-01 6.557097e-02
1.800000e-01 8.344850e-01 6.367824e-02
1.950000e-01 8.344850e-01 6.210139e-02
2.100000e-01 8.344850e-01 6.078890e-02
2.250000e-01 8.344850e-01 5.969531e-02
2.400000e-01 8.344850e-01 5.878209e-02
2.550000e-01 8.344850e-01 5.801736e-02
2.700000e-01 8.344850e-01 5.737515e-02
2.850000e-01 8.344850e-01 5.683448e-02
3.000000e-01 8.344850e-01 5.637843e-02
-3.000000e-01 8.481492e-01 5.502338e-02
-2.850000e-01 8.481492e-01 5.546309e-02
-2.700000e-01 8.481492e-01 5.598431e-02
-2.550000e-01 8.481492e-01 5.660329e-02
-2.400000e-01 8.481492e-01 5.734020e-02
-2.250000e-01 8.481492e-01 5.821999e-02
-2.100000e-01 8.481492e-01 5.927323e-02
-1.950000e-01 8.481492e-01 6.053684e-02
-1.800000e-01 8.481492e-01 6.205436e-02
-1.650000e-01 8.481492e-01 6.387497e-02
-1.500000e-01 8.481492e-01 6.605054e-02
-1.350000e-01 8.481492e-01 6.862892e-02
-1.200000e-01 8.481492e-01 7.164160e-02
-1.050000e-01 8.481492e-01 7.508323e-02
-9.000000e-02 8.481492e-01 7.887939e-02
-7.500000e-02 8.481492e-01 8.283894e-02
-6.000000e-02 8.481492e-01 8.659298e-02
-4.500000e-02 8.481492e-01 8.957208e-02
-3.000000e-02 8.481492e-01 9.121869e-02
-1.500000e-02 8.481492e-01 9.158355e-02
5.551115e-17 8.481492e-01 9.151684e-02
1.500000e-02 8.481492e-01 9.158355e-02
3.000000e-02 8.481492e-01 9.121869e-02
4.500000e-02 8.481492e-01 8.957208e-02
6.000000e-02 8.481492e-01 8.659298e-02
7.500000e-02 8.481492e-01 8.283894e-02
9.000000e-02 8.481492e-01 7.887939e-02
1.050000e-01 8.481492e-01 7.508323e-02
1.200000e-01 8.481492e-01 7.164160e-02
1.350000e-01 8.481492e-01 6.862892e-02
1.500000e-01 8.481492e-01 6.605054e-02
1.650000e-01 8.481492e-01 6.387497e-02
1.800000e-01 8.481492e-01 6.205436e-02
1.950000e-01 8.481492e-01 6.053684e-02
2.100000e-01 8.481492e-01 5.927323e-02
2.250000e-01 8.481492e-01 5.821999e-02
2.400000e-01 8.481492e-01 5.734020e-02
2.550000e-01 8.481492e-01 5.660329e-02
2.700000e-01 8.481492e-01 5.598431e-02
2.850000e-01 8.481492e-01 5.546309e-02
3.000000e-01 8.481492e-01 5.502338e-02
-3.000000e-01 8.618135e-01 5.371655e-02
-2.850000e-01 8.618135e-01 5.414068e-02
-2.700000e-01 8.618135e-01 5.464337e-02
-2.550000e-01 8.618135e-01 5.524023e-02
-2.400000e-01 8.618135e-01 5.595067e-02
-2.250000e-01 8.618135e-01 5.679864e-02
-2.100000e-01 8.618135e-01 5.781349e-02
-1.950000e-01 8.618135e-01 5.903064e-02
-1.800000e-01 8.618135e-01 6.049176e-02
-1.650000e-01 8.618135e-01 6.224390e-02
-1.500000e-01 8.618135e-01 6.433653e-02
-1.350000e-01 8.618135e-01 6.681512e-02
-1.200000e-01 8.618135e-01 6.970937e-02
-1.050000e-01 8.618135e-01 7.301372e-02
-9.000000e-02 8.618135e-01 7.665705e-02
-7.500000e-02 8.618135e-01 8.045807e-02
-6.000000e-02 8.618135e-01 8.406855e-02
-4.500000e-02 8.618135e-01 8.695222e-02
-3.000000e-02 8.618135e-01 8.858143e-02
-1.500000e-02 8.618135e-01 8.899007e-02
5.551115e-17 8.618135e-01 8.895359e-02
1.500000e-02 8.618135e-01 8.899007e-02
3.000000e-02 8.618135e-01 8.858143e-02
4.500000e-02 8.618135e-01 8.695222e-02
6.000000e-02 8.618135e-01 8.406855e-02
7.500000e-02 8.618135e-01 8.045807e-02
9.000000e-02 8.618135e-01 7.665705e-02
1.050000e-01 8.618135e-01 7.301372e-02
1.200000e-01 8.618135e-01 6.970937e-02
1.350000e-01 8.618135e-01 6.681512e-02
1.500000e-01 8.618135e-01 6.433653e-02
1.650000e-01 8.618135e-01 6.224390e-02
1.800000e-01 8.618135e-01 6.049176e-02
1.950000e-01 8.618135e-01 5.903064e-02
2.100000e-01 8.618135e-01 5.781349e-02
2.250000e-01 8.618135e-01 5.679864e-02
2.400000e-01 8.618135e-01 5.595067e-02
2.550000e-01 8.618135e-01 5.524023e-02
2.700000e-01 8.618135e-01 5.464337e-02
2.850000e-01 8.618135e-01 5.414068e-02
3.000000e-01 8.618135e-01 5.371655e-02
-3.000000e-01 8.754778e-01 5.245568e-02
-2.850000e-01 8.754778e-01 5.286497e-02
-2.700000e-01 8.754778e-01 5.334998e-02
-2.550000e-01 8.754778e-01 5.392577e-02
-2.400000e-01 8.754778e-01 5.461099e-02
-2.250000e-01 8.754778e-01 5.542866e-02
-2.100000e-01 8.754778e-01 5.640697e-02
-1.950000e-01 8.754778e-01 5.757990e-02
-1.800000e-01 8.754778e-01 5.898741e-02
-1.650000e-01 8.754778e-01 6.067449e-02
-1.500000e-01 8.754778e-01 6.268838e-02
-1.350000e-01 8.754778e-01 6.507234e-02
-1.200000e-01 8.754778e-01 6.785443e-02
-1.050000e-01 8.754778e-01 7.102899e-02
-9.000000e-02 8.754778e-01 7.452813e-02
-7.500000e-02 8.754778e-01 7.818009e-02
-6.000000e-02 8.754778e-01 8.165653e-02
-4.500000e-02 8.754778e-01 8.445286e-02
-3.000000e-02 8.754778e-01 8.606973e-02
-1.500000e-02 8.754778e-01 8.652394e-02
5.551115e-17 8.754778e-01 8.651786e-02
1.500000e-02 8.754778e-01 8.652394e-02
3.000000e-02 8.754778e-01 8.606973e-02
4.500000e-02 8.754778e-01 8.445286e-02
6.000000e-02 8.754778e-01 8.165653e-02
7.500000e-02 8.754778e-01 7.818009e-02
9.000000e-02 8.754778e-01 7.452813e-02
1.050000e-01 8.754778e-01 7.102899e-02
1.200000e-01 8.754778e-01 6.785443e-02
1.350000e-01 8.754778e-01 6.507234e-02
1.500000e-01 8.754778e-01 6.268838e-02
1.650000e-01 8.754778e-01 6.067449e-02
1.800000e-01 8.754778e-01 5.898741e-02
1.950000e-01 8.754778e-01 5.757990e-02
2.100000e-01 8.754778e-01 5.640697e-02
2.250000e-01 8.754778e-01 5.542866e-02
2.400000e-01 8.754778e-01 5.461099e-02
2.550000e-01 8.754778e-01 5.392577e-02
2.700000e-01 8.754778e-01 5.334998e-02
2.850000e-01 8.754778e-01 5.286497e-02
3.000000e-01 8.754778e-01 5.245568e-02
-3.000000e-01 8.891421e-01 5.123864e-02
-2.850000e-01 8.891421e-01 5.163376e-02
-2.700000e-01 8.891421e-01 5.210193e-02
-2.550000e-01 8.891421e-01 5.265763e-02
-2.400000e-01 8.891421e-01 5.331880e-02
-2.250000e-01 8.891421e-01 5.410760e-02
-2.100000e-01 8.891421e-01 5.505111e-02
-1.950000e-01 8.891421e-01 5.618196e-02
-1.800000e-01 8.891421e-01 5.753845e-02
-1.650000e-01 8.891421e-01 5.916368e-02
-1.500000e-01 8.891421e-01 6.110277e-02
-1.350000e-01 8.891421e-01 6.339694e-02
-1.200000e-01 8.891421e-01 6.607273e-02
-1.050000e-01 8.891421e-01 6.912448e-02
-9.000000e-02 8.891421e-01 7.248752e-02
-7.500000e-02 8.891421e-01 7.599928e-02
-6.000000e-02 8.891421e-01 7.935056e-02
-4.500000e-02 8.891421e-01 8.206712e-02
-3.000000e-02 8.891421e-01 8.367644e-02
-1.500000e-02 8.891421e-01 8.417796e-02
5.551115e-17 8.891421e-01 8.420250e-02
1.500000e-02 8.891421e-01 8.417796e-02
3.000000e-02 8.891421e-01 8.367644e-02
4.500000e-02 8.891421e-01 8.206712e-02
6.000000e-02 8.891421e-01 7.935056e-02
7.500000e-02 8.891421e-01 7.599928e-02
9.000000e-02 8.891421e-01 7.248752e-02
1.050000e-01 8.891421e-01 6.912448e-02
1.200000e-01 8.891421e-01 6.607273e-02
1.350000e-01 8.891421e-01 6.339694e-02
1.500000e-01 8.891421e-01 6.110277e-02
1.650000e-01 8.891421e-01 5.916368e-02
1.800000e-01 8.891421e-01 5.753845e-02
1.950000e-01 8.891421e-01 5.618196e-02
2.100000e-01 8.891421e-01 5.505111e-02
2.250000e-01 8.891421e-01 5.410760e-02
2.400000e-01 8.891421e-01 5.331880e-02
2.550000e-01 8.891421e-01 5.265763e-02
2.700000e-01 8.891421e-01 5.210193e-02
2.850000e-01 8.891421e-01 5.163376e-02
3.000000e-01 8.891421e-01 5.123864e-02
-3.000000e-01 9.028064e-01 5.006342e-02
-2.850000e-01 9.028064e-01 5.044503e-02
-2.700000e-01 9.028064e-01 5.089713e-02
-2.550000e-01 9.028064e-01 5.143366e-02
-2.400000e-01 9.028064e-01 5.207190e-02
-2.250000e-01 9.028064e-01 5.283317e-02
-2.100000e-01 9.028064e-01 5.374352e-02
-1.950000e-01 9.028064e-01 5.483428e-02
-1.800000e-01 9.028064e-01 5.614221e-02
-1.650000e-01 9.028064e-01 5.770860e-02
-1.500000e-01 9.028064e-01 5.957659e-02
-1.350000e-01 9.028064e-01 6.178549e-02
-1.200000e-01 9.028064e-01 6.436048e-02
-1.050000e-01 9.028064e-01 6.729597e-02
-9.000000e-02 9.028064e-01 7.053045e-02
-7.500000e-02 9.028064e-01 7.391030e-02
-6.000000e-02 9.028064e-01 7.714471e-02
-4.500000e-02 9.028064e-01 7.978862e-02
-3.000000e-02 9.028064e-01 8.139494e-02
-1.500000e-02 9.028064e-01 8.194550e-02
5.551115e-17 9.028064e-01 8.200091e-02
1.500000e-02 9.028064e-01 8.194550e-02
3.000000e-02 9.028064e-01 8.139494e-02
4.500000e-02 9.028064e-01 7.978862e-02
6.000000e-02 9.028064e-01 7.714471e-02
7.500000e-02 9.028064e-01 7.391030e-02
9.000000e-02 9.028064e-01 7.053045e-02
1.050000e-01 9.028064e-01 6.729597e-02
1.200000e-01 9.028064e-01 6.436048e-02
1.350000e-01 9.028064e-01 6.178549e-02
1.500000e-01 9.028064e-01 5.957659e-02
1.650000e-01 9.028064e-01 5.770860e-02
1.800000e-01 9.028064e-01 5.614221e-02
1.950000e-01 9.028064e-01 5.483428e-02
2.100000e-01 9.028064e-01 5.374352e-02
2.250000e-01 9.028064e-01 5.283317e-02
2.400000e-01 9.028064e-01 5.207190e-02
2.550000e-01 9.028064e-01 5.143366e-02
2.700000e-01 9.028064e-01 5.089713e-02
2.850000e-01 9.028064e-01 5.044503e-02
3.000000e-01 9.028064e-01 5.006342e-02
-3.000000e-01 9.164706e-01 4.892814e-02
-2.850000e-01 9.164706e-01 4.929685e-02
-2.700000e-01 9.164706e-01 4.973359e-02
-2.550000e-01 9.164706e-01 5.025183e-02
-2.400000e-01 9.164706e-01 5.086820e-02
-2.250000e-01 9.164706e-01 5.160321e-02
-2.100000e-01 9.164706e-01 5.248194e-02
-1.950000e-01 9.164706e-01 5.353449e-02
-1.800000e-01 9.164706e-01 5.479616e-02
-1.650000e-01 9.164706e-01 5.630654e-02
-1.500000e-01 9.164706e-01 5.810692e-02
-1.350000e-01 9.164706e-01 6.023481e-02
-1.200000e-01 9.164706e-01 6.271415e-02
-1.050000e-01 9.164706e-01 6.553951e-02
-9.000000e-02 9.164706e-01 6.865250e-02
-7.500000e-02 9.164706e-01 7.190817e-02
-6.000000e-02 9.164706e-01 7.503349e-02
-4.500000e-02 9.164706e-01 7.761144e-02
-3.000000e-02 9.164706e-01 7.921912e-02
-1.500000e-02 9.164706e-01 7.982044e-02
5.551115e-17 9.164706e-01 7.990701e-02
1.500000e-02 9.164706e-01 7.982044e-02
3.000000e-02 9.164706e-01 7.921912e-02
4.500000e-02 9.164706e-01 7.761144e-02
6.000000e-02 9.164706e-01 7.503349e-02
7.500000e-02 9.164706e-01 7.190817e-02
9.000000e-02 9.164706e-01 6.865250e-02
1.050000e-01 9.164706e-01 6.553951e-02
1.200000e-01 9.164706e-01 6.271415e-02
1.350000e-01 9.164706e-01 6.023481e-02
1.500000e-01 9.164706e-01 5.810692e-02
1.650000e-01 9.164706e-01 5.630654e-02
1.800000e-01 9.164706e-01 5.479616e-02
1.950000e-01 9.164706e-01 5.353449e-02
2.100000e-01 9.164706e-01 5.248194e-02
2.250000e-01 9.164706e-01 5.160321e-02
2.400000e-01 9.164706e-01 5.086820e-02
2.550000e-01 9.164706e-01 5.025183e-02
2.700000e-01 9.164706e-01 4.973359e-02
2.850000e-01 9.164706e-01 4.929685e-02
3.000000e-01 9.164706e-01 4.892814e-02
-3.000000e-01 9.301349e-01 4.783101e-02
-2.850000e-01 9.301349e-01 4.818738e-02
-2.700000e-01 9.301349e-01 4.860947e-02
-2.550000e-01 9.301349e-01 4.911023e-02
-2.400000e-01 9.301349e-01 4.970571e-02
-2.250000e-01 9.301349e-01 5.041567e-02
-2.100000e-01 9.301349e-01 5.126423e-02
-1.950000e-01 9.301349e-01 5.228035e-02
-1.800000e-01 9.301349e-01 5.349794e-02
-1.650000e-01 9.301349e-01 5.495497e-02
-1.500000e-01 9.301349e-01 5.669101e-02
-1.350000e-01 9.301349e-01 5.874189e-02
-1.200000e-01 9.301349e-01 6.113042e-02
-1.050000e-01 9.301349e-01 6.385140e-02
-9.000000e-02 9.301349e-01 6.684952e-02
-7.500000e-02 9.301349e-01 6.998827e-02
-6.000000e-02 9.301349e-01 7.301180e-02
-4.500000e-02 9.301349e-01 7.553010e-02
-3.000000e-02 9.301349e-01 7.714330e-02
-1.500000e-02 9.301349e-01 7.779713e-02
5.551115e-17 9.301349e-01 7.791517e-02
1.500000e-02 9.301349e-01 7.779713e-02
3.000000e-02 9.301349e-01 7.714330e-02
4.500000e-02 9.301349e-01 7.553010e-02
6.000000e-02 9.301349e-01 7.301180e-02
7.500000e-02 9.301349e-01 6.998827e-02
9.000000e-02 9.301349e-01 6.684952e-02
1.050000e-01 9.301349e-01 6.385140e-02
1.200000e-01 9.301349e-01 6.113042e-02
1.350000e-01 9.301349e-01 5.874189e-02
1.500000e-01 9.301349e-01 5.669101e-02
1.650000e-01 9.301349e-01 5.495497e-02
1.800000e-01 9.301349e-01 5.349794e-02
1.950000e-01 9.301349e-01 5.228035e-02
2.100000e-01 9.301349e-01 5.126423e-02
2.250000e-01 9.301349e-01 5.041567e-02
2.400000e-01 9.301349e-01 4.970571e-02
2.550000e-01 9.301349e-01 4.911023e-02
2.700000e-01 9.301349e-01 4.860947e-02
2.850000e-01 9.301349e-01 4.818738e-02
3.000000e-01 9.301349e-01 4.783101e-02
-3.000000e-01 9.437992e-01 4.677033e-02
-2.850000e-01 9.437992e-01 4.711492e-02
-2.700000e-01 9.437992e-01 4.752300e-02
-2.550000e-01 9.437992e-01 4.800707e-02
-2.400000e-01 9.437992e-01 4.858260e-02
-2.250000e-01 9.437992e-01 4.926863e-02
-2.100000e-01 9.437992e-01 5.008839e-02
-1.950000e-01 9.437992e-01 5.106975e-02
-1.800000e-01 9.437992e-01 5.224530e-02
-1.650000e-01 9.437992e-01 5.365151e-02
-1.500000e-01 9.437992e-01 5.532628e-02
-1.350000e-01 9.437992e-01 5.730391e-02
-1.200000e-01 9.437992e-01 5.960617e-02
-1.050000e-01 9.437992e-01 6.222816e-02
-9.000000e-02 9.437992e-01 6.511763e-02
-7.500000e-02 9.437992e-01 6.814627e-02
-6.000000e-02 9.437992e-01 7.107488e-02
-4.500000e-02 9.437992e-01 7.353950e-02
-3.000000e-02 9.437992e-01 7.516225e-02
-1.500000e-02 9.437992e-01 7.587033e-02
5.551115e-17 9.437992e-01 7.602022e-02
1.500000e-02 9.437992e-01 7.587033e-02
3.000000e-02 9.437992e-01 7.516225e-02
4.500000e-02 9.437992e-01 7.353950e-02
6.000000e-02 9.437992e-01 7.107488e-02
7.500000e-02 9.437992e-01 6.814627e-02
9.000000e-02 9.437992e-01 6.511763e-02
1.050000e-01 9.437992e-01 6.222816e-02
1.200000e-01 9.437992e-01 5.960617e-02
1.350000e-01 9.437992e-01 5.730391e-02
1.500000e-01 9.437992e-01 5.532628e-02
1.650000e-01 9.437992e-01 5.365151e-02
1.800000e-01 9.437992e-01 5.224530e-02
1.950000e-01 9.437992e-01 5.106975e-02
2.100000e-01 9.437992e-01 5.008839e-02
2.250000e-01 9.437992e-01 4.926863e-02
2.400000e-01 9.437992e-01 4.858260e-02
2.550000e-01 9.437992e-01 4.800707e-02
2.700000e-01 9.437992e-01 4.752300e-02
2.850000e-01 9.437992e-01 4.711492e-02
3.000000e-01 9.437992e-01 4.677033e-02
-3.000000e-01 9.574635e-01 4.574452e-02
-2.850000e-01 9.574635e-01 4.607784e-02
-2.700000e-01 9.574635e-01 4.647252e-02
-2.550000e-01 9.574635e-01 4.694063e-02
-2.400000e-01 9.574635e-01 4.749709e-02
-2.250000e-01 9.574635e-01 4.816027e-02
-2.100000e-01 9.574635e-01 4.895252e-02
-1.950000e-01 9.574635e-01 4.990071e-02
-1.800000e-01 9.574635e-01 5.103615e-02
-1.650000e-01 9.574635e-01 5.239389e-02
-1.500000e-01 9.574635e-01 5.401030e-02
-1.350000e-01 9.574635e-01 5.591822e-02
-1.200000e-01 9.574635e-01 5.813849e-02
-1.050000e-01 9.574635e-01 6.066657e-02
-9.000000e-02 9.574635e-01 6.345322e-02
-7.500000e-02 9.574635e-01 6.637814e-02
-6.000000e-02 9.574635e-01 6.921829e-02
-4.500000e-02 9.574635e-01 7.163490e-02
-3.000000e-02 9.574635e-01 7.327110e-02
-1.500000e-02 9.574635e-01 7.403524e-02
5.551115e-17 9.574635e-01 7.421738e-02
1.500000e-02 9.574635e-01 7.403524e-02
3.000000e-02 9.574635e-01 7.327110e-02
4.500000e-02 9.574635e-01 7.163490e-02
6.000000e-02 9.574635e-01 6.921829e-02
7.500000e-02 9.574635e-01 6.637814e-02
9.000000e-02 9.574635e-01 6.345322e-02
1.050000e-01 9.574635e-01 6.066657e-02
1.200000e-01 9.574635e-01 5.813849e-02
1.350000e-01 9.574635e-01 5.591822e-02
1.500000e-01 9.574635e-01 5.401030e-02
1.650000e-01 9.574635e-01 5.239389e-02
1.800000e-01 9.574635e-01 5.103615e-02
1.950000e-01 9.574635e-01 4.990071e-02
2.100000e-01 9.574635e-01 4.895252e-02
2.250000e-01 9.574635e-01 4.816027e-02
2.400000e-01 9.574635e-01 4.749709e-02
2.550000e-01 9.574635e-01 4.694063e-02
2.700000e-01 9.574635e-01 4.647252e-02
2.850000e-01 9.574635e-01 4.607784e-02
3.000000e-01 9.574635e-01 4.574452e-02
-3.000000e-01 9.711278e-01 4.475206e-02
-2.850000e-01 9.711278e-01 4.507459e-02
-2.700000e-01 9.711278e-01 4.545646e-02
-2.550000e-01 9.711278e-01 4.590931e-02
-2.400000e-01 9.711278e-01 4.644754e-02
-2.250000e-01 9.711278e-01 4.708887e-02
-2.100000e-01 9.711278e-01 4.785485e-02
-1.950000e-01 9.711278e-01 4.877134e-02
-1.800000e-01 9.711278e-01 4.986850e-02
-1.650000e-01 9.711278e-01 5.118001e-02
-1.500000e-01 9.711278e-01 5.274079e-02
-1.350000e-01 9.711278e-01 5.458234e-02
-1.200000e-01 9.711278e-01 5.672464e-02
-1.050000e-01 9.711278e-01 5.916357e-02
-9.000000e-02 9.711278e-01 6.185290e-02
-7.500000e-02 9.711278e-01 6.468012e-02
-6.000000e-02 9.711278e-01 6.743790e-02
-4.500000e-02 9.711278e-01 6.981192e-02
-3.000000e-02 9.711278e-01 7.146534e-02
-1.500000e-02 9.711278e-01 7.228738e-02
5.551115e-17 9.711278e-01 7.250223e-02
1.500000e-02 9.711278e-01 7.228738e-02
3.000000e-02 9.711278e-01 7.146534e-02
4.500000e-02 9.711278e-01 6.981192e-02
6.000000e-02 9.711278e-01 6.743790e-02
7.500000e-02 9.711278e-01 6.468012e-02
9.000000e-02 9.711278e-01 6.185290e-02
1.050000e-01 9.711278e-01 5.916357e-02
1.200000e-01 9.711278e-01 5.672464e-02
1.350000e-01 9.711278e-01 5.458234e-02
1.500000e-01 9.711278e-01 5.274079e-02
1.650000e-01 9.711278e-01 5.118001e-02
1.800000e-01 9.711278e-01 4.986850e-02
1.950000e-01 9.711278e-01 4.877134e-02
2.100000e-01 9.711278e-01 4.785485e-02
2.250000e-01 9.711278e-01 4.708887e-02
2.400000e-01 9.711278e-01 4.644754e-02
2.550000e-01 9.711278e-01 4.590931e-02
2.700000e-01 9.711278e-01 4.545646e-02
2.850000e-01 9.711278e-01 4.507459e-02
3.000000e-01 9.711278e-01 4.475206e-02
-3.000000e-01 9.847920e-01 4.379153e-02
-2.850000e-01 9.847920e-01 4.410374e-02
-2.700000e-01 9.847920e-01 4.447334e-02
-2.550000e-01 9.847920e-01 4.491159e-02
-2.400000e-01 9.847920e-01 4.543238e-02
-2.250000e-01 9.847920e-01 4.605281e-02
-2.100000e-01 9.847920e-01 4.679367e-02
-1.950000e-01 9.847920e-01 4.767988e-02
-1.800000e-01 9.847920e-01 4.874048e-02
-1.650000e-01 9.847920e-01 5.000786e-02
-1.500000e-01 9.847920e-01 5.151559e-02
-1.350000e-01 9.847920e-01 5.329391e-02
-1.200000e-01 9.847920e-01 5.536204e-02
-1.050000e-01 9.847920e-01 5.771631e-02
-9.000000e-02 9.847920e-01 6.031348e-02
-7.500000e-02 9.847920e-01 6.304868e-02
-6.000000e-02 9.847920e-01 6.572987e-02
-4.500000e-02 9.847920e-01 6.806644e-02
-3.000000e-02 9.847920e-01 6.974082e-02
-1.500000e-02 9.847920e-01 7.062265e-02
5.551115e-17 9.847920e-01 7.087071e-02
1.500000e-02 9.847920e-01 7.062265e-02
3.000000e-02 9.847920e-01 6.974082e-02
4.500000e-02 9.847920e-01 6.806644e-02
6.000000e-02 9.847920e-01 6.572987e-02
7.500000e-02 9.847920e-01 6.304868e-02
9.000000e-02 9.847920e-01 6.031348e-02
1.050000e-01 9.847920e-01 5.771631e-02
1.200000e-01 9.847920e-01 5.536204e-02
1.350000e-01 9.847920e-01 5.329391e-02
1.500000e-01 9.847920e-01 5.151559e-02
1.650000e-01 9.847920e-01 5.000786e-02
1.800000e-01 9.847920e-01 4.874048e-02
1.950000e-01 9.847920e-01 4.767988e-02
2.100000e-01 9.847920e-01 4.679367e-02
2.250000e-01 9.847920e-01 4.605281e-02
2.400000e-01 9.847920e-01 4.543238e-02
2.550000e-01 9.847920e-01 4.491159e-02
2.700000e-01 9.847920e-01 4.447334e-02
2.850000e-01 9.847920e-01 4.410374e-02
3.000000e-01 9.847920e-01 4.379153e-02
-3.000000e-01 9.984563e-01 4.286157e-02
-2.850000e-01 9.984563e-01 4.316389e-02
-2.700000e-01 9.984563e-01 4.352175e-02
-2.550000e-01 9.984563e-01 4.394601e-02
-2.400000e-01 9.984563e-01 4.445012e-02
-2.250000e-01 9.984563e-01 4.505055e-02
-2.100000e-01 9.984563e-01 4.576739e-02
-1.950000e-01 9.984563e-01 4.662465e-02
-1.800000e-01 9.984563e-01 4.765031e-02
-1.650000e-01 9.984563e-01 4.887557e-02
-1.500000e-01 9.984563e-01 5.033269e-02
-1.350000e-01 9.984563e-01 5.205074e-02
-1.200000e-01 9.984563e-01 5.404826e-02
-1.050000e-01 9.984563e-01 5.632211e-02
-9.000000e-02 9.984563e-01 5.883199e-02
-7.500000e-02 9.984563e-01 6.148053e-02
-6.000000e-02 9.984563e-01 6.409060e-02
-4.500000e-02 9.984563e-01 6.639468e-02
-3.000000e-02 9.984563e-01 6.809365e-02
-1.500000e-02 9.984563e-01 6.903723e-02
5.551115e-17 9.984563e-01 6.931907e-02
1.500000e-02 9.984563e-01 6.903723e-02
3.000000e-02 9.984563e-01 6.809365e-02
4.500000e-02 9.984563e-01 6.639468e-02
6.000000e-02 9.984563e-01 6.409060e-02
7.500000e-02 9.984563e-01 6.148053e-02
9.000000e-02 9.984563e-01 5.883199e-02
1.050000e-01 9.984563e-01 5.632211e-02
1.200000e-01 9.984563e-01 5.404826e-02
1.350000e-01 9.984563e-01 5.205074e-02
1.500000e-01 9.984563e-01 5.033269e-02
1.650000e-01 9.984563e-01 4.887557e-02
1.800000e-01 9.984563e-01 4.765031e-02
1.950000e-01 9.984563e-01 4.662465e-02
2.100000e-01 9.984563e-01 4.576739e-02
2.250000e-01 9.984563e-01 4.505055e-02
2.400000e-01 9.984563e-01 4.445012e-02
2.550000e-01 9.984563e-01 4.394601e-02
2.700000e-01 9.984563e-01 4.352175e-02
2.850000e-01 9.984563e-01 4.316389e-02
3.000000e-01 9.984563e-01 4.286157e-02
-3.000000e-01 1.012121e+00 4.196090e-02
-2.850000e-01 1.012121e+00 4.225374e-02
-2.700000e-01 1.012121e+00 4.260035e-02
-2.550000e-01 1.012121e+00 4.301123e-02
-2.400000e-01 1.012121e+00 4.349935e-02
-2.250000e-01 1.012121e+00 4.408065e-02
-2.100000e-01 1.012121e+00 4.477450e-02
-1.950000e-01 1.012121e+00 4.560407e-02
-1.800000e-01 1.012121e+00 4.659634e-02
-1.650000e-01 1.012121e+00 4.778135e-02
-1.500000e-01 1.012121e+00 4.919016e-02
-1.350000e-01 1.012121e+00 5.085074e-02
-1.200000e-01 1.012121e+00 5.278104e-02
-1.050000e-01 1.012121e+00 5.497846e-02
-9.000000e-02 1.012121e+00 5.740565e-02
-7.500000e-02 1.012121e+00 5.997259e-02
-6.000000e-02 1.012121e+00 6.251674e-02
-4.500000e-02 1.012121e+00 6.479307e-02
-3.000000e-02 1.012121e+00 6.652025e-02
-1.500000e-02 1.012121e+00 6.752763e-02
5.551115e-17 1.012121e+00 6.784386e-02
1.500000e-02 1.012121e+00 6.752763e-02
3.000000e-02 1.012121e+00 6.652025e-02
4.500000e-02 1.012121e+00 6.479307e-02
6.000000e-02 1.012121e+00 6.251674e-02
7.500000e-02 1.012121e+00 5.997259e-02
9.000000e-02 1.012121e+00 5.740565e-02
1.050000e-01 1.012121e+00 5.497846e-02
1.200000e-01 1.012121e+00 5.278104e-02
1.350000e-01 1.012121e+00 5.085074e-02
1.500000e-01 1.012121e+00 4.919016e-02
1.650000e-01 1.012121e+00 4.778135e-02
1.800000e-01 1.012121e+00 4.659634e-02
1.950000e-01 1.012121e+00 4.560407e-02
2.100000e-01 1.012121e+00 4.477450e-02
2.250000e-01 1.012121e+00 4.408065e-02
2.400000e-01 1.012121e+00 4.349935e-02
2.550000e-01 1.012121e+00 4.301123e-02
2.700000e-01 1.012121e+00 4.260035e-02
2.850000e-01 1.012121e+00 4.225374e-02
3.000000e-01 1.012121e+00 4.196090e-02
-3.000000e-01 1.025785e+00 4.108830e-02
-2.850000e-01 1.025785e+00 4.137207e-02
-2.700000e-01 1.025785e+00 4.170790e-02
-2.550000e-01 1.025785e+00 4.210595e-02
-2.400000e-01 1.025785e+00 4.257876e-02
-2.250000e-01 1.025785e+00 4.314173e-02
-2.100000e-01 1.025785e+00 4.381357e-02
-1.950000e-01 1.025785e+00 4.461665e-02
-1.800000e-01 1.025785e+00 4.557699e-02
-1.650000e-01 1.025785e+00 4.672353e-02
-1.500000e-01 1.025785e+00 4.808620e-02
-1.350000e-01 1.025785e+00 4.969197e-02
-1.200000e-01 1.025785e+00 5.155822e-02
-1.050000e-01 1.025785e+00 5.368298e-02
-9.000000e-02 1.025785e+00 5.603182e-02
-7.500000e-02 1.025785e+00 5.852196e-02
-6.000000e-02 1.025785e+00 6.100514e-02
-4.500000e-02 1.025785e+00 6.325834e-02
-3.000000e-02 1.025785e+00 6.501731e-02
-1.500000e-02 1.025785e+00 6.609062e-02
5.551115e-17 1.025785e+00 6.644191e-02
1.500000e-02 1.025785e+00 6.609062e-02
3.000000e-02 1.025785e+00 6.501731e-02
4.500000e-02 1.025785e+00 6.325834e-02
6.000000e-02 1.025785e+00 6.100514e-02
7.500000e-02 1.025785e+00 5.852196e-02
9.000000e-02 1.025785e+00 5.603182e-02
1.050000e-01 1.025785e+00 5.368298e-02
1.200000e-01 1.025785e+00 5.155822e-02
1.350000e-01 1.025785e+00 4.969197e-02
1.500000e-01 1.025785e+00 4.808620e-02
1.650000e-01 1.025785e+00 4.672353e-02
1.800000e-01 1.025785e+00 4.557699e-02
1.950000e-01 1.025785e+00 4.461665e-02
2.100000e-01 1.025785e+00 4.381357e-02
2.250000e-01 1.025785e+00 4.314173e-02
2.400000e-01 1.025785e+00 4.257876e-02
2.550000e-01 1.025785e+00 4.210595e-02
2.700000e-01 1.025785e+00 4.170790e-02
2.850000e-01 1.025785e+00 4.137207e-02
3.000000e-01 1.025785e+00 4.108830e-02
-3.000000e-01 1.039449e+00 4.024263e-02
-2.850000e-01 1.039449e+00 4.051769e-02
-2.700000e-01 1.039449e+00 4.084318e-02
-2.550000e-01 1.039449e+00 4.122893e-02
-2.400000e-01 1.039449e+00 4.168707e-02
-2.250000e-01 1.039449e+00 4.223249e-02
-2.100000e-01 1.039449e+00 4.288325e-02
-1.950000e-01 1.039449e+00 4.366097e-02
-1.800000e-01 1.039449e+00 4.459075e-02
-1.650000e-01 1.039449e+00 4.570051e-02
-1.500000e-01 1.039449e+00 4.701911e-02
-1.350000e-01 1.039449e+00 4.857256e-02
-1.200000e-01 1.039449e+00 5.037778e-02
-1.050000e-01 1.039449e+00 5.243346e-02
-9.000000e-02 1.039449e+00 5.470806e-02
-7.500000e-02 1.039449e+00 5.712593e-02
-6.000000e-02 1.039449e+00 5.955289e-02
-4.500000e-02 1.039449e+00 6.178740e-02
-3.000000e-02 1.039449e+00 6.358175e-02
-1.500000e-02 1.039449e+00 6.472323e-02
5.551115e-17 1.039449e+00 6.511032e-02
1.500000e-02 1.039449e+00 6.472323e-02
3.000000e-02 1.039449e+00 6.358175e-02
4.500000e-02 1.039449e+00 6.178740e-02
6.000000e-02 1.039449e+00 5.955289e-02
7.500000e-02 1.039449e+00 5.712593e-02
9.000000e-02 1.039449e+00 5.470806e-02
1.050000e-01 1.039449e+00 5.243346e-02
1.200000e-01 1.039449e+00 5.037778e-02
1.350000e-01 1.039449e+00 4.857256e-02
1.500000e-01 1.039449e+00 4.701911e-02
1.650000e-01 1.039449e+00 4.570051e-02
1.800000e-01 1.039449e+00 4.459075e-02
1.950000e-01 1.039449e+00 4.366097e-02
2.100000e-01 1.039449e+00 4.288325e-02
2.250000e-01 1.039449e+00 4.223249e-02
2.400000e-01 1.039449e+00 4.168707e-02
2.550000e-01 1.039449e+00 4.122893e-02
2.700000e-01 1.039449e+00 4.084318e-02
2.850000e-01 1.039449e+00 4.051769e-02
3.000000e-01 1.039449e+00 4.024263e-02
-3.000000e-01 1.053113e+00 3.942278e-02
-2.850000e-01 1.053113e+00 3.968949e-02
-2.700000e-01 1.053113e+00 4.000506e-02
-2.550000e-01 1.053113e+00 4.037902e-02
-2.400000e-01 1.053113e+00 4.082310e-02
-2.250000e-01 1.053113e+00 4.135168e-02
-2.100000e-01 1.053113e+00 4.198226e-02
-1.950000e-01 1.053113e+00 4.273569e-02
-1.800000e-01 1.053113e+00 4.363622e-02
-1.650000e-01 1.053113e+00 4.471080e-02
-1.500000e-01 1.053113e+00 4.598727e-02
-1.350000e-01 1.053113e+00 4.749077e-02
-1.200000e-01 1.053113e+00 4.923782e-02
-1.050000e-01 1.053113e+00 5.122778e-02
-9.000000e-02 1.053113e+00 5.343204e-02
-7.500000e-02 1.053113e+00 5.578199e-02
-6.000000e-02 1.053113e+00 5.815724e-02
-4.500000e-02 1.053113e+00 6.037741e-02
-3.000000e-02 1.053113e+00 6.221074e-02
-1.500000e-02 1.053113e+00 6.342272e-02
5.551115e-17 1.053113e+00 6.384642e-02
1.500000e-02 1.053113e+00 6.342272e-02
3.000000e-02 1.053113e+00 6.221074e-02
4.500000e-02 1.053113e+00 6.037741e-02
6.000000e-02 1.053113e+00 5.815724e-02
7.500000e-02 1.053113e+00 5.578199e-02
9.000000e-02 1.053113e+00 5.343204e-02
1.050000e-01 1.053113e+00 5.122778e-02
1.200000e-01 1.053113e+00 4.923782e-02
1.350000e-01 1.053113e+00 4.749077e-02
1.500000e-01 1.053113e+00 4.598727e-02
1.650000e-01 1.053113e+00 4.471080e-02
1.800000e-01 1.053113e+00 4.363622e-02
1.950000e-01 1.053113e+00 4.273569e-02
2.100000e-01 1.053113e+00 4.198226e-02
2.250000e-01 1.053113e+00 4.135168e-02
2.400000e-01 1.053113e+00 4.082310e-02
2.550000e-01 1.053113e+00 4.037902e-02
2.700000e-01 1.053113e+00 4.000506e-02
2.850000e-01 1.053113e+00 3.968949e-02
3.000000e-01 1.053113e+00 3.942278e-02
-3.000000e-01 1.066778e+00 3.862772e-02
-2.850000e-01 1.066778e+00 3.888641e-02
-2.700000e-01 1.066778e+00 3.919247e-02
-2.550000e-01 1.066778e+00 3.955512e-02
-2.400000e-01 1.066778e+00 3.998570e-02
-2.250000e-01 1.066778e+00 4.049815e-02
-2.100000e-01 1.066778e+00 4.110937e-02
-1.950000e-01 1.066778e+00 4.183953e-02
-1.800000e-01 1.066778e+00 4.271206e-02
-1.650000e-01 1.066778e+00 4.375298e-02
-1.500000e-01 1.066778e+00 4.498917e-02
-1.350000e-01 1.066778e+00 4.644497e-02
-1.200000e-01 1.066778e+00 4.813654e-02
-1.050000e-01 1.066778e+00 5.006398e-02
-9.000000e-02 1.066778e+00 5.220160e-02
-7.500000e-02 1.066778e+00 5.448773e-02
-6.000000e-02 1.066778e+00 5.681564e-02
-4.500000e-02 1.066778e+00 5.902571e-02
-3.000000e-02 1.066778e+00 6.090165e-02
-1.500000e-02 1.066778e+00 6.218661e-02
5.551115e-17 1.066778e+00 6.264779e-02
1.500000e-02 1.066778e+00 6.218661e-02
3.000000e-02 1.066778e+00 6.090165e-02
4.500000e-02 1.066778e+00 5.902571e-02
6.000000e-02 1.066778e+00 5.681564e-02
7.500000e-02 1.066778e+00 5.448773e-02
9.000000e-02 1.066778e+00 5.220160e-02
1.050000e-01 1.066778e+00 5.006398e-02
1.200000e-01 1.066778e+00 4.813654e-02
1.350000e-01 1.066778e+00 4.644497e-02
1.500000e-01 1.066778e+00 4.498917e-02
1.650000e-01 1.066778e+00 4.375298e-02
1.800000e-01 1.066778e+00 4.271206e-02
1.950000e-01 1.066778e+00 4.183953e-02
2.100000e-01 1.066778e+00 4.110937e-02
2.250000e-01 1.066778e+00 4.049815e-02
2.400000e-01 1.066778e+00 3.998570e-02
2.550000e-01 1.066778e+00 3.955512e-02
2.700000e-01 1.066778e+00 3.919247e-02
2.850000e-01 1.066778e+00 3.888641e-02
3.000000e-01 1.066778e+00 3.862772e-02
-3.000000e-01 1.080442e+00 3.785646e-02
-2.850000e-01 1.080442e+00 3.810745e-02
-2.700000e-01 1.080442e+00 3.840438e-02
-2.550000e-01 1.080442e+00 3.875617e-02
-2.400000e-01 1.080442e+00 3.917381e-02
-2.250000e-01 1.080442e+00 3.967078e-02
-2.100000e-01 1.080442e+00 4.026344e-02
-1.950000e-01 1.080442e+00 4.097130e-02
-1.800000e-01 1.080442e+00 4.181699e-02
-1.650000e-01 1.080442e+00 4.282569e-02
-1.500000e-01 1.080442e+00 4.402336e-02
-1.350000e-01 1.080442e+00 4.543358e-02
-1.200000e-01 1.080442e+00 4.707224e-02
-1.050000e-01 1.080442e+00 4.894021e-02
-9.000000e-02 1.080442e+00 5.101469e-02
-7.500000e-02 1.080442e+00 5.324094e-02
-6.000000e-02 1.080442e+00 5.552569e-02
-4.500000e-02 1.080442e+00 5.772983e-02
-3.000000e-02 1.080442e+00 5.965207e-02
-1.500000e-02 1.080442e+00 6.101261e-02
5.551115e-17 1.080442e+00 6.151222e-02
1.500000e-02 1.080442e+00 6.101261e-02
3.000000e-02 1.080442e+00 5.965207e-02
4.500000e-02 1.080442e+00 5.772983e-02
6.000000e-02 1.080442e+00 5.552569e-02
7.500000e-02 1.080442e+00 5.324094e-02
9.000000e-02 1.080442e+00 5.101469e-02
1.050000e-01 1.080442e+00 4.894021e-02
1.200000e-01 1.080442e+00 4.707224e-02
1.350000e-01 1.080442e+00 4.543358e-02
1.500000e-01 1.080442e+00 4.402336e-02
1.650000e-01 1.080442e+00 4.282569e-02
1.800000e-01 1.080442e+00 4.181699e-02
1.950000e-01 1.080442e+00 4.097130e-02
2.100000e-01 1.080442e+00 4.026344e-02
2.250000e-01 1.080442e+00 3.967078e-02
2.400000e-01 1.080442e+00 3.917381e-02
2.550000e-01 1.080442e+00 3.875617e-02
2.700000e-01 1.080442e+00 3.840438e-02
2.850000e-01 1.080442e+00 3.810745e-02
3.000000e-01 1.080442e+00 3.785646e-02
-3.000000e-01 1.094106e+00 3.710806e-02
-2.850000e-01 1.094106e+00 3.735166e-02
-2.700000e-01 1.094106e+00 3.763982e-02
-2.550000e-01 1.094106e+00 3.798118e-02
-2.400000e-01 1.094106e+00 3.838640e-02
-2.250000e-01 1.094106e+00 3.886852e-02
-2.100000e-01 1.094106e+00 3.944338e-02
-1.950000e-01 1.094106e+00 4.012984e-02
-1.800000e-01 1.094106e+00 4.094983e-02
-1.650000e-01 1.094106e+00 4.192766e-02
-1.500000e-01 1.094106e+00 4.308847e-02
-1.350000e-01 1.094106e+00 4.445515e-02
-1.200000e-01 1.094106e+00 4.604332e-02
-1.050000e-01 1.094106e+00 4.785469e-02
-9.000000e-02 1.094106e+00 4.986938e-02
-7.500000e-02 1.094106e+00 5.203952e-02
-6.000000e-02 1.094106e+00 5.428517e-02
-4.500000e-02 1.094106e+00 5.648749e-02
-3.000000e-02 1.094106e+00 5.845978e-02
-1.500000e-02 1.094106e+00 5.989865e-02
5.551115e-17 1.094106e+00 6.043773e-02
1.500000e-02 1.094106e+00 5.989865e-02
3.000000e-02 1.094106e+00 5.845978e-02
4.500000e-02 1.094106e+00 5.648749e-02
6.000000e-02 1.094106e+00 5.428517e-02
7.500000e-02 1.094106e+00 5.203952e-02
9.000000e-02 1.094106e+00 4.986938e-02
1.050000e-01 1.094106e+00 4.785469e-02
1.200000e-01 1.094106e+00 4.604332e-02
1.350000e-01 1.094106e+00 4.445515e-02
1.500000e-01 1.094106e+00 4.308847e-02
1.650000e-01 1.094106e+00 4.192766e-02
1.800000e-01 1.094106e+00 4.094983e-02
1.950000e-01 1.094106e+00 4.012984e-02
2.100000e-01 1.094106e+00 3.944338e-02
2.250000e-01 1.094106e+00 3.886852e-02
2.400000e-01 1.094106e+00 3.838640e-02
2.550000e-01 1.094106e+00 3.798118e-02
2.700000e-01 1.094106e+00 3.763982e-02
2.850000e-01 1.094106e+00 3.735166e-02
3.000000e-01 1.094106e+00 3.710806e-02
-3.000000e-01 1.107771e+00 3.638163e-02
-2.850000e-01 1.107771e+00 3.661813e-02
-2.700000e-01 1.107771e+00 3.689786e-02
-2.550000e-01 1.107771e+00 3.722921e-02
-2.400000e-01 1.107771e+00 3.762249e-02
-2.250000e-01 1.107771e+00 3.809036e-02
-2.100000e-01 1.107771e+00 3.864813e-02
-1.950000e-01 1.107771e+00 3.931409e-02
-1.800000e-01 1.107771e+00 4.010943e-02
-1.650000e-01 1.107771e+00 4.105769e-02
-1.500000e-01 1.107771e+00 4.218323e-02
-1.350000e-01 1.107771e+00 4.350827e-02
-1.200000e-01 1.107771e+00 4.504827e-02
-1.050000e-01 1.107771e+00 4.680579e-02
-9.000000e-02 1.107771e+00 4.876388e-02
-7.500000e-02 1.107771e+00 5.088150e-02
-6.000000e-02 1.107771e+00 5.309199e-02
-4.500000e-02 1.107771e+00 5.529656e-02
-3.000000e-02 1.107771e+00 5.732275e-02
-1.500000e-02 1.107771e+00 5.884287e-02
5.551115e-17 1.107771e+00 5.942253e-02
1.500000e-02 1.107771e+00 5.884287e-02
3.000000e-02 1.107771e+00 5.732275e-02
4.500000e-02 1.107771e+00 5.529656e-02
6.000000e-02 1.107771e+00 5.309199e-02
7.500000e-02 1.107771e+00 5.088150e-02
9.000000e-02 1.107771e+00 4.876388e-02
1.050000e-01 1.107771e+00 4.680579e-02
1.200000e-01 1.107771e+00 4.504827e-02
1.350000e-01 1.107771e+00 4.350827e-02
1.500000e-01 1.107771e+00 4.218323e-02
1.650000e-01 1.107771e+00 4.105769e-02
1.800000e-01 1.107771e+00 4.010943e-02
1.950000e-01 1.107771e+00 3.931409e-02
2.100000e-01 1.107771e+00 3.864813e-02
2.250000e-01 1.107771e+00 3.809036e-02
2.400000e-01 1.107771e+00 3.762249e-02
2.550000e-01 1.107771e+00 3.722921e-02
2.700000e-01 1.107771e+00 3.689786e-02
2.850000e-01 1.107771e+00 3.661813e-02
3.000000e-01 1.107771e+00 3.638163e-02
-3.000000e-01 1.121435e+00 3.567632e-02
-2.850000e-01 1.121435e+00 3.590599e-02
-2.700000e-01 1.121435e+00 3.617762e-02
-2.550000e-01 1.121435e+00 3.649935e-02
-2.400000e-01 1.121435e+00 3.688117e-02
-2.250000e-01 1.121435e+00 3.733534e-02
-2.100000e-01 1.121435e+00 3.787672e-02
-1.950000e-01 1.121435e+00 3.852299e-02
-1.800000e-01 1.121435e+00 3.929470e-02
-1.650000e-01 1.121435e+00 4.021463e-02
-1.500000e-01 1.121435e+00 4.130639e-02
-1.350000e-01 1.121435e+00 4.259163e-02
-1.200000e-01 1.121435e+00 4.408566e-02
-1.050000e-01 1.121435e+00 4.579193e-02
-9.000000e-02 1.121435e+00 4.769647e-02
-7.500000e-02 1.121435e+00 4.976505e-02
-6.000000e-02 1.121435e+00 5.194420e-02
-4.500000e-02 1.121435e+00 5.415508e-02
-3.000000e-02 1.121435e+00 5.623911e-02
-1.500000e-02 1.121435e+00 5.784358e-02
5.551115e-17 1.121435e+00 5.846504e-02
1.500000e-02 1.121435e+00 5.784358e-02
3.000000e-02 1.121435e+00 5.623911e-02
4.500000e-02 1.121435e+00 5.415508e-02
6.000000e-02 1.121435e+00 5.194420e-02
7.500000e-02 1.121435e+00 4.976505e-02
9.000000e-02 1.121435e+00 4.769647e-02
1.050000e-01 1.121435e+00 4.579193e-02
1.200000e-01 1.121435e+00 4.408566e-02
1.350000e-01 1.121435e+00 4.259163e-02
1.500000e-01 1.121435e+00 4.130639e-02
1.650000e-01 1.121435e+00 4.021463e-02
1.800000e-01 1.121435e+00 3.929470e-02
1.950000e-01 1.121435e+00 3.852299e-02
2.100000e-01 1.121435e+00 3.787672e-02
2.250000e-01 1.121435e+00 3.733534e-02
2.400000e-01 1.121435e+00 3.688117e-02
2.550000e-01 1.121435e+00 3.649935e-02
2.700000e-01 1.121435e+00 3.617762e-02
2.850000e-01 1.121435e+00 3.590599e-02
3.000000e-01 1.121435e+00 3.567632e-02
-3.000000e-01 1.135099e+00 3.499132e-02
-2.850000e-01 1.135099e+00 3.521442e-02
-2.700000e-01 1.135099e+00 3.547827e-02
-2.550000e-01 1.135099e+00 3.579075e-02
-2.400000e-01 1.135099e+00 3.616156e-02
-2.250000e-01 1.135099e+00 3.660258e-02
-2.100000e-01 1.135099e+00 3.712820e-02
-1.950000e-01 1.135099e+00 3.775559e-02
-1.800000e-01 1.135099e+00 3.850462e-02
-1.650000e-01 1.135099e+00 3.939739e-02
-1.500000e-01 1.135099e+00 4.045682e-02
-1.350000e-01 1.135099e+00 4.170398e-02
-1.200000e-01 1.135099e+00 4.315414e-02
-1.050000e-01 1.135099e+00 4.481165e-02
-9.000000e-02 1.135099e+00 4.666556e-02
-7.500000e-02 1.135099e+00 4.868843e-02
-6.000000e-02 1.135099e+00 5.083999e-02
-4.500000e-02 1.135099e+00 5.306123e-02
-3.000000e-02 1.135099e+00 5.520718e-02
-1.500000e-02 1.135099e+00 5.689929e-02
5.551115e-17 1.135099e+00 5.756385e-02
1.500000e-02 1.135099e+00 5.689929e-02
3.000000e-02 1.135099e+00 5.520718e-02
4.500000e-02 1.135099e+00 5.306123e-02
6.000000e-02 1.135099e+00 5.083999e-02
7.500000e-02 1.135099e+00 4.868843e-02
9.000000e-02 1.135099e+00 4.666556e-02
1.050000e-01 1.135099e+00 4.481165e-02
1.200000e-01 1.135099e+00 4.315414e-02
1.350000e-01 1.135099e+00 4.170398e-02
1.500000e-01 1.135099e+00 4.045682e-02
1.650000e-01 1.135099e+00 3.939739e-02
1.800000e-01 1.135099e+00 3.850462e-02
1.950000e-01 1.135099e+00 3.775559e-02
2.100000e-01 1.135099e+00 3.712820e-02
2.250000e-01 1.135099e+00 3.660258e-02
2.400000e-01 1.135099e+00 3.616156e-02
2.550000e-01 1.135099e+00 3.579075e-02
2.700000e-01 1.135099e+00 3.547827e-02
2.850000e-01 1.135099e+00 3.521442e-02
3.000000e-01 1.135099e+00 3.499132e-02
-3.000000e-01 1.148763e+00 3.432585e-02
-2.850000e-01 1.148763e+00 3.454264e-02
-2.700000e-01 1.148763e+00 3.479900e-02
-2.550000e-01 1.148763e+00 3.510259e-02
-2.400000e-01 1.148763e+00 3.546281e-02
-2.250000e-01 1.148763e+00 3.589119e-02
-2.100000e-01 1.148763e+00 3.640169e-02
-1.950000e-01 1.148763e+00 3.701094e-02
-1.800000e-01 1.148763e+00 3.773822e-02
-1.650000e-01 1.148763e+00 3.860495e-02
-1.500000e-01 1.148763e+00 3.963339e-02
-1.350000e-01 1.148763e+00 4.084414e-02
-1.200000e-01 1.148763e+00 4.225242e-02
-1.050000e-01 1.148763e+00 4.386356e-02
-9.000000e-02 1.148763e+00 4.566962e-02
-7.500000e-02 1.148763e+00 4.765002e-02
-6.000000e-02 1.148763e+00 4.977766e-02
-4.500000e-02 1.148763e+00 5.201335e-02
-3.000000e-02 1.148763e+00 5.422543e-02
-1.500000e-02 1.148763e+00 5.600869e-02
5.551115e-17 1.148763e+00 5.671776e-02
1.500000e-02 1.148763e+00 5.600869e-02
3.000000e-02 1.148763e+00 5.422543e-02
4.500000e-02 1.148763e+00 5.201335e-02
6.000000e-02 1.148763e+00 4.977766e-02
7.500000e-02 1.148763e+00 4.765002e-02
9.000000e-02 1.148763e+00 4.566962e-02
1.050000e-01 1.148763e+00 4.386356e-02
1.200000e-01 1.148763e+00 4.225242e-02
1.350000e-01 1.148763e+00 4.084414e-02
1.500000e-01 1.148763e+00 3.963339e-02
1.650000e-01 1.148763e+00 3.860495e-02
1.800000e-01 1.148763e+00 3.773822e-02
1.950000e-01 1.148763e+00 3.701094e-02
2.100000e-01 1.148763e+00 3.640169e-02
2.250000e-01 1.148763e+00 3.589119e-02
2.400000e-01 1.148763e+00 3.546281e-02
2.550000e-01 1.148763e+00 3.510259e-02
2.700000e-01 1.148763e+00 3.479900e-02
2.850000e-01 1.148763e+00 3.454264e-02
3.000000e-01 1.148763e+00 3.432585e-02
-3.000000e-01 1.162428e+00 3.367920e-02
-2.850000e-01 1.162428e+00 3.388990e-02
-2.700000e-01 1.162428e+00 3.413906e-02
-2.550000e-01 1.162428e+00 3.443409e-02
-2.400000e-01 1.162428e+00 3.478414e-02
-2.250000e-01 1.162428e+00 3.520037e-02
-2.100000e-01 1.162428e+00 3.569634e-02
-1.950000e-01 1.162428e+00 3.628817e-02
-1.800000e-01 1.162428e+00 3.699456e-02
-1.650000e-01 1.162428e+00 3.783632e-02
-1.500000e-01 1.162428e+00 3.883508e-02
-1.350000e-01 1.162428e+00 4.001100e-02
-1.200000e-01 1.162428e+00 4.137930e-02
-1.050000e-01 1.162428e+00 4.294635e-02
-9.000000e-02 1.162428e+00 4.470726e-02
-7.500000e-02 1.162428e+00 4.664832e-02
-6.000000e-02 1.162428e+00 4.875564e-02
-4.500000e-02 1.162428e+00 5.100989e-02
-3.000000e-02 1.162428e+00 5.329250e-02
-1.500000e-02 1.162428e+00 5.517064e-02
5.551115e-17 1.162428e+00 5.592575e-02
1.500000e-02 1.162428e+00 5.517064e-02
3.000000e-02 1.162428e+00 5.329250e-02
4.500000e-02 1.162428e+00 5.100989e-02
6.000000e-02 1.162428e+00 4.875564e-02
7.500000e-02 1.162428e+00 4.664832e-02
9.000000e-02 1.162428e+00 4.470726e-02
1.050000e-01 1.162428e+00 4.294635e-02
1.200000e-01 1.162428e+00 4.137930e-02
1.350000e-01 1.162428e+00 4.001100e-02
1.500000e-01 1.162428e+00 3.883508e-02
1.650000e-01 1.162428e+00 3.783632e-02
1.800000e-01 1.162428e+00 3.699456e-02
1.950000e-01 1.162428e+00 3.628817e-02
2.100000e-01 1.162428e+00 3.569634e-02
2.250000e-01 1.162428e+00 3.520037e-02
2.400000e-01 1.162428e+00 3.478414e-02
2.550000e-01 1.162428e+00 3.443409e-02
2.700000e-01 1.162428e+00 3.413906e-02
2.850000e-01 1.162428e+00 3.388990e-02
3.000000e-01 1.162428e+00 3.367920e-02
-3.000000e-01 1.176092e+00 3.305064e-02
-2.850000e-01 1.176092e+00 3.325550e-02
-2.700000e-01 1.176092e+00 3.349772e-02
-2.550000e-01 1.176092e+00 3.378453e-02
-2.400000e-01 1.176092e+00 3.412478e-02
-2.250000e-01 1.176092e+00 3.452934e-02
-2.100000e-01 1.176092e+00 3.501133e-02
-1.950000e-01 1.176092e+00 3.558643e-02
-1.800000e-01 1.176092e+00 3.627278e-02
-1.650000e-01 1.176092e+00 3.709058e-02
-1.500000e-01 1.176092e+00 3.806090e-02
-1.350000e-01 1.176092e+00 3.920349e-02
-1.200000e-01 1.176092e+00 4.053363e-02
-1.050000e-01 1.176092e+00 4.205878e-02
-9.000000e-02 1.176092e+00 4.377712e-02
-7.500000e-02 1.176092e+00 4.568188e-02
-6.000000e-02 1.176092e+00 4.777248e-02
-4.500000e-02 1.176092e+00 5.004947e-02
-3.000000e-02 1.176092e+00 5.240719e-02
-1.500000e-02 1.176092e+00 5.438420e-02
5.551115e-17 1.176092e+00 5.518699e-02
1.500000e-02 1.176092e+00 5.438420e-02
3.000000e-02 1.176092e+00 5.240719e-02
4.500000e-02 1.176092e+00 5.004947e-02
6.000000e-02 1.176092e+00 4.777248e-02
7.500000e-02 1.176092e+00 4.568188e-02
9.000000e-02 1.176092e+00 4.377712e-02
1.050000e-01 1.176092e+00 4.205878e-02
1.200000e-01 1.176092e+00 4.053363e-02
1.350000e-01 1.176092e+00 3.920349e-02
1.500000e-01 1.176092e+00 3.806090e-02
1.650000e-01 1.176092e+00 3.709058e-02
1.800000e-01 1.176092e+00 3.627278e-02
1.950000e-01 1.176092e+00 3.558643e-02
2.100000e-01 1.176092e+00 3.501133e-02
2.250000e-01 1.176092e+00 3.452934e-02
2.400000e-01 1.176092e+00 3.412478e-02
2.550000e-01 1.176092e+00 3.378453e-02
2.700000e-01 1.176092e+00 3.349772e-02
2.850000e-01 1.176092e+00 3.325550e-02
3.000000e-01 1.176092e+00 3.305064e-02
-3.000000e-01 1.189756e+00 3.243953e-02
-2.850000e-01 1.189756e+00 3.263875e-02
-2.700000e-01 1.189756e+00 3.287430e-02
-2.550000e-01 1.189756e+00 3.315319e-02
-2.400000e-01 1.189756e+00 3.348402e-02
-2.250000e-01 1.189756e+00 3.387734e-02
-2.100000e-01 1.189756e+00 3.434591e-02
-1.950000e-01 1.189756e+00 3.490492e-02
-1.800000e-01 1.189756e+00 3.557202e-02
-1.650000e-01 1.189756e+00 3.636684e-02
-1.500000e-01 1.189756e+00 3.730990e-02
-1.350000e-01 1.189756e+00 3.842060e-02
-1.200000e-01 1.189756e+00 3.971434e-02
-1.050000e-01 1.189756e+00 4.119967e-02
-9.000000e-02 1.189756e+00 4.287795e-02
-7.500000e-02 1.189756e+00 4.474940e-02
-6.000000e-02 1.189756e+00 4.682682e-02
-4.500000e-02 1.189756e+00 4.913080e-02
-3.000000e-02 1.189756e+00 5.156843e-02
-1.500000e-02 1.189756e+00 5.364856e-02
5.551115e-17 1.189756e+00 5.450081e-02
1.500000e-02 1.189756e+00 5.364856e-02
3.000000e-02 1.189756e+00 5.156843e-02
4.500000e-02 1.189756e+00 4.913080e-02
6.000000e-02 1.189756e+00 4.682682e-02
7.500000e-02 1.189756e+00 4.474940e-02
9.000000e-02 1.189756e+00 4.287795e-02
1.050000e-01 1.189756e+00 4.119967e-02
1.200000e-01 1.189756e+00 3.971434e-02
1.350000e-01 1.189756e+00 3.842060e-02
1.500000e-01 1.189756e+00 3.730990e-02
1.650000e-01 1.189756e+00 3.636684e-02
1.800000e-01 1.189756e+00 3.557202e-02
1.950000e-01 1.189756e+00 3.490492e-02
2.100000e-01 1.189756e+00 3.434591e-02
2.250000e-01 1.189756e+00 3.387734e-02
2.400000e-01 1.189756e+00 3.348402e-02
2.550000e-01 1.189756e+00 3.315319e-02
2.700000e-01 1.189756e+00 3.287430e-02
2.850000e-01 1.189756e+00 3.263875e-02
3.000000e-01 1.189756e+00 3.243953e-02
-3.000000e-01 1.203421e+00 3.184521e-02
-2.850000e-01 1.203421e+00 3.203901e-02
-2.700000e-01 1.203421e+00 3.226813e-02
-2.550000e-01 1.203421e+00 3.253940e-02
-2.400000e-01 1.203421e+00 3.286116e-02
-2.250000e-01 1.203421e+00 3.324367e-02
-2.100000e-01 1.203421e+00 3.369933e-02
-1.950000e-01 1.203421e+00 3.424289e-02
-1.800000e-01 1.203421e+00 3.489149e-02
-1.650000e-01 1.203421e+00 3.566425e-02
-1.500000e-01 1.203421e+00 3.658119e-02
-1.350000e-01 1.203421e+00 3.766139e-02
-1.200000e-01 1.203421e+00 3.892039e-02
-1.050000e-01 1.203421e+00 4.036793e-02
-9.000000e-02 1.203421e+00 4.200857e-02
-7.500000e-02 1.203421e+00 4.384961e-02
-6.000000e-02 1.203421e+00 4.591742e-02
-4.500000e-02 1.203421e+00 4.825274e-02
-3.000000e-02 1.203421e+00 5.077532e-02
-1.500000e-02 1.203421e+00 5.296314e-02
5.551115e-17 1.203421e+00 5.386677e-02
1.500000e-02 1.203421e+00 5.296314e-02
3.000000e-02 1.203421e+00 5.077532e-02
4.500000e-02 1.203421e+00 4.825274e-02
6.000000e-02 1.203421e+00 4.591742e-02
7.500000e-02 1.203421e+00 4.384961e-02
9.000000e-02 1.203421e+00 4.200857e-02
1.050000e-01 1.203421e+00 4.036793e-02
1.200000e-01 1.203421e+00 3.892039e-02
1.350000e-01 1.203421e+00 3.766139e-02
1.500000e-01 1.203421e+00 3.658119e-02
1.650000e-01 1.203421e+00 3.566425e-02
1.800000e-01 1.203421e+00 3.489149e-02
1.950000e-01 1.203421e+00 3.424289e-02
2.100000e-01 1.203421e+00 3.369933e-02
2.250000e-01 1.203421e+00 3.324367e-02
2.400000e-01 1.203421e+00 3.286116e-02
2.550000e-01 1.203421e+00 3.253940e-02
2.700000e-01 1.203421e+00 3.226813e-02
2.850000e-01 1.203421e+00 3.203901e-02
3.000000e-01 1.203421e+00 3.184521e-02
-3.000000e-01 1.217085e+00 3.126709e-02
-2.850000e-01 1.217085e+00 3.145565e-02
-2.700000e-01 1.217085e+00 3.167859e-02
-2.550000e-01 1.217085e+00 3.194251e-02
-2.400000e-01 1.217085e+00 3.225556e-02
-2.250000e-01 1.217085e+00 3.262766e-02
-2.100000e-01 1.217085e+00 3.307089e-02
-1.950000e-01 1.217085e+00 3.359960e-02
-1.800000e-01 1.217085e+00 3.423044e-02
-1.650000e-01 1.217085e+00 3.498203e-02
-1.500000e-01 1.217085e+00 3.587394e-02
-1.350000e-01 1.217085e+00 3.692495e-02
-1.200000e-01 1.217085e+00 3.815083e-02
-1.050000e-01 1.217085e+00 3.956252e-02
-9.000000e-02 1.217085e+00 4.116787e-02
-7.500000e-02 1.217085e+00 4.298138e-02
-6.000000e-02 1.217085e+00 4.504313e-02
-4.500000e-02 1.217085e+00 4.741428e-02
-3.000000e-02 1.217085e+00 5.002710e-02
-1.500000e-02 1.217085e+00 5.232749e-02
5.551115e-17 1.217085e+00 5.328457e-02
1.500000e-02 1.217085e+00 5.232749e-02
3.000000e-02 1.217085e+00 5.002710e-02
4.500000e-02 1.217085e+00 4.741428e-02
6.000000e-02 1.217085e+00 4.504313e-02
7.500000e-02 1.217085e+00 4.298138e-02
9.000000e-02 1.217085e+00 4.116787e-02
1.050000e-01 1.217085e+00 3.956252e-02
1.200000e-01 1.217085e+00 3.815083e-02
1.350000e-01 1.217085e+00 3.692495e-02
1.500000e-01 1.217085e+00 3.587394e-02
1.650000e-01 1.217085e+00 3.498203e-02
1.800000e-01 1.217085e+00 3.423044e-02
1.950000e-01 1.217085e+00 3.359960e-02
2.100000e-01 1.217085e+00 3.307089e-02
2.250000e-01 1.217085e+00 3.262766e-02
2.400000e-01 1.217085e+00 3.225556e-02
2.550000e-01 1.217085e+00 3.194251e-02
2.700000e-01 1.217085e+00 3.167859e-02
2.850000e-01 1.217085e+00 3.145565e-02
3.000000e-01 1.217085e+00 3.126709e-02
-3.000000e-01 1.230749e+00 3.070457e-02
-2.850000e-01 1.230749e+00 3.088811e-02
-2.700000e-01 1.230749e+00 3.110508e-02
-2.550000e-01 1.230749e+00 3.136193e-02
-2.400000e-01 1.230749e+00 3.166657e-02
-2.250000e-01 1.230749e+00 3.202867e-02
-2.100000e-01 1.230749e+00 3.245994e-02
-1.950000e-01 1.230749e+00 3.297436e-02
-1.800000e-01 1.230749e+00 3.358814e-02
-1.650000e-01 1.230749e+00 3.431942e-02
-1.500000e-01 1.230749e+00 3.518733e-02
-1.350000e-01 1.230749e+00 3.621043e-02
-1.200000e-01 1.230749e+00 3.740472e-02
-1.050000e-01 1.230749e+00 3.878246e-02
-9.000000e-02 1.230749e+00 4.035482e-02
-7.500000e-02 1.230749e+00 4.214362e-02
-6.000000e-02 1.230749e+00 4.420290e-02
-4.500000e-02 1.230749e+00 4.661450e-02
-3.000000e-02 1.230749e+00 4.932319e-02
-1.500000e-02 1.230749e+00 5.174138e-02
5.551115e-17 1.230749e+00 5.275415e-02
1.500000e-02 1.230749e+00 5.174138e-02
3.000000e-02 1.230749e+00 4.932319e-02
4.500000e-02 1.230749e+00 4.661450e-02
6.000000e-02 1.230749e+00 4.420290e-02
7.500000e-02 1.230749e+00 4.214362e-02
9.000000e-02 1.230749e+00 4.035482e-02
1.050000e-01 1.230749e+00 3.878246e-02
1.200000e-01 1.230749e+00 3.740472e-02
1.350000e-01 1.230749e+00 3.621043e-02
1.500000e-01 1.230749e+00 3.518733e-02
1.650000e-01 1.230749e+00 3.431942e-02
1.800000e-01 1.230749e+00 3.358814e-02
1.950000e-01 1.230749e+00 3.297436e-02
2.100000e-01 1.230749e+00 3.245994e-02
2.250000e-01 1.230749e+00 3.202867e-02
2.400000e-01 1.230749e+00 3.166657e-02
2.550000e-01 1.230749e+00 3.136193e-02
2.700000e-01 1.230749e+00 3.110508e-02
2.850000e-01 1.230749e+00 3.088811e-02
3.000000e-01 1.230749e+00 3.070457e-02
-3.000000e-01 1.244413e+00 3.015712e-02
-2.850000e-01 1.244413e+00 3.033580e-02
-2.700000e-01 1.244413e+00 3.054702e-02
-2.550000e-01 1.244413e+00 3.079706e-02
-2.400000e-01 1.244413e+00 3.109361e-02
-2.250000e-01 1.244413e+00 3.144607e-02
-2.100000e-01 1.244413e+00 3.186585e-02
-1.950000e-01 1.244413e+00 3.236653e-02
-1.800000e-01 1.244413e+00 3.296391e-02
-1.650000e-01 1.244413e+00 3.367568e-02
-1.500000e-01 1.244413e+00 3.452060e-02
-1.350000e-01 1.244413e+00 3.551701e-02
-1.200000e-01 1.244413e+00 3.668122e-02
-1.050000e-01 1.244413e+00 3.802681e-02
-9.000000e-02 1.244413e+00 3.956843e-02
-7.500000e-02 1.244413e+00 4.133534e-02
-6.000000e-02 1.244413e+00 4.339578e-02
-4.500000e-02 1.244413e+00 4.585265e-02
-3.000000e-02 1.244413e+00 4.866314e-02
-1.500000e-02 1.244413e+00 5.120475e-02
5.551115e-17 1.244413e+00 5.227561e-02
1.500000e-02 1.244413e+00 5.120475e-02
3.000000e-02 1.244413e+00 4.866314e-02
4.500000e-02 1.244413e+00 4.585265e-02
6.000000e-02 1.244413e+00 4.339578e-02
7.500000e-02 1.244413e+00 4.133534e-02
9.000000e-02 1.244413e+00 3.956843e-02
1.050000e-01 1.244413e+00 3.802681e-02
1.200000e-01 1.244413e+00 3.668122e-02
1.350000e-01 1.244413e+00 3.551701e-02
1.500000e-01 1.244413e+00 3.452060e-02
1.650000e-01 1.244413e+00 3.367568e-02
1.800000e-01 1.244413e+00 3.296391e-02
1.950000e-01 1.244413e+00 3.236653e-02
2.100000e-01 1.244413e+00 3.186585e-02
2.250000e-01 1.244413e+00 3.144607e-02
2.400000e-01 1.244413e+00 3.109361e-02
2.550000e-01 1.244413e+00 3.079706e-02
2.700000e-01 1.244413e+00 3.054702e-02
2.850000e-01 1.244413e+00 3.033580e-02
3.000000e-01 1.244413e+00 3.015712e-02
-3.000000e-01 1.258078e+00 2.962420e-02
-2.850000e-01 1.258078e+00 2.979819e-02
-2.700000e-01 1.258078e+00 3.000388e-02
-2.550000e-01 1.258078e+00 3.024735e-02
-2.400000e-01 1.258078e+00 3.053610e-02
-2.250000e-01 1.258078e+00 3.087928e-02
-2.100000e-01 1.258078e+00 3.128799e-02
-1.950000e-01 1.258078e+00 3.177546e-02
-1.800000e-01 1.258078e+00 3.235709e-02
-1.650000e-01 1.258078e+00 3.305015e-02
-1.500000e-01 1.258078e+00 3.387302e-02
-1.350000e-01 1.258078e+00 3.484393e-02
-1.200000e-01 1.258078e+00 3.597950e-02
-1.050000e-01 1.258078e+00 3.729473e-02
-9.000000e-02 1.258078e+00 3.880780e-02
-7.500000e-02 1.258078e+00 4.055561e-02
-6.000000e-02 1.258078e+00 4.262091e-02
-4.500000e-02 1.258078e+00 4.512805e-02
-3.000000e-02 1.258078e+00 4.804665e-02
-1.500000e-02 1.258078e+00 5.071773e-02
5.551115e-17 1.258078e+00 5.184930e-02
1.500000e-02 1.258078e+00 5.071773e-02
3.000000e-02 1.258078e+00 4.804665e-02
4.500000e-02 1.258078e+00 4.512805e-02
6.000000e-02 1.258078e+00 4.262091e-02
7.500000e-02 1.258078e+00 4.055561e-02
9.000000e-02 1.258078e+00 3.880780e-02
1.050000e-01 1.258078e+00 3.729473e-02
1.200000e-01 1.258078e+00 3.597950e-02
1.350000e-01 1.258078e+00 3.484393e-02
1.500000e-01 1.258078e+00 3.387302e-02
1.650000e-01 1.258078e+00 3.305015e-02
1.800000e-01 1.258078e+00 3.235709e-02
1.950000e-01 1.258078e+00 3.177546e-02
2.100000e-01 1.258078e+00 3.128799e-02
2.250000e-01 1.258078e+00 3.087928e-02
2.400000e-01 1.258078e+00 3.053610e-02
2.550000e-01 1.258078e+00 3.024735e-02
2.700000e-01 1.258078e+00 3.000388e-02
2.850000e-01 1.258078e+00 2.979819e-02
3.000000e-01 1.258078e+00 2.962420e-02
-3.000000e-01 1.271742e+00 2.910529e-02
-2.850000e-01 1.271742e+00 2.927477e-02
-2.700000e-01 1.271742e+00 2.947512e-02
-2.550000e-01 1.271742e+00 2.971227e-02
-2.400000e-01 1.271742e+00 2.999350e-02
-2.250000e-01 1.271742e+00 3.032775e-02
-2.100000e-01 1.271742e+00 3.072581e-02
-1.950000e-01 1.271742e+00 3.120058e-02
-1.800000e-01 1.271742e+00 3.176706e-02
-1.650000e-01 1.271742e+00 3.244216e-02
-1.500000e-01 1.271742e+00 3.324392e-02
-1.350000e-01 1.271742e+00 3.419045e-02
-1.200000e-01 1.271742e+00 3.529878e-02
-1.050000e-01 1.271742e+00 3.658538e-02
-9.000000e-02 1.271742e+00 3.807208e-02
-7.500000e-02 1.271742e+00 3.980361e-02
-6.000000e-02 1.271742e+00 4.187755e-02
-4.500000e-02 1.271742e+00 4.444019e-02
-3.000000e-02 1.271742e+00 4.747361e-02
-1.500000e-02 1.271742e+00 5.028066e-02
5.551115e-17 1.271742e+00 5.147575e-02
1.500000e-02 1.271742e+00 5.028066e-02
3.000000e-02 1.271742e+00 4.747361e-02
4.500000e-02 1.271742e+00 4.444019e-02
6.000000e-02 1.271742e+00 4.187755e-02
7.500000e-02 1.271742e+00 3.980361e-02
9.000000e-02 1.271742e+00 3.807208e-02
1.050000e-01 1.271742e+00 3.658538e-02
1.200000e-01 1.271742e+00 3.529878e-02
1.350000e-01 1.271742e+00 3.419045e-02
1.500000e-01 1.271742e+00 3.324392e-02
1.650000e-01 1.271742e+00 3.244216e-02
1.800000e-01 1.271742e+00 3.176706e-02
1.950000e-01 1.271742e+00 3.120058e-02
2.100000e-01 1.271742e+00 3.072581e-02
2.250000e-01 1.271742e+00 3.032775e-02
2.400000e-01 1.271742e+00 2.999350e-02
2.550000e-01 1.271742e+00 2.971227e-02
2.700000e-01 1.271742e+00 2.947512e-02
2.850000e-01 1.271742e+00 2.927477e-02
3.000000e-01 1.271742e+00 2.910529e-02
-3.000000e-01 1.285406e+00 2.859993e-02
-2.850000e-01 1.285406e+00 2.876505e-02
-2.700000e-01 1.285406e+00 2.896025e-02
-2.550000e-01 1.285406e+00 2.919130e-02
-2.400000e-01 1.285406e+00 2.946530e-02
-2.250000e-01 1.285406e+00 2.979094e-02
-2.100000e-01 1.285406e+00 3.017875e-02
-1.950000e-01 1.285406e+00 3.064129e-02
-1.800000e-01 1.285406e+00 3.119324e-02
-1.650000e-01 1.285406e+00 3.185110e-02
-1.500000e-01 1.285406e+00 3.263264e-02
-1.350000e-01 1.285406e+00 3.355590e-02
-1.200000e-01 1.285406e+00 3.463835e-02
-1.050000e-01 1.285406e+00 3.589801e-02
-9.000000e-02 1.285406e+00 3.736048e-02
-7.500000e-02 1.285406e+00 3.907854e-02
-6.000000e-02 1.285406e+00 4.116502e-02
-4.500000e-02 1.285406e+00 4.378865e-02
-3.000000e-02 1.285406e+00 4.694408e-02
-1.500000e-02 1.285406e+00 4.989410e-02
5.551115e-17 1.285406e+00 5.115577e-02
1.500000e-02 1.285406e+00 4.989410e-02
3.000000e-02 1.285406e+00 4.694408e-02
4.500000e-02 1.285406e+00 4.378865e-02
6.000000e-02 1.285406e+00 4.116502e-02
7.500000e-02 1.285406e+00 3.907854e-02
9.000000e-02 1.285406e+00 3.736048e-02
1.050000e-01 1.285406e+00 3.589801e-02
1.200000e-01 1.285406e+00 3.463835e-02
1.350000e-01 1.285406e+00 3.355590e-02
1.500000e-01 1.285406e+00 3.263264e-02
1.650000e-01 1.285406e+00 3.185110e-02
1.800000e-01 1.285406e+00 3.119324e-02
1.950000e-01 1.285406e+00 3.064129e-02
2.100000e-01 1.285406e+00 3.017875e-02
2.250000e-01 1.285406e+00 2.979094e-02
2.400000e-01 1.285406e+00 2.946530e-02
2.550000e-01 1.285406e+00 2.919130e-02
2.700000e-01 1.285406e+00 2.896025e-02
2.850000e-01 1.285406e+00 2.876505e-02
3.000000e-01 1.285406e+00 2.859993e-02
-3.000000e-01 1.299070e+00 2.810764e-02
-2.850000e-01 1.299070e+00 2.826856e-02
-2.700000e-01 1.299070e+00 2.845879e-02
-2.550000e-01 1.299070e+00 2.868396e-02
-2.400000e-01 1.299070e+00 2.895099e-02
-2.250000e-01 1.299070e+00 2.926834e-02
-2.100000e-01 1.299070e+00 2.964628e-02
-1.950000e-01 1.299070e+00 3.009707e-02
-1.800000e-01 1.299070e+00 3.063504e-02
-1.650000e-01 1.299070e+00 3.127637e-02
-1.500000e-01 1.299070e+00 3.203856e-02
-1.350000e-01 1.299070e+00 3.293961e-02
-1.200000e-01 1.299070e+00 3.399751e-02
-1.050000e-01 1.299070e+00 3.523189e-02
-9.000000e-02 1.299070e+00 3.667228e-02
-7.500000e-02 1.299070e+00 3.837973e-02
-6.000000e-02 1.299070e+00 4.048276e-02
-4.500000e-02 1.299070e+00 4.317318e-02
-3.000000e-02 1.299070e+00 4.645828e-02
-1.500000e-02 1.299070e+00 4.955883e-02
5.551115e-17 1.299070e+00 5.089038e-02
1.500000e-02 1.299070e+00 4.955883e-02
3.000000e-02 1.299070e+00 4.645828e-02
4.500000e-02 1.299070e+00 4.317318e-02
6.000000e-02 1.299070e+00 4.048276e-02
7.500000e-02 1.299070e+00 3.837973e-02
9.000000e-02 1.299070e+00 3.667228e-02
1.050000e-01 1.299070e+00 3.523189e-02
1.200000e-01 1.299070e+00 3.399751e-02
1.350000e-01 1.299070e+00 3.293961e-02
1.500000e-01 1.299070e+00 3.203856e-02
1.650000e-01 1.299070e+00 3.127637e-02
1.800000e-01 1.299070e+00 3.063504e-02
1.950000e-01 1.299070e+00 3.009707e-02
2.100000e-01 1.299070e+00 2.964628e-02
2.250000e-01 1.299070e+00 2.926834e-02
2.400000e-01 1.299070e+00 2.895099e-02
2.550000e-01 1.299070e+00 2.868396e-02
2.700000e-01 1.299070e+00 2.845879e-02
2.850000e-01 1.299070e+00 2.826856e-02
3.000000e-01 1.299070e+00 2.810764e-02
-3.000000e-01 1.312735e+00 2.762799e-02
-2.850000e-01 1.312735e+00 2.778485e-02
-2.700000e-01 1.312735e+00 2.797029e-02
-2.550000e-01 1.312735e+00 2.818979e-02
-2.400000e-01 1.312735e+00 2.845010e-02
-2.250000e-01 1.312735e+00 2.875947e-02
-2.100000e-01 1.312735e+00 2.912791e-02
-1.950000e-01 1.312735e+00 2.956740e-02
-1.800000e-01 1.312735e+00 3.009195e-02
-1.650000e-01 1.312735e+00 3.071742e-02
-1.500000e-01 1.312735e+00 3.146110e-02
-1.350000e-01 1.312735e+00 3.234098e-02
-1.200000e-01 1.312735e+00 3.337562e-02
-1.050000e-01 1.312735e+00 3.458637e-02
-9.000000e-02 1.312735e+00 3.600680e-02
-7.500000e-02 1.312735e+00 3.770654e-02
-6.000000e-02 1.312735e+00 3.983030e-02
-4.500000e-02 1.312735e+00 4.259363e-02
-3.000000e-02 1.312735e+00 4.601664e-02
-1.500000e-02 1.312735e+00 4.927588e-02
5.551115e-17 1.312735e+00 5.068090e-02
1.500000e-02 1.312735e+00 4.927588e-02
3.000000e-02 1.312735e+00 4.601664e-02
4.500000e-02 1.312735e+00 4.259363e-02
6.000000e-02 1.312735e+00 3.983030e-02
7.500000e-02 1.312735e+00 3.770654e-02
9.000000e-02 1.312735e+00 3.600680e-02
1.050000e-01 1.312735e+00 3.458637e-02
1.200000e-01 1.312735e+00 3.337562e-02
1.350000e-01 1.312735e+00 3.234098e-02
1.500000e-01 1.312735e+00 3.146110e-02
1.650000e-01 1.312735e+00 3.071742e-02
1.800000e-01 1.312735e+00 3.009195e-02
1.950000e-01 1.312735e+00 2.956740e-02
2.100000e-01 1.312735e+00 2.912791e-02
2.250000e-01 1.312735e+00 2.875947e-02
2.400000e-01 1.312735e+00 2.845010e-02
2.550000e-01 1.312735e+00 2.818979e-02
2.700000e-01 1.312735e+00 2.797029e-02
2.850000e-01 1.312735e+00 2.778485e-02
3.000000e-01 1.312735e+00 2.762799e-02
-3.000000e-01 1.326399e+00 2.716054e-02
-2.850000e-01 1.326399e+00 2.731349e-02
-2.700000e-01 1.326399e+00 2.749431e-02
-2.550000e-01 1.326399e+00 2.770834e-02
-2.400000e-01 1.326399e+00 2.796217e-02
-2.250000e-01 1.326399e+00 2.826385e-02
-2.100000e-01 1.326399e+00 2.862316e-02
-1.950000e-01 1.326399e+00 2.905179e-02
-1.800000e-01 1.326399e+00 2.956345e-02
-1.650000e-01 1.326399e+00 3.017372e-02
-1.500000e-01 1.326399e+00 3.089969e-02
-1.350000e-01 1.326399e+00 3.175943e-02
-1.200000e-01 1.326399e+00 3.277208e-02
-1.050000e-01 1.326399e+00 3.396083e-02
-9.000000e-02 1.326399e+00 3.536345e-02
-7.500000e-02 1.326399e+00 3.705844e-02
-6.000000e-02 1.326399e+00 3.920727e-02
-4.500000e-02 1.326399e+00 4.205003e-02
-3.000000e-02 1.326399e+00 4.561978e-02
-1.500000e-02 1.326399e+00 4.904655e-02
5.551115e-17 1.326399e+00 5.052891e-02
1.500000e-02 1.326399e+00 4.904655e-02
3.000000e-02 1.326399e+00 4.561978e-02
4.500000e-02 1.326399e+00 4.205003e-02
6.000000e-02 1.326399e+00 3.920727e-02
7.500000e-02 1.326399e+00 3.705844e-02
9.000000e-02 1.326399e+00 3.536345e-02
1.050000e-01 1.326399e+00 3.396083e-02
1.200000e-01 1.326399e+00 3.277208e-02
1.350000e-01 1.326399e+00 3.175943e-02
1.500000e-01 1.326399e+00 3.089969e-02
1.650000e-01 1.326399e+00 3.017372e-02
1.800000e-01 1.326399e+00 2.956345e-02
1.950000e-01 1.326399e+00 2.905179e-02
2.100000e-01 1.326399e+00 2.862316e-02
2.250000e-01 1.326399e+00 2.826385e-02
2.400000e-01 1.326399e+00 2.796217e-02
2.550000e-01 1.326399e+00 2.770834e-02
2.700000e-01 1.326399e+00 2.749431e-02
2.850000e-01 1.326399e+00 2.731349e-02
3.000000e-01 1.326399e+00 2.716054e-02
-3.000000e-01 1.340063e+00 2.670490e-02
-2.850000e-01 1.340063e+00 2.685407e-02
-2.700000e-01 1.340063e+00 2.703043e-02
-2.550000e-01 1.340063e+00 2.723920e-02
-2.400000e-01 1.340063e+00 2.748679e-02
-2.250000e-01 1.340063e+00 2.778106e-02
-2.100000e-01 1.340063e+00 2.813158e-02
-1.950000e-01 1.340063e+00 2.854976e-02
-1.800000e-01 1.340063e+00 2.904905e-02
-1.650000e-01 1.340063e+00 2.964477e-02
-1.500000e-01 1.340063e+00 3.035383e-02
-1.350000e-01 1.340063e+00 3.119440e-02
-1.200000e-01 1.340063e+00 3.218633e-02
-1.050000e-01 1.340063e+00 3.335469e-02
-9.000000e-02 1.340063e+00 3.474166e-02
-7.500000e-02 1.340063e+00 3.643496e-02
-6.000000e-02 1.340063e+00 3.861342e-02
-4.500000e-02 1.340063e+00 4.154254e-02
-3.000000e-02 1.340063e+00 4.526855e-02
-1.500000e-02 1.340063e+00 4.887242e-02
5.551115e-17 1.340063e+00 5.043634e-02
1.500000e-02 1.340063e+00 4.887242e-02
3.000000e-02 1.340063e+00 4.526855e-02
4.500000e-02 1.340063e+00 4.154254e-02
6.000000e-02 1.340063e+00 3.861342e-02
7.500000e-02 1.340063e+00 3.643496e-02
9.000000e-02 1.340063e+00 3.474166e-02
1.050000e-01 1.340063e+00 3.335469e-02
1.200000e-01 1.340063e+00 3.218633e-02
1.350000e-01 1.340063e+00 3.119440e-02
1.500000e-01 1.340063e+00 3.035383e-02
1.650000e-01 1.340063e+00 2.964477e-02
1.800000e-01 1.340063e+00 2.904905e-02
1.950000e-01 1.340063e+00 2.854976e-02
2.100000e-01 1.340063e+00 2.813158e-02
2.250000e-01 1.340063e+00 2.778106e-02
2.400000e-01 1.340063e+00 2.748679e-02
2.550000e-01 1.340063e+00 2.723920e-02
2.700000e-01 1.340063e+00 2.703043e-02
2.850000e-01 1.340063e+00 2.685407e-02
3.000000e-01 1.340063e+00 2.670490e-02
-3.000000e-01 1.353728e+00 2.626069e-02
-2.850000e-01 1.353728e+00 2.640621e-02
-2.700000e-01 1.353728e+00 2.657827e-02
-2.550000e-01 1.353728e+00 2.678195e-02
-2.400000e-01 1.353728e+00 2.702353e-02
-2.250000e-01 1.353728e+00 2.731067e-02
-2.100000e-01 1.353728e+00 2.765273e-02
-1.950000e-01 1.353728e+00 2.806088e-02
-1.800000e-01 1.353728e+00 2.854831e-02
-1.650000e-01 1.353728e+00 2.913009e-02
-1.500000e-01 1.353728e+00 2.982302e-02
-1.350000e-01 1.353728e+00 3.064541e-02
-1.200000e-01 1.353728e+00 3.161784e-02
-1.050000e-01 1.353728e+00 3.276744e-02
-9.000000e-02 1.353728e+00 3.414096e-02
-7.500000e-02 1.353728e+00 3.583570e-02
-6.000000e-02 1.353728e+00 3.804859e-02
-4.500000e-02 1.353728e+00 4.107148e-02
-3.000000e-02 1.353728e+00 4.496405e-02
-1.500000e-02 1.353728e+00 4.875540e-02
5.551115e-17 1.353728e+00 5.040546e-02
1.500000e-02 1.353728e+00 4.875540e-02
3.000000e-02 1.353728e+00 4.496405e-02
4.500000e-02 1.353728e+00 4.107148e-02
6.000000e-02 1.353728e+00 3.804859e-02
7.500000e-02 1.353728e+00 3.583570e-02
9.000000e-02 1.353728e+00 3.414096e-02
1.050000e-01 1.353728e+00 3.276744e-02
1.200000e-01 1.353728e+00 3.161784e-02
1.350000e-01 1.353728e+00 3.064541e-02
1.500000e-01 1.353728e+00 2.982302e-02
1.650000e-01 1.353728e+00 2.913009e-02
1.800000e-01 1.353728e+00 2.854831e-02
1.950000e-01 1.353728e+00 2.806088e-02
2.100000e-01 1.353728e+00 2.765273e-02
2.250000e-01 1.353728e+00 2.731067e-02
2.400000e-01 1.353728e+00 2.702353e-02
2.550000e-01 1.353728e+00 2.678195e-02
2.700000e-01 1.353728e+00 2.657827e-02
2.850000e-01 1.353728e+00 2.640621e-02
3.000000e-01 1.353728e+00 2.626069e-02
-3.000000e-01 1.367392e+00 2.582752e-02
-2.850000e-01 1.367392e+00 2.596952e-02
-2.700000e-01 1.367392e+00 2.613743e-02
-2.550000e-01 1.367392e+00 2.633621e-02
-2.400000e-01 1.367392e+00 2.657200e-02
-2.250000e-01 1.367392e+00 2.685228e-02
-2.100000e-01 1.367392e+00 2.718620e-02
-1.950000e-01 1.367392e+00 2.758473e-02
-1.800000e-01 1.367392e+00 2.806077e-02
-1.650000e-01 1.367392e+00 2.862923e-02
-1.500000e-01 1.367392e+00 2.930679e-02
-1.350000e-01 1.367392e+00 3.011196e-02
-1.200000e-01 1.367392e+00 3.106614e-02
-1.050000e-01 1.367392e+00 3.219860e-02
-9.000000e-02 1.367392e+00 3.356090e-02
-7.500000e-02 1.367392e+00 3.526037e-02
-6.000000e-02 1.367392e+00 3.751277e-02
-4.500000e-02 1.367392e+00 4.063738e-02
-3.000000e-02 1.367392e+00 4.470762e-02
-1.500000e-02 1.367392e+00 4.869772e-02
5.551115e-17 1.367392e+00 5.043891e-02
1.500000e-02 1.367392e+00 4.869772e-02
3.000000e-02 1.367392e+00 4.470762e-02
4.500000e-02 1.367392e+00 4.063738e-02
6.000000e-02 1.367392e+00 3.751277e-02
7.500000e-02 1.367392e+00 3.526037e-02
9.000000e-02 1.367392e+00 3.356090e-02
1.050000e-01 1.367392e+00 3.219860e-02
1.200000e-01 1.367392e+00 3.106614e-02
1.350000e-01 1.367392e+00 3.011196e-02
1.500000e-01 1.367392e+00 2.930679e-02
1.650000e-01 1.367392e+00 2.862923e-02
1.800000e-01 1.367392e+00 2.806077e-02
1.950000e-01 1.367392e+00 2.758473e-02
2.100000e-01 1.367392e+00 2.718620e-02
2.250000e-01 1.367392e+00 2.685228e-02
2.400000e-01 1.367392e+00 2.657200e-02
2.550000e-01 1.367392e+00 2.633621e-02
2.700000e-01 1.367392e+00 2.613743e-02
2.850000e-01 1.367392e+00 2.596952e-02
3.000000e-01 1.367392e+00 2.582752e-02
-3.000000e-01 1.381056e+00 2.540504e-02
-2.850000e-01 1.381056e+00 2.554365e-02
-2.700000e-01 1.381056e+00 2.570755e-02
-2.550000e-01 1.381056e+00 2.590162e-02
-2.400000e-01 1.381056e+00 2.613182e-02
-2.250000e-01 1.381056e+00 2.640551e-02
-2.100000e-01 1.381056e+00 2.673161e-02
-1.950000e-01 1.381056e+00 2.712089e-02
-1.800000e-01 1.381056e+00 2.758604e-02
-1.650000e-01 1.381056e+00 2.814178e-02
-1.500000e-01 1.381056e+00 2.880472e-02
-1.350000e-01 1.381056e+00 2.959361e-02
-1.200000e-01 1.381056e+00 3.053078e-02
-1.050000e-01 1.381056e+00 3.164775e-02
-9.000000e-02 1.381056e+00 3.300114e-02
-7.500000e-02 1.381056e+00 3.470876e-02
-6.000000e-02 1.381056e+00 3.700605e-02
-4.500000e-02 1.381056e+00 4.024094e-02
-3.000000e-02 1.381056e+00 4.450089e-02
-1.500000e-02 1.381056e+00 4.870202e-02
5.551115e-17 1.381056e+00 5.053977e-02
1.500000e-02 1.381056e+00 4.870202e-02
3.000000e-02 1.381056e+00 4.450089e-02
4.500000e-02 1.381056e+00 4.024094e-02
6.000000e-02 1.381056e+00 3.700605e-02
7.500000e-02 1.381056e+00 3.470876e-02
9.000000e-02 1.381056e+00 3.300114e-02
1.050000e-01 1.381056e+00 3.164775e-02
1.200000e-01 1.381056e+00 3.053078e-02
1.350000e-01 1.381056e+00 2.959361e-02
1.500000e-01 1.381056e+00 2.880472e-02
1.650000e-01 1.381056e+00 2.814178e-02
1.800000e-01 1.381056e+00 2.758604e-02
1.950000e-01 1.381056e+00 2.712089e-02
2.100000e-01 1.381056e+00 2.673161e-02
2.250000e-01 1.381056e+00 2.640551e-02
2.400000e-01 1.381056e+00 2.613182e-02
2.550000e-01 1.381056e+00 2.590162e-02
2.700000e-01 1.381056e+00 2.570755e-02
2.850000e-01 1.381056e+00 2.554365e-02
3.000000e-01 1.381056e+00 2.540504e-02
-3.000000e-01 1.394720e+00 2.499293e-02
-2.850000e-01 1.394720e+00 2.512825e-02
-2.700000e-01 1.394720e+00 2.528830e-02
-2.550000e-01 1.394720e+00 2.547781e-02
-2.400000e-01 1.394720e+00 2.570265e-02
-2.250000e-01 1.394720e+00 2.596999e-02
-2.100000e-01 1.394720e+00 2.628859e-02
-1.950000e-01 1.394720e+00 2.666900e-02
-1.800000e-01 1.394720e+00 2.712373e-02
-1.650000e-01 1.394720e+00 2.766733e-02
-1.500000e-01 1.394720e+00 2.831640e-02
-1.350000e-01 1.394720e+00 2.908998e-02
-1.200000e-01 1.394720e+00 3.001137e-02
-1.050000e-01 1.394720e+00 3.111452e-02
-9.000000e-02 1.394720e+00 3.246137e-02
-7.500000e-02 1.394720e+00 3.418073e-02
-6.000000e-02 1.394720e+00 3.652868e-02
-4.500000e-02 1.394720e+00 3.988307e-02
-3.000000e-02 1.394720e+00 4.434584e-02
-1.500000e-02 1.394720e+00 4.877138e-02
5.551115e-17 1.394720e+00 5.071162e-02
1.500000e-02 1.394720e+00 4.877138e-02
3.000000e-02 1.394720e+00 4.434584e-02
4.500000e-02 1.394720e+00 3.988307e-02
6.000000e-02 1.394720e+00 3.652868e-02
7.500000e-02 1.394720e+00 3.418073e-02
9.000000e-02 1.394720e+00 3.246137e-02
1.050000e-01 1.394720e+00 3.111452e-02
1.200000e-01 1.394720e+00 3.001137e-02
1.350000e-01 1.394720e+00 2.908998e-02
1.500000e-01 1.394720e+00 2.831640e-02
1.650000e-01 1.394720e+00 2.766733e-02
1.800000e-01 1.394720e+00 2.712373e-02
1.950000e-01 1.394720e+00 2.666900e-02
2.100000e-01 1.394720e+00 2.628859e-02
2.250000e-01 1.394720e+00 2.596999e-02
2.400000e-01 1.394720e+00 2.570265e-02
2.550000e-01 1.394720e+00 2.547781e-02
2.700000e-01 1.394720e+00 2.528830e-02
2.850000e-01 1.394720e+00 2.512825e-02
3.000000e-01 1.394720e+00 2.499293e-02
-3.000000e-01 1.408385e+00 2.459085e-02
-2.850000e-01 1.408385e+00 2.472301e-02
-2.700000e-01 1.408385e+00 2.487933e-02
-2.550000e-01 1.408385e+00 2.506446e-02
-2.400000e-01 1.408385e+00 2.528414e-02
-2.250000e-01 1.408385e+00 2.554538e-02
-2.100000e-01 1.408385e+00 2.585678e-02
-1.950000e-01 1.408385e+00 2.622870e-02
-1.800000e-01 1.408385e+00 2.667348e-02
-1.650000e-01 1.408385e+00 2.720552e-02
-1.500000e-01 1.408385e+00 2.784146e-02
-1.350000e-01 1.408385e+00 2.860067e-02
-1.200000e-01 1.408385e+00 2.950755e-02
-1.050000e-01 1.408385e+00 3.059860e-02
-9.000000e-02 1.408385e+00 3.194138e-02
-7.500000e-02 1.408385e+00 3.367628e-02
-6.000000e-02 1.408385e+00 3.608105e-02
-4.500000e-02 1.408385e+00 3.956494e-02
-3.000000e-02 1.408385e+00 4.424479e-02
-1.500000e-02 1.408385e+00 4.890932e-02
5.551115e-17 1.408385e+00 5.095855e-02
1.500000e-02 1.408385e+00 4.890932e-02
3.000000e-02 1.408385e+00 4.424479e-02
4.500000e-02 1.408385e+00 3.956494e-02
6.000000e-02 1.408385e+00 3.608105e-02
7.500000e-02 1.408385e+00 3.367628e-02
9.000000e-02 1.408385e+00 3.194138e-02
1.050000e-01 1.408385e+00 3.059860e-02
1.200000e-01 1.408385e+00 2.950755e-02
1.350000e-01 1.408385e+00 2.860067e-02
1.500000e-01 1.408385e+00 2.784146e-02
1.650000e-01 1.408385e+00 2.720552e-02
1.800000e-01 1.408385e+00 2.667348e-02
1.950000e-01 1.408385e+00 2.622870e-02
2.100000e-01 1.408385e+00 2.585678e-02
2.250000e-01 1.408385e+00 2.554538e-02
2.400000e-01 1.408385e+00 2.528414e-02
2.550000e-01 1.408385e+00 2.506446e-02
2.700000e-01 1.408385e+00 2.487933e-02
2.850000e-01 1.408385e+00 2.472301e-02
3.000000e-01 1.408385e+00 2.459085e-02
-3.000000e-01 1.422049e+00 2.419850e-02
-2.850000e-01 1.422049e+00 2.432760e-02
-2.700000e-01 1.422049e+00 2.448034e-02
-2.550000e-01 1.422049e+00 2.466126e-02
-2.400000e-01 1.422049e+00 2.487596e-02
-2.250000e-01 1.422049e+00 2.513135e-02
-2.100000e-01 1.422049e+00 2.543585e-02
-1.950000e-01 1.422049e+00 2.579966e-02
-1.800000e-01 1.422049e+00 2.623494e-02
-1.650000e-01 1.422049e+00 2.675602e-02
-1.500000e-01 1.422049e+00 2.737956e-02
-1.350000e-01 1.422049e+00 2.812537e-02
-1.200000e-01 1.422049e+00 2.901900e-02
-1.050000e-01 1.422049e+00 3.009972e-02
-9.000000e-02 1.422049e+00 3.144102e-02
-7.500000e-02 1.422049e+00 3.319549e-02
-6.000000e-02 1.422049e+00 3.566373e-02
-4.500000e-02 1.422049e+00 3.928797e-02
-3.000000e-02 1.422049e+00 4.420044e-02
-1.500000e-02 1.422049e+00 4.911996e-02
5.551115e-17 1.422049e+00 5.128526e-02
1.500000e-02 1.422049e+00 4.911996e-02
3.000000e-02 1.422049e+00 4.420044e-02
4.500000e-02 1.422049e+00 3.928797e-02
6.000000e-02 1.422049e+00 3.566373e-02
7.500000e-02 1.422049e+00 3.319549e-02
9.000000e-02 1.422049e+00 3.144102e-02
1.050000e-01 1.422049e+00 3.009972e-02
1.200000e-01 1.422049e+00 2.901900e-02
1.350000e-01 1.422049e+00 2.812537e-02
1.500000e-01 1.422049e+00 2.737956e-02
1.650000e-01 1.422049e+00 2.675602e-02
1.800000e-01 1.422049e+00 2.623494e-02
1.950000e-01 1.422049e+00 2.579966e-02
2.100000e-01 1.422049e+00 2.543585e-02
2.250000e-01 1.422049e+00 2.513135e-02
2.400000e-01 1.422049e+00 2.487596e-02
2.550000e-01 1.422049e+00 2.466126e-02
2.700000e-01 1.422049e+00 2.448034e-02
2.850000e-01 1.422049e+00 2.432760e-02
3.000000e-01 1.422049e+00 2.419850e-02
-3.000000e-01 1.435713e+00 2.381558e-02
-2.850000e-01 1.435713e+00 2.394174e-02
-2.700000e-01 1.435713e+00 2.409103e-02
-2.550000e-01 1.435713e+00 2.426789e-02
-2.400000e-01 1.435713e+00 2.447783e-02
-2.250000e-01 1.435713e+00 2.472761e-02
-2.100000e-01 1.435713e+00 2.502550e-02
-1.950000e-01 1.435713e+00 2.538156e-02
-1.800000e-01 1.435713e+00 2.580782e-02
-1.650000e-01 1.435713e+00 2.631850e-02
-1.500000e-01 1.435713e+00 2.693040e-02
-1.350000e-01 1.435713e+00 2.766378e-02
-1.200000e-01 1.435713e+00 2.854549e-02
-1.050000e-01 1.435713e+00 2.961770e-02
-9.000000e-02 1.435713e+00 3.096024e-02
-7.500000e-02 1.435713e+00 3.273859e-02
-6.000000e-02 1.435713e+00 3.527747e-02
-4.500000e-02 1.435713e+00 3.905387e-02
-3.000000e-02 1.435713e+00 4.421599e-02
-1.500000e-02 1.435713e+00 4.940799e-02
5.551115e-17 1.435713e+00 5.169714e-02
1.500000e-02 1.435713e+00 4.940799e-02
3.000000e-02 1.435713e+00 4.421599e-02
4.500000e-02 1.435713e+00 3.905387e-02
6.000000e-02 1.435713e+00 3.527747e-02
7.500000e-02 1.435713e+00 3.273859e-02
9.000000e-02 1.435713e+00 3.096024e-02
1.050000e-01 1.435713e+00 2.961770e-02
1.200000e-01 1.435713e+00 2.854549e-02
1.350000e-01 1.435713e+00 2.766378e-02
1.500000e-01 1.435713e+00 2.693040e-02
1.650000e-01 1.435713e+00 2.631850e-02
1.800000e-01 1.435713e+00 2.580782e-02
1.950000e-01 1.435713e+00 2.538156e-02
2.100000e-01 1.435713e+00 2.502550e-02
2.250000e-01 1.435713e+00 2.472761e-02
2.400000e-01 1.435713e+00 2.447783e-02
2.550000e-01 1.435713e+00 2.426789e-02
2.700000e-01 1.435713e+00 2.409103e-02
2.850000e-01 1.435713e+00 2.394174e-02
3.000000e-01 1.435713e+00 2.381558e-02
-3.000000e-01 1.449378e+00 2.344183e-02
-2.850000e-01 1.449378e+00 2.356515e-02
-2.700000e-01 1.449378e+00 2.371112e-02
-2.550000e-01 1.449378e+00 2.388409e-02
-2.400000e-01 1.449378e+00 2.408945e-02
-2.250000e-01 1.449378e+00 2.433385e-02
-2.100000e-01 1.449378e+00 2.462544e-02
-1.950000e-01 1.449378e+00 2.497412e-02
-1.800000e-01 1.449378e+00 2.539181e-02
-1.650000e-01 1.449378e+00 2.589270e-02
-1.500000e-01 1.449378e+00 2.649370e-02
-1.350000e-01 1.449378e+00 2.721565e-02
-1.200000e-01 1.449378e+00 2.808678e-02
-1.050000e-01 1.449378e+00 2.915242e-02
-9.000000e-02 1.449378e+00 3.049908e-02
-7.500000e-02 1.449378e+00 3.230594e-02
-6.000000e-02 1.449378e+00 3.492323e-02
-4.500000e-02 1.449378e+00 3.886470e-02
-3.000000e-02 1.449378e+00 4.429512e-02
-1.500000e-02 1.449378e+00 4.977881e-02
5.551115e-17 1.449378e+00 5.220038e-02
1.500000e-02 1.449378e+00 4.977881e-02
3.000000e-02 1.449378e+00 4.429512e-02
4.500000e-02 1.449378e+00 3.886470e-02
6.000000e-02 1.449378e+00 3.492323e-02
7.500000e-02 1.449378e+00 3.230594e-02
9.000000e-02 1.449378e+00 3.049908e-02
1.050000e-01 1.449378e+00 2.915242e-02
1.200000e-01 1.449378e+00 2.808678e-02
1.350000e-01 1.449378e+00 2.721565e-02
1.500000e-01 1.449378e+00 2.649370e-02
1.650000e-01 1.449378e+00 2.589270e-02
1.800000e-01 1.449378e+00 2.539181e-02
1.950000e-01 1.449378e+00 2.497412e-02
2.100000e-01 1.449378e+00 2.462544e-02
2.250000e-01 1.449378e+00 2.433385e-02
2.400000e-01 1.449378e+00 2.408945e-02
2.550000e-01 1.449378e+00 2.388409e-02
2.700000e-01 1.449378e+00 2.371112e-02
2.850000e-01 1.449378e+00 2.356515e-02
3.000000e-01 1.449378e+00 2.344183e-02
-3.000000e-01 1.463042e+00 2.307698e-02
-2.850000e-01 1.463042e+00 2.319757e-02
-2.700000e-01 1.463042e+00 2.334034e-02
-2.550000e-01 1.463042e+00 2.350957e-02
-2.400000e-01 1.463042e+00 2.371056e-02
-2.250000e-01 1.463042e+00 2.394983e-02
-2.100000e-01 1.463042e+00 2.423541e-02
-1.950000e-01 1.463042e+00 2.457708e-02
-1.800000e-01 1.463042e+00 2.498667e-02
-1.650000e-01 1.463042e+00 2.547835e-02
-1.500000e-01 1.463042e+00 2.606925e-02
-1.350000e-01 1.463042e+00 2.678079e-02
-1.200000e-01 1.463042e+00 2.764275e-02
-1.050000e-01 1.463042e+00 2.870383e-02
-9.000000e-02 1.463042e+00 3.005769e-02
-7.500000e-02 1.463042e+00 3.189804e-02
-6.000000e-02 1.463042e+00 3.460223e-02
-4.500000e-02 1.463042e+00 3.872291e-02
-3.000000e-02 1.463042e+00 4.444212e-02
-1.500000e-02 1.463042e+00 5.023865e-02
5.551115e-17 1.463042e+00 5.280205e-02
1.500000e-02 1.463042e+00 5.023865e-02
3.000000e-02 1.463042e+00 4.444212e-02
4.500000e-02 1.463042e+00 3.872291e-02
6.000000e-02 1.463042e+00 3.460223e-02
7.500000e-02 1.463042e+00 3.189804e-02
9.000000e-02 1.463042e+00 3.005769e-02
1.050000e-01 1.463042e+00 2.870383e-02
1.200000e-01 1.463042e+00 2.764275e-02
1.350000e-01 1.463042e+00 2.678079e-02
1.500000e-01 1.463042e+00 2.606925e-02
1.650000e-01 1.463042e+00 2.547835e-02
1.800000e-01 1.463042e+00 2.498667e-02
1.950000e-01 1.463042e+00 2.457708e-02
2.100000e-01 1.463042e+00 2.423541e-02
2.250000e-01 1.463042e+00 2.394983e-02
2.400000e-01 1.463042e+00 2.371056e-02
2.550000e-01 1.463042e+00 2.350957e-02
2.700000e-01 1.463042e+00 2.334034e-02
2.850000e-01 1.463042e+00 2.319757e-02
3.000000e-01 1.463042e+00 2.307698e-02
-3.000000e-01 1.476706e+00 2.272078e-02
-2.850000e-01 1.476706e+00 2.283875e-02
-2.700000e-01 1.476706e+00 2.297845e-02
-2.550000e-01 1.476706e+00 2.314411e-02
-2.400000e-01 1.476706e+00 2.334091e-02
-2.250000e-01 1.476706e+00 2.357529e-02
-2.100000e-01 1.476706e+00 2.385516e-02
-1.950000e-01 1.476706e+00 2.419020e-02
-1.800000e-01 1.476706e+00 2.459217e-02
-1.650000e-01 1.476706e+00 2.507527e-02
-1.500000e-01 1.476706e+00 2.565684e-02
-1.350000e-01 1.476706e+00 2.635905e-02
-1.200000e-01 1.476706e+00 2.721332e-02
-1.050000e-01 1.476706e+00 2.827198e-02
-9.000000e-02 1.476706e+00 2.963633e-02
-7.500000e-02 1.476706e+00 3.151560e-02
-6.000000e-02 1.476706e+00 3.431595e-02
-4.500000e-02 1.476706e+00 3.863138e-02
-3.000000e-02 1.476706e+00 4.466195e-02
-1.500000e-02 1.476706e+00 5.079463e-02
5.551115e-17 1.476706e+00 5.351023e-02
1.500000e-02 1.476706e+00 5.079463e-02
3.000000e-02 1.476706e+00 4.466195e-02
4.500000e-02 1.476706e+00 3.863138e-02
6.000000e-02 1.476706e+00 3.431595e-02
7.500000e-02 1.476706e+00 3.151560e-02
9.000000e-02 1.476706e+00 2.963633e-02
1.050000e-01 1.476706e+00 2.827198e-02
1.200000e-01 1.476706e+00 2.721332e-02
1.350000e-01 1.476706e+00 2.635905e-02
1.500000e-01 1.476706e+00 2.565684e-02
1.650000e-01 1.476706e+00 2.507527e-02
1.800000e-01 1.476706e+00 2.459217e-02
1.950000e-01 1.476706e+00 2.419020e-02
2.100000e-01 1.476706e+00 2.385516e-02
2.250000e-01 1.476706e+00 2.357529e-02
2.400000e-01 1.476706e+00 2.334091e-02
2.550000e-01 1.476706e+00 2.314411e-02
2.700000e-01 1.476706e+00 2.297845e-02
2.850000e-01 1.476706e+00 2.283875e-02
3.000000e-01 1.476706e+00 2.272078e-02
-3.000000e-01 1.490370e+00 2.237302e-02
-2.850000e-01 1.490370e+00 2.248845e-02
-2.700000e-01 1.490370e+00 2.262522e-02
-2.550000e-01 1.490370e+00 2.278746e-02
-2.400000e-01 1.490370e+00 2.298028e-02
-2.250000e-01 1.490370e+00 2.321002e-02
-2.100000e-01 1.490370e+00 2.348449e-02
-1.950000e-01 1.490370e+00 2.381329e-02
-1.800000e-01 1.490370e+00 2.420813e-02
-1.650000e-01 1.490370e+00 2.468326e-02
-1.500000e-01 1.490370e+00 2.525636e-02
-1.350000e-01 1.490370e+00 2.595034e-02
-1.200000e-01 1.490370e+00 2.679847e-02
-1.050000e-01 1.490370e+00 2.785700e-02
-9.000000e-02 1.490370e+00 2.923540e-02
-7.500000e-02 1.490370e+00 3.115949e-02
-6.000000e-02 1.490370e+00 3.406620e-02
-4.500000e-02 1.490370e+00 3.859349e-02
-3.000000e-02 1.490370e+00 4.496034e-02
-1.500000e-02 1.490370e+00 5.145493e-02
5.551115e-17 1.490370e+00 5.433423e-02
1.500000e-02 1.490370e+00 5.145493e-02
3.000000e-02 1.490370e+00 4.496034e-02
4.500000e-02 1.490370e+00 3.859349e-02
6.000000e-02 1.490370e+00 3.406620e-02
7.500000e-02 1.490370e+00 3.115949e-02
9.000000e-02 1.490370e+00 2.923540e-02
1.050000e-01 1.490370e+00 2.785700e-02
1.200000e-01 1.490370e+00 2.679847e-02
1.350000e-01 1.490370e+00 2.595034e-02
1.500000e-01 1.490370e+00 2.525636e-02
1.650000e-01 1.490370e+00 2.468326e-02
1.800000e-01 1.490370e+00 2.420813e-02
1.950000e-01 1.490370e+00 2.381329e-02
2.100000e-01 1.490370e+00 2.348449e-02
2.250000e-01 1.490370e+00 2.321002e-02
2.400000e-01 1.490370e+00 2.298028e-02
2.550000e-01 1.490370e+00 2.278746e-02
2.700000e-01 1.490370e+00 2.262522e-02
2.850000e-01 1.490370e+00 2.248845e-02
3.000000e-01 1.490370e+00 2.237302e-02
-3.000000e-01 1.504035e+00 2.203347e-02
-2.850000e-01 1.504035e+00 2.214649e-02
-2.700000e-01 1.504035e+00 2.228045e-02
-2.550000e-01 1.504035e+00 2.243943e-02
-2.400000e-01 1.504035e+00 2.262847e-02
-2.250000e-01 1.504035e+00 2.285382e-02
-2.100000e-01 1.504035e+00 2.312321e-02
-1.950000e-01 1.504035e+00 2.344617e-02
-1.800000e-01 1.504035e+00 2.383439e-02
-1.650000e-01 1.504035e+00 2.430223e-02
-1.500000e-01 1.504035e+00 2.486770e-02
-1.350000e-01 1.504035e+00 2.555465e-02
-1.200000e-01 1.504035e+00 2.639831e-02
-1.050000e-01 1.504035e+00 2.745916e-02
-9.000000e-02 1.504035e+00 2.885549e-02
-7.500000e-02 1.504035e+00 3.083087e-02
-6.000000e-02 1.504035e+00 3.385514e-02
-4.500000e-02 1.504035e+00 3.861323e-02
-3.000000e-02 1.504035e+00 4.534394e-02
-1.500000e-02 1.504035e+00 5.222898e-02
5.551115e-17 1.504035e+00 5.528468e-02
1.500000e-02 1.504035e+00 5.222898e-02
3.000000e-02 1.504035e+00 4.534394e-02
4.500000e-02 1.504035e+00 3.861323e-02
6.000000e-02 1.504035e+00 3.385514e-02
7.500000e-02 1.504035e+00 3.083087e-02
9.000000e-02 1.504035e+00 2.885549e-02
1.050000e-01 1.504035e+00 2.745916e-02
1.200000e-01 1.504035e+00 2.639831e-02
1.350000e-01 1.504035e+00 2.555465e-02
1.500000e-01 1.504035e+00 2.486770e-02
1.650000e-01 1.504035e+00 2.430223e-02
1.800000e-01 1.504035e+00 2.383439e-02
1.950000e-01 1.504035e+00 2.344617e-02
2.100000e-01 1.504035e+00 2.312321e-02
2.250000e-01 1.504035e+00 2.285382e-02
2.400000e-01 1.504035e+00 2.262847e-02
2.550000e-01 1.504035e+00 2.243943e-02
2.700000e-01 1.504035e+00 2.228045e-02
2.850000e-01 1.504035e+00 2.214649e-02
3.000000e-01 1.504035e+00 2.203347e-02
-3.000000e-01 1.517699e+00 2.170196e-02
-2.850000e-01 1.517699e+00 2.181266e-02
-2.700000e-01 1.517699e+00 2.194395e-02
-2.550000e-01 1.517699e+00 2.209984e-02
-2.400000e-01 1.517699e+00 2.228531e-02
-2.250000e-01 1.517699e+00 2.250654e-02
-2.100000e-01 1.517699e+00 2.277118e-02
-1.950000e-01 1.517699e+00 2.308872e-02
-1.800000e-01 1.517699e+00 2.347085e-02
-1.650000e-01 1.517699e+00 2.393210e-02
-1.500000e-01 1.517699e+00 2.449088e-02
-1.350000e-01 1.517699e+00 2.517204e-02
-1.200000e-01 1.517699e+00 2.601301e-02
-1.050000e-01 1.517699e+00 2.707885e-02
-9.000000e-02 1.517699e+00 2.849734e-02
-7.500000e-02 1.517699e+00 3.053113e-02
-6.000000e-02 1.517699e+00 3.368537e-02
-4.500000e-02 1.517699e+00 3.869525e-02
-3.000000e-02 1.517699e+00 4.582046e-02
-1.500000e-02 1.517699e+00 5.312762e-02
5.551115e-17 1.517699e+00 5.637386e-02
1.500000e-02 1.517699e+00 5.312762e-02
3.000000e-02 1.517699e+00 4.582046e-02
4.500000e-02 1.517699e+00 3.869525e-02
6.000000e-02 1.517699e+00 3.368537e-02
7.500000e-02 1.517699e+00 3.053113e-02
9.000000e-02 1.517699e+00 2.849734e-02
1.050000e-01 1.517699e+00 2.707885e-02
1.200000e-01 1.517699e+00 2.601301e-02
1.350000e-01 1.517699e+00 2.517204e-02
1.500000e-01 1.517699e+00 2.449088e-02
1.650000e-01 1.517699e+00 2.393210e-02
1.800000e-01 1.517699e+00 2.347085e-02
1.950000e-01 1.517699e+00 2.308872e-02
2.100000e-01 1.517699e+00 2.277118e-02
2.250000e-01 1.517699e+00 2.250654e-02
2.400000e-01 1.517699e+00 2.228531e-02
2.550000e-01 1.517699e+00 2.209984e-02
2.700000e-01 1.517699e+00 2.194395e-02
2.850000e-01 1.517699e+00 2.181266e-02
3.000000e-01 1.517699e+00 2.170196e-02
-3.000000e-01 1.531363e+00 2.137833e-02
-2.850000e-01 1.531363e+00 2.148681e-02
-2.700000e-01 1.531363e+00 2.161556e-02
-2.550000e-01 1.531363e+00 2.176855e-02
-2.400000e-01 1.531363e+00 2.195067e-02
-2.250000e-01 1.531363e+00 2.216805e-02
-2.100000e-01 1.531363e+00 2.242830e-02
-1.950000e-01 1.531363e+00 2.274086e-02
-1.800000e-01 1.531363e+00 2.311748e-02
-1.650000e-01 1.531363e+00 2.357287e-02
-1.500000e-01 1.531363e+00 2.412595e-02
-1.350000e-01 1.531363e+00 2.480268e-02
-1.200000e-01 1.531363e+00 2.564289e-02
-1.050000e-01 1.531363e+00 2.671663e-02
-9.000000e-02 1.531363e+00 2.816193e-02
-7.500000e-02 1.531363e+00 3.026201e-02
-6.000000e-02 1.531363e+00 3.356001e-02
-4.500000e-02 1.531363e+00 3.884503e-02
-3.000000e-02 1.531363e+00 4.639882e-02
-1.500000e-02 1.531363e+00 5.416339e-02
5.551115e-17 1.531363e+00 5.761590e-02
1.500000e-02 1.531363e+00 5.416339e-02
3.000000e-02 1.531363e+00 4.639882e-02
4.500000e-02 1.531363e+00 3.884503e-02
6.000000e-02 1.531363e+00 3.356001e-02
7.500000e-02 1.531363e+00 3.026201e-02
9.000000e-02 1.531363e+00 2.816193e-02
1.050000e-01 1.531363e+00 2.671663e-02
1.200000e-01 1.531363e+00 2.564289e-02
1.350000e-01 1.531363e+00 2.480268e-02
1.500000e-01 1.531363e+00 2.412595e-02
1.650000e-01 1.531363e+00 2.357287e-02
1.800000e-01 1.531363e+00 2.311748e-02
1.950000e-01 1.531363e+00 2.274086e-02
2.100000e-01 1.531363e+00 2.242830e-02
2.250000e-01 1.531363e+00 2.216805e-02
2.400000e-01 1.531363e+00 2.195067e-02
2.550000e-01 1.531363e+00 2.176855e-02
2.700000e-01 1.531363e+00 2.161556e-02
2.850000e-01 1.531363e+00 2.148681e-02
3.000000e-01 1.531363e+00 2.137833e-02
-3.000000e-01 1.545028e+00 2.106243e-02
-2.850000e-01 1.545028e+00 2.116881e-02
-2.700000e-01 1.545028e+00 2.129518e-02
-2.550000e-01 1.545028e+00 2.144544e-02
-2.400000e-01 1.545028e+00 2.162446e-02
-2.250000e-01 1.545028e+00 2.183829e-02
-2.100000e-01 1.545028e+00 2.209451e-02
-1.950000e-01 1.545028e+00 2.240258e-02
-1.800000e-01 1.545028e+00 2.277431e-02
-1.650000e-01 1.545028e+00 2.322464e-02
-1.500000e-01 1.545028e+00 2.377308e-02
-1.350000e-01 1.545028e+00 2.444685e-02
-1.200000e-01 1.545028e+00 2.528841e-02
-1.050000e-01 1.545028e+00 2.637325e-02
-9.000000e-02 1.545028e+00 2.785051e-02
-7.500000e-02 1.545028e+00 3.002565e-02
-6.000000e-02 1.545028e+00 3.348276e-02
-4.500000e-02 1.545028e+00 3.906899e-02
-3.000000e-02 1.545028e+00 4.708942e-02
-1.500000e-02 1.545028e+00 5.535078e-02
5.551115e-17 1.545028e+00 5.902711e-02
1.500000e-02 1.545028e+00 5.535078e-02
3.000000e-02 1.545028e+00 4.708942e-02
4.500000e-02 1.545028e+00 3.906899e-02
6.000000e-02 1.545028e+00 3.348276e-02
7.500000e-02 1.545028e+00 3.002565e-02
9.000000e-02 1.545028e+00 2.785051e-02
1.050000e-01 1.545028e+00 2.637325e-02
1.200000e-01 1.545028e+00 2.528841e-02
1.350000e-01 1.545028e+00 2.444685e-02
1.500000e-01 1.545028e+00 2.377308e-02
1.650000e-01 1.545028e+00 2.322464e-02
1.800000e-01 1.545028e+00 2.277431e-02
1.950000e-01 1.545028e+00 2.240258e-02
2.100000e-01 1.545028e+00 2.209451e-02
2.250000e-01 1.545028e+00 2.183829e-02
2.400000e-01 1.545028e+00 2.162446e-02
2.550000e-01 1.545028e+00 2.144544e-02
2.700000e-01 1.545028e+00 2.129518e-02
2.850000e-01 1.545028e+00 2.116881e-02
3.000000e-01 1.545028e+00 2.106243e-02
-3.000000e-01 1.558692e+00 2.075419e-02
-2.850000e-01 1.558692e+00 2.085858e-02
-2.700000e-01 1.558692e+00 2.098272e-02
-2.550000e-01 1.558692e+00 2.113046e-02
-2.400000e-01 1.558692e+00 2.130662e-02
-2.250000e-01 1.558692e+00 2.151723e-02
-2.100000e-01 1.558692e+00 2.176985e-02
-1.950000e-01 1.558692e+00 2.207394e-02
-1.800000e-01 1.558692e+00 2.244144e-02
-1.650000e-01 1.558692e+00 2.288759e-02
-1.500000e-01 1.558692e+00 2.343256e-02
-1.350000e-01 1.558692e+00 2.410499e-02
-1.200000e-01 1.558692e+00 2.495022e-02
-1.050000e-01 1.558692e+00 2.604970e-02
-9.000000e-02 1.558692e+00 2.756465e-02
-7.500000e-02 1.558692e+00 2.982462e-02
-6.000000e-02 1.558692e+00 3.345804e-02
-4.500000e-02 1.558692e+00 3.937467e-02
-3.000000e-02 1.558692e+00 4.790435e-02
-1.500000e-02 1.558692e+00 5.670661e-02
5.551115e-17 1.558692e+00 6.062642e-02
1.500000e-02 1.558692e+00 5.670661e-02
3.000000e-02 1.558692e+00 4.790435e-02
4.500000e-02 1.558692e+00 3.937467e-02
6.000000e-02 1.558692e+00 3.345804e-02
7.500000e-02 1.558692e+00 2.982462e-02
9.000000e-02 1.558692e+00 2.756465e-02
1.050000e-01 1.558692e+00 2.604970e-02
1.200000e-01 1.558692e+00 2.495022e-02
1.350000e-01 1.558692e+00 2.410499e-02
1.500000e-01 1.558692e+00 2.343256e-02
1.650000e-01 1.558692e+00 2.288759e-02
1.800000e-01 1.558692e+00 2.244144e-02
1.950000e-01 1.558692e+00 2.207394e-02
2.100000e-01 1.558692e+00 2.176985e-02
2.250000e-01 1.558692e+00 2.151723e-02
2.400000e-01 1.558692e+00 2.130662e-02
2.550000e-01 1.558692e+00 2.113046e-02
2.700000e-01 1.558692e+00 2.098272e-02
2.850000e-01 1.558692e+00 2.085858e-02
3.000000e-01 1.558692e+00 2.075419e-02
-3.000000e-01 1.572356e+00 2.045354e-02
-2.850000e-01 1.572356e+00 2.055608e-02
-2.700000e-01 1.572356e+00 2.067815e-02
-2.550000e-01 1.572356e+00 2.082359e-02
-2.400000e-01 1.572356e+00 2.099719e-02
-2.250000e-01 1.572356e+00 2.120494e-02
-2.100000e-01 1.572356e+00 2.145440e-02
-1.950000e-01 1.572356e+00 2.175510e-02
-1.800000e-01 1.572356e+00 2.211911e-02
-1.650000e-01 1.572356e+00 2.256205e-02
-1.500000e-01 1.572356e+00 2.310483e-02
-1.350000e-01 1.572356e+00 2.377769e-02
-1.200000e-01 1.572356e+00 2.462919e-02
-1.050000e-01 1.572356e+00 2.574725e-02
-9.000000e-02 1.572356e+00 2.730629e-02
-7.500000e-02 1.572356e+00 2.966208e-02
-6.000000e-02 1.572356e+00 3.349114e-02
-4.500000e-02 1.572356e+00 3.977096e-02
-3.000000e-02 1.572356e+00 4.885777e-02
-1.500000e-02 1.572356e+00 5.825045e-02
5.551115e-17 1.572356e+00 6.243582e-02
1.500000e-02 1.572356e+00 5.825045e-02
3.000000e-02 1.572356e+00 4.885777e-02
4.500000e-02 1.572356e+00 3.977096e-02
6.000000e-02 1.572356e+00 3.349114e-02
7.500000e-02 1.572356e+00 2.966208e-02
9.000000e-02 1.572356e+00 2.730629e-02
1.050000e-01 1.572356e+00 2.574725e-02
1.200000e-01 1.572356e+00 2.462919e-02
1.350000e-01 1.572356e+00 2.377769e-02
1.500000e-01 1.572356e+00 2.310483e-02
1.650000e-01 1.572356e+00 2.256205e-02
1.800000e-01 1.572356e+00 2.211911e-02
1.950000e-01 1.572356e+00 2.175510e-02
2.100000e-01 1.572356e+00 2.145440e-02
2.250000e-01 1.572356e+00 2.120494e-02
2.400000e-01 1.572356e+00 2.099719e-02
2.550000e-01 1.572356e+00 2.082359e-02
2.700000e-01 1.572356e+00 2.067815e-02
2.850000e-01 1.572356e+00 2.055608e-02
3.000000e-01 1.572356e+00 2.045354e-02
-3.000000e-01 1.586020e+00 2.016051e-02
-2.850000e-01 1.586020e+00 2.026132e-02
-2.700000e-01 1.586020e+00 2.038152e-02
-2.550000e-01 1.586020e+00 2.052491e-02
-2.400000e-01 1.586020e+00 2.069626e-02
-2.250000e-01 1.586020e+00 2.090156e-02
-2.100000e-01 1.586020e+00 2.114838e-02
-1.950000e-01 1.586020e+00 2.144634e-02
-1.800000e-01 1.586020e+00 2.180770e-02
-1.650000e-01 1.586020e+00 2.224849e-02
-1.500000e-01 1.586020e+00 2.279054e-02
-1.350000e-01 1.586020e+00 2.346582e-02
-1.200000e-01 1.586020e+00 2.432646e-02
-1.050000e-01 1.586020e+00 2.546753e-02
-9.000000e-02 1.586020e+00 2.707788e-02
-7.500000e-02 1.586020e+00 2.954187e-02
-6.000000e-02 1.586020e+00 3.358835e-02
-4.500000e-02 1.586020e+00 4.026837e-02
-3.000000e-02 1.586020e+00 4.996627e-02
-1.500000e-02 1.586020e+00 6.000516e-02
5.551115e-17 1.586020e+00 6.448097e-02
1.500000e-02 1.586020e+00 6.000516e-02
3.000000e-02 1.586020e+00 4.996627e-02
4.500000e-02 1.586020e+00 4.026837e-02
6.000000e-02 1.586020e+00 3.358835e-02
7.500000e-02 1.586020e+00 2.954187e-02
9.000000e-02 1.586020e+00 2.707788e-02
1.050000e-01 1.586020e+00 2.546753e-02
1.200000e-01 1.586020e+00 2.432646e-02
1.350000e-01 1.586020e+00 2.346582e-02
1.500000e-01 1.586020e+00 2.279054e-02
1.650000e-01 1.586020e+00 2.224849e-02
1.800000e-01 1.586020e+00 2.180770e-02
1.950000e-01 1.586020e+00 2.144634e-02
2.100000e-01 1.586020e+00 2.114838e-02
2.250000e-01 1.586020e+00 2.090156e-02
2.400000e-01 1.586020e+00 2.069626e-02
2.550000e-01 1.586020e+00 2.052491e-02
2.700000e-01 1.586020e+00 2.038152e-02
2.850000e-01 1.586020e+00 2.026132e-02
3.000000e-01 1.586020e+00 2.016051e-02
-3.000000e-01 1.599685e+00 1.987518e-02
-2.850000e-01 1.599685e+00 1.997442e-02
-2.700000e-01 1.599685e+00 2.009296e-02
-2.550000e-01 1.599685e+00 2.023459e-02
-2.400000e-01 1.599685e+00 2.040406e-02
-2.250000e-01 1.599685e+00 2.060738e-02
-2.100000e-01 1.599685e+00 2.085216e-02
-1.950000e-01 1.599685e+00 2.114811e-02
-1.800000e-01 1.599685e+00 2.150776e-02
-1.650000e-01 1.599685e+00 2.194764e-02
-1.500000e-01 1.599685e+00 2.249055e-02
-1.350000e-01 1.599685e+00 2.317050e-02
-1.200000e-01 1.599685e+00 2.404353e-02
-1.050000e-01 1.599685e+00 2.521262e-02
-9.000000e-02 1.599685e+00 2.688243e-02
-7.500000e-02 1.599685e+00 2.946864e-02
-6.000000e-02 1.599685e+00 3.375725e-02
-4.500000e-02 1.599685e+00 4.087934e-02
-3.000000e-02 1.599685e+00 5.124936e-02
-1.500000e-02 1.599685e+00 6.199755e-02
5.551115e-17 1.599685e+00 6.679193e-02
1.500000e-02 1.599685e+00 6.199755e-02
3.000000e-02 1.599685e+00 5.124936e-02
4.500000e-02 1.599685e+00 4.087934e-02
6.000000e-02 1.599685e+00 3.375725e-02
7.500000e-02 1.599685e+00 2.946864e-02
9.000000e-02 1.599685e+00 2.688243e-02
1.050000e-01 1.599685e+00 2.521262e-02
1.200000e-01 1.599685e+00 2.404353e-02
1.350000e-01 1.599685e+00 2.317050e-02
1.500000e-01 1.599685e+00 2.249055e-02
1.650000e-01 1.599685e+00 2.194764e-02
1.800000e-01 1.599685e+00 2.150776e-02
1.950000e-01 1.599685e+00 2.114811e-02
2.100000e-01 1.599685e+00 2.085216e-02
2.250000e-01 1.599685e+00 2.060738e-02
2.400000e-01 1.599685e+00 2.040406e-02
2.550000e-01 1.599685e+00 2.023459e-02
2.700000e-01 1.599685e+00 2.009296e-02
2.850000e-01 1.599685e+00 1.997442e-02
3.000000e-01 1.599685e+00 1.987518e-02
-3.000000e-01 1.613349e+00 1.959770e-02
-2.850000e-01 1.613349e+00 1.969556e-02
-2.700000e-01 1.613349e+00 1.981270e-02
-2.550000e-01 1.613349e+00 1.995291e-02
-2.400000e-01 1.613349e+00 2.012095e-02
-2.250000e-01 1.613349e+00 2.032284e-02
-2.100000e-01 1.613349e+00 2.056627e-02
-1.950000e-01 1.613349e+00 2.086109e-02
-1.800000e-01 1.613349e+00 2.122011e-02
-1.650000e-01 1.613349e+00 2.166046e-02
-1.500000e-01 1.613349e+00 2.220610e-02
-1.350000e-01 1.613349e+00 2.289324e-02
-1.200000e-01 1.613349e+00 2.378236e-02
-1.050000e-01 1.613349e+00 2.498514e-02
-9.000000e-02 1.613349e+00 2.672370e-02
-7.500000e-02 1.613349e+00 2.944810e-02
-6.000000e-02 1.613349e+00 3.400692e-02
-4.500000e-02 1.613349e+00 4.161869e-02
-3.000000e-02 1.613349e+00 5.273012e-02
-1.500000e-02 1.613349e+00 6.425918e-02
5.551115e-17 1.613349e+00 6.940401e-02
1.500000e-02 1.613349e+00 6.425918e-02
3.000000e-02 1.613349e+00 5.273012e-02
4.500000e-02 1.613349e+00 4.161869e-02
6.000000e-02 1.613349e+00 3.400692e-02
7.500000e-02 1.613349e+00 2.944810e-02
9.000000e-02 1.613349e+00 2.672370e-02
1.050000e-01 1.613349e+00 2.498514e-02
1.200000e-01 1.613349e+00 2.378236e-02
1.350000e-01 1.613349e+00 2.289324e-02
1.500000e-01 1.613349e+00 2.220610e-02
1.650000e-01 1.613349e+00 2.166046e-02
1.800000e-01 1.613349e+00 2.122011e-02
1.950000e-01 1.613349e+00 2.086109e-02
2.100000e-01 1.613349e+00 2.056627e-02
2.250000e-01 1.613349e+00 2.032284e-02
2.400000e-01 1.613349e+00 2.012095e-02
2.550000e-01 1.613349e+00 1.995291e-02
2.700000e-01 1.613349e+00 1.981270e-02
2.850000e-01 1.613349e+00 1.969556e-02
3.000000e-01 1.613349e+00 1.959770e-02
-3.000000e-01 1.627013e+00 1.932834e-02
-2.850000e-01 1.627013e+00 1.942503e-02
-2.700000e-01 1.627013e+00 1.954109e-02
-2.550000e-01 1.627013e+00 1.968031e-02
-2.400000e-01 1.627013e+00 1.984746e-02
-2.250000e-01 1.627013e+00 2.004860e-02
-2.100000e-01 1.627013e+00 2.029150e-02
-1.950000e-01 1.627013e+00 2.058621e-02
-1.800000e-01 1.627013e+00 2.094590e-02
-1.650000e-01 1.627013e+00 2.138834e-02
-1.500000e-01 1.627013e+00 2.193882e-02
-1.350000e-01 1.627013e+00 2.263608e-02
-1.200000e-01 1.627013e+00 2.354548e-02
-1.050000e-01 1.627013e+00 2.478845e-02
-9.000000e-02 1.627013e+00 2.660637e-02
-7.500000e-02 1.627013e+00 2.948722e-02
-6.000000e-02 1.627013e+00 3.434835e-02
-4.500000e-02 1.627013e+00 4.250411e-02
-3.000000e-02 1.627013e+00 5.443593e-02
-1.500000e-02 1.627013e+00 6.682738e-02
5.551115e-17 1.627013e+00 7.235899e-02
1.500000e-02 1.627013e+00 6.682738e-02
3.000000e-02 1.627013e+00 5.443593e-02
4.500000e-02 1.627013e+00 4.250411e-02
6.000000e-02 1.627013e+00 3.434835e-02
7.500000e-02 1.627013e+00 2.948722e-02
9.000000e-02 1.627013e+00 2.660637e-02
1.050000e-01 1.627013e+00 2.478845e-02
1.200000e-01 1.627013e+00 2.354548e-02
1.350000e-01 1.627013e+00 2.263608e-02
1.500000e-01 1.627013e+00 2.193882e-02
1.650000e-01 1.627013e+00 2.138834e-02
1.800000e-01 1.627013e+00 2.094590e-02
1.950000e-01 1.627013e+00 2.058621e-02
2.100000e-01 1.627013e+00 2.029150e-02
2.250000e-01 1.627013e+00 2.004860e-02
2.400000e-01 1.627013e+00 1.984746e-02
2.550000e-01 1.627013e+00 1.968031e-02
2.700000e-01 1.627013e+00 1.954109e-02
2.850000e-01 1.627013e+00 1.942503e-02
3.000000e-01 1.627013e+00 1.932834e-02
-3.000000e-01 1.640677e+00 1.906738e-02
-2.850000e-01 1.640677e+00 1.916321e-02
-2.700000e-01 1.640677e+00 1.927859e-02
-2.550000e-01 1.640677e+00 1.941736e-02
-2.400000e-01 1.640677e+00 1.958431e-02
-2.250000e-01 1.640677e+00 1.978555e-02
-2.100000e-01 1.640677e+00 2.002897e-02
-1.950000e-01 1.640677e+00 2.032483e-02
-1.800000e-01 1.640677e+00 2.068669e-02
-1.650000e-01 1.640677e+00 2.113314e-02
-1.500000e-01 1.640677e+00 2.169093e-02
-1.350000e-01 1.640677e+00 2.240165e-02
-1.200000e-01 1.640677e+00 2.333621e-02
-1.050000e-01 1.640677e+00 2.462681e-02
-9.000000e-02 1.640677e+00 2.653630e-02
-7.500000e-02 1.640677e+00 2.959457e-02
-6.000000e-02 1.640677e+00 3.479488e-02
-4.500000e-02 1.640677e+00 4.355687e-02
-3.000000e-02 1.640677e+00 5.639943e-02
-1.500000e-02 1.640677e+00 6.974649e-02
5.551115e-17 1.640677e+00 7.570640e-02
1.500000e-02 1.640677e+00 6.974649e-02
3.000000e-02 1.640677e+00 5.639943e-02
4.500000e-02 1.640677e+00 4.355687e-02
6.000000e-02 1.640677e+00 3.479488e-02
7.500000e-02 1.640677e+00 2.959457e-02
9.000000e-02 1.640677e+00 2.653630e-02
1.050000e-01 1.640677e+00 2.462681e-02
1.200000e-01 1.640677e+00 2.333621e-02
1.350000e-01 1.640677e+00 2.240165e-02
1.500000e-01 1.640677e+00 2.169093e-02
1.650000e-01 1.640677e+00 2.113314e-02
1.800000e-01 1.640677e+00 2.068669e-02
1.950000e-01 1.640677e+00 2.032483e-02
2.100000e-01 1.640677e+00 2.002897e-02
2.250000e-01 1.640677e+00 1.978555e-02
2.400000e-01 1.640677e+00 1.958431e-02
2.550000e-01 1.640677e+00 1.941736e-02
2.700000e-01 1.640677e+00 1.927859e-02
2.850000e-01 1.640677e+00 1.916321e-02
3.000000e-01 1.640677e+00 1.906738e-02
-3.000000e-01 1.654342e+00 1.881499e-02
-2.850000e-01 1.654342e+00 1.891038e-02
-2.700000e-01 1.654342e+00 1.902568e-02
-2.550000e-01 1.654342e+00 1.916474e-02
-2.400000e-01 1.654342e+00 1.933240e-02
-2.250000e-01 1.654342e+00 1.953487e-02
-2.100000e-01 1.654342e+00 1.978014e-02
-1.950000e-01 1.654342e+00 2.007873e-02
-1.800000e-01 1.654342e+00 2.044466e-02
-1.650000e-01 1.654342e+00 2.089740e-02
-1.500000e-01 1.654342e+00 2.146541e-02
-1.350000e-01 1.654342e+00 2.219351e-02
-1.200000e-01 1.654342e+00 2.315881e-02
-1.050000e-01 1.654342e+00 2.450568e-02
-9.000000e-02 1.654342e+00 2.652084e-02
-7.500000e-02 1.654342e+00 2.978077e-02
-6.000000e-02 1.654342e+00 3.536274e-02
-4.500000e-02 1.654342e+00 4.480261e-02
-3.000000e-02 1.654342e+00 5.865980e-02
-1.500000e-02 1.654342e+00 7.306949e-02
5.551115e-17 1.654342e+00 7.950537e-02
1.500000e-02 1.654342e+00 7.306949e-02
3.000000e-02 1.654342e+00 5.865980e-02
4.500000e-02 1.654342e+00 4.480261e-02
6.000000e-02 1.654342e+00 3.536274e-02
7.500000e-02 1.654342e+00 2.978077e-02
9.000000e-02 1.654342e+00 2.652084e-02
1.050000e-01 1.654342e+00 2.450568e-02
1.200000e-01 1.654342e+00 2.315881e-02
1.350000e-01 1.654342e+00 2.219351e-02
1.500000e-01 1.654342e+00 2.146541e-02
1.650000e-01 1.654342e+00 2.089740e-02
1.800000e-01 1.654342e+00 2.044466e-02
1.950000e-01 1.654342e+00 2.007873e-02
2.100000e-01 1.654342e+00 1.978014e-02
2.250000e-01 1.654342e+00 1.953487e-02
2.400000e-01 1.654342e+00 1.933240e-02
2.550000e-01 1.654342e+00 1.916474e-02
2.700000e-01 1.654342e+00 1.902568e-02
2.850000e-01 1.654342e+00 1.891038e-02
3.000000e-01 1.654342e+00 1.881499e-02
-3.000000e-01 1.668006e+00 1.857087e-02
-2.850000e-01 1.668006e+00 1.866649e-02
-2.700000e-01 1.668006e+00 1.878254e-02
-2.550000e-01 1.668006e+00 1.892296e-02
-2.400000e-01 1.668006e+00 1.909265e-02
-2.250000e-01 1.668006e+00 1.929790e-02
-2.100000e-01 1.668006e+00 1.954685e-02
-1.950000e-01 1.668006e+00 1.985026e-02
-1.800000e-01 1.668006e+00 2.022268e-02
-1.650000e-01 1.668006e+00 2.068454e-02
-1.500000e-01 1.668006e+00 2.126625e-02
-1.350000e-01 1.668006e+00 2.201632e-02
-1.200000e-01 1.668006e+00 2.301892e-02
-1.050000e-01 1.668006e+00 2.443208e-02
-9.000000e-02 1.668006e+00 2.656929e-02
-7.500000e-02 1.668006e+00 3.005901e-02
-6.000000e-02 1.668006e+00 3.607189e-02
-4.500000e-02 1.668006e+00 4.627250e-02
-3.000000e-02 1.668006e+00 6.126421e-02
-1.500000e-02 1.668006e+00 7.686001e-02
5.551115e-17 1.668006e+00 8.382684e-02
1.500000e-02 1.668006e+00 7.686001e-02
3.000000e-02 1.668006e+00 6.126421e-02
4.500000e-02 1.668006e+00 4.627250e-02
6.000000e-02 1.668006e+00 3.607189e-02
7.500000e-02 1.668006e+00 3.005901e-02
9.000000e-02 1.668006e+00 2.656929e-02
1.050000e-01 1.668006e+00 2.443208e-02
1.200000e-01 1.668006e+00 2.301892e-02
1.350000e-01 1.668006e+00 2.201632e-02
1.500000e-01 1.668006e+00 2.126625e-02
1.650000e-01 1.668006e+00 2.068454e-02
1.800000e-01 1.668006e+00 2.022268e-02
1.950000e-01 1.668006e+00 1.985026e-02
2.100000e-01 1.668006e+00 1.954685e-02
2.250000e-01 1.668006e+00 1.929790e-02
2.400000e-01 1.668006e+00 1.909265e-02
2.550000e-01 1.668006e+00 1.892296e-02
2.700000e-01 1.668006e+00 1.878254e-02
2.850000e-01 1.668006e+00 1.866649e-02
3.000000e-01 1.668006e+00 1.857087e-02
-3.000000e-01 1.681670e+00 1.833362e-02
-2.850000e-01 1.681670e+00 1.843044e-02
-2.700000e-01 1.681670e+00 1.854848e-02
-2.550000e-01 1.681670e+00 1.869183e-02
-2.400000e-01 1.681670e+00 1.886548e-02
-2.250000e-01 1.681670e+00 1.907582e-02
-2.100000e-01 1.681670e+00 1.933111e-02
-1.950000e-01 1.681670e+00 1.964230e-02
-1.800000e-01 1.681670e+00 2.002445e-02
-1.650000e-01 1.681670e+00 2.049909e-02
-1.500000e-01 1.681670e+00 2.109880e-02
-1.350000e-01 1.681670e+00 2.187633e-02
-1.200000e-01 1.681670e+00 2.292392e-02
-1.050000e-01 1.681670e+00 2.441507e-02
-9.000000e-02 1.681670e+00 2.669347e-02
-7.500000e-02 1.681670e+00 3.044579e-02
-6.000000e-02 1.681670e+00 3.694693e-02
-4.500000e-02 1.681670e+00 4.800457e-02
-3.000000e-02 1.681670e+00 6.426994e-02
-1.500000e-02 1.681670e+00 8.119496e-02
5.551115e-17 1.681670e+00 8.875644e-02
1.500000e-02 1.681670e+00 8.119496e-02
3.000000e-02 1.681670e+00 6.426994e-02
4.500000e-02 1.681670e+00 4.800457e-02
6.000000e-02 1.681670e+00 3.694693e-02
7.500000e-02 1.681670e+00 3.044579e-02
9.000000e-02 1.681670e+00 2.669347e-02
1.050000e-01 1.681670e+00 2.441507e-02
1.200000e-01 1.681670e+00 2.292392e-02
1.350000e-01 1.681670e+00 2.187633e-02
1.500000e-01 1.681670e+00 2.109880e-02
1.650000e-01 1.681670e+00 2.049909e-02
1.800000e-01 1.681670e+00 2.002445e-02
1.950000e-01 1.681670e+00 1.964230e-02
2.100000e-01 1.681670e+00 1.933111e-02
2.250000e-01 1.681670e+00 1.907582e-02
2.400000e-01 1.681670e+00 1.886548e-02
2.550000e-01 1.681670e+00 1.869183e-02
2.700000e-01 1.681670e+00 1.854848e-02
2.850000e-01 1.681670e+00 1.843044e-02
3.000000e-01 1.681670e+00 1.833362e-02
-3.000000e-01 1.695335e+00 1.809997e-02
-2.850000e-01 1.695335e+00 1.819921e-02
-2.700000e-01 1.695335e+00 1.832087e-02
-2.550000e-01 1.695335e+00 1.846931e-02
-2.400000e-01 1.695335e+00 1.864976e-02
-2.250000e-01 1.695335e+00 1.886869e-02
-2.100000e-01 1.695335e+00 1.913437e-02
-1.950000e-01 1.695335e+00 1.945784e-02
-1.800000e-01 1.695335e+00 1.985447e-02
-1.650000e-01 1.695335e+00 2.034689e-02
-1.500000e-01 1.695335e+00 2.097013e-02
-1.350000e-01 1.695335e+00 2.178183e-02
-1.200000e-01 1.695335e+00 2.288353e-02
-1.050000e-01 1.695335e+00 2.446647e-02
-9.000000e-02 1.695335e+00 2.690852e-02
-7.500000e-02 1.695335e+00 3.096192e-02
-6.000000e-02 1.695335e+00 3.801847e-02
-4.500000e-02 1.695335e+00 5.004562e-02
-3.000000e-02 1.695335e+00 6.774686e-02
-1.500000e-02 1.695335e+00 8.616782e-02
5.551115e-17 1.695335e+00 9.439814e-02
1.500000e-02 1.695335e+00 8.616782e-02
3.000000e-02 1.695335e+00 6.774686e-02
4.500000e-02 1.695335e+00 5.004562e-02
6.000000e-02 1.695335e+00 3.801847e-02
7.500000e-02 1.695335e+00 3.096192e-02
9.000000e-02 1.695335e+00 2.690852e-02
1.050000e-01 1.695335e+00 2.446647e-02
1.200000e-01 1.695335e+00 2.288353e-02
1.350000e-01 1.695335e+00 2.178183e-02
1.500000e-01 1.695335e+00 2.097013e-02
1.650000e-01 1.695335e+00 2.034689e-02
1.800000e-01 1.695335e+00 1.985447e-02
1.950000e-01 1.695335e+00 1.945784e-02
2.100000e-01 1.695335e+00 1.913437e-02
2.250000e-01 1.695335e+00 1.886869e-02
2.400000e-01 1.695335e+00 1.864976e-02
2.550000e-01 1.695335e+00 1.846931e-02
2.700000e-01 1.695335e+00 1.832087e-02
2.850000e-01 1.695335e+00 1.819921e-02
3.000000e-01 1.695335e+00 1.809997e-02
-3.000000e-01 1.708999e+00 1.786505e-02
-2.850000e-01 1.708999e+00 1.796758e-02
-2.700000e-01 1.708999e+00 1.809430e-02
-2.550000e-01 1.708999e+00 1.825020e-02
-2.400000e-01 1.708999e+00 1.844103e-02
-2.250000e-01 1.708999e+00 1.867355e-02
-2.100000e-01 1.708999e+00 1.895593e-02
-1.950000e-01 1.708999e+00 1.929881e-02
-1.800000e-01 1.708999e+00 1.971739e-02
-1.650000e-01 1.708999e+00 2.023504e-02
-1.500000e-01 1.708999e+00 2.088939e-02
-1.350000e-01 1.708999e+00 2.174377e-02
-1.200000e-01 1.708999e+00 2.291065e-02
-1.050000e-01 1.708999e+00 2.460174e-02
-9.000000e-02 1.708999e+00 2.723395e-02
-7.500000e-02 1.708999e+00 3.163381e-02
-6.000000e-02 1.708999e+00 3.932480e-02
-4.500000e-02 1.708999e+00 5.245360e-02
-3.000000e-02 1.708999e+00 7.178090e-02
-1.500000e-02 1.708999e+00 9.189305e-02
5.551115e-17 1.708999e+00 1.008791e-01
1.500000e-02 1.708999e+00 9.189305e-02
3.000000e-02 1.708999e+00 7.178090e-02
4.500000e-02 1.708999e+00 5.245360e-02
6.000000e-02 1.708999e+00 3.932480e-02
7.500000e-02 1.708999e+00 3.163381e-02
9.000000e-02 1.708999e+00 2.723395e-02
1.050000e-01 1.708999e+00 2.460174e-02
1.200000e-01 1.708999e+00 2.291065e-02
1.350000e-01 1.708999e+00 2.174377e-02
1.500000e-01 1.708999e+00 2.088939e-02
1.650000e-01 1.708999e+00 2.023504e-02
1.800000e-01 1.708999e+00 1.971739e-02
1.950000e-01 1.708999e+00 1.929881e-02
2.100000e-01 1.708999e+00 1.895593e-02
2.250000e-01 1.708999e+00 1.867355e-02
2.400000e-01 1.708999e+00 1.844103e-02
2.550000e-01 1.708999e+00 1.825020e-02
2.700000e-01 1.708999e+00 1.809430e-02
2.850000e-01 1.708999e+00 1.796758e-02
3.000000e-01 1.708999e+00 1.786505e-02
-3.000000e-01 1.722663e+00 1.762471e-02
-2.850000e-01 1.722663e+00 1.773001e-02
-2.700000e-01 1.722663e+00 1.786170e-02
-2.550000e-01 1.722663e+00 1.802603e-02
-2.400000e-01 1.722663e+00 1.823016e-02
-2.250000e-01 1.722663e+00 1.848196e-02
-2.100000e-01 1.722663e+00 1.878979e-02
-1.950000e-01 1.722663e+00 1.916331e-02
-1.800000e-01 1.722663e+00 1.961615e-02
-1.650000e-01 1.722663e+00 2.017109e-02
-1.500000e-01 1.722663e+00 2.086791e-02
-1.350000e-01 1.722663e+00 2.177649e-02
-1.200000e-01 1.722663e+00 2.302233e-02
-1.050000e-01 1.722663e+00 2.484123e-02
-9.000000e-02 1.722663e+00 2.769513e-02
-7.500000e-02 1.722663e+00 3.249527e-02
-6.000000e-02 1.722663e+00 4.091428e-02
-4.500000e-02 1.722663e+00 5.530081e-02
-3.000000e-02 1.722663e+00 7.647840e-02
-1.500000e-02 1.722663e+00 9.851176e-02
5.551115e-17 1.722663e+00 1.083558e-01
1.500000e-02 1.722663e+00 9.851176e-02
3.000000e-02 1.722663e+00 7.647840e-02
4.500000e-02 1.722663e+00 5.530081e-02
6.000000e-02 1.722663e+00 4.091428e-02
7.500000e-02 1.722663e+00 3.249527e-02
9.000000e-02 1.722663e+00 2.769513e-02
1.050000e-01 1.722663e+00 2.484123e-02
1.200000e-01 1.722663e+00 2.302233e-02
1.350000e-01 1.722663e+00 2.177649e-02
1.500000e-01 1.722663e+00 2.086791e-02
1.650000e-01 1.722663e+00 2.017109e-02
1.800000e-01 1.722663e+00 1.961615e-02
1.950000e-01 1.722663e+00 1.916331e-02
2.100000e-01 1.722663e+00 1.878979e-02
2.250000e-01 1.722663e+00 1.848196e-02
2.400000e-01 1.722663e+00 1.823016e-02
2.550000e-01 1.722663e+00 1.802603e-02
2.700000e-01 1.722663e+00 1.786170e-02
2.850000e-01 1.722663e+00 1.773001e-02
3.000000e-01 1.722663e+00 1.762471e-02
-3.000000e-01 1.736327e+00 1.737857e-02
-2.850000e-01 1.736327e+00 1.748436e-02
-2.700000e-01 1.736327e+00 1.761836e-02
-2.550000e-01 1.736327e+00 1.778869e-02
-2.400000e-01 1.736327e+00 1.800528e-02
-2.250000e-01 1.736327e+00 1.827924e-02
-2.100000e-01 1.736327e+00 1.862132e-02
-1.950000e-01 1.736327e+00 1.904080e-02
-1.800000e-01 1.736327e+00 1.954767e-02
-1.650000e-01 1.736327e+00 2.016039e-02
-1.500000e-01 1.736327e+00 2.091834e-02
-1.350000e-01 1.736327e+00 2.189809e-02
-1.200000e-01 1.736327e+00 2.324098e-02
-1.050000e-01 1.736327e+00 2.521182e-02
-9.000000e-02 1.736327e+00 2.832526e-02
-7.500000e-02 1.736327e+00 3.358992e-02
-6.000000e-02 1.736327e+00 4.284840e-02
-4.500000e-02 1.736327e+00 5.867817e-02
-3.000000e-02 1.736327e+00 8.197208e-02
-1.500000e-02 1.736327e+00 1.061992e-01
5.551115e-17 1.736327e+00 1.170224e-01
1.500000e-02 1.736327e+00 1.061992e-01
3.000000e-02 1.736327e+00 8.197208e-02
4.500000e-02 1.736327e+00 5.867817e-02
6.000000e-02 1.736327e+00 4.284840e-02
7.500000e-02 1.736327e+00 3.358992e-02
9.000000e-02 1.736327e+00 2.832526e-02
1.050000e-01 1.736327e+00 2.521182e-02
1.200000e-01 1.736327e+00 2.324098e-02
1.350000e-01 1.736327e+00 2.189809e-02
1.500000e-01 1.736327e+00 2.091834e-02
1.650000e-01 1.736327e+00 2.016039e-02
1.800000e-01 1.736327e+00 1.954767e-02
1.950000e-01 1.736327e+00 1.904080e-02
2.100000e-01 1.736327e+00 1.862132e-02
2.250000e-01 1.736327e+00 1.827924e-02
2.400000e-01 1.736327e+00 1.800528e-02
2.550000e-01 1.736327e+00 1.778869e-02
2.700000e-01 1.736327e+00 1.761836e-02
2.850000e-01 1.736327e+00 1.748436e-02
3.000000e-01 1.736327e+00 1.737857e-02
-3.000000e-01 1.749992e+00 1.713027e-02
-2.850000e-01 1.749992e+00 1.723365e-02
-2.700000e-01 1.749992e+00 1.736571e-02
-2.550000e-01 1.749992e+00 1.753628e-02
-2.400000e-01 1.749992e+00 1.775874e-02
-2.250000e-01 1.749992e+00 1.804999e-02
-2.100000e-01 1.749992e+00 1.842814e-02
-1.950000e-01 1.749992e+00 1.890752e-02
-1.800000e-01 1.749992e+00 1.949539e-02
-1.650000e-01 1.749992e+00 2.019979e-02
-1.500000e-01 1.749992e+00 2.105136e-02
-1.350000e-01 1.749992e+00 2.212993e-02
-1.200000e-01 1.749992e+00 2.359552e-02
-1.050000e-01 1.749992e+00 2.574897e-02
-9.000000e-02 1.749992e+00 2.916798e-02
-7.500000e-02 1.749992e+00 3.497446e-02
-6.000000e-02 1.749992e+00 4.520606e-02
-4.500000e-02 1.749992e+00 6.270097e-02
-3.000000e-02 1.749992e+00 8.842881e-02
-1.500000e-02 1.749992e+00 1.151748e-01
5.551115e-17 1.749992e+00 1.271218e-01
1.500000e-02 1.749992e+00 1.151748e-01
3.000000e-02 1.749992e+00 8.842881e-02
4.500000e-02 1.749992e+00 6.270097e-02
6.000000e-02 1.749992e+00 4.520606e-02
7.500000e-02 1.749992e+00 3.497446e-02
9.000000e-02 1.749992e+00 2.916798e-02
1.050000e-01 1.749992e+00 2.574897e-02
1.200000e-01 1.749992e+00 2.359552e-02
1.350000e-01 1.749992e+00 2.212993e-02
1.500000e-01 1.749992e+00 2.105136e-02
1.650000e-01 1.749992e+00 2.019979e-02
1.800000e-01 1.749992e+00 1.949539e-02
1.950000e-01 1.749992e+00 1.890752e-02
2.100000e-01 1.749992e+00 1.842814e-02
2.250000e-01 1.749992e+00 1.804999e-02
2.400000e-01 1.749992e+00 1.775874e-02
2.550000e-01 1.749992e+00 1.753628e-02
2.700000e-01 1.749992e+00 1.736571e-02
2.850000e-01 1.749992e+00 1.723365e-02
3.000000e-01 1.749992e+00 1.713027e-02
-3.000000e-01 1.763656e+00 1.688449e-02
-2.850000e-01 1.763656e+00 1.698340e-02
-2.700000e-01 1.763656e+00 1.710993e-02
-2.550000e-01 1.763656e+00 1.727463e-02
-2.400000e-01 1.763656e+00 1.749330e-02
-2.250000e-01 1.763656e+00 1.778878e-02
-2.100000e-01 1.763656e+00 1.819085e-02
-1.950000e-01 1.763656e+00 1.872978e-02
-1.800000e-01 1.763656e+00 1.942248e-02
-1.650000e-01 1.763656e+00 2.026637e-02
-1.500000e-01 1.763656e+00 2.126725e-02
-1.350000e-01 1.763656e+00 2.249317e-02
-1.200000e-01 1.763656e+00 2.412165e-02
-1.050000e-01 1.763656e+00 2.649903e-02
-9.000000e-02 1.763656e+00 3.028090e-02
-7.500000e-02 1.763656e+00 3.672311e-02
-6.000000e-02 1.763656e+00 4.808927e-02
-4.500000e-02 1.763656e+00 6.751662e-02
-3.000000e-02 1.763656e+00 9.606020e-02
-1.500000e-02 1.763656e+00 1.257156e-01
5.551115e-17 1.763656e+00 1.389598e-01
1.500000e-02 1.763656e+00 1.257156e-01
3.000000e-02 1.763656e+00 9.606020e-02
4.500000e-02 1.763656e+00 6.751662e-02
6.000000e-02 1.763656e+00 4.808927e-02
7.500000e-02 1.763656e+00 3.672311e-02
9.000000e-02 1.763656e+00 3.028090e-02
1.050000e-01 1.763656e+00 2.649903e-02
1.200000e-01 1.763656e+00 2.412165e-02
1.350000e-01 1.763656e+00 2.249317e-02
1.500000e-01 1.763656e+00 2.126725e-02
1.650000e-01 1.763656e+00 2.026637e-02
1.800000e-01 1.763656e+00 1.942248e-02
1.950000e-01 1.763656e+00 1.872978e-02
2.100000e-01 1.763656e+00 1.819085e-02
2.250000e-01 1.763656e+00 1.778878e-02
2.400000e-01 1.763656e+00 1.749330e-02
2.550000e-01 1.763656e+00 1.727463e-02
2.700000e-01 1.763656e+00 1.710993e-02
2.850000e-01 1.763656e+00 1.698340e-02
3.000000e-01 1.763656e+00 1.688449e-02
-3.000000e-01 1.777320e+00 1.664439e-02
-2.850000e-01 1.777320e+00 1.673807e-02
-2.700000e-01 1.777320e+00 1.685737e-02
-2.550000e-01 1.777320e+00 1.701248e-02
-2.400000e-01 1.777320e+00 1.721961e-02
-2.250000e-01 1.777320e+00 1.750476e-02
-2.100000e-01 1.777320e+00 1.790783e-02
-1.950000e-01 1.777320e+00 1.848211e-02
-1.800000e-01 1.777320e+00 1.927744e-02
-1.650000e-01 1.777320e+00 2.030570e-02
-1.500000e-01 1.777320e+00 2.153943e-02
-1.350000e-01 1.777320e+00 2.299877e-02
-1.200000e-01 1.777320e+00 2.485922e-02
-1.050000e-01 1.777320e+00 2.752117e-02
-9.000000e-02 1.777320e+00 3.173982e-02
-7.500000e-02 1.777320e+00 3.893356e-02
-6.000000e-02 1.777320e+00 5.163098e-02
-4.500000e-02 1.777320e+00 7.331515e-02
-3.000000e-02 1.777320e+00 1.051369e-01
-1.500000e-02 1.777320e+00 1.381740e-01
5.551115e-17 1.777320e+00 1.529254e-01
1.500000e-02 1.777320e+00 1.381740e-01
3.000000e-02 1.777320e+00 1.051369e-01
4.500000e-02 1.777320e+00 7.331515e-02
6.000000e-02 1.777320e+00 5.163098e-02
7.500000e-02 1.777320e+00 3.893356e-02
9.000000e-02 1.777320e+00 3.173982e-02
1.050000e-01 1.777320e+00 2.752117e-02
1.200000e-01 1.777320e+00 2.485922e-02
1.350000e-01 1.777320e+00 2.299877e-02
1.500000e-01 1.777320e+00 2.153943e-02
1.650000e-01 1.777320e+00 2.030570e-02
1.800000e-01 1.777320e+00 1.927744e-02
1.950000e-01 1.777320e+00 1.848211e-02
2.100000e-01 1.777320e+00 1.790783e-02
2.250000e-01 1.777320e+00 1.750476e-02
2.400000e-01 1.777320e+00 1.721961e-02
2.550000e-01 1.777320e+00 1.701248e-02
2.700000e-01 1.777320e+00 1.685737e-02
2.850000e-01 1.777320e+00 1.673807e-02
3.000000e-01 1.777320e+00 1.664439e-02
-3.000000e-01 1.790985e+00 1.641129e-02
-2.850000e-01 1.790985e+00 1.649988e-02
-2.700000e-01 1.790985e+00 1.661181e-02
-2.550000e-01 1.790985e+00 1.675630e-02
-2.400000e-01 1.790985e+00 1.694843e-02
-2.250000e-01 1.790985e+00 1.721386e-02
-2.100000e-01 1.790985e+00 1.759648e-02
-1.950000e-01 1.790985e+00 1.816740e-02
-1.800000e-01 1.790985e+00 1.902236e-02
-1.650000e-01 1.790985e+00 2.023725e-02
-1.500000e-01 1.790985e+00 2.179349e-02
-1.350000e-01 1.790985e+00 2.362544e-02
-1.200000e-01 1.790985e+00 2.584207e-02
-1.050000e-01 1.790985e+00 2.888670e-02
-9.000000e-02 1.790985e+00 3.364335e-02
-7.500000e-02 1.790985e+00 4.173459e-02
-6.000000e-02 1.790985e+00 5.600556e-02
-4.500000e-02 1.790985e+00 8.034356e-02
-3.000000e-02 1.790985e+00 1.160078e-01
-1.500000e-02 1.790985e+00 1.530026e-01
5.551115e-17 1.790985e+00 1.695171e-01
1.500000e-02 1.790985e+00 1.530026e-01
3.000000e-02 1.790985e+00 1.160078e-01
4.500000e-02 1.790985e+00 8.034356e-02
6.000000e-02 1.790985e+00 5.600556e-02
7.500000e-02 1.790985e+00 4.173459e-02
9.000000e-02 1.790985e+00 3.364335e-02
1.050000e-01 1.790985e+00 2.888670e-02
1.200000e-01 1.790985e+00 2.584207e-02
1.350000e-01 1.790985e+00 2.362544e-02
1.500000e-01 1.790985e+00 2.179349e-02
1.650000e-01 1.790985e+00 2.023725e-02
1.800000e-01 1.790985e+00 1.902236e-02
1.950000e-01 1.790985e+00 1.816740e-02
2.100000e-01 1.790985e+00 1.759648e-02
2.250000e-01 1.790985e+00 1.721386e-02
2.400000e-01 1.790985e+00 1.694843e-02
2.550000e-01 1.790985e+00 1.675630e-02
2.700000e-01 1.790985e+00 1.661181e-02
2.850000e-01 1.790985e+00 1.649988e-02
3.000000e-01 1.790985e+00 1.641129e-02
-3.000000e-01 1.804649e+00 1.618528e-02
-2.850000e-01 1.804649e+00 1.626930e-02
-2.700000e-01 1.804649e+00 1.637454e-02
-2.550000e-01 1.804649e+00 1.650904e-02
-2.400000e-01 1.804649e+00 1.668609e-02
-2.250000e-01 1.804649e+00 1.692885e-02
-2.100000e-01 1.804649e+00 1.727938e-02
-1.950000e-01 1.804649e+00 1.781430e-02
-1.800000e-01 1.804649e+00 1.866323e-02
-1.650000e-01 1.804649e+00 1.999537e-02
-1.500000e-01 1.804649e+00 2.190420e-02
-1.350000e-01 1.804649e+00 2.428447e-02
-1.200000e-01 1.804649e+00 2.707190e-02
-1.050000e-01 1.804649e+00 3.067096e-02
-9.000000e-02 1.804649e+00 3.611595e-02
-7.500000e-02 1.804649e+00 4.529526e-02
-6.000000e-02 1.804649e+00 6.144271e-02
-4.500000e-02 1.804649e+00 8.892515e-02
-3.000000e-02 1.804649e+00 1.291266e-01
-1.500000e-02 1.804649e+00 1.707872e-01
5.551115e-17 1.804649e+00 1.893793e-01
1.500000e-02 1.804649e+00 1.707872e-01
3.000000e-02 1.804649e+00 1.291266e-01
4.500000e-02 1.804649e+00 8.892515e-02
6.000000e-02 1.804649e+00 6.144271e-02
7.500000e-02 1.804649e+00 4.529526e-02
9.000000e-02 1.804649e+00 3.611595e-02
1.050000e-01 1.804649e+00 3.067096e-02
1.200000e-01 1.804649e+00 2.707190e-02
1.350000e-01 1.804649e+00 2.428447e-02
1.500000e-01 1.804649e+00 2.190420e-02
1.650000e-01 1.804649e+00 1.999537e-02
1.800000e-01 1.804649e+00 1.866323e-02
1.950000e-01 1.804649e+00 1.781430e-02
2.100000e-01 1.804649e+00 1.727938e-02
2.250000e-01 1.804649e+00 1.692885e-02
2.400000e-01 1.804649e+00 1.668609e-02
2.550000e-01 1.804649e+00 1.650904e-02
2.700000e-01 1.804649e+00 1.637454e-02
2.850000e-01 1.804649e+00 1.626930e-02
3.000000e-01 1.804649e+00 1.618528e-02
-3.000000e-01 1.818313e+00 1.596594e-02
-2.850000e-01 1.818313e+00 1.604601e-02
-2.700000e-01 1.818313e+00 1.614546e-02
-2.550000e-01 1.818313e+00 1.627125e-02
-2.400000e-01 1.818313e+00 1.643479e-02
-2.250000e-01 1.818313e+00 1.665605e-02
-2.100000e-01 1.818313e+00 1.697220e-02
-1.950000e-01 1.818313e+00 1.745529e-02
-1.800000e-01 1.818313e+00 1.824454e-02
-1.650000e-01 1.818313e+00 1.958045e-02
-1.500000e-01 1.818313e+00 2.174683e-02
-1.350000e-01 1.818313e+00 2.479355e-02
-1.200000e-01 1.818313e+00 2.846727e-02
-1.050000e-01 1.818313e+00 3.292659e-02
-9.000000e-02 1.818313e+00 3.930417e-02
-7.500000e-02 1.818313e+00 4.983412e-02
-6.000000e-02 1.818313e+00 6.824497e-02
-4.500000e-02 1.818313e+00 9.948524e-02
-3.000000e-02 1.818313e+00 1.450874e-01
-1.500000e-02 1.818313e+00 1.922920e-01
5.551115e-17 1.818313e+00 2.133515e-01
1.500000e-02 1.818313e+00 1.922920e-01
3.000000e-02 1.818313e+00 1.450874e-01
4.500000e-02 1.818313e+00 9.948524e-02
6.000000e-02 1.818313e+00 6.824497e-02
7.500000e-02 1.818313e+00 4.983412e-02
9.000000e-02 1.818313e+00 3.930417e-02
1.050000e-01 1.818313e+00 3.292659e-02
1.200000e-01 1.818313e+00 2.846727e-02
1.350000e-01 1.818313e+00 2.479355e-02
1.500000e-01 1.818313e+00 2.174683e-02
1.650000e-01 1.818313e+00 1.958045e-02
1.800000e-01 1.818313e+00 1.824454e-02
1.950000e-01 1.818313e+00 1.745529e-02
2.100000e-01 1.818313e+00 1.697220e-02
2.250000e-01 1.818313e+00 1.665605e-02
2.400000e-01 1.818313e+00 1.643479e-02
2.550000e-01 1.818313e+00 1.627125e-02
2.700000e-01 1.818313e+00 1.614546e-02
2.850000e-01 1.818313e+00 1.604601e-02
3.000000e-01 1.818313e+00 1.596594e-02
-3.000000e-01 1.831977e+00 1.575269e-02
-2.850000e-01 1.831977e+00 1.582937e-02
-2.700000e-01 1.831977e+00 1.592390e-02
-2.550000e-01 1.831977e+00 1.604232e-02
-2.400000e-01 1.831977e+00 1.619438e-02
-2.250000e-01 1.831977e+00 1.639698e-02
-2.100000e-01 1.831977e+00 1.668168e-02
-1.950000e-01 1.831977e+00 1.711122e-02
-1.800000e-01 1.831977e+00 1.781566e-02
-1.650000e-01 1.831977e+00 1.905845e-02
-1.500000e-01 1.831977e+00 2.128710e-02
-1.350000e-01 1.831977e+00 2.491918e-02
-1.200000e-01 1.831977e+00 2.979785e-02
-1.050000e-01 1.831977e+00 3.562053e-02
-9.000000e-02 1.831977e+00 4.335355e-02
-7.500000e-02 1.831977e+00 5.562294e-02
-6.000000e-02 1.831977e+00 7.680754e-02
-4.500000e-02 1.831977e+00 1.125843e-01
-3.000000e-02 1.831977e+00 1.646714e-01
-1.500000e-02 1.831977e+00 2.185197e-01
5.551115e-17 1.831977e+00 2.425346e-01
1.500000e-02 1.831977e+00 2.185197e-01
3.000000e-02 1.831977e+00 1.646714e-01
4.500000e-02 1.831977e+00 1.125843e-01
6.000000e-02 1.831977e+00 7.680754e-02
7.500000e-02 1.831977e+00 5.562294e-02
9.000000e-02 1.831977e+00 4.335355e-02
1.050000e-01 1.831977e+00 3.562053e-02
1.200000e-01 1.831977e+00 2.979785e-02
1.350000e-01 1.831977e+00 2.491918e-02
1.500000e-01 1.831977e+00 2.128710e-02
1.650000e-01 1.831977e+00 1.905845e-02
1.800000e-01 1.831977e+00 1.781566e-02
1.950000e-01 1.831977e+00 1.711122e-02
2.100000e-01 1.831977e+00 1.668168e-02
2.250000e-01 1.831977e+00 1.639698e-02
2.400000e-01 1.831977e+00 1.619438e-02
2.550000e-01 1.831977e+00 1.604232e-02
2.700000e-01 1.831977e+00 1.592390e-02
2.850000e-01 1.831977e+00 1.582937e-02
3.000000e-01 1.831977e+00 1.575269e-02
-3.000000e-01 1.845642e+00 1.554500e-02
-2.850000e-01 1.845642e+00 1.561876e-02
-2.700000e-01 1.845642e+00 1.570911e-02
-2.550000e-01 1.845642e+00 1.582134e-02
-2.400000e-01 1.845642e+00 1.596382e-02
-2.250000e-01 1.845642e+00 1.615084e-02
-2.100000e-01 1.845642e+00 1.640877e-02
-1.950000e-01 1.845642e+00 1.679029e-02
-1.800000e-01 1.845642e+00 1.740786e-02
-1.650000e-01 1.845642e+00 1.850948e-02
-1.500000e-01 1.845642e+00 2.061088e-02
-1.350000e-01 1.845642e+00 2.451790e-02
-1.200000e-01 1.845642e+00 3.067412e-02
-1.050000e-01 1.845642e+00 3.852276e-02
-9.000000e-02 1.845642e+00 4.834087e-02
-7.500000e-02 1.845642e+00 6.297130e-02
-6.000000e-02 1.845642e+00 8.763488e-02
-4.500000e-02 1.845642e+00 1.289574e-01
-3.000000e-02 1.845642e+00 1.889084e-01
-1.500000e-02 1.845642e+00 2.507916e-01
5.551115e-17 1.845642e+00 2.783786e-01
1.500000e-02 1.845642e+00 2.507916e-01
3.000000e-02 1.845642e+00 1.889084e-01
4.500000e-02 1.845642e+00 1.289574e-01
6.000000e-02 1.845642e+00 8.763488e-02
7.500000e-02 1.845642e+00 6.297130e-02
9.000000e-02 1.845642e+00 4.834087e-02
1.050000e-01 1.845642e+00 3.852276e-02
1.200000e-01 1.845642e+00 3.067412e-02
1.350000e-01 1.845642e+00 2.451790e-02
1.500000e-01 1.845642e+00 2.061088e-02
1.650000e-01 1.845642e+00 1.850948e-02
1.800000e-01 1.845642e+00 1.740786e-02
1.950000e-01 1.845642e+00 1.679029e-02
2.100000e-01 1.845642e+00 1.640877e-02
2.250000e-01 1.845642e+00 1.615084e-02
2.400000e-01 1.845642e+00 1.596382e-02
2.550000e-01 1.845642e+00 1.582134e-02
2.700000e-01 1.845642e+00 1.570911e-02
2.850000e-01 1.845642e+00 1.561876e-02
3.000000e-01 1.845642e+00 1.554500e-02
-3.000000e-01 1.859306e+00 1.534242e-02
-2.850000e-01 1.859306e+00 1.541363e-02
-2.700000e-01 1.859306e+00 1.550039e-02
-2.550000e-01 1.859306e+00 1.560738e-02
-2.400000e-01 1.859306e+00 1.574189e-02
-2.250000e-01 1.859306e+00 1.591605e-02
-2.100000e-01 1.859306e+00 1.615192e-02
-1.950000e-01 1.859306e+00 1.649308e-02
-1.800000e-01 1.859306e+00 1.703326e-02
-1.650000e-01 1.859306e+00 1.798725e-02
-1.500000e-01 1.859306e+00 1.985332e-02
-1.350000e-01 1.859306e+00 2.365493e-02
-1.200000e-01 1.859306e+00 3.070563e-02
-1.050000e-01 1.859306e+00 4.109301e-02
-9.000000e-02 1.859306e+00 5.412448e-02
-7.500000e-02 1.859306e+00 7.215936e-02
-6.000000e-02 1.859306e+00 1.013369e-01
-4.500000e-02 1.859306e+00 1.495517e-01
-3.000000e-02 1.859306e+00 2.191480e-01
-1.500000e-02 1.859306e+00 2.908463e-01
5.551115e-17 1.859306e+00 3.227923e-01
1.500000e-02 1.859306e+00 2.908463e-01
3.000000e-02 1.859306e+00 2.191480e-01
4.500000e-02 1.859306e+00 1.495517e-01
6.000000e-02 1.859306e+00 1.013369e-01
7.500000e-02 1.859306e+00 7.215936e-02
9.000000e-02 1.859306e+00 5.412448e-02
1.050000e-01 1.859306e+00 4.109301e-02
1.200000e-01 1.859306e+00 3.070563e-02
1.350000e-01 1.859306e+00 2.365493e-02
1.500000e-01 1.859306e+00 1.985332e-02
1.650000e-01 1.859306e+00 1.798725e-02
1.800000e-01 1.859306e+00 1.703326e-02
1.950000e-01 1.859306e+00 1.649308e-02
2.100000e-01 1.859306e+00 1.615192e-02
2.250000e-01 1.859306e+00 1.591605e-02
2.400000e-01 1.859306e+00 1.574189e-02
2.550000e-01 1.859306e+00 1.560738e-02
2.700000e-01 1.859306e+00 1.550039e-02
2.850000e-01 1.859306e+00 1.541363e-02
3.000000e-01 1.859306e+00 1.534242e-02
-3.000000e-01 1.872970e+00 1.514455e-02
-2.850000e-01 1.872970e+00 1.521351e-02
-2.700000e-01 1.872970e+00 1.529715e-02
-2.550000e-01 1.872970e+00 1.539968e-02
-2.400000e-01 1.872970e+00 1.552749e-02
-2.250000e-01 1.872970e+00 1.569102e-02
-2.100000e-01 1.872970e+00 1.590884e-02
-1.950000e-01 1.872970e+00 1.621703e-02
-1.800000e-01 1.872970e+00 1.669257e-02
-1.650000e-01 1.872970e+00 1.751403e-02
-1.500000e-01 1.872970e+00 1.911824e-02
-1.350000e-01 1.872970e+00 2.254752e-02
-1.200000e-01 1.872970e+00 2.978198e-02
-1.050000e-01 1.872970e+00 4.254125e-02
-9.000000e-02 1.872970e+00 6.010480e-02
-7.500000e-02 1.872970e+00 8.325787e-02
-6.000000e-02 1.872970e+00 1.185623e-01
-4.500000e-02 1.872970e+00 1.755382e-01
-3.000000e-02 1.872970e+00 2.571267e-01
-1.500000e-02 1.872970e+00 3.409477e-01
5.551115e-17 1.872970e+00 3.782683e-01
1.500000e-02 1.872970e+00 3.409477e-01
3.000000e-02 1.872970e+00 2.571267e-01
4.500000e-02 1.872970e+00 1.755382e-01
6.000000e-02 1.872970e+00 1.185623e-01
7.500000e-02 1.872970e+00 8.325787e-02
9.000000e-02 1.872970e+00 6.010480e-02
1.050000e-01 1.872970e+00 4.254125e-02
1.200000e-01 1.872970e+00 2.978198e-02
1.350000e-01 1.872970e+00 2.254752e-02
1.500000e-01 1.872970e+00 1.911824e-02
1.650000e-01 1.872970e+00 1.751403e-02
1.800000e-01 1.872970e+00 1.669257e-02
1.950000e-01 1.872970e+00 1.621703e-02
2.100000e-01 1.872970e+00 1.590884e-02
2.250000e-01 1.872970e+00 1.569102e-02
2.400000e-01 1.872970e+00 1.552749e-02
2.550000e-01 1.872970e+00 1.539968e-02
2.700000e-01 1.872970e+00 1.529715e-02
2.850000e-01 1.872970e+00 1.521351e-02
3.000000e-01 1.872970e+00 1.514455e-02
-3.000000e-01 1.886635e+00 1.495109e-02
-2.850000e-01 1.886635e+00 1.501803e-02
-2.700000e-01 1.886635e+00 1.509892e-02
-2.550000e-01 1.886635e+00 1.519758e-02
-2.400000e-01 1.886635e+00 1.531970e-02
-2.250000e-01 1.886635e+00 1.547437e-02
-2.100000e-01 1.886635e+00 1.567739e-02
-1.950000e-01 1.886635e+00 1.595883e-02
-1.800000e-01 1.886635e+00 1.638187e-02
-1.650000e-01 1.886635e+00 1.709254e-02
-1.500000e-01 1.886635e+00 1.845532e-02
-1.350000e-01 1.886635e+00 2.140954e-02
-1.200000e-01 1.886635e+00 2.816856e-02
-1.050000e-01 1.886635e+00 4.223799e-02
-9.000000e-02 1.886635e+00 6.504393e-02
-7.500000e-02 1.886635e+00 9.576102e-02
-6.000000e-02 1.886635e+00 1.397786e-01
-4.500000e-02 1.886635e+00 2.082321e-01
-3.000000e-02 1.886635e+00 3.049851e-01
-1.500000e-02 1.886635e+00 4.039644e-01
5.551115e-17 1.886635e+00 4.479849e-01
1.500000e-02 1.886635e+00 4.039644e-01
3.000000e-02 1.886635e+00 3.049851e-01
4.500000e-02 1.886635e+00 2.082321e-01
6.000000e-02 1.886635e+00 1.397786e-01
7.500000e-02 1.886635e+00 9.576102e-02
9.000000e-02 1.886635e+00 6.504393e-02
1.050000e-01 1.886635e+00 4.223799e-02
1.200000e-01 1.886635e+00 2.816856e-02
1.350000e-01 1.886635e+00 2.140954e-02
1.500000e-01 1.886635e+00 1.845532e-02
1.650000e-01 1.886635e+00 1.709254e-02
1.800000e-01 1.886635e+00 1.638187e-02
1.950000e-01 1.886635e+00 1.595883e-02
2.100000e-01 1.886635e+00 1.567739e-02
2.250000e-01 1.886635e+00 1.547437e-02
2.400000e-01 1.886635e+00 1.531970e-02
2.550000e-01 1.886635e+00 1.519758e-02
2.700000e-01 1.886635e+00 1.509892e-02
2.850000e-01 1.886635e+00 1.501803e-02
3.000000e-01 1.886635e+00 1.495109e-02
-3.000000e-01 1.900299e+00 1.476179e-02
-2.850000e-01 1.900299e+00 1.482690e-02
-2.700000e-01 1.900299e+00 1.490533e-02
-2.550000e-01 1.900299e+00 1.500059e-02
-2.400000e-01 1.900299e+00 1.511780e-02
-2.250000e-01 1.900299e+00 1.526499e-02
-2.100000e-01 1.900299e+00 1.545575e-02
-1.950000e-01 1.900299e+00 1.571541e-02
-1.800000e-01 1.900299e+00 1.609616e-02
-1.650000e-01 1.900299e+00 1.671707e-02
-1.500000e-01 1.900299e+00 1.787585e-02
-1.350000e-01 1.900299e+00 2.036616e-02
-1.200000e-01 1.900299e+00 2.628745e-02
-1.050000e-01 1.900299e+00 4.020879e-02
-9.000000e-02 1.900299e+00 6.734941e-02
-7.500000e-02 1.900299e+00 1.080722e-01
-6.000000e-02 1.900299e+00 1.647459e-01
-4.500000e-02 1.900299e+00 2.487748e-01
-3.000000e-02 1.900299e+00 3.651093e-01
-1.500000e-02 1.900299e+00 4.833069e-01
5.551115e-17 1.900299e+00 5.357764e-01
1.500000e-02 1.900299e+00 4.833069e-01
3.000000e-02 1.900299e+00 3.651093e-01
4.500000e-02 1.900299e+00 2.487748e-01
6.000000e-02 1.900299e+00 1.647459e-01
7.500000e-02 1.900299e+00 1.080722e-01
9.000000e-02 1.900299e+00 6.734941e-02
1.050000e-01 1.900299e+00 4.020879e-02
1.200000e-01 1.900299e+00 2.628745e-02
1.350000e-01 1.900299e+00 2.036616e-02
1.500000e-01 1.900299e+00 1.787585e-02
1.650000e-01 1.900299e+00 1.671707e-02
1.800000e-01 1.900299e+00 1.609616e-02
1.950000e-01 1.900299e+00 1.571541e-02
2.100000e-01 1.900299e+00 1.545575e-02
2.250000e-01 1.900299e+00 1.526499e-02
2.400000e-01 1.900299e+00 1.511780e-02
2.550000e-01 1.900299e+00 1.500059e-02
2.700000e-01 1.900299e+00 1.490533e-02
2.850000e-01 1.900299e+00 1.482690e-02
3.000000e-01 1.900299e+00 1.476179e-02
-3.000000e-01 1.913963e+00 1.457643e-02
-2.850000e-01 1.913963e+00 1.463985e-02
-2.700000e-01 1.913963e+00 1.471606e-02
-2.550000e-01 1.913963e+00 1.480829e-02
-2.400000e-01 1.913963e+00 1.492122e-02
-2.250000e-01 1.913963e+00 1.506200e-02
-2.100000e-01 1.913963e+00 1.524248e-02
-1.950000e-01 1.913963e+00 1.548425e-02
-1.800000e-01 1.913963e+00 1.583082e-02
-1.650000e-01 1.913963e+00 1.637979e-02
-1.500000e-01 1.913963e+00 1.737294e-02
-1.350000e-01 1.913963e+00 1.946089e-02
-1.200000e-01 1.913963e+00 2.446459e-02
-1.050000e-01 1.913963e+00 3.711169e-02
-9.000000e-02 1.913963e+00 6.603396e-02
-7.500000e-02 1.913963e+00 1.173037e-01
-6.000000e-02 1.913963e+00 1.915766e-01
-4.500000e-02 1.913963e+00 2.973055e-01
-3.000000e-02 1.913963e+00 4.395219e-01
-1.500000e-02 1.913963e+00 5.824528e-01
5.551115e-17 1.913963e+00 6.457001e-01
1.500000e-02 1.913963e+00 5.824528e-01
3.000000e-02 1.913963e+00 4.395219e-01
4.500000e-02 1.913963e+00 2.973055e-01
6.000000e-02 1.913963e+00 1.915766e-01
7.500000e-02 1.913963e+00 1.173037e-01
9.000000e-02 1.913963e+00 6.603396e-02
1.050000e-01 1.913963e+00 3.711169e-02
1.200000e-01 1.913963e+00 2.446459e-02
1.350000e-01 1.913963e+00 1.946089e-02
1.500000e-01 1.913963e+00 1.737294e-02
1.650000e-01 1.913963e+00 1.637979e-02
1.800000e-01 1.913963e+00 1.583082e-02
1.950000e-01 1.913963e+00 1.548425e-02
2.100000e-01 1.913963e+00 1.524248e-02
2.250000e-01 1.913963e+00 1.506200e-02
2.400000e-01 1.913963e+00 1.492122e-02
2.550000e-01 1.913963e+00 1.480829e-02
2.700000e-01 1.913963e+00 1.471606e-02
2.850000e-01 1.913963e+00 1.463985e-02
3.000000e-01 1.913963e+00 1.457643e-02
-3.000000e-01 1.927627e+00 1.439482e-02
-2.850000e-01 1.927627e+00 1.445669e-02
-2.700000e-01 1.927627e+00 1.453086e-02
-2.550000e-01 1.927627e+00 1.462037e-02
-2.400000e-01 1.927627e+00 1.472950e-02
-2.250000e-01 1.927627e+00 1.486470e-02
-2.100000e-01 1.927627e+00 1.503645e-02
-1.950000e-01 1.927627e+00 1.526335e-02
-1.800000e-01 1.927627e+00 1.558208e-02
-1.650000e-01 1.927627e+00 1.607334e-02
-1.500000e-01 1.927627e+00 1.693408e-02
-1.350000e-01 1.927627e+00 1.869199e-02
-1.200000e-01 1.927627e+00 2.285684e-02
-1.050000e-01 1.927627e+00 3.372860e-02
-9.000000e-02 1.927627e+00 6.153161e-02
-7.500000e-02 1.927627e+00 1.202848e-01
-6.000000e-02 1.927627e+00 2.157447e-01
-4.500000e-02 1.927627e+00 3.513216e-01
-3.000000e-02 1.927627e+00 5.283198e-01
-1.500000e-02 1.927627e+00 7.034967e-01
5.551115e-17 1.927627e+00 7.806199e-01
1.500000e-02 1.927627e+00 7.034967e-01
3.000000e-02 1.927627e+00 5.283198e-01
4.500000e-02 1.927627e+00 3.513216e-01
6.000000e-02 1.927627e+00 2.157447e-01
7.500000e-02 1.927627e+00 1.202848e-01
9.000000e-02 1.927627e+00 6.153161e-02
1.050000e-01 1.927627e+00 3.372860e-02
1.200000e-01 1.927627e+00 2.285684e-02
1.350000e-01 1.927627e+00 1.869199e-02
1.500000e-01 1.927627e+00 1.693408e-02
1.650000e-01 1.927627e+00 1.607334e-02
1.800000e-01 1.927627e+00 1.558208e-02
1.950000e-01 1.927627e+00 1.526335e-02
2.100000e-01 1.927627e+00 1.503645e-02
2.250000e-01 1.927627e+00 1.486470e-02
2.400000e-01 1.927627e+00 1.472950e-02
2.550000e-01 1.927627e+00 1.462037e-02
2.700000e-01 1.927627e+00 1.453086e-02
2.850000e-01 1.927627e+00 1.445669e-02
3.000000e-01 1.927627e+00 1.439482e-02
-3.000000e-01 1.941292e+00 1.421682e-02
-2.850000e-01 1.941292e+00 1.427723e-02
-2.700000e-01 1.941292e+00 1.434952e-02
-2.550000e-01 1.941292e+00 1.443654e-02
-2.400000e-01 1.941292e+00 1.454227e-02
-2.250000e-01 1.941292e+00 1.467257e-02
-2.100000e-01 1.941292e+00 1.483679e-02
-1.950000e-01 1.941292e+00 1.505116e-02
-1.800000e-01 1.941292e+00 1.534697e-02
-1.650000e-01 1.941292e+00 1.579161e-02
-1.500000e-01 1.941292e+00 1.654672e-02
-1.350000e-01 1.941292e+00 1.804038e-02
-1.200000e-01 1.941292e+00 2.150050e-02
-1.050000e-01 1.941292e+00 3.057721e-02
-9.000000e-02 1.941292e+00 5.532114e-02
-7.500000e-02 1.941292e+00 1.157282e-01
-6.000000e-02 1.941292e+00 2.305111e-01
-4.500000e-02 1.941292e+00 4.035074e-01
-3.000000e-02 1.941292e+00 6.266239e-01
-1.500000e-02 1.941292e+00 8.438643e-01
5.551115e-17 1.941292e+00 9.388510e-01
1.500000e-02 1.941292e+00 8.438643e-01
3.000000e-02 1.941292e+00 6.266239e-01
4.500000e-02 1.941292e+00 4.035074e-01
6.000000e-02 1.941292e+00 2.305111e-01
7.500000e-02 1.941292e+00 1.157282e-01
9.000000e-02 1.941292e+00 5.532114e-02
1.050000e-01 1.941292e+00 3.057721e-02
1.200000e-01 1.941292e+00 2.150050e-02
1.350000e-01 1.941292e+00 1.804038e-02
1.500000e-01 1.941292e+00 1.654672e-02
1.650000e-01 1.941292e+00 1.579161e-02
1.800000e-01 1.941292e+00 1.534697e-02
1.950000e-01 1.941292e+00 1.505116e-02
2.100000e-01 1.941292e+00 1.483679e-02
2.250000e-01 1.941292e+00 1.467257e-02
2.400000e-01 1.941292e+00 1.454227e-02
2.550000e-01 1.941292e+00 1.443654e-02
2.700000e-01 1.941292e+00 1.434952e-02
2.850000e-01 1.941292e+00 1.427723e-02
3.000000e-01 1.941292e+00 1.421682e-02
-3.000000e-01 1.954956e+00 1.404228e-02
-2.850000e-01 1.954956e+00 1.410132e-02
-2.700000e-01 1.954956e+00 1.417186e-02
-2.550000e-01 1.954956e+00 1.425660e-02
-2.400000e-01 1.954956e+00 1.435923e-02
-2.250000e-01 1.954956e+00 1.448517e-02
-2.100000e-01 1.954956e+00 1.464282e-02
-1.950000e-01 1.954956e+00 1.484649e-02
-1.800000e-01 1.954956e+00 1.512319e-02
-1.650000e-01 1.954956e+00 1.552978e-02
-1.500000e-01 1.954956e+00 1.620023e-02
-1.350000e-01 1.954956e+00 1.748382e-02
-1.200000e-01 1.954956e+00 2.037465e-02
-1.050000e-01 1.954956e+00 2.786984e-02
-9.000000e-02 1.954956e+00 4.886577e-02
-7.500000e-02 1.954956e+00 1.053348e-01
-6.000000e-02 1.954956e+00 2.303372e-01
-4.500000e-02 1.954956e+00 4.412272e-01
-3.000000e-02 1.954956e+00 7.206645e-01
-1.500000e-02 1.954956e+00 9.908311e-01
5.551115e-17 1.954956e+00 1.108209e+00
1.500000e-02 1.954956e+00 9.908311e-01
3.000000e-02 1.954956e+00 7.206645e-01
4.500000e-02 1.954956e+00 4.412272e-01
6.000000e-02 1.954956e+00 2.303372e-01
7.500000e-02 1.954956e+00 1.053348e-01
9.000000e-02 1.954956e+00 4.886577e-02
1.050000e-01 1.954956e+00 2.786984e-02
1.200000e-01 1.954956e+00 2.037465e-02
1.350000e-01 1.954956e+00 1.748382e-02
1.500000e-01 1.954956e+00 1.620023e-02
1.650000e-01 1.954956e+00 1.552978e-02
1.800000e-01 1.954956e+00 1.512319e-02
1.950000e-01 1.954956e+00 1.484649e-02
2.100000e-01 1.954956e+00 1.464282e-02
2.250000e-01 1.954956e+00 1.448517e-02
2.400000e-01 1.954956e+00 1.435923e-02
2.550000e-01 1.954956e+00 1.425660e-02
2.700000e-01 1.954956e+00 1.417186e-02
2.850000e-01 1.954956e+00 1.410132e-02
3.000000e-01 1.954956e+00 1.404228e-02
-3.000000e-01 1.968620e+00 1.387109e-02
-2.850000e-01 1.968620e+00 1.392883e-02
-2.700000e-01 1.968620e+00 1.399773e-02
-2.550000e-01 1.968620e+00 1.408035e-02
-2.400000e-01 1.968620e+00 1.418015e-02
-2.250000e-01 1.968620e+00 1.430215e-02
-2.100000e-01 1.968620e+00 1.445399e-02
-1.950000e-01 1.968620e+00 1.464843e-02
-1.800000e-01 1.968620e+00 1.490897e-02
-1.650000e-01 1.968620e+00 1.528417e-02
-1.500000e-01 1.968620e+00 1.588617e-02
-1.350000e-01 1.968620e+00 1.700244e-02
-1.200000e-01 1.968620e+00 1.944046e-02
-1.050000e-01 1.968620e+00 2.563051e-02
-9.000000e-02 1.968620e+00 4.302547e-02
-7.500000e-02 1.968620e+00 9.235902e-02
-6.000000e-02 1.968620e+00 2.151971e-01
-4.500000e-02 1.968620e+00 4.514384e-01
-3.000000e-02 1.968620e+00 7.871977e-01
-1.500000e-02 1.968620e+00 1.116788e+00
5.551115e-17 1.968620e+00 1.259888e+00
1.500000e-02 1.968620e+00 1.116788e+00
3.000000e-02 1.968620e+00 7.871977e-01
4.500000e-02 1.968620e+00 4.514384e-01
6.000000e-02 1.968620e+00 2.151971e-01
7.500000e-02 1.968620e+00 9.235902e-02
9.000000e-02 1.968620e+00 4.302547e-02
1.050000e-01 1.968620e+00 2.563051e-02
1.200000e-01 1.968620e+00 1.944046e-02
1.350000e-01 1.968620e+00 1.700244e-02
1.500000e-01 1.968620e+00 1.588617e-02
1.650000e-01 1.968620e+00 1.528417e-02
1.800000e-01 1.968620e+00 1.490897e-02
1.950000e-01 1.968620e+00 1.464843e-02
2.100000e-01 1.968620e+00 1.445399e-02
2.250000e-01 1.968620e+00 1.430215e-02
2.400000e-01 1.968620e+00 1.418015e-02
2.550000e-01 1.968620e+00 1.408035e-02
2.700000e-01 1.968620e+00 1.399773e-02
2.850000e-01 1.968620e+00 1.392883e-02
3.000000e-01 1.968620e+00 1.387109e-02
-3.000000e-01 1.982284e+00 1.370313e-02
-2.850000e-01 1.982284e+00 1.375964e-02
-2.700000e-01 1.982284e+00 1.382699e-02
-2.550000e-01 1.982284e+00 1.390762e-02
-2.400000e-01 1.982284e+00 1.400481e-02
-2.250000e-01 1.982284e+00 1.412323e-02
-2.100000e-01 1.982284e+00 1.426988e-02
-1.950000e-01 1.982284e+00 1.445623e-02
-1.800000e-01 1.982284e+00 1.470297e-02
-1.650000e-01 1.982284e+00 1.505195e-02
-1.500000e-01 1.982284e+00 1.559803e-02
-1.350000e-01 1.982284e+00 1.658013e-02
-1.200000e-01 1.982284e+00 1.865899e-02
-1.050000e-01 1.982284e+00 2.380332e-02
-9.000000e-02 1.982284e+00 3.810129e-02
-7.500000e-02 1.982284e+00 7.951861e-02
-6.000000e-02 1.982284e+00 1.906004e-01
-4.500000e-02 1.982284e+00 4.299381e-01
-3.000000e-02 1.982284e+00 8.029939e-01
-1.500000e-02 1.982284e+00 1.184324e+00
5.551115e-17 1.982284e+00 1.351531e+00
1.500000e-02 1.982284e+00 1.184324e+00
3.000000e-02 1.982284e+00 8.029939e-01
4.500000e-02 1.982284e+00 4.299381e-01
6.000000e-02 1.982284e+00 1.906004e-01
7.500000e-02 1.982284e+00 7.951861e-02
9.000000e-02 1.982284e+00 3.810129e-02
1.050000e-01 1.982284e+00 2.380332e-02
1.200000e-01 1.982284e+00 1.865899e-02
1.350000e-01 1.982284e+00 1.658013e-02
1.500000e-01 1.982284e+00 1.559803e-02
1.650000e-01 1.982284e+00 1.505195e-02
1.800000e-01 1.982284e+00 1.470297e-02
1.950000e-01 1.982284e+00 1.445623e-02
2.100000e-01 1.982284e+00 1.426988e-02
2.250000e-01 1.982284e+00 1.412323e-02
2.400000e-01 1.982284e+00 1.400481e-02
2.550000e-01 1.982284e+00 1.390762e-02
2.700000e-01 1.982284e+00 1.382699e-02
2.850000e-01 1.982284e+00 1.375964e-02
3.000000e-01 1.982284e+00 1.370313e-02
-3.000000e-01 1.995949e+00 1.353829e-02
-2.850000e-01 1.995949e+00 1.359363e-02
-2.700000e-01 1.995949e+00 1.365952e-02
-2.550000e-01 1.995949e+00 1.373829e-02
-2.400000e-01 1.995949e+00 1.383305e-02
-2.250000e-01 1.995949e+00 1.394817e-02
-2.100000e-01 1.995949e+00 1.409014e-02
-1.950000e-01 1.995949e+00 1.426933e-02
-1.800000e-01 1.995949e+00 1.450413e-02
-1.650000e-01 1.995949e+00 1.483095e-02
-1.500000e-01 1.995949e+00 1.533084e-02
-1.350000e-01 1.995949e+00 1.620436e-02
-1.200000e-01 1.995949e+00 1.799718e-02
-1.050000e-01 1.995949e+00 2.231238e-02
-9.000000e-02 1.995949e+00 3.408356e-02
-7.500000e-02 1.995949e+00 6.821530e-02
-6.000000e-02 1.995949e+00 1.632939e-01
-4.500000e-02 1.995949e+00 3.850002e-01
-3.000000e-02 1.995949e+00 7.615874e-01
-1.500000e-02 1.995949e+00 1.167579e+00
5.551115e-17 1.995949e+00 1.349069e+00
1.500000e-02 1.995949e+00 1.167579e+00
3.000000e-02 1.995949e+00 7.615874e-01
4.500000e-02 1.995949e+00 3.850002e-01
6.000000e-02 1.995949e+00 1.632939e-01
7.500000e-02 1.995949e+00 6.821530e-02
9.000000e-02 1.995949e+00 3.408356e-02
1.050000e-01 1.995949e+00 2.231238e-02
1.200000e-01 1.995949e+00 1.799718e-02
1.350000e-01 1.995949e+00 1.620436e-02
1.500000e-01 1.995949e+00 1.533084e-02
1.650000e-01 1.995949e+00 1.483095e-02
1.800000e-01 1.995949e+00 1.450413e-02
1.950000e-01 1.995949e+00 1.426933e-02
2.100000e-01 1.995949e+00 1.409014e-02
2.250000e-01 1.995949e+00 1.394817e-02
2.400000e-01 1.995949e+00 1.383305e-02
2.550000e-01 1.995949e+00 1.373829e-02
2.700000e-01 1.995949e+00 1.365952e-02
2.850000e-01 1.995949e+00 1.359363e-02
3.000000e-01 1.995949e+00 1.353829e-02
-3.000000e-01 2.009613e+00 1.337650e-02
-2.850000e-01 2.009613e+00 1.343072e-02
-2.700000e-01 2.009613e+00 1.349521e-02
-2.550000e-01 2.009613e+00 1.357221e-02
-2.400000e-01 2.009613e+00 1.366469e-02
-2.250000e-01 2.009613e+00 1.377678e-02
-2.100000e-01 2.009613e+00 1.391448e-02
-1.950000e-01 2.009613e+00 1.408727e-02
-1.800000e-01 2.009613e+00 1.431162e-02
-1.650000e-01 2.009613e+00 1.461951e-02
-1.500000e-01 2.009613e+00 1.508080e-02
-1.350000e-01 2.009613e+00 1.586554e-02
-1.200000e-01 2.009613e+00 1.742883e-02
-1.050000e-01 2.009613e+00 2.108677e-02
-9.000000e-02 2.009613e+00 3.084316e-02
-7.500000e-02 2.009613e+00 5.883588e-02
-6.000000e-02 2.009613e+00 1.378255e-01
-4.500000e-02 2.009613e+00 3.304978e-01
-3.000000e-02 2.009613e+00 6.788900e-01
-1.500000e-02 2.009613e+00 1.073247e+00
5.551115e-17 2.009613e+00 1.253413e+00
1.500000e-02 2.009613e+00 1.073247e+00
3.000000e-02 2.009613e+00 6.788900e-01
4.500000e-02 2.009613e+00 3.304978e-01
6.000000e-02 2.009613e+00 1.378255e-01
7.500000e-02 2.009613e+00 5.883588e-02
9.000000e-02 2.009613e+00 3.084316e-02
1.050000e-01 2.009613e+00 2.108677e-02
1.200000e-01 2.009613e+00 1.742883e-02
1.350000e-01 2.009613e+00 1.586554e-02
1.500000e-01 2.009613e+00 1.508080e-02
1.650000e-01 2.009613e+00 1.461951e-02
1.800000e-01 2.009613e+00 1.431162e-02
1.950000e-01 2.009613e+00 1.408727e-02
2.100000e-01 2.009613e+00 1.391448e-02
2.250000e-01 2.009613e+00 1.377678e-02
2.400000e-01 2.009613e+00 1.366469e-02
2.550000e-01 2.009613e+00 1.357221e-02
2.700000e-01 2.009613e+00 1.349521e-02
2.850000e-01 2.009613e+00 1.343072e-02
3.000000e-01 2.009613e+00 1.337650e-02
-3.000000e-01 2.023277e+00 1.321766e-02
-2.850000e-01 2.023277e+00 1.327079e-02
-2.700000e-01 2.023277e+00 1.333395e-02
-2.550000e-01 2.023277e+00 1.340928e-02
-2.400000e-01 2.023277e+00 1.349962e-02
-2.250000e-01 2.023277e+00 1.360887e-02
-2.100000e-01 2.023277e+00 1.374265e-02
-1.950000e-01 2.023277e+00 1.390967e-02
-1.800000e-01 2.023277e+00 1.412479e-02
-1.650000e-01 2.023277e+00 1.441631e-02
-1.500000e-01 2.023277e+00 1.484501e-02
-1.350000e-01 2.023277e+00 1.555640e-02
-1.200000e-01 2.023277e+00 1.693377e-02
-1.050000e-01 2.023277e+00 2.006794e-02
-9.000000e-02 2.023277e+00 2.822904e-02
-7.500000e-02 2.023277e+00 5.125939e-02
-6.000000e-02 2.023277e+00 1.161000e-01
-4.500000e-02 2.023277e+00 2.774035e-01
-3.000000e-02 2.023277e+00 5.800736e-01
-1.500000e-02 2.023277e+00 9.347322e-01
5.551115e-17 2.023277e+00 1.099658e+00
1.500000e-02 2.023277e+00 9.347322e-01
3.000000e-02 2.023277e+00 5.800736e-01
4.500000e-02 2.023277e+00 2.774035e-01
6.000000e-02 2.023277e+00 1.161000e-01
7.500000e-02 2.023277e+00 5.125939e-02
9.000000e-02 2.023277e+00 2.822904e-02
1.050000e-01 2.023277e+00 2.006794e-02
1.200000e-01 2.023277e+00 1.693377e-02
1.350000e-01 2.023277e+00 1.555640e-02
1.500000e-01 2.023277e+00 1.484501e-02
1.650000e-01 2.023277e+00 1.441631e-02
1.800000e-01 2.023277e+00 1.412479e-02
1.950000e-01 2.023277e+00 1.390967e-02
2.100000e-01 2.023277e+00 1.374265e-02
2.250000e-01 2.023277e+00 1.360887e-02
2.400000e-01 2.023277e+00 1.349962e-02
2.550000e-01 2.023277e+00 1.340928e-02
2.700000e-01 2.023277e+00 1.333395e-02
2.850000e-01 2.023277e+00 1.327079e-02
3.000000e-01 2.023277e+00 1.321766e-02
-3.000000e-01 2.036942e+00 1.306168e-02
-2.850000e-01 2.036942e+00 1.311378e-02
-2.700000e-01 2.036942e+00 1.317566e-02
-2.550000e-01 2.036942e+00 1.324940e-02
-2.400000e-01 2.036942e+00 1.333771e-02
-2.250000e-01 2.036942e+00 1.344430e-02
-2.100000e-01 2.036942e+00 1.357446e-02
-1.950000e-01 2.036942e+00 1.373623e-02
-1.800000e-01 2.036942e+00 1.394310e-02
-1.650000e-01 2.036942e+00 1.422034e-02
-1.500000e-01 2.036942e+00 1.462123e-02
-1.350000e-01 2.036942e+00 1.527136e-02
-1.200000e-01 2.036942e+00 1.649662e-02
-1.050000e-01 2.036942e+00 1.921005e-02
-9.000000e-02 2.036942e+00 2.610605e-02
-7.500000e-02 2.036942e+00 4.519308e-02
-6.000000e-02 2.036942e+00 9.836571e-02
-4.500000e-02 2.036942e+00 2.311154e-01
-3.000000e-02 2.036942e+00 4.845311e-01
-1.500000e-02 2.036942e+00 7.874203e-01
5.551115e-17 2.036942e+00 9.298818e-01
1.500000e-02 2.036942e+00 7.874203e-01
3.000000e-02 2.036942e+00 4.845311e-01
4.500000e-02 2.036942e+00 2.311154e-01
6.000000e-02 2.036942e+00 9.836571e-02
7.500000e-02 2.036942e+00 4.519308e-02
9.000000e-02 2.036942e+00 2.610605e-02
1.050000e-01 2.036942e+00 1.921005e-02
1.200000e-01 2.036942e+00 1.649662e-02
1.350000e-01 2.036942e+00 1.527136e-02
1.500000e-01 2.036942e+00 1.462123e-02
1.650000e-01 2.036942e+00 1.422034e-02
1.800000e-01 2.036942e+00 1.394310e-02
1.950000e-01 2.036942e+00 1.373623e-02
2.100000e-01 2.036942e+00 1.357446e-02
2.250000e-01 2.036942e+00 1.344430e-02
2.400000e-01 2.036942e+00 1.333771e-02
2.550000e-01 2.036942e+00 1.324940e-02
2.700000e-01 2.036942e+00 1.317566e-02
2.850000e-01 2.036942e+00 1.311378e-02
3.000000e-01 2.036942e+00 1.306168e-02
-3.000000e-01 2.050606e+00 1.290850e-02
-2.850000e-01 2.050606e+00 1.295960e-02
-2.700000e-01 2.050606e+00 1.302025e-02
-2.550000e-01 2.050606e+00 1.309246e-02
-2.400000e-01 2.050606e+00 1.317885e-02
-2.250000e-01 2.050606e+00 1.328295e-02
-2.100000e-01 2.050606e+00 1.340973e-02
-1.950000e-01 2.050606e+00 1.356668e-02
-1.800000e-01 2.050606e+00 1.376614e-02
-1.650000e-01 2.050606e+00 1.403079e-02
-1.500000e-01 2.050606e+00 1.440770e-02
-1.350000e-01 2.050606e+00 1.500617e-02
-1.200000e-01 2.050606e+00 1.610572e-02
-1.050000e-01 2.050606e+00 1.847799e-02
-9.000000e-02 2.050606e+00 2.436463e-02
-7.500000e-02 2.050606e+00 4.033031e-02
-6.000000e-02 2.050606e+00 8.415792e-02
-4.500000e-02 2.050606e+00 1.929628e-01
-3.000000e-02 2.050606e+00 4.015769e-01
-1.500000e-02 2.050606e+00 6.531031e-01
5.551115e-17 2.050606e+00 7.720962e-01
1.500000e-02 2.050606e+00 6.531031e-01
3.000000e-02 2.050606e+00 4.015769e-01
4.500000e-02 2.050606e+00 1.929628e-01
6.000000e-02 2.050606e+00 8.415792e-02
7.500000e-02 2.050606e+00 4.033031e-02
9.000000e-02 2.050606e+00 2.436463e-02
1.050000e-01 2.050606e+00 1.847799e-02
1.200000e-01 2.050606e+00 1.610572e-02
1.350000e-01 2.050606e+00 1.500617e-02
1.500000e-01 2.050606e+00 1.440770e-02
1.650000e-01 2.050606e+00 1.403079e-02
1.800000e-01 2.050606e+00 1.376614e-02
1.950000e-01 2.050606e+00 1.356668e-02
2.100000e-01 2.050606e+00 1.340973e-02
2.250000e-01 2.050606e+00 1.328295e-02
2.400000e-01 2.050606e+00 1.317885e-02
2.550000e-01 2.050606e+00 1.309246e-02
2.700000e-01 2.050606e+00 1.302025e-02
2.850000e-01 2.050606e+00 1.295960e-02
3.000000e-01 2.050606e+00 1.290850e-02
-3.000000e-01 2.064270e+00 1.275804e-02
-2.850000e-01 2.064270e+00 1.280817e-02
-2.700000e-01 2.064270e+00 1.286764e-02
-2.550000e-01 2.064270e+00 1.293839e-02
-2.400000e-01 2.064270e+00 1.302294e-02
-2.250000e-01 2.064270e+00 1.312467e-02
-2.100000e-01 2.064270e+00 1.324830e-02
-1.950000e-01 2.064270e+00 1.340081e-02
-1.800000e-01 2.064270e+00 1.359354e-02
-1.650000e-01 2.064270e+00 1.384700e-02
-1.500000e-01 2.064270e+00 1.420305e-02
-1.350000e-01 2.064270e+00 1.475751e-02
-1.200000e-01 2.064270e+00 1.575215e-02
-1.050000e-01 2.064270e+00 1.784509e-02
-9.000000e-02 2.064270e+00 2.291967e-02
-7.500000e-02 2.064270e+00 3.640678e-02
-6.000000e-02 2.064270e+00 7.282787e-02
-4.500000e-02 2.064270e+00 1.623119e-01
-3.000000e-02 2.064270e+00 3.333583e-01
-1.500000e-02 2.064270e+00 5.399394e-01
5.551115e-17 2.064270e+00 6.378670e-01
1.500000e-02 2.064270e+00 5.399394e-01
3.000000e-02 2.064270e+00 3.333583e-01
4.500000e-02 2.064270e+00 1.623119e-01
6.000000e-02 2.064270e+00 7.282787e-02
7.500000e-02 2.064270e+00 3.640678e-02
9.000000e-02 2.064270e+00 2.291967e-02
1.050000e-01 2.064270e+00 1.784509e-02
1.200000e-01 2.064270e+00 1.575215e-02
1.350000e-01 2.064270e+00 1.475751e-02
1.500000e-01 2.064270e+00 1.420305e-02
1.650000e-01 2.064270e+00 1.384700e-02
1.800000e-01 2.064270e+00 1.359354e-02
1.950000e-01 2.064270e+00 1.340081e-02
2.100000e-01 2.064270e+00 1.324830e-02
2.250000e-01 2.064270e+00 1.312467e-02
2.400000e-01 2.064270e+00 1.302294e-02
2.550000e-01 2.064270e+00 1.293839e-02
2.700000e-01 2.064270e+00 1.286764e-02
2.850000e-01 2.064270e+00 1.280817e-02
3.000000e-01 2.064270e+00 1.275804e-02
-3.000000e-01 2.077934e+00 1.261023e-02
-2.850000e-01 2.077934e+00 1.265942e-02
-2.700000e-01 2.077934e+00 1.271775e-02
-2.550000e-01 2.077934e+00 1.278709e-02
-2.400000e-01 2.077934e+00 1.286989e-02
-2.250000e-01 2.077934e+00 1.296938e-02
-2.100000e-01 2.077934e+00 1.309004e-02
-1.950000e-01 2.077934e+00 1.323842e-02
-1.800000e-01 2.077934e+00 1.342501e-02
-1.650000e-01 2.077934e+00 1.366844e-02
-1.500000e-01 2.077934e+00 1.400618e-02
-1.350000e-01 2.077934e+00 1.452282e-02
-1.200000e-01 2.077934e+00 1.542906e-02
-1.050000e-01 2.077934e+00 1.729106e-02
-9.000000e-02 2.077934e+00 2.170621e-02
-7.500000e-02 2.077934e+00 3.321164e-02
-6.000000e-02 2.077934e+00 6.376468e-02
-4.500000e-02 2.077934e+00 1.378987e-01
-3.000000e-02 2.077934e+00 2.786254e-01
-1.500000e-02 2.077934e+00 4.482014e-01
5.551115e-17 2.077934e+00 5.285674e-01
1.500000e-02 2.077934e+00 4.482014e-01
3.000000e-02 2.077934e+00 2.786254e-01
4.500000e-02 2.077934e+00 1.378987e-01
6.000000e-02 2.077934e+00 6.376468e-02
7.500000e-02 2.077934e+00 3.321164e-02
9.000000e-02 2.077934e+00 2.170621e-02
1.050000e-01 2.077934e+00 1.729106e-02
1.200000e-01 2.077934e+00 1.542906e-02
1.350000e-01 2.077934e+00 1.452282e-02
1.500000e-01 2.077934e+00 1.400618e-02
1.650000e-01 2.077934e+00 1.366844e-02
1.800000e-01 2.077934e+00 1.342501e-02
1.950000e-01 2.077934e+00 1.323842e-02
2.100000e-01 2.077934e+00 1.309004e-02
2.250000e-01 2.077934e+00 1.296938e-02
2.400000e-01 2.077934e+00 1.286989e-02
2.550000e-01 2.077934e+00 1.278709e-02
2.700000e-01 2.077934e+00 1.271775e-02
2.850000e-01 2.077934e+00 1.265942e-02
3.000000e-01 2.077934e+00 1.261023e-02
-3.000000e-01 2.091599e+00 1.246500e-02
-2.850000e-01 2.091599e+00 1.251328e-02
-2.700000e-01 2.091599e+00 1.257051e-02
-2.550000e-01 2.091599e+00 1.263850e-02
-2.400000e-01 2.091599e+00 1.271962e-02
-2.250000e-01 2.091599e+00 1.281697e-02
-2.100000e-01 2.091599e+00 1.293483e-02
-1.950000e-01 2.091599e+00 1.307936e-02
-1.800000e-01 2.091599e+00 1.326029e-02
-1.650000e-01 2.091599e+00 1.349467e-02
-1.500000e-01 2.091599e+00 1.381622e-02
-1.350000e-01 2.091599e+00 1.430007e-02
-1.200000e-01 2.091599e+00 1.513116e-02
-1.050000e-01 2.091599e+00 1.680043e-02
-9.000000e-02 2.091599e+00 2.067494e-02
-7.500000e-02 2.091599e+00 3.058221e-02
-6.000000e-02 2.091599e+00 5.646275e-02
-4.500000e-02 2.091599e+00 1.184390e-01
-3.000000e-02 2.091599e+00 2.350685e-01
-1.500000e-02 2.091599e+00 3.750045e-01
5.551115e-17 2.091599e+00 4.412272e-01
1.500000e-02 2.091599e+00 3.750045e-01
3.000000e-02 2.091599e+00 2.350685e-01
4.500000e-02 2.091599e+00 1.184390e-01
6.000000e-02 2.091599e+00 5.646275e-02
7.500000e-02 2.091599e+00 3.058221e-02
9.000000e-02 2.091599e+00 2.067494e-02
1.050000e-01 2.091599e+00 1.680043e-02
1.200000e-01 2.091599e+00 1.513116e-02
1.350000e-01 2.091599e+00 1.430007e-02
1.500000e-01 2.091599e+00 1.381622e-02
1.650000e-01 2.091599e+00 1.349467e-02
1.800000e-01 2.091599e+00 1.326029e-02
1.950000e-01 2.091599e+00 1.307936e-02
2.100000e-01 2.091599e+00 1.293483e-02
2.250000e-01 2.091599e+00 1.281697e-02
2.400000e-01 2.091599e+00 1.271962e-02
2.550000e-01 2.091599e+00 1.263850e-02
2.700000e-01 2.091599e+00 1.257051e-02
2.850000e-01 2.091599e+00 1.251328e-02
3.000000e-01 2.091599e+00 1.246500e-02
-3.000000e-01 2.105263e+00 1.232229e-02
-2.850000e-01 2.105263e+00 1.236969e-02
-2.700000e-01 2.105263e+00 1.242585e-02
-2.550000e-01 2.105263e+00 1.249254e-02
-2.400000e-01 2.105263e+00 1.257204e-02
-2.250000e-01 2.105263e+00 1.266735e-02
-2.100000e-01 2.105263e+00 1.278255e-02
-1.950000e-01 2.105263e+00 1.292347e-02
-1.800000e-01 2.105263e+00 1.309918e-02
-1.650000e-01 2.105263e+00 1.332533e-02
-1.500000e-01 2.105263e+00 1.363243e-02
-1.350000e-01 2.105263e+00 1.408763e-02
-1.200000e-01 2.105263e+00 1.485429e-02
-1.050000e-01 2.105263e+00 1.636127e-02
-9.000000e-02 2.105263e+00 1.978834e-02
-7.500000e-02 2.105263e+00 2.839469e-02
-6.000000e-02 2.105263e+00 5.052576e-02
-4.500000e-02 2.105263e+00 1.028379e-01
-3.000000e-02 2.105263e+00 2.003732e-01
-1.500000e-02 2.105263e+00 3.167951e-01
5.551115e-17 2.105263e+00 3.717787e-01
1.500000e-02 2.105263e+00 3.167951e-01
3.000000e-02 2.105263e+00 2.003732e-01
4.500000e-02 2.105263e+00 1.028379e-01
6.000000e-02 2.105263e+00 5.052576e-02
7.500000e-02 2.105263e+00 2.839469e-02
9.000000e-02 2.105263e+00 1.978834e-02
1.050000e-01 2.105263e+00 1.636127e-02
1.200000e-01 2.105263e+00 1.485429e-02
1.350000e-01 2.105263e+00 1.408763e-02
1.500000e-01 2.105263e+00 1.363243e-02
1.650000e-01 2.105263e+00 1.332533e-02
1.800000e-01 2.105263e+00 1.309918e-02
1.950000e-01 2.105263e+00 1.292347e-02
2.100000e-01 2.105263e+00 1.278255e-02
2.250000e-01 2.105263e+00 1.266735e-02
2.400000e-01 2.105263e+00 1.257204e-02
2.550000e-01 2.105263e+00 1.249254e-02
2.700000e-01 2.105263e+00 1.242585e-02
2.850000e-01 2.105263e+00 1.236969e-02
3.000000e-01 2.105263e+00 1.232229e-02
-3.000000e-01 2.118927e+00 1.218204e-02
-2.850000e-01 2.118927e+00 1.222859e-02
-2.700000e-01 2.118927e+00 1.228371e-02
-2.550000e-01 2.118927e+00 1.234914e-02
-2.400000e-01 2.118927e+00 1.242709e-02
-2.250000e-01 2.118927e+00 1.252044e-02
-2.100000e-01 2.118927e+00 1.263311e-02
-1.950000e-01 2.118927e+00 1.277063e-02
-1.800000e-01 2.118927e+00 1.294148e-02
-1.650000e-01 2.118927e+00 1.316010e-02
-1.500000e-01 2.118927e+00 1.345424e-02
-1.350000e-01 2.118927e+00 1.388422e-02
-1.200000e-01 2.118927e+00 1.459519e-02
-1.050000e-01 2.118927e+00 1.596435e-02
-9.000000e-02 2.118927e+00 1.901775e-02
-7.500000e-02 2.118927e+00 2.655508e-02
-6.000000e-02 2.118927e+00 4.565026e-02
-4.500000e-02 2.118927e+00 9.022642e-02
-3.000000e-02 2.118927e+00 1.725768e-01
-1.500000e-02 2.118927e+00 2.703423e-01
5.551115e-17 2.118927e+00 3.164120e-01
1.500000e-02 2.118927e+00 2.703423e-01
3.000000e-02 2.118927e+00 1.725768e-01
4.500000e-02 2.118927e+00 9.022642e-02
6.000000e-02 2.118927e+00 4.565026e-02
7.500000e-02 2.118927e+00 2.655508e-02
9.000000e-02 2.118927e+00 1.901775e-02
1.050000e-01 2.118927e+00 1.596435e-02
1.200000e-01 2.118927e+00 1.459519e-02
1.350000e-01 2.118927e+00 1.388422e-02
1.500000e-01 2.118927e+00 1.345424e-02
1.650000e-01 2.118927e+00 1.316010e-02
1.800000e-01 2.118927e+00 1.294148e-02
1.950000e-01 2.118927e+00 1.277063e-02
2.100000e-01 2.118927e+00 1.263311e-02
2.250000e-01 2.118927e+00 1.252044e-02
2.400000e-01 2.118927e+00 1.242709e-02
2.550000e-01 2.118927e+00 1.234914e-02
2.700000e-01 2.118927e+00 1.228371e-02
2.850000e-01 2.118927e+00 1.222859e-02
3.000000e-01 2.118927e+00 1.218204e-02
-3.000000e-01 2.132592e+00 1.204419e-02
-2.850000e-01 2.132592e+00 1.208990e-02
-2.700000e-01 2.132592e+00 1.214403e-02
-2.550000e-01 2.132592e+00 1.220824e-02
-2.400000e-01 2.132592e+00 1.228469e-02
-2.250000e-01 2.132592e+00 1.237616e-02
-2.100000e-01 2.132592e+00 1.248642e-02
-1.950000e-01 2.132592e+00 1.262072e-02
-1.800000e-01 2.132592e+00 1.278703e-02
-1.650000e-01 2.132592e+00 1.299873e-02
-1.500000e-01 2.132592e+00 1.328116e-02
-1.350000e-01 2.132592e+00 1.368876e-02
-1.200000e-01 2.132592e+00 1.435126e-02
-1.050000e-01 2.132592e+00 1.560244e-02
-9.000000e-02 2.132592e+00 1.834108e-02
-7.500000e-02 2.132592e+00 2.499183e-02
-6.000000e-02 2.132592e+00 4.160575e-02
-4.500000e-02 2.132592e+00 7.993546e-02
-3.000000e-02 2.132592e+00 1.501244e-01
-1.500000e-02 2.132592e+00 2.330098e-01
5.551115e-17 2.132592e+00 2.719801e-01
1.500000e-02 2.132592e+00 2.330098e-01
3.000000e-02 2.132592e+00 1.501244e-01
4.500000e-02 2.132592e+00 7.993546e-02
6.000000e-02 2.132592e+00 4.160575e-02
7.500000e-02 2.132592e+00 2.499183e-02
9.000000e-02 2.132592e+00 1.834108e-02
1.050000e-01 2.132592e+00 1.560244e-02
1.200000e-01 2.132592e+00 1.435126e-02
1.350000e-01 2.132592e+00 1.368876e-02
1.500000e-01 2.132592e+00 1.328116e-02
1.650000e-01 2.132592e+00 1.299873e-02
1.800000e-01 2.132592e+00 1.278703e-02
1.950000e-01 2.132592e+00 1.262072e-02
2.100000e-01 2.132592e+00 1.248642e-02
2.250000e-01 2.132592e+00 1.237616e-02
2.400000e-01 2.132592e+00 1.228469e-02
2.550000e-01 2.132592e+00 1.220824e-02
2.700000e-01 2.132592e+00 1.214403e-02
2.850000e-01 2.132592e+00 1.208990e-02
3.000000e-01 2.132592e+00 1.204419e-02
-3.000000e-01 2.146256e+00 1.190868e-02
-2.850000e-01 2.146256e+00 1.195359e-02
-2.700000e-01 2.146256e+00 1.200674e-02
-2.550000e-01 2.146256e+00 1.206977e-02
-2.400000e-01 2.146256e+00 1.214477e-02
-2.250000e-01 2.146256e+00 1.223444e-02
-2.100000e-01 2.146256e+00 1.234239e-02
-1.950000e-01 2.146256e+00 1.247364e-02
-1.800000e-01 2.146256e+00 1.263569e-02
-1.650000e-01 2.146256e+00 1.284098e-02
-1.500000e-01 2.146256e+00 1.311277e-02
-1.350000e-01 2.146256e+00 1.350041e-02
-1.200000e-01 2.146256e+00 1.412042e-02
-1.050000e-01 2.146256e+00 1.526985e-02
-9.000000e-02 2.146256e+00 1.774119e-02
-7.500000e-02 2.146256e+00 2.365018e-02
-6.000000e-02 2.146256e+00 3.821718e-02
-4.500000e-02 2.146256e+00 7.145615e-02
-3.000000e-02 2.146256e+00 1.318204e-01
-1.500000e-02 2.146256e+00 2.027443e-01
5.551115e-17 2.146256e+00 2.360187e-01
1.500000e-02 2.146256e+00 2.027443e-01
3.000000e-02 2.146256e+00 1.318204e-01
4.500000e-02 2.146256e+00 7.145615e-02
6.000000e-02 2.146256e+00 3.821718e-02
7.500000e-02 2.146256e+00 2.365018e-02
9.000000e-02 2.146256e+00 1.774119e-02
1.050000e-01 2.146256e+00 1.526985e-02
1.200000e-01 2.146256e+00 1.412042e-02
1.350000e-01 2.146256e+00 1.350041e-02
1.500000e-01 2.146256e+00 1.311277e-02
1.650000e-01 2.146256e+00 1.284098e-02
1.800000e-01 2.146256e+00 1.263569e-02
1.950000e-01 2.146256e+00 1.247364e-02
2.100000e-01 2.146256e+00 1.234239e-02
2.250000e-01 2.146256e+00 1.223444e-02
2.400000e-01 2.146256e+00 1.214477e-02
2.550000e-01 2.146256e+00 1.206977e-02
2.700000e-01 2.146256e+00 1.200674e-02
2.850000e-01 2.146256e+00 1.195359e-02
3.000000e-01 2.146256e+00 1.190868e-02
-3.000000e-01 2.159920e+00 1.177546e-02
-2.850000e-01 2.159920e+00 1.181958e-02
-2.700000e-01 2.159920e+00 1.187178e-02
-2.550000e-01 2.159920e+00 1.193367e-02
-2.400000e-01 2.159920e+00 1.200727e-02
-2.250000e-01 2.159920e+00 1.209520e-02
-2.100000e-01 2.159920e+00 1.220094e-02
-1.950000e-01 2.159920e+00 1.232929e-02
-1.800000e-01 2.159920e+00 1.248733e-02
-1.650000e-01 2.159920e+00 1.268667e-02
-1.500000e-01 2.159920e+00 1.294873e-02
-1.350000e-01 2.159920e+00 1.331845e-02
-1.200000e-01 2.159920e+00 1.390095e-02
-1.050000e-01 2.159920e+00 1.496202e-02
-9.000000e-02 2.159920e+00 1.720465e-02
-7.500000e-02 2.159920e+00 2.248785e-02
-6.000000e-02 2.159920e+00 3.535102e-02
-4.500000e-02 2.159920e+00 6.440223e-02
-3.000000e-02 2.159920e+00 1.167557e-01
-1.500000e-02 2.159920e+00 1.779773e-01
5.551115e-17 2.159920e+00 2.066417e-01
1.500000e-02 2.159920e+00 1.779773e-01
3.000000e-02 2.159920e+00 1.167557e-01
4.500000e-02 2.159920e+00 6.440223e-02
6.000000e-02 2.159920e+00 3.535102e-02
7.500000e-02 2.159920e+00 2.248785e-02
9.000000e-02 2.159920e+00 1.720465e-02
1.050000e-01 2.159920e+00 1.496202e-02
1.200000e-01 2.159920e+00 1.390095e-02
1.350000e-01 2.159920e+00 1.331845e-02
1.500000e-01 2.159920e+00 1.294873e-02
1.650000e-01 2.159920e+00 1.268667e-02
1.800000e-01 2.159920e+00 1.248733e-02
1.950000e-01 2.159920e+00 1.232929e-02
2.100000e-01 2.159920e+00 1.220094e-02
2.250000e-01 2.159920e+00 1.209520e-02
2.400000e-01 2.159920e+00 1.200727e-02
2.550000e-01 2.159920e+00 1.193367e-02
2.700000e-01 2.159920e+00 1.187178e-02
2.850000e-01 2.159920e+00 1.181958e-02
3.000000e-01 2.159920e+00 1.177546e-02
-3.000000e-01 2.173584e+00 1.164447e-02
-2.850000e-01 2.173584e+00 1.168783e-02
-2.700000e-01 2.173584e+00 1.173911e-02
-2.550000e-01 2.173584e+00 1.179989e-02
-2.400000e-01 2.173584e+00 1.187213e-02
-2.250000e-01 2.173584e+00 1.195839e-02
-2.100000e-01 2.173584e+00 1.206200e-02
-1.950000e-01 2.173584e+00 1.218758e-02
-1.800000e-01 2.173584e+00 1.234183e-02
-1.650000e-01 2.173584e+00 1.253562e-02
-1.500000e-01 2.173584e+00 1.278874e-02
-1.350000e-01 2.173584e+00 1.314228e-02
-1.200000e-01 2.173584e+00 1.369149e-02
-1.050000e-01 2.173584e+00 1.467533e-02
-9.000000e-02 2.173584e+00 1.672084e-02
-7.500000e-02 2.173584e+00 2.147196e-02
-6.000000e-02 2.173584e+00 3.290473e-02
-4.500000e-02 2.173584e+00 5.847961e-02
-3.000000e-02 2.173584e+00 1.042401e-01
-1.500000e-02 2.173584e+00 1.575182e-01
5.551115e-17 2.173584e+00 1.824168e-01
1.500000e-02 2.173584e+00 1.575182e-01
3.000000e-02 2.173584e+00 1.042401e-01
4.500000e-02 2.173584e+00 5.847961e-02
6.000000e-02 2.173584e+00 3.290473e-02
7.500000e-02 2.173584e+00 2.147196e-02
9.000000e-02 2.173584e+00 1.672084e-02
1.050000e-01 2.173584e+00 1.467533e-02
1.200000e-01 2.173584e+00 1.369149e-02
1.350000e-01 2.173584e+00 1.314228e-02
1.500000e-01 2.173584e+00 1.278874e-02
1.650000e-01 2.173584e+00 1.253562e-02
1.800000e-01 2.173584e+00 1.234183e-02
1.950000e-01 2.173584e+00 1.218758e-02
2.100000e-01 2.173584e+00 1.206200e-02
2.250000e-01 2.173584e+00 1.195839e-02
2.400000e-01 2.173584e+00 1.187213e-02
2.550000e-01 2.173584e+00 1.179989e-02
2.700000e-01 2.173584e+00 1.173911e-02
2.850000e-01 2.173584e+00 1.168783e-02
3.000000e-01 2.173584e+00 1.164447e-02
-3.000000e-01 2.187249e+00 1.151567e-02
-2.850000e-01 2.187249e+00 1.155828e-02
-2.700000e-01 2.187249e+00 1.160867e-02
-2.550000e-01 2.187249e+00 1.166837e-02
-2.400000e-01 2.187249e+00 1.173930e-02
-2.250000e-01 2.187249e+00 1.182393e-02
-2.100000e-01 2.187249e+00 1.192550e-02
-1.950000e-01 2.187249e+00 1.204843e-02
-1.800000e-01 2.187249e+00 1.219909e-02
-1.650000e-01 2.187249e+00 1.238768e-02
-1.500000e-01 2.187249e+00 1.263255e-02
-1.350000e-01 2.187249e+00 1.297140e-02
-1.200000e-01 2.187249e+00 1.349088e-02
-1.050000e-01 2.187249e+00 1.440680e-02
-9.000000e-02 2.187249e+00 1.628133e-02
-7.500000e-02 2.187249e+00 2.057672e-02
-6.000000e-02 2.187249e+00 3.079895e-02
-4.500000e-02 2.187249e+00 5.346299e-02
-3.000000e-02 2.187249e+00 9.374811e-02
-1.500000e-02 2.187249e+00 1.404625e-01
5.551115e-17 2.187249e+00 1.622560e-01
1.500000e-02 2.187249e+00 1.404625e-01
3.000000e-02 2.187249e+00 9.374811e-02
4.500000e-02 2.187249e+00 5.346299e-02
6.000000e-02 2.187249e+00 3.079895e-02
7.500000e-02 2.187249e+00 2.057672e-02
9.000000e-02 2.187249e+00 1.628133e-02
1.050000e-01 2.187249e+00 1.440680e-02
1.200000e-01 2.187249e+00 1.349088e-02
1.350000e-01 2.187249e+00 1.297140e-02
1.500000e-01 2.187249e+00 1.263255e-02
1.650000e-01 2.187249e+00 1.238768e-02
1.800000e-01 2.187249e+00 1.219909e-02
1.950000e-01 2.187249e+00 1.204843e-02
2.100000e-01 2.187249e+00 1.192550e-02
2.250000e-01 2.187249e+00 1.182393e-02
2.400000e-01 2.187249e+00 1.173930e-02
2.550000e-01 2.187249e+00 1.166837e-02
2.700000e-01 2.187249e+00 1.160867e-02
2.850000e-01 2.187249e+00 1.155828e-02
3.000000e-01 2.187249e+00 1.151567e-02
-3.000000e-01 2.200913e+00 1.138900e-02
-2.850000e-01 2.200913e+00 1.143089e-02
-2.700000e-01 2.200913e+00 1.148041e-02
-2.550000e-01 2.200913e+00 1.153905e-02
-2.400000e-01 2.200913e+00 1.160871e-02
-2.250000e-01 2.200913e+00 1.169177e-02
-2.100000e-01 2.200913e+00 1.179138e-02
-1.950000e-01 2.200913e+00 1.191176e-02
-1.800000e-01 2.200913e+00 1.205901e-02
-1.650000e-01 2.200913e+00 1.224271e-02
-1.500000e-01 2.200913e+00 1.247993e-02
-1.350000e-01 2.200913e+00 1.280539e-02
-1.200000e-01 2.200913e+00 1.329818e-02
-1.050000e-01 2.200913e+00 1.415403e-02
-9.000000e-02 2.200913e+00 1.587932e-02
-7.500000e-02 2.200913e+00 1.978171e-02
-6.000000e-02 2.200913e+00 2.897174e-02
-4.500000e-02 2.200913e+00 4.917847e-02
-3.000000e-02 2.200913e+00 8.487695e-02
-1.500000e-02 2.200913e+00 1.261193e-01
5.551115e-17 2.200913e+00 1.453295e-01
1.500000e-02 2.200913e+00 1.261193e-01
3.000000e-02 2.200913e+00 8.487695e-02
4.500000e-02 2.200913e+00 4.917847e-02
6.000000e-02 2.200913e+00 2.897174e-02
7.500000e-02 2.200913e+00 1.978171e-02
9.000000e-02 2.200913e+00 1.587932e-02
1.050000e-01 2.200913e+00 1.415403e-02
1.200000e-01 2.200913e+00 1.329818e-02
1.350000e-01 2.200913e+00 1.280539e-02
1.500000e-01 2.200913e+00 1.247993e-02
1.650000e-01 2.200913e+00 1.224271e-02
1.800000e-01 2.200913e+00 1.205901e-02
1.950000e-01 2.200913e+00 1.191176e-02
2.100000e-01 2.200913e+00 1.179138e-02
2.250000e-01 2.200913e+00 1.169177e-02
2.400000e-01 2.200913e+00 1.160871e-02
2.550000e-01 2.200913e+00 1.153905e-02
2.700000e-01 2.200913e+00 1.148041e-02
2.850000e-01 2.200913e+00 1.143089e-02
3.000000e-01 2.200913e+00 1.138900e-02
-3.000000e-01 2.214577e+00 1.126442e-02
-2.850000e-01 2.214577e+00 1.130560e-02
-2.700000e-01 2.214577e+00 1.135427e-02
-2.550000e-01 2.214577e+00 1.141190e-02
-2.400000e-01 2.214577e+00 1.148031e-02
-2.250000e-01 2.214577e+00 1.156185e-02
-2.100000e-01 2.214577e+00 1.165956e-02
-1.950000e-01 2.214577e+00 1.177751e-02
-1.800000e-01 2.214577e+00 1.192150e-02
-1.650000e-01 2.214577e+00 1.210059e-02
-1.500000e-01 2.214577e+00 1.233070e-02
-1.350000e-01 2.214577e+00 1.264387e-02
-1.200000e-01 2.214577e+00 1.311260e-02
-1.050000e-01 2.214577e+00 1.391503e-02
-9.000000e-02 2.214577e+00 1.550930e-02
-7.500000e-02 2.214577e+00 1.907062e-02
-6.000000e-02 2.214577e+00 2.737433e-02
-4.500000e-02 2.214577e+00 4.549069e-02
-3.000000e-02 2.214577e+00 7.731566e-02
-1.500000e-02 2.214577e+00 1.139576e-01
5.551115e-17 2.214577e+00 1.310000e-01
1.500000e-02 2.214577e+00 1.139576e-01
3.000000e-02 2.214577e+00 7.731566e-02
4.500000e-02 2.214577e+00 4.549069e-02
6.000000e-02 2.214577e+00 2.737433e-02
7.500000e-02 2.214577e+00 1.907062e-02
9.000000e-02 2.214577e+00 1.550930e-02
1.050000e-01 2.214577e+00 1.391503e-02
1.200000e-01 2.214577e+00 1.311260e-02
1.350000e-01 2.214577e+00 1.264387e-02
1.500000e-01 2.214577e+00 1.233070e-02
1.650000e-01 2.214577e+00 1.210059e-02
1.800000e-01 2.214577e+00 1.192150e-02
1.950000e-01 2.214577e+00 1.177751e-02
2.100000e-01 2.214577e+00 1.165956e-02
2.250000e-01 2.214577e+00 1.156185e-02
2.400000e-01 2.214577e+00 1.148031e-02
2.550000e-01 2.214577e+00 1.141190e-02
2.700000e-01 2.214577e+00 1.135427e-02
2.850000e-01 2.214577e+00 1.130560e-02
3.000000e-01 2.214577e+00 1.126442e-02
-3.000000e-01 2.228242e+00 1.114188e-02
-2.850000e-01 2.228242e+00 1.118237e-02
-2.700000e-01 2.228242e+00 1.123021e-02
-2.550000e-01 2.228242e+00 1.128684e-02
-2.400000e-01 2.228242e+00 1.135405e-02
-2.250000e-01 2.228242e+00 1.143412e-02
-2.100000e-01 2.228242e+00 1.152999e-02
-1.950000e-01 2.228242e+00 1.164560e-02
-1.800000e-01 2.228242e+00 1.178649e-02
-1.650000e-01 2.228242e+00 1.196121e-02
-1.500000e-01 2.228242e+00 1.218467e-02
-1.350000e-01 2.228242e+00 1.248655e-02
-1.200000e-01 2.228242e+00 1.293346e-02
-1.050000e-01 2.228242e+00 1.368815e-02
-9.000000e-02 2.228242e+00 1.516677e-02
-7.500000e-02 2.228242e+00 1.843035e-02
-6.000000e-02 2.228242e+00 2.596801e-02
-4.500000e-02 2.228242e+00 4.229340e-02
-3.000000e-02 2.228242e+00 7.082208e-02
-1.500000e-02 2.228242e+00 1.035655e-01
5.551115e-17 2.228242e+00 1.187745e-01
1.500000e-02 2.228242e+00 1.035655e-01
3.000000e-02 2.228242e+00 7.082208e-02
4.500000e-02 2.228242e+00 4.229340e-02
6.000000e-02 2.228242e+00 2.596801e-02
7.500000e-02 2.228242e+00 1.843035e-02
9.000000e-02 2.228242e+00 1.516677e-02
1.050000e-01 2.228242e+00 1.368815e-02
1.200000e-01 2.228242e+00 1.293346e-02
1.350000e-01 2.228242e+00 1.248655e-02
1.500000e-01 2.228242e+00 1.218467e-02
1.650000e-01 2.228242e+00 1.196121e-02
1.800000e-01 2.228242e+00 1.178649e-02
1.950000e-01 2.228242e+00 1.164560e-02
2.100000e-01 2.228242e+00 1.152999e-02
2.250000e-01 2.228242e+00 1.143412e-02
2.400000e-01 2.228242e+00 1.135405e-02
2.550000e-01 2.228242e+00 1.128684e-02
2.700000e-01 2.228242e+00 1.123021e-02
2.850000e-01 2.228242e+00 1.118237e-02
3.000000e-01 2.228242e+00 1.114188e-02
-3.000000e-01 2.241906e+00 1.102134e-02
-2.850000e-01 2.241906e+00 1.106115e-02
-2.700000e-01 2.241906e+00 1.110819e-02
-2.550000e-01 2.241906e+00 1.116385e-02
-2.400000e-01 2.241906e+00 1.122989e-02
-2.250000e-01 2.241906e+00 1.130853e-02
-2.100000e-01 2.241906e+00 1.140262e-02
-1.950000e-01 2.241906e+00 1.151597e-02
-1.800000e-01 2.241906e+00 1.165388e-02
-1.650000e-01 2.241906e+00 1.182447e-02
-1.500000e-01 2.241906e+00 1.204170e-02
-1.350000e-01 2.241906e+00 1.233314e-02
-1.200000e-01 2.241906e+00 1.276019e-02
-1.050000e-01 2.241906e+00 1.347203e-02
-9.000000e-02 2.241906e+00 1.484806e-02
-7.500000e-02 2.241906e+00 1.785027e-02
-6.000000e-02 2.241906e+00 2.472178e-02
-4.500000e-02 2.241906e+00 3.950249e-02
-3.000000e-02 2.241906e+00 6.520609e-02
-1.500000e-02 2.241906e+00 9.462141e-02
5.551115e-17 2.241906e+00 1.082677e-01
1.500000e-02 2.241906e+00 9.462141e-02
3.000000e-02 2.241906e+00 6.520609e-02
4.500000e-02 2.241906e+00 3.950249e-02
6.000000e-02 2.241906e+00 2.472178e-02
7.500000e-02 2.241906e+00 1.785027e-02
9.000000e-02 2.241906e+00 1.484806e-02
1.050000e-01 2.241906e+00 1.347203e-02
1.200000e-01 2.241906e+00 1.276019e-02
1.350000e-01 2.241906e+00 1.233314e-02
1.500000e-01 2.241906e+00 1.204170e-02
1.650000e-01 2.241906e+00 1.182447e-02
1.800000e-01 2.241906e+00 1.165388e-02
1.950000e-01 2.241906e+00 1.151597e-02
2.100000e-01 2.241906e+00 1.140262e-02
2.250000e-01 2.241906e+00 1.130853e-02
2.400000e-01 2.241906e+00 1.122989e-02
2.550000e-01 2.241906e+00 1.116385e-02
2.700000e-01 2.241906e+00 1.110819e-02
2.850000e-01 2.241906e+00 1.106115e-02
3.000000e-01 2.241906e+00 1.102134e-02
-3.000000e-01 2.255570e+00 1.090275e-02
-2.850000e-01 2.255570e+00 1.094190e-02
-2.700000e-01 2.255570e+00 1.098815e-02
-2.550000e-01 2.255570e+00 1.104287e-02
-2.400000e-01 2.255570e+00 1.110777e-02
-2.250000e-01 2.255570e+00 1.118502e-02
-2.100000e-01 2.255570e+00 1.127739e-02
-1.950000e-01 2.255570e+00 1.138856e-02
-1.800000e-01 2.255570e+00 1.152362e-02
-1.650000e-01 2.255570e+00 1.169027e-02
-1.500000e-01 2.255570e+00 1.190165e-02
-1.350000e-01 2.255570e+00 1.218341e-02
-1.200000e-01 2.255570e+00 1.259231e-02
-1.050000e-01 2.255570e+00 1.326550e-02
-9.000000e-02 2.255570e+00 1.455010e-02
-7.500000e-02 2.255570e+00 1.732168e-02
-6.000000e-02 2.255570e+00 2.361062e-02
-4.500000e-02 2.255570e+00 3.705080e-02
-3.000000e-02 2.255570e+00 6.031708e-02
-1.500000e-02 2.255570e+00 8.687154e-02
5.551115e-17 2.255570e+00 9.917669e-02
1.500000e-02 2.255570e+00 8.687154e-02
3.000000e-02 2.255570e+00 6.031708e-02
4.500000e-02 2.255570e+00 3.705080e-02
6.000000e-02 2.255570e+00 2.361062e-02
7.500000e-02 2.255570e+00 1.732168e-02
9.000000e-02 2.255570e+00 1.455010e-02
1.050000e-01 2.255570e+00 1.326550e-02
1.200000e-01 2.255570e+00 1.259231e-02
1.350000e-01 2.255570e+00 1.218341e-02
1.500000e-01 2.255570e+00 1.190165e-02
1.650000e-01 2.255570e+00 1.169027e-02
1.800000e-01 2.255570e+00 1.152362e-02
1.950000e-01 2.255570e+00 1.138856e-02
2.100000e-01 2.255570e+00 1.127739e-02
2.250000e-01 2.255570e+00 1.118502e-02
2.400000e-01 2.255570e+00 1.110777e-02
2.550000e-01 2.255570e+00 1.104287e-02
2.700000e-01 2.255570e+00 1.098815e-02
2.850000e-01 2.255570e+00 1.094190e-02
3.000000e-01 2.255570e+00 1.090275e-02
-3.000000e-01 2.269234e+00 1.078606e-02
-2.850000e-01 2.269234e+00 1.082457e-02
-2.700000e-01 2.269234e+00 1.087006e-02
-2.550000e-01 2.269234e+00 1.092386e-02
-2.400000e-01 2.269234e+00 1.098765e-02
-2.250000e-01 2.269234e+00 1.106354e-02
-2.100000e-01 2.269234e+00 1.115425e-02
-1.950000e-01 2.269234e+00 1.126331e-02
-1.800000e-01 2.269234e+00 1.139563e-02
-1.650000e-01 2.269234e+00 1.155854e-02
-1.500000e-01 2.269234e+00 1.176439e-02
-1.350000e-01 2.269234e+00 1.203714e-02
-1.200000e-01 2.269234e+00 1.242939e-02
-1.050000e-01 2.269234e+00 1.306760e-02
-9.000000e-02 2.269234e+00 1.427033e-02
-7.500000e-02 2.269234e+00 1.683744e-02
-6.000000e-02 2.269234e+00 2.261420e-02
-4.500000e-02 2.269234e+00 3.488429e-02
-3.000000e-02 2.269234e+00 5.603479e-02
-1.500000e-02 2.269234e+00 8.011424e-02
5.551115e-17 2.269234e+00 9.126080e-02
1.500000e-02 2.269234e+00 8.011424e-02
3.000000e-02 2.269234e+00 5.603479e-02
4.500000e-02 2.269234e+00 3.488429e-02
6.000000e-02 2.269234e+00 2.261420e-02
7.500000e-02 2.269234e+00 1.683744e-02
9.000000e-02 2.269234e+00 1.427033e-02
1.050000e-01 2.269234e+00 1.306760e-02
1.200000e-01 2.269234e+00 1.242939e-02
1.350000e-01 2.269234e+00 1.203714e-02
1.500000e-01 2.269234e+00 1.176439e-02
1.650000e-01 2.269234e+00 1.155854e-02
1.800000e-01 2.269234e+00 1.139563e-02
1.950000e-01 2.269234e+00 1.126331e-02
2.100000e-01 2.269234e+00 1.115425e-02
2.250000e-01 2.269234e+00 1.106354e-02
2.400000e-01 2.269234e+00 1.098765e-02
2.550000e-01 2.269234e+00 1.092386e-02
2.700000e-01 2.269234e+00 1.087006e-02
2.850000e-01 2.269234e+00 1.082457e-02
3.000000e-01 2.269234e+00 1.078606e-02
-3.000000e-01 2.282899e+00 1.067125e-02
-2.850000e-01 2.282899e+00 1.070913e-02
-2.700000e-01 2.282899e+00 1.075386e-02
-2.550000e-01 2.282899e+00 1.080677e-02
-2.400000e-01 2.282899e+00 1.086948e-02
-2.250000e-01 2.282899e+00 1.094406e-02
-2.100000e-01 2.282899e+00 1.103315e-02
-1.950000e-01 2.282899e+00 1.114017e-02
-1.800000e-01 2.282899e+00 1.126986e-02
-1.650000e-01 2.282899e+00 1.142918e-02
-1.500000e-01 2.282899e+00 1.162982e-02
-1.350000e-01 2.282899e+00 1.189416e-02
-1.200000e-01 2.282899e+00 1.227108e-02
-1.050000e-01 2.282899e+00 1.287748e-02
-9.000000e-02 2.282899e+00 1.400661e-02
-7.500000e-02 2.282899e+00 1.639161e-02
-6.000000e-02 2.282899e+00 2.171587e-02
-4.500000e-02 2.282899e+00 3.295913e-02
-3.000000e-02 2.282899e+00 5.226244e-02
-1.500000e-02 2.282899e+00 7.418783e-02
5.551115e-17 2.282899e+00 8.432743e-02
1.500000e-02 2.282899e+00 7.418783e-02
3.000000e-02 2.282899e+00 5.226244e-02
4.500000e-02 2.282899e+00 3.295913e-02
6.000000e-02 2.282899e+00 2.171587e-02
7.500000e-02 2.282899e+00 1.639161e-02
9.000000e-02 2.282899e+00 1.400661e-02
1.050000e-01 2.282899e+00 1.287748e-02
1.200000e-01 2.282899e+00 1.227108e-02
1.350000e-01 2.282899e+00 1.189416e-02
1.500000e-01 2.282899e+00 1.162982e-02
1.650000e-01 2.282899e+00 1.142918e-02
1.800000e-01 2.282899e+00 1.126986e-02
1.950000e-01 2.282899e+00 1.114017e-02
2.100000e-01 2.282899e+00 1.103315e-02
2.250000e-01 2.282899e+00 1.094406e-02
2.400000e-01 2.282899e+00 1.086948e-02
2.550000e-01 2.282899e+00 1.080677e-02
2.700000e-01 2.282899e+00 1.075386e-02
2.850000e-01 2.282899e+00 1.070913e-02
3.000000e-01 2.282899e+00 1.067125e-02
-3.000000e-01 2.296563e+00 1.055826e-02
-2.850000e-01 2.296563e+00 1.059553e-02
-2.700000e-01 2.296563e+00 1.063953e-02
-2.550000e-01 2.296563e+00 1.069156e-02
-2.400000e-01 2.296563e+00 1.075321e-02
-2.250000e-01 2.296563e+00 1.082652e-02
-2.100000e-01 2.296563e+00 1.091403e-02
-1.950000e-01 2.296563e+00 1.101909e-02
-1.800000e-01 2.296563e+00 1.114624e-02
-1.650000e-01 2.296563e+00 1.130213e-02
-1.500000e-01 2.296563e+00 1.149782e-02
-1.350000e-01 2.296563e+00 1.175429e-02
-1.200000e-01 2.296563e+00 1.211705e-02
-1.050000e-01 2.296563e+00 1.269443e-02
-9.000000e-02 2.296563e+00 1.375715e-02
-7.500000e-02 2.296563e+00 1.597927e-02
-6.000000e-02 2.296563e+00 2.090188e-02
-4.500000e-02 2.296563e+00 3.123953e-02
-3.000000e-02 2.296563e+00 4.892148e-02
-1.500000e-02 2.296563e+00 6.896174e-02
5.551115e-17 2.296563e+00 7.822118e-02
1.500000e-02 2.296563e+00 6.896174e-02
3.000000e-02 2.296563e+00 4.892148e-02
4.500000e-02 2.296563e+00 3.123953e-02
6.000000e-02 2.296563e+00 2.090188e-02
7.500000e-02 2.296563e+00 1.597927e-02
9.000000e-02 2.296563e+00 1.375715e-02
1.050000e-01 2.296563e+00 1.269443e-02
1.200000e-01 2.296563e+00 1.211705e-02
1.350000e-01 2.296563e+00 1.175429e-02
1.500000e-01 2.296563e+00 1.149782e-02
1.650000e-01 2.296563e+00 1.130213e-02
1.800000e-01 2.296563e+00 1.114624e-02
1.950000e-01 2.296563e+00 1.101909e-02
2.100000e-01 2.296563e+00 1.091403e-02
2.250000e-01 2.296563e+00 1.082652e-02
2.400000e-01 2.296563e+00 1.075321e-02
2.550000e-01 2.296563e+00 1.069156e-02
2.700000e-01 2.296563e+00 1.063953e-02
2.850000e-01 2.296563e+00 1.059553e-02
3.000000e-01 2.296563e+00 1.055826e-02
-3.000000e-01 2.310227e+00 1.044706e-02
-2.850000e-01 2.310227e+00 1.048373e-02
-2.700000e-01 2.310227e+00 1.052702e-02
-2.550000e-01 2.310227e+00 1.057819e-02
-2.400000e-01 2.310227e+00 1.063882e-02
-2.250000e-01 2.310227e+00 1.071088e-02
-2.100000e-01 2.310227e+00 1.079686e-02
-1.950000e-01 2.310227e+00 1.090002e-02
-1.800000e-01 2.310227e+00 1.102471e-02
-1.650000e-01 2.310227e+00 1.117733e-02
-1.500000e-01 2.310227e+00 1.136831e-02
-1.350000e-01 2.310227e+00 1.161739e-02
-1.200000e-01 2.310227e+00 1.196702e-02
-1.050000e-01 2.310227e+00 1.251783e-02
-9.000000e-02 2.310227e+00 1.352040e-02
-7.500000e-02 2.310227e+00 1.559627e-02
-6.000000e-02 2.310227e+00 2.016084e-02
-4.500000e-02 2.310227e+00 2.969603e-02
-3.000000e-02 2.310227e+00 4.594777e-02
-1.500000e-02 2.310227e+00 6.432966e-02
5.551115e-17 2.310227e+00 7.281574e-02
1.500000e-02 2.310227e+00 6.432966e-02
3.000000e-02 2.310227e+00 4.594777e-02
4.500000e-02 2.310227e+00 2.969603e-02
6.000000e-02 2.310227e+00 2.016084e-02
7.500000e-02 2.310227e+00 1.559627e-02
9.000000e-02 2.310227e+00 1.352040e-02
1.050000e-01 2.310227e+00 1.251783e-02
1.200000e-01 2.310227e+00 1.196702e-02
1.350000e-01 2.310227e+00 1.161739e-02
1.500000e-01 2.310227e+00 1.136831e-02
1.650000e-01 2.310227e+00 1.117733e-02
1.800000e-01 2.310227e+00 1.102471e-02
1.950000e-01 2.310227e+00 1.090002e-02
2.100000e-01 2.310227e+00 1.079686e-02
2.250000e-01 2.310227e+00 1.071088e-02
2.400000e-01 2.310227e+00 1.063882e-02
2.550000e-01 2.310227e+00 1.057819e-02
2.700000e-01 2.310227e+00 1.052702e-02
2.850000e-01 2.310227e+00 1.048373e-02
3.000000e-01 2.310227e+00 1.044706e-02
-3.000000e-01 2.323891e+00 1.033761e-02
-2.850000e-01 2.323891e+00 1.037369e-02
-2.700000e-01 2.323891e+00 1.041628e-02
-2.550000e-01 2.323891e+00 1.046662e-02
-2.400000e-01 2.323891e+00 1.052625e-02
-2.250000e-01 2.323891e+00 1.059710e-02
-2.100000e-01 2.323891e+00 1.068160e-02
-1.950000e-01 2.323891e+00 1.078290e-02
-1.800000e-01 2.323891e+00 1.090522e-02
-1.650000e-01 2.323891e+00 1.105469e-02
-1.500000e-01 2.323891e+00 1.124121e-02
-1.350000e-01 2.323891e+00 1.148332e-02
-1.200000e-01 2.323891e+00 1.182075e-02
-1.050000e-01 2.323891e+00 1.234717e-02
-9.000000e-02 2.323891e+00 1.329505e-02
-7.500000e-02 2.323891e+00 1.523910e-02
-6.000000e-02 2.323891e+00 1.948322e-02
-4.500000e-02 2.323891e+00 2.830426e-02
-3.000000e-02 2.323891e+00 4.328850e-02
-1.500000e-02 2.323891e+00 6.020448e-02
5.551115e-17 2.323891e+00 6.800768e-02
1.500000e-02 2.323891e+00 6.020448e-02
3.000000e-02 2.323891e+00 4.328850e-02
4.500000e-02 2.323891e+00 2.830426e-02
6.000000e-02 2.323891e+00 1.948322e-02
7.500000e-02 2.323891e+00 1.523910e-02
9.000000e-02 2.323891e+00 1.329505e-02
1.050000e-01 2.323891e+00 1.234717e-02
1.200000e-01 2.323891e+00 1.182075e-02
1.350000e-01 2.323891e+00 1.148332e-02
1.500000e-01 2.323891e+00 1.124121e-02
1.650000e-01 2.323891e+00 1.105469e-02
1.800000e-01 2.323891e+00 1.090522e-02
1.950000e-01 2.323891e+00 1.078290e-02
2.100000e-01 2.323891e+00 1.068160e-02
2.250000e-01 2.323891e+00 1.059710e-02
2.400000e-01 2.323891e+00 1.052625e-02
2.550000e-01 2.323891e+00 1.046662e-02
2.700000e-01 2.323891e+00 1.041628e-02
2.850000e-01 2.323891e+00 1.037369e-02
3.000000e-01 2.323891e+00 1.033761e-02
-3.000000e-01 2.337556e+00 1.022988e-02
-2.850000e-01 2.337556e+00 1.026539e-02
-2.700000e-01 2.337556e+00 1.030729e-02
-2.550000e-01 2.337556e+00 1.035682e-02
-2.400000e-01 2.337556e+00 1.041547e-02
-2.250000e-01 2.337556e+00 1.048513e-02
-2.100000e-01 2.337556e+00 1.056819e-02
-1.950000e-01 2.337556e+00 1.066769e-02
-1.800000e-01 2.337556e+00 1.078773e-02
-1.650000e-01 2.337556e+00 1.093416e-02
-1.500000e-01 2.337556e+00 1.111642e-02
-1.350000e-01 2.337556e+00 1.135197e-02
-1.200000e-01 2.337556e+00 1.167801e-02
-1.050000e-01 2.337556e+00 1.218196e-02
-9.000000e-02 2.337556e+00 1.307998e-02
-7.500000e-02 2.337556e+00 1.490481e-02
-6.000000e-02 2.337556e+00 1.886103e-02
-4.500000e-02 2.337556e+00 2.704390e-02
-3.000000e-02 2.337556e+00 4.089998e-02
-1.500000e-02 2.337556e+00 5.651431e-02
5.551115e-17 2.337556e+00 6.371177e-02
1.500000e-02 2.337556e+00 5.651431e-02
3.000000e-02 2.337556e+00 4.089998e-02
4.500000e-02 2.337556e+00 2.704390e-02
6.000000e-02 2.337556e+00 1.886103e-02
7.500000e-02 2.337556e+00 1.490481e-02
9.000000e-02 2.337556e+00 1.307998e-02
1.050000e-01 2.337556e+00 1.218196e-02
1.200000e-01 2.337556e+00 1.167801e-02
1.350000e-01 2.337556e+00 1.135197e-02
1.500000e-01 2.337556e+00 1.111642e-02
1.650000e-01 2.337556e+00 1.093416e-02
1.800000e-01 2.337556e+00 1.078773e-02
1.950000e-01 2.337556e+00 1.066769e-02
2.100000e-01 2.337556e+00 1.056819e-02
2.250000e-01 2.337556e+00 1.048513e-02
2.400000e-01 2.337556e+00 1.041547e-02
2.550000e-01 2.337556e+00 1.035682e-02
2.700000e-01 2.337556e+00 1.030729e-02
2.850000e-01 2.337556e+00 1.026539e-02
3.000000e-01 2.337556e+00 1.022988e-02
-3.000000e-01 2.351220e+00 1.012382e-02
-2.850000e-01 2.351220e+00 1.015877e-02
-2.700000e-01 2.351220e+00 1.020001e-02
-2.550000e-01 2.351220e+00 1.024874e-02
-2.400000e-01 2.351220e+00 1.030643e-02
-2.250000e-01 2.351220e+00 1.037494e-02
-2.100000e-01 2.351220e+00 1.045659e-02
-1.950000e-01 2.351220e+00 1.055435e-02
-1.800000e-01 2.351220e+00 1.067218e-02
-1.650000e-01 2.351220e+00 1.081569e-02
-1.500000e-01 2.351220e+00 1.099387e-02
-1.350000e-01 2.351220e+00 1.122321e-02
-1.200000e-01 2.351220e+00 1.153863e-02
-1.050000e-01 2.351220e+00 1.202181e-02
-9.000000e-02 2.351220e+00 1.287422e-02
-7.500000e-02 2.351220e+00 1.459087e-02
-6.000000e-02 2.351220e+00 1.828750e-02
-4.500000e-02 2.351220e+00 2.589791e-02
-3.000000e-02 2.351220e+00 3.874576e-02
-1.500000e-02 2.351220e+00 5.319942e-02
5.551115e-17 2.351220e+00 5.985726e-02
1.500000e-02 2.351220e+00 5.319942e-02
3.000000e-02 2.351220e+00 3.874576e-02
4.500000e-02 2.351220e+00 2.589791e-02
6.000000e-02 2.351220e+00 1.828750e-02
7.500000e-02 2.351220e+00 1.459087e-02
9.000000e-02 2.351220e+00 1.287422e-02
1.050000e-01 2.351220e+00 1.202181e-02
1.200000e-01 2.351220e+00 1.153863e-02
1.350000e-01 2.351220e+00 1.122321e-02
1.500000e-01 2.351220e+00 1.099387e-02
1.650000e-01 2.351220e+00 1.081569e-02
1.800000e-01 2.351220e+00 1.067218e-02
1.950000e-01 2.351220e+00 1.055435e-02
2.100000e-01 2.351220e+00 1.045659e-02
2.250000e-01 2.351220e+00 1.037494e-02
2.400000e-01 2.351220e+00 1.030643e-02
2.550000e-01 2.351220e+00 1.024874e-02
2.700000e-01 2.351220e+00 1.020001e-02
2.850000e-01 2.351220e+00 1.015877e-02
3.000000e-01 2.351220e+00 1.012382e-02
-3.000000e-01 2.364884e+00 1.001941e-02
-2.850000e-01 2.364884e+00 1.005381e-02
-2.700000e-01 2.364884e+00 1.009439e-02
-2.550000e-01 2.364884e+00 1.014234e-02
-2.400000e-01 2.364884e+00 1.019911e-02
-2.250000e-01 2.364884e+00 1.026649e-02
-2.100000e-01 2.364884e+00 1.034677e-02
-1.950000e-01 2.364884e+00 1.044284e-02
-1.800000e-01 2.364884e+00 1.055852e-02
-1.650000e-01 2.364884e+00 1.069922e-02
-1.500000e-01 2.364884e+00 1.087350e-02
-1.350000e-01 2.364884e+00 1.109696e-02
-1.200000e-01 2.364884e+00 1.140241e-02
-1.050000e-01 2.364884e+00 1.186636e-02
-9.000000e-02 2.364884e+00 1.267693e-02
-7.500000e-02 2.364884e+00 1.429510e-02
-6.000000e-02 2.364884e+00 1.775690e-02
-4.500000e-02 2.364884e+00 2.485194e-02
-3.000000e-02 2.364884e+00 3.679531e-02
-1.500000e-02 2.364884e+00 5.020994e-02
5.551115e-17 2.364884e+00 5.638513e-02
1.500000e-02 2.364884e+00 5.020994e-02
3.000000e-02 2.364884e+00 3.679531e-02
4.500000e-02 2.364884e+00 2.485194e-02
6.000000e-02 2.364884e+00 1.775690e-02
7.500000e-02 2.364884e+00 1.429510e-02
9.000000e-02 2.364884e+00 1.267693e-02
1.050000e-01 2.364884e+00 1.186636e-02
1.200000e-01 2.364884e+00 1.140241e-02
1.350000e-01 2.364884e+00 1.109696e-02
1.500000e-01 2.364884e+00 1.087350e-02
1.650000e-01 2.364884e+00 1.069922e-02
1.800000e-01 2.364884e+00 1.055852e-02
1.950000e-01 2.364884e+00 1.044284e-02
2.100000e-01 2.364884e+00 1.034677e-02
2.250000e-01 2.364884e+00 1.026649e-02
2.400000e-01 2.364884e+00 1.019911e-02
2.550000e-01 2.364884e+00 1.014234e-02
2.700000e-01 2.364884e+00 1.009439e-02
2.850000e-01 2.364884e+00 1.005381e-02
3.000000e-01 2.364884e+00 1.001941e-02
