# MAPbI3 n=3 superfluid scan | Eg=2.178282 eV  Ex=1.991594 eV  binding=186.7 meV | density n = G_DEG * INT d2k/(2pi)^2 f_c (Kramers degeneracy G_DEG=2)
# target_n=6.000e+11 cm^-2  n=6.123266e+11 cm^-2  dmu=1.996600 eV  BEC
# kx_invA  omega_eV  A_kw
-3.000000e-01 -6.275930e-01 5.488973e-01
-2.850000e-01 -6.275930e-01 5.355787e-01
-2.700000e-01 -6.275930e-01 5.205786e-01
-2.550000e-01 -6.275930e-01 5.038004e-01
-2.400000e-01 -6.275930e-01 4.851701e-01
-2.250000e-01 -6.275930e-01 4.646519e-01
-2.100000e-01 -6.275930e-01 4.422719e-01
-1.950000e-01 -6.275930e-01 4.181454e-01
-1.800000e-01 -6.275930e-01 3.925055e-01
-1.650000e-01 -6.275930e-01 3.657266e-01
-1.500000e-01 -6.275930e-01 3.383336e-01
-1.350000e-01 -6.275930e-01 3.109839e-01
-1.200000e-01 -6.275930e-01 2.844146e-01
-1.050000e-01 -6.275930e-01 2.593518e-01
-9.000000e-02 -6.275930e-01 2.363890e-01
-7.500000e-02 -6.275930e-01 2.158420e-01
-6.000000e-02 -6.275930e-01 1.976041e-01
-4.500000e-02 -6.275930e-01 1.811872e-01
-3.000000e-02 -6.275930e-01 1.665393e-01
-1.500000e-02 -6.275930e-01 1.555240e-01
5.551115e-17 -6.275930e-01 1.513348e-01
1.500000e-02 -6.275930e-01 1.555240e-01
3.000000e-02 -6.275930e-01 1.665393e-01
4.500000e-02 -6.275930e-01 1.811872e-01
6.000000e-02 -6.275930e-01 1.976041e-01
7.500000e-02 -6.275930e-01 2.158420e-01
9.000000e-02 -6.275930e-01 2.363890e-01
1.050000e-01 -6.275930e-01 2.593518e-01
1.200000e-01 -6.275930e-01 2.844146e-01
1.350000e-01 -6.275930e-01 3.109839e-01
1.500000e-01 -6.275930e-01 3.383336e-01
1.650000e-01 -6.275930e-01 3.657266e-01
1.800000e-01 -6.275930e-01 3.925055e-01
1.950000e-01 -6.275930e-01 4.181454e-01
2.100000e-01 -6.275930e-01 4.422719e-01
2.250000e-01 -6.275930e-01 4.646519e-01
2.400000e-01 -6.275930e-01 4.851701e-01
2.550000e-01 -6.275930e-01 5.038004e-01
2.700000e-01 -6.275930e-01 5.205786e-01
2.850000e-01 -6.275930e-01 5.355787e-01
3.000000e-01 -6.275930e-01 5.488973e-01
-3.000000e-01 -6.139287e-01 5.924922e-01
-2.850000e-01 -6.139287e-01 5.775893e-01
-2.700000e-01 -6.139287e-01 5.608283e-01
-2.550000e-01 -6.139287e-01 5.421107e-01
-2.400000e-01 -6.139287e-01 5.213645e-01
-2.250000e-01 -6.139287e-01 4.985630e-01
-2.100000e-01 -6.139287e-01 4.737500e-01
-1.950000e-01 -6.139287e-01 4.470695e-01
-1.800000e-01 -6.139287e-01 4.187963e-01
-1.650000e-01 -6.139287e-01 3.893590e-01
-1.500000e-01 -6.139287e-01 3.593477e-01
-1.350000e-01 -6.139287e-01 3.294904e-01
-1.200000e-01 -6.139287e-01 3.005925e-01
-1.050000e-01 -6.139287e-01 2.734367e-01
-9.000000e-02 -6.139287e-01 2.486533e-01
-7.500000e-02 -6.139287e-01 2.265691e-01
-6.000000e-02 -6.139287e-01 2.070602e-01
-4.500000e-02 -6.139287e-01 1.895997e-01
-3.000000e-02 -6.139287e-01 1.741117e-01
-1.500000e-02 -6.139287e-01 1.625138e-01
5.551115e-17 -6.139287e-01 1.581117e-01
1.500000e-02 -6.139287e-01 1.625138e-01
3.000000e-02 -6.139287e-01 1.741117e-01
4.500000e-02 -6.139287e-01 1.895997e-01
6.000000e-02 -6.139287e-01 2.070602e-01
7.500000e-02 -6.139287e-01 2.265691e-01
9.000000e-02 -6.139287e-01 2.486533e-01
1.050000e-01 -6.139287e-01 2.734367e-01
1.200000e-01 -6.139287e-01 3.005925e-01
1.350000e-01 -6.139287e-01 3.294904e-01
1.500000e-01 -6.139287e-01 3.593477e-01
1.650000e-01 -6.139287e-01 3.893590e-01
1.800000e-01 -6.139287e-01 4.187963e-01
1.950000e-01 -6.139287e-01 4.470695e-01
2.100000e-01 -6.139287e-01 4.737500e-01
2.250000e-01 -6.139287e-01 4.985630e-01
2.400000e-01 -6.139287e-01 5.213645e-01
2.550000e-01 -6.139287e-01 5.421107e-01
2.700000e-01 -6.139287e-01 5.608283e-01
2.850000e-01 -6.139287e-01 5.775893e-01
3.000000e-01 -6.139287e-01 5.924922e-01
-3.000000e-01 -6.002645e-01 6.414070e-01
-2.850000e-01 -6.002645e-01 6.246628e-01
-2.700000e-01 -6.002645e-01 6.058591e-01
-2.550000e-01 -6.002645e-01 5.848961e-01
-2.400000e-01 -6.002645e-01 5.617063e-01
-2.250000e-01 -6.002645e-01 5.362749e-01
-2.100000e-01 -6.002645e-01 5.086681e-01
-1.950000e-01 -6.002645e-01 4.790649e-01
-1.800000e-01 -6.002645e-01 4.477894e-01
-1.650000e-01 -6.002645e-01 4.153339e-01
-1.500000e-01 -6.002645e-01 3.823631e-01
-1.350000e-01 -6.002645e-01 3.496848e-01
-1.200000e-01 -6.002645e-01 3.181800e-01
-1.050000e-01 -6.002645e-01 2.886927e-01
-9.000000e-02 -6.002645e-01 2.618913e-01
-7.500000e-02 -6.002645e-01 2.381118e-01
-6.000000e-02 -6.002645e-01 2.172087e-01
-4.500000e-02 -6.002645e-01 1.986102e-01
-3.000000e-02 -6.002645e-01 1.822121e-01
-1.500000e-02 -6.002645e-01 1.699862e-01
5.551115e-17 -6.002645e-01 1.653552e-01
1.500000e-02 -6.002645e-01 1.699862e-01
3.000000e-02 -6.002645e-01 1.822121e-01
4.500000e-02 -6.002645e-01 1.986102e-01
6.000000e-02 -6.002645e-01 2.172087e-01
7.500000e-02 -6.002645e-01 2.381118e-01
9.000000e-02 -6.002645e-01 2.618913e-01
1.050000e-01 -6.002645e-01 2.886927e-01
1.200000e-01 -6.002645e-01 3.181800e-01
1.350000e-01 -6.002645e-01 3.496848e-01
1.500000e-01 -6.002645e-01 3.823631e-01
1.650000e-01 -6.002645e-01 4.153339e-01
1.800000e-01 -6.002645e-01 4.477894e-01
1.950000e-01 -6.002645e-01 4.790649e-01
2.100000e-01 -6.002645e-01 5.086681e-01
2.250000e-01 -6.002645e-01 5.362749e-01
2.400000e-01 -6.002645e-01 5.617063e-01
2.550000e-01 -6.002645e-01 5.848961e-01
2.700000e-01 -6.002645e-01 6.058591e-01
2.850000e-01 -6.002645e-01 6.246628e-01
3.000000e-01 -6.002645e-01 6.414070e-01
-3.000000e-01 -5.866002e-01 6.965274e-01
-2.850000e-01 -5.866002e-01 6.776316e-01
-2.700000e-01 -5.866002e-01 6.564456e-01
-2.550000e-01 -5.866002e-01 6.328699e-01
-2.400000e-01 -5.866002e-01 6.068438e-01
-2.250000e-01 -5.866002e-01 5.783687e-01
-2.100000e-01 -5.866002e-01 5.475389e-01
-1.950000e-01 -5.866002e-01 5.145763e-01
-1.800000e-01 -5.866002e-01 4.798637e-01
-1.650000e-01 -5.866002e-01 4.439679e-01
-1.500000e-01 -5.866002e-01 4.076396e-01
-1.350000e-01 -5.866002e-01 3.717768e-01
-1.200000e-01 -5.866002e-01 3.373443e-01
-1.050000e-01 -5.866002e-01 3.052523e-01
-9.000000e-02 -5.866002e-01 2.762081e-01
-7.500000e-02 -5.866002e-01 2.505544e-01
-6.000000e-02 -5.866002e-01 2.281183e-01
-4.500000e-02 -5.866002e-01 2.082765e-01
-3.000000e-02 -5.866002e-01 1.908905e-01
-1.500000e-02 -5.866002e-01 1.779866e-01
5.551115e-17 -5.866002e-01 1.731092e-01
1.500000e-02 -5.866002e-01 1.779866e-01
3.000000e-02 -5.866002e-01 1.908905e-01
4.500000e-02 -5.866002e-01 2.082765e-01
6.000000e-02 -5.866002e-01 2.281183e-01
7.500000e-02 -5.866002e-01 2.505544e-01
9.000000e-02 -5.866002e-01 2.762081e-01
1.050000e-01 -5.866002e-01 3.052523e-01
1.200000e-01 -5.866002e-01 3.373443e-01
1.350000e-01 -5.866002e-01 3.717768e-01
1.500000e-01 -5.866002e-01 4.076396e-01
1.650000e-01 -5.866002e-01 4.439679e-01
1.800000e-01 -5.866002e-01 4.798637e-01
1.950000e-01 -5.866002e-01 5.145763e-01
2.100000e-01 -5.866002e-01 5.475389e-01
2.250000e-01 -5.866002e-01 5.783687e-01
2.400000e-01 -5.866002e-01 6.068438e-01
2.550000e-01 -5.866002e-01 6.328699e-01
2.700000e-01 -5.866002e-01 6.564456e-01
2.850000e-01 -5.866002e-01 6.776316e-01
3.000000e-01 -5.866002e-01 6.965274e-01
-3.000000e-01 -5.729359e-01 7.589271e-01
-2.850000e-01 -5.729359e-01 7.375026e-01
-2.700000e-01 -5.729359e-01 7.135227e-01
-2.550000e-01 -5.729359e-01 6.868902e-01
-2.400000e-01 -5.729359e-01 6.575547e-01
-2.250000e-01 -5.729359e-01 6.255390e-01
-2.100000e-01 -5.729359e-01 5.909729e-01
-1.950000e-01 -5.729359e-01 5.541307e-01
-1.800000e-01 -5.729359e-01 5.154658e-01
-1.650000e-01 -5.729359e-01 4.756322e-01
-1.500000e-01 -5.729359e-01 4.354799e-01
-1.350000e-01 -5.729359e-01 3.960093e-01
-1.200000e-01 -5.729359e-01 3.582781e-01
-1.050000e-01 -5.729359e-01 3.232672e-01
-9.000000e-02 -5.729359e-01 2.917234e-01
-7.500000e-02 -5.729359e-01 2.639922e-01
-6.000000e-02 -5.729359e-01 2.398668e-01
-4.500000e-02 -5.729359e-01 2.186635e-01
-3.000000e-02 -5.729359e-01 2.002030e-01
-1.500000e-02 -5.729359e-01 1.865659e-01
5.551115e-17 -5.729359e-01 1.814226e-01
1.500000e-02 -5.729359e-01 1.865659e-01
3.000000e-02 -5.729359e-01 2.002030e-01
4.500000e-02 -5.729359e-01 2.186635e-01
6.000000e-02 -5.729359e-01 2.398668e-01
7.500000e-02 -5.729359e-01 2.639922e-01
9.000000e-02 -5.729359e-01 2.917234e-01
1.050000e-01 -5.729359e-01 3.232672e-01
1.200000e-01 -5.729359e-01 3.582781e-01
1.350000e-01 -5.729359e-01 3.960093e-01
1.500000e-01 -5.729359e-01 4.354799e-01
1.650000e-01 -5.729359e-01 4.756322e-01
1.800000e-01 -5.729359e-01 5.154658e-01
1.950000e-01 -5.729359e-01 5.541307e-01
2.100000e-01 -5.729359e-01 5.909729e-01
2.250000e-01 -5.729359e-01 6.255390e-01
2.400000e-01 -5.729359e-01 6.575547e-01
2.550000e-01 -5.729359e-01 6.868902e-01
2.700000e-01 -5.729359e-01 7.135227e-01
2.850000e-01 -5.729359e-01 7.375026e-01
3.000000e-01 -5.729359e-01 7.589271e-01
-3.000000e-01 -5.592716e-01 8.299167e-01
-2.850000e-01 -5.592716e-01 8.055023e-01
-2.700000e-01 -5.592716e-01 7.782263e-01
-2.550000e-01 -5.592716e-01 7.479964e-01
-2.400000e-01 -5.592716e-01 7.147775e-01
-2.250000e-01 -5.592716e-01 6.786208e-01
-2.100000e-01 -5.592716e-01 6.397008e-01
-1.950000e-01 -5.592716e-01 5.983561e-01
-1.800000e-01 -5.592716e-01 5.551248e-01
-1.650000e-01 -5.592716e-01 5.107640e-01
-1.500000e-01 -5.592716e-01 4.662387e-01
-1.350000e-01 -5.592716e-01 4.226651e-01
-1.200000e-01 -5.592716e-01 3.812037e-01
-1.050000e-01 -5.592716e-01 3.429114e-01
-9.000000e-02 -5.592716e-01 3.085738e-01
-7.500000e-02 -5.592716e-01 2.785337e-01
-6.000000e-02 -5.592716e-01 2.525418e-01
-4.500000e-02 -5.592716e-01 2.298441e-01
-3.000000e-02 -5.592716e-01 2.102127e-01
-1.500000e-02 -5.592716e-01 1.957808e-01
5.551115e-17 -5.592716e-01 1.903503e-01
1.500000e-02 -5.592716e-01 1.957808e-01
3.000000e-02 -5.592716e-01 2.102127e-01
4.500000e-02 -5.592716e-01 2.298441e-01
6.000000e-02 -5.592716e-01 2.525418e-01
7.500000e-02 -5.592716e-01 2.785337e-01
9.000000e-02 -5.592716e-01 3.085738e-01
1.050000e-01 -5.592716e-01 3.429114e-01
1.200000e-01 -5.592716e-01 3.812037e-01
1.350000e-01 -5.592716e-01 4.226651e-01
1.500000e-01 -5.592716e-01 4.662387e-01
1.650000e-01 -5.592716e-01 5.107640e-01
1.800000e-01 -5.592716e-01 5.551248e-01
1.950000e-01 -5.592716e-01 5.983561e-01
2.100000e-01 -5.592716e-01 6.397008e-01
2.250000e-01 -5.592716e-01 6.786208e-01
2.400000e-01 -5.592716e-01 7.147775e-01
2.550000e-01 -5.592716e-01 7.479964e-01
2.700000e-01 -5.592716e-01 7.782263e-01
2.850000e-01 -5.592716e-01 8.055023e-01
3.000000e-01 -5.592716e-01 8.299167e-01
-3.000000e-01 -5.456073e-01 9.111073e-01
-2.850000e-01 -5.456073e-01 8.831347e-01
-2.700000e-01 -5.456073e-01 8.519452e-01
-2.550000e-01 -5.456073e-01 8.174558e-01
-2.400000e-01 -5.456073e-01 7.796529e-01
-2.250000e-01 -5.456073e-01 7.386247e-01
-2.100000e-01 -5.456073e-01 6.946028e-01
-1.950000e-01 -5.456073e-01 6.480049e-01
-1.800000e-01 -5.456073e-01 5.994714e-01
-1.650000e-01 -5.456073e-01 5.498813e-01
-1.500000e-01 -5.456073e-01 5.003331e-01
-1.350000e-01 -5.456073e-01 4.520744e-01
-1.200000e-01 -5.456073e-01 4.063796e-01
-1.050000e-01 -5.456073e-01 3.643858e-01
-9.000000e-02 -5.456073e-01 3.269155e-01
-7.500000e-02 -5.456073e-01 2.943020e-01
-6.000000e-02 -5.456073e-01 2.662426e-01
-4.500000e-02 -5.456073e-01 2.419010e-01
-3.000000e-02 -5.456073e-01 2.209905e-01
-1.500000e-02 -5.456073e-01 2.056955e-01
5.551115e-17 -5.456073e-01 1.999541e-01
1.500000e-02 -5.456073e-01 2.056955e-01
3.000000e-02 -5.456073e-01 2.209905e-01
4.500000e-02 -5.456073e-01 2.419010e-01
6.000000e-02 -5.456073e-01 2.662426e-01
7.500000e-02 -5.456073e-01 2.943020e-01
9.000000e-02 -5.456073e-01 3.269155e-01
1.050000e-01 -5.456073e-01 3.643858e-01
1.200000e-01 -5.456073e-01 4.063796e-01
1.350000e-01 -5.456073e-01 4.520744e-01
1.500000e-01 -5.456073e-01 5.003331e-01
1.650000e-01 -5.456073e-01 5.498813e-01
1.800000e-01 -5.456073e-01 5.994714e-01
1.950000e-01 -5.456073e-01 6.480049e-01
2.100000e-01 -5.456073e-01 6.946028e-01
2.250000e-01 -5.456073e-01 7.386247e-01
2.400000e-01 -5.456073e-01 7.796529e-01
2.550000e-01 -5.456073e-01 8.174558e-01
2.700000e-01 -5.456073e-01 8.519452e-01
2.850000e-01 -5.456073e-01 8.831347e-01
3.000000e-01 -5.456073e-01 9.111073e-01
-3.000000e-01 -5.319431e-01 1.004494e+00
-2.850000e-01 -5.319431e-01 9.722580e-01
-2.700000e-01 -5.319431e-01 9.363906e-01
-2.550000e-01 -5.319431e-01 8.968244e-01
-2.400000e-01 -5.319431e-01 8.535756e-01
-2.250000e-01 -5.319431e-01 8.067814e-01
-2.100000e-01 -5.319431e-01 7.567457e-01
-1.950000e-01 -5.319431e-01 7.039843e-01
-1.800000e-01 -5.319431e-01 6.492614e-01
-1.650000e-01 -5.319431e-01 5.936010e-01
-1.500000e-01 -5.319431e-01 5.382565e-01
-1.350000e-01 -5.319431e-01 4.846252e-01
-1.200000e-01 -5.319431e-01 4.341067e-01
-1.050000e-01 -5.319431e-01 3.879225e-01
-9.000000e-02 -5.319431e-01 3.469284e-01
-7.500000e-02 -5.319431e-01 3.114382e-01
-6.000000e-02 -5.319431e-01 2.810824e-01
-4.500000e-02 -5.319431e-01 2.549274e-01
-3.000000e-02 -5.319431e-01 2.326166e-01
-1.500000e-02 -5.319431e-01 2.163825e-01
5.551115e-17 -5.319431e-01 2.103036e-01
1.500000e-02 -5.319431e-01 2.163825e-01
3.000000e-02 -5.319431e-01 2.326166e-01
4.500000e-02 -5.319431e-01 2.549274e-01
6.000000e-02 -5.319431e-01 2.810824e-01
7.500000e-02 -5.319431e-01 3.114382e-01
9.000000e-02 -5.319431e-01 3.469284e-01
1.050000e-01 -5.319431e-01 3.879225e-01
1.200000e-01 -5.319431e-01 4.341067e-01
1.350000e-01 -5.319431e-01 4.846252e-01
1.500000e-01 -5.319431e-01 5.382565e-01
1.650000e-01 -5.319431e-01 5.936010e-01
1.800000e-01 -5.319431e-01 6.492614e-01
1.950000e-01 -5.319431e-01 7.039843e-01
2.100000e-01 -5.319431e-01 7.567457e-01
2.250000e-01 -5.319431e-01 8.067814e-01
2.400000e-01 -5.319431e-01 8.535756e-01
2.550000e-01 -5.319431e-01 8.968244e-01
2.700000e-01 -5.319431e-01 9.363906e-01
2.850000e-01 -5.319431e-01 9.722580e-01
3.000000e-01 -5.319431e-01 1.004494e+00
-3.000000e-01 -5.182788e-01 1.112569e+00
-2.850000e-01 -5.182788e-01 1.075186e+00
-2.700000e-01 -5.182788e-01 1.033687e+00
-2.550000e-01 -5.182788e-01 9.880270e-01
-2.400000e-01 -5.182788e-01 9.382644e-01
-2.250000e-01 -5.182788e-01 8.846007e-01
-2.100000e-01 -5.182788e-01 8.274316e-01
-1.950000e-01 -5.182788e-01 7.673951e-01
-1.800000e-01 -5.182788e-01 7.054064e-01
-1.650000e-01 -5.182788e-01 6.426617e-01
-1.500000e-01 -5.182788e-01 5.805955e-01
-1.350000e-01 -5.182788e-01 5.207750e-01
-1.200000e-01 -5.182788e-01 4.647375e-01
-1.050000e-01 -5.182788e-01 4.137916e-01
-9.000000e-02 -5.182788e-01 3.688199e-01
-7.500000e-02 -5.182788e-01 3.301037e-01
-6.000000e-02 -5.182788e-01 2.971898e-01
-4.500000e-02 -5.182788e-01 2.690296e-01
-3.000000e-02 -5.182788e-01 2.451819e-01
-1.500000e-02 -5.182788e-01 2.279234e-01
5.551115e-17 -5.182788e-01 2.214776e-01
1.500000e-02 -5.182788e-01 2.279234e-01
3.000000e-02 -5.182788e-01 2.451819e-01
4.500000e-02 -5.182788e-01 2.690296e-01
6.000000e-02 -5.182788e-01 2.971898e-01
7.500000e-02 -5.182788e-01 3.301037e-01
9.000000e-02 -5.182788e-01 3.688199e-01
1.050000e-01 -5.182788e-01 4.137916e-01
1.200000e-01 -5.182788e-01 4.647375e-01
1.350000e-01 -5.182788e-01 5.207750e-01
1.500000e-01 -5.182788e-01 5.805955e-01
1.650000e-01 -5.182788e-01 6.426617e-01
1.800000e-01 -5.182788e-01 7.054064e-01
1.950000e-01 -5.182788e-01 7.673951e-01
2.100000e-01 -5.182788e-01 8.274316e-01
2.250000e-01 -5.182788e-01 8.846007e-01
2.400000e-01 -5.182788e-01 9.382644e-01
2.550000e-01 -5.182788e-01 9.880270e-01
2.700000e-01 -5.182788e-01 1.033687e+00
2.850000e-01 -5.182788e-01 1.075186e+00
3.000000e-01 -5.182788e-01 1.112569e+00
-3.000000e-01 -5.046145e-01 1.238466e+00
-2.850000e-01 -5.046145e-01 1.194822e+00
-2.700000e-01 -5.046145e-01 1.146491e+00
-2.550000e-01 -5.046145e-01 1.093463e+00
-2.400000e-01 -5.046145e-01 1.035853e+00
-2.250000e-01 -5.046145e-01 9.739478e-01
-2.100000e-01 -5.046145e-01 9.082606e-01
-1.950000e-01 -5.046145e-01 8.395824e-01
-1.800000e-01 -5.046145e-01 7.690123e-01
-1.650000e-01 -5.046145e-01 6.979534e-01
-1.500000e-01 -5.046145e-01 6.280514e-01
-1.350000e-01 -5.046145e-01 5.610668e-01
-1.200000e-01 -5.046145e-01 4.986869e-01
-1.050000e-01 -5.046145e-01 4.423081e-01
-9.000000e-02 -5.046145e-01 3.928302e-01
-7.500000e-02 -5.046145e-01 3.504845e-01
-6.000000e-02 -5.046145e-01 3.147124e-01
-4.500000e-02 -5.046145e-01 2.843283e-01
-3.000000e-02 -5.046145e-01 2.587896e-01
-1.500000e-02 -5.046145e-01 2.404112e-01
5.551115e-17 -5.046145e-01 2.335658e-01
1.500000e-02 -5.046145e-01 2.404112e-01
3.000000e-02 -5.046145e-01 2.587896e-01
4.500000e-02 -5.046145e-01 2.843283e-01
6.000000e-02 -5.046145e-01 3.147124e-01
7.500000e-02 -5.046145e-01 3.504845e-01
9.000000e-02 -5.046145e-01 3.928302e-01
1.050000e-01 -5.046145e-01 4.423081e-01
1.200000e-01 -5.046145e-01 4.986869e-01
1.350000e-01 -5.046145e-01 5.610668e-01
1.500000e-01 -5.046145e-01 6.280514e-01
1.650000e-01 -5.046145e-01 6.979534e-01
1.800000e-01 -5.046145e-01 7.690123e-01
1.950000e-01 -5.046145e-01 8.395824e-01
2.100000e-01 -5.046145e-01 9.082606e-01
2.250000e-01 -5.046145e-01 9.739478e-01
2.400000e-01 -5.046145e-01 1.035853e+00
2.550000e-01 -5.046145e-01 1.093463e+00
2.700000e-01 -5.046145e-01 1.146491e+00
2.850000e-01 -5.046145e-01 1.194822e+00
3.000000e-01 -5.046145e-01 1.238466e+00
-3.000000e-01 -4.909502e-01 1.386165e+00
-2.850000e-01 -4.909502e-01 1.334841e+00
-2.700000e-01 -4.909502e-01 1.278156e+00
-2.550000e-01 -4.909502e-01 1.216149e+00
-2.400000e-01 -4.909502e-01 1.149012e+00
-2.250000e-01 -4.909502e-01 1.077146e+00
-2.100000e-01 -4.909502e-01 1.001214e+00
-1.950000e-01 -4.909502e-01 9.222009e-01
-1.800000e-01 -4.909502e-01 8.414309e-01
-1.650000e-01 -4.909502e-01 7.605554e-01
-1.500000e-01 -4.909502e-01 6.814678e-01
-1.350000e-01 -4.909502e-01 6.061478e-01
-1.200000e-01 -4.909502e-01 5.364450e-01
-1.050000e-01 -4.909502e-01 4.738414e-01
-9.000000e-02 -4.909502e-01 4.192388e-01
-7.500000e-02 -4.909502e-01 3.727952e-01
-6.000000e-02 -4.909502e-01 3.338194e-01
-4.500000e-02 -4.909502e-01 3.009619e-01
-3.000000e-02 -4.909502e-01 2.735577e-01
-1.500000e-02 -4.909502e-01 2.539518e-01
5.551115e-17 -4.909502e-01 2.466699e-01
1.500000e-02 -4.909502e-01 2.539518e-01
3.000000e-02 -4.909502e-01 2.735577e-01
4.500000e-02 -4.909502e-01 3.009619e-01
6.000000e-02 -4.909502e-01 3.338194e-01
7.500000e-02 -4.909502e-01 3.727952e-01
9.000000e-02 -4.909502e-01 4.192388e-01
1.050000e-01 -4.909502e-01 4.738414e-01
1.200000e-01 -4.909502e-01 5.364450e-01
1.350000e-01 -4.909502e-01 6.061478e-01
1.500000e-01 -4.909502e-01 6.814678e-01
1.650000e-01 -4.909502e-01 7.605554e-01
1.800000e-01 -4.909502e-01 8.414309e-01
1.950000e-01 -4.909502e-01 9.222009e-01
2.100000e-01 -4.909502e-01 1.001214e+00
2.250000e-01 -4.909502e-01 1.077146e+00
2.400000e-01 -4.909502e-01 1.149012e+00
2.550000e-01 -4.909502e-01 1.216149e+00
2.700000e-01 -4.909502e-01 1.278156e+00
2.850000e-01 -4.909502e-01 1.334841e+00
3.000000e-01 -4.909502e-01 1.386165e+00
-3.000000e-01 -4.772859e-01 1.560759e+00
-2.850000e-01 -4.772859e-01 1.499936e+00
-2.700000e-01 -4.772859e-01 1.432948e+00
-2.550000e-01 -4.772859e-01 1.359906e+00
-2.400000e-01 -4.772859e-01 1.281111e+00
-2.250000e-01 -4.772859e-01 1.197110e+00
-2.100000e-01 -4.772859e-01 1.108766e+00
-1.950000e-01 -4.772859e-01 1.017302e+00
-1.800000e-01 -4.772859e-01 9.243255e-01
-1.650000e-01 -4.772859e-01 8.317854e-01
-1.500000e-01 -4.772859e-01 7.418659e-01
-1.350000e-01 -4.772859e-01 6.567946e-01
-1.200000e-01 -4.772859e-01 5.785949e-01
-1.050000e-01 -4.772859e-01 5.088268e-01
-9.000000e-02 -4.772859e-01 4.483724e-01
-7.500000e-02 -4.772859e-01 3.972850e-01
-6.000000e-02 -4.772859e-01 3.547061e-01
-4.500000e-02 -4.772859e-01 3.190891e-01
-3.000000e-02 -4.772859e-01 2.896207e-01
-1.500000e-02 -4.772859e-01 2.686661e-01
5.551115e-17 -4.772859e-01 2.609062e-01
1.500000e-02 -4.772859e-01 2.686661e-01
3.000000e-02 -4.772859e-01 2.896207e-01
4.500000e-02 -4.772859e-01 3.190891e-01
6.000000e-02 -4.772859e-01 3.547061e-01
7.500000e-02 -4.772859e-01 3.972850e-01
9.000000e-02 -4.772859e-01 4.483724e-01
1.050000e-01 -4.772859e-01 5.088268e-01
1.200000e-01 -4.772859e-01 5.785949e-01
1.350000e-01 -4.772859e-01 6.567946e-01
1.500000e-01 -4.772859e-01 7.418659e-01
1.650000e-01 -4.772859e-01 8.317854e-01
1.800000e-01 -4.772859e-01 9.243255e-01
1.950000e-01 -4.772859e-01 1.017302e+00
2.100000e-01 -4.772859e-01 1.108766e+00
2.250000e-01 -4.772859e-01 1.197110e+00
2.400000e-01 -4.772859e-01 1.281111e+00
2.550000e-01 -4.772859e-01 1.359906e+00
2.700000e-01 -4.772859e-01 1.432948e+00
2.850000e-01 -4.772859e-01 1.499936e+00
3.000000e-01 -4.772859e-01 1.560759e+00
-3.000000e-01 -4.636217e-01 1.768823e+00
-2.850000e-01 -4.636217e-01 1.696144e+00
-2.700000e-01 -4.636217e-01 1.616340e+00
-2.550000e-01 -4.636217e-01 1.529621e+00
-2.400000e-01 -4.636217e-01 1.436436e+00
-2.250000e-01 -4.636217e-01 1.337532e+00
-2.100000e-01 -4.636217e-01 1.234026e+00
-1.950000e-01 -4.636217e-01 1.127451e+00
-1.800000e-01 -4.636217e-01 1.019759e+00
-1.650000e-01 -4.636217e-01 9.132636e-01
-1.500000e-01 -4.636217e-01 8.104898e-01
-1.350000e-01 -4.636217e-01 7.139447e-01
-1.200000e-01 -4.636217e-01 6.258332e-01
-1.050000e-01 -4.636217e-01 5.477797e-01
-9.000000e-02 -4.636217e-01 4.806143e-01
-7.500000e-02 -4.636217e-01 4.242439e-01
-6.000000e-02 -4.636217e-01 3.775982e-01
-4.500000e-02 -4.636217e-01 3.388924e-01
-3.000000e-02 -4.636217e-01 3.071333e-01
-1.500000e-02 -4.636217e-01 2.846927e-01
5.551115e-17 -4.636217e-01 2.764082e-01
1.500000e-02 -4.636217e-01 2.846927e-01
3.000000e-02 -4.636217e-01 3.071333e-01
4.500000e-02 -4.636217e-01 3.388924e-01
6.000000e-02 -4.636217e-01 3.775982e-01
7.500000e-02 -4.636217e-01 4.242439e-01
9.000000e-02 -4.636217e-01 4.806143e-01
1.050000e-01 -4.636217e-01 5.477797e-01
1.200000e-01 -4.636217e-01 6.258332e-01
1.350000e-01 -4.636217e-01 7.139447e-01
1.500000e-01 -4.636217e-01 8.104898e-01
1.650000e-01 -4.636217e-01 9.132636e-01
1.800000e-01 -4.636217e-01 1.019759e+00
1.950000e-01 -4.636217e-01 1.127451e+00
2.100000e-01 -4.636217e-01 1.234026e+00
2.250000e-01 -4.636217e-01 1.337532e+00
2.400000e-01 -4.636217e-01 1.436436e+00
2.550000e-01 -4.636217e-01 1.529621e+00
2.700000e-01 -4.636217e-01 1.616340e+00
2.850000e-01 -4.636217e-01 1.696144e+00
3.000000e-01 -4.636217e-01 1.768823e+00
-3.000000e-01 -4.499574e-01 2.018911e+00
-2.850000e-01 -4.499574e-01 1.931304e+00
-2.700000e-01 -4.499574e-01 1.835413e+00
-2.550000e-01 -4.499574e-01 1.731592e+00
-2.400000e-01 -4.499574e-01 1.620490e+00
-2.250000e-01 -4.499574e-01 1.503124e+00
-2.100000e-01 -4.499574e-01 1.380943e+00
-1.950000e-01 -4.499574e-01 1.255876e+00
-1.800000e-01 -4.499574e-01 1.130309e+00
-1.650000e-01 -4.499574e-01 1.006997e+00
-1.500000e-01 -4.499574e-01 8.888661e-01
-1.350000e-01 -4.499574e-01 7.787366e-01
-1.200000e-01 -4.499574e-01 6.789982e-01
-1.050000e-01 -4.499574e-01 5.913140e-01
-9.000000e-02 -4.499574e-01 5.164169e-01
-7.500000e-02 -4.499574e-01 4.540114e-01
-6.000000e-02 -4.499574e-01 4.027584e-01
-4.500000e-02 -4.499574e-01 3.605831e-01
-3.000000e-02 -4.499574e-01 3.262740e-01
-1.500000e-02 -4.499574e-01 3.021912e-01
5.551115e-17 -4.499574e-01 2.933291e-01
1.500000e-02 -4.499574e-01 3.021912e-01
3.000000e-02 -4.499574e-01 3.262740e-01
4.500000e-02 -4.499574e-01 3.605831e-01
6.000000e-02 -4.499574e-01 4.027584e-01
7.500000e-02 -4.499574e-01 4.540114e-01
9.000000e-02 -4.499574e-01 5.164169e-01
1.050000e-01 -4.499574e-01 5.913140e-01
1.200000e-01 -4.499574e-01 6.789982e-01
1.350000e-01 -4.499574e-01 7.787366e-01
1.500000e-01 -4.499574e-01 8.888661e-01
1.650000e-01 -4.499574e-01 1.006997e+00
1.800000e-01 -4.499574e-01 1.130309e+00
1.950000e-01 -4.499574e-01 1.255876e+00
2.100000e-01 -4.499574e-01 1.380943e+00
2.250000e-01 -4.499574e-01 1.503124e+00
2.400000e-01 -4.499574e-01 1.620490e+00
2.550000e-01 -4.499574e-01 1.731592e+00
2.700000e-01 -4.499574e-01 1.835413e+00
2.850000e-01 -4.499574e-01 1.931304e+00
3.000000e-01 -4.499574e-01 2.018911e+00
-3.000000e-01 -4.362931e-01 2.322234e+00
-2.850000e-01 -4.362931e-01 2.215665e+00
-2.700000e-01 -4.362931e-01 2.099402e+00
-2.550000e-01 -4.362931e-01 1.974003e+00
-2.400000e-01 -4.362931e-01 1.840394e+00
-2.250000e-01 -4.362931e-01 1.699953e+00
-2.100000e-01 -4.362931e-01 1.554570e+00
-1.950000e-01 -4.362931e-01 1.406682e+00
-1.800000e-01 -4.362931e-01 1.259225e+00
-1.650000e-01 -4.362931e-01 1.115492e+00
-1.500000e-01 -4.362931e-01 9.788823e-01
-1.350000e-01 -4.362931e-01 8.525633e-01
-1.200000e-01 -4.362931e-01 7.391038e-01
-1.050000e-01 -4.362931e-01 6.401646e-01
-9.000000e-02 -4.362931e-01 5.563165e-01
-7.500000e-02 -4.362931e-01 4.869864e-01
-6.000000e-02 -4.362931e-01 4.304928e-01
-4.500000e-02 -4.362931e-01 3.844064e-01
-3.000000e-02 -4.362931e-01 3.472490e-01
-1.500000e-02 -4.362931e-01 3.213457e-01
5.551115e-17 -4.362931e-01 3.118460e-01
1.500000e-02 -4.362931e-01 3.213457e-01
3.000000e-02 -4.362931e-01 3.472490e-01
4.500000e-02 -4.362931e-01 3.844064e-01
6.000000e-02 -4.362931e-01 4.304928e-01
7.500000e-02 -4.362931e-01 4.869864e-01
9.000000e-02 -4.362931e-01 5.563165e-01
1.050000e-01 -4.362931e-01 6.401646e-01
1.200000e-01 -4.362931e-01 7.391038e-01
1.350000e-01 -4.362931e-01 8.525633e-01
1.500000e-01 -4.362931e-01 9.788823e-01
1.650000e-01 -4.362931e-01 1.115492e+00
1.800000e-01 -4.362931e-01 1.259225e+00
1.950000e-01 -4.362931e-01 1.406682e+00
2.100000e-01 -4.362931e-01 1.554570e+00
2.250000e-01 -4.362931e-01 1.699953e+00
2.400000e-01 -4.362931e-01 1.840394e+00
2.550000e-01 -4.362931e-01 1.974003e+00
2.700000e-01 -4.362931e-01 2.099402e+00
2.850000e-01 -4.362931e-01 2.215665e+00
3.000000e-01 -4.362931e-01 2.322234e+00
-3.000000e-01 -4.226288e-01 2.693544e+00
-2.850000e-01 -4.226288e-01 2.562701e+00
-2.700000e-01 -4.226288e-01 2.420427e+00
-2.550000e-01 -4.226288e-01 2.267567e+00
-2.400000e-01 -4.226288e-01 2.105434e+00
-2.250000e-01 -4.226288e-01 1.935894e+00
-2.100000e-01 -4.226288e-01 1.761425e+00
-1.950000e-01 -4.226288e-01 1.585128e+00
-1.800000e-01 -4.226288e-01 1.410635e+00
-1.650000e-01 -4.226288e-01 1.241903e+00
-1.500000e-01 -4.226288e-01 1.082889e+00
-1.350000e-01 -4.226288e-01 9.371410e-01
-1.200000e-01 -4.226288e-01 8.073855e-01
-1.050000e-01 -4.226288e-01 6.952172e-01
-9.000000e-02 -4.226288e-01 6.009527e-01
-7.500000e-02 -4.226288e-01 5.236403e-01
-6.000000e-02 -4.226288e-01 4.611606e-01
-4.500000e-02 -4.226288e-01 4.106482e-01
-3.000000e-02 -4.226288e-01 3.702979e-01
-1.500000e-02 -4.226288e-01 3.423701e-01
5.551115e-17 -4.226288e-01 3.321644e-01
1.500000e-02 -4.226288e-01 3.423701e-01
3.000000e-02 -4.226288e-01 3.702979e-01
4.500000e-02 -4.226288e-01 4.106482e-01
6.000000e-02 -4.226288e-01 4.611606e-01
7.500000e-02 -4.226288e-01 5.236403e-01
9.000000e-02 -4.226288e-01 6.009527e-01
1.050000e-01 -4.226288e-01 6.952172e-01
1.200000e-01 -4.226288e-01 8.073855e-01
1.350000e-01 -4.226288e-01 9.371410e-01
1.500000e-01 -4.226288e-01 1.082889e+00
1.650000e-01 -4.226288e-01 1.241903e+00
1.800000e-01 -4.226288e-01 1.410635e+00
1.950000e-01 -4.226288e-01 1.585128e+00
2.100000e-01 -4.226288e-01 1.761425e+00
2.250000e-01 -4.226288e-01 1.935894e+00
2.400000e-01 -4.226288e-01 2.105434e+00
2.550000e-01 -4.226288e-01 2.267567e+00
2.700000e-01 -4.226288e-01 2.420427e+00
2.850000e-01 -4.226288e-01 2.562701e+00
3.000000e-01 -4.226288e-01 2.693544e+00
-3.000000e-01 -4.089645e-01 3.152277e+00
-2.850000e-01 -4.089645e-01 2.990164e+00
-2.700000e-01 -4.089645e-01 2.814449e+00
-2.550000e-01 -4.089645e-01 2.626377e+00
-2.400000e-01 -4.089645e-01 2.427798e+00
-2.250000e-01 -4.089645e-01 2.221246e+00
-2.100000e-01 -4.089645e-01 2.009992e+00
-1.950000e-01 -4.089645e-01 1.798011e+00
-1.800000e-01 -4.089645e-01 1.589831e+00
-1.650000e-01 -4.089645e-01 1.390236e+00
-1.500000e-01 -4.089645e-01 1.203840e+00
-1.350000e-01 -4.089645e-01 1.034600e+00
-1.200000e-01 -4.089645e-01 8.853591e-01
-1.050000e-01 -4.089645e-01 7.575457e-01
-9.000000e-02 -4.089645e-01 6.510926e-01
-7.500000e-02 -4.089645e-01 5.645332e-01
-6.000000e-02 -4.089645e-01 4.951851e-01
-4.500000e-02 -4.089645e-01 4.396432e-01
-3.000000e-02 -4.089645e-01 3.957005e-01
-1.500000e-02 -4.089645e-01 3.655134e-01
5.551115e-17 -4.089645e-01 3.545232e-01
1.500000e-02 -4.089645e-01 3.655134e-01
3.000000e-02 -4.089645e-01 3.957005e-01
4.500000e-02 -4.089645e-01 4.396432e-01
6.000000e-02 -4.089645e-01 4.951851e-01
7.500000e-02 -4.089645e-01 5.645332e-01
9.000000e-02 -4.089645e-01 6.510926e-01
1.050000e-01 -4.089645e-01 7.575457e-01
1.200000e-01 -4.089645e-01 8.853591e-01
1.350000e-01 -4.089645e-01 1.034600e+00
1.500000e-01 -4.089645e-01 1.203840e+00
1.650000e-01 -4.089645e-01 1.390236e+00
1.800000e-01 -4.089645e-01 1.589831e+00
1.950000e-01 -4.089645e-01 1.798011e+00
2.100000e-01 -4.089645e-01 2.009992e+00
2.250000e-01 -4.089645e-01 2.221246e+00
2.400000e-01 -4.089645e-01 2.427798e+00
2.550000e-01 -4.089645e-01 2.626377e+00
2.700000e-01 -4.089645e-01 2.814449e+00
2.850000e-01 -4.089645e-01 2.990164e+00
3.000000e-01 -4.089645e-01 3.152277e+00
-3.000000e-01 -3.953003e-01 3.723858e+00
-2.850000e-01 -3.953003e-01 3.521362e+00
-2.700000e-01 -3.953003e-01 3.302474e+00
-2.550000e-01 -3.953003e-01 3.069003e+00
-2.400000e-01 -3.953003e-01 2.823541e+00
-2.250000e-01 -3.953003e-01 2.569549e+00
-2.100000e-01 -3.953003e-01 2.311379e+00
-1.950000e-01 -3.953003e-01 2.054181e+00
-1.800000e-01 -3.953003e-01 1.803653e+00
-1.650000e-01 -3.953003e-01 1.565618e+00
-1.500000e-01 -3.953003e-01 1.345474e+00
-1.350000e-01 -3.953003e-01 1.147607e+00
-1.200000e-01 -3.953003e-01 9.748977e-01
-1.050000e-01 -3.953003e-01 8.284609e-01
-9.000000e-02 -3.953003e-01 7.076618e-01
-7.500000e-02 -3.953003e-01 6.103337e-01
-6.000000e-02 -3.953003e-01 5.330673e-01
-4.500000e-02 -3.953003e-01 4.717856e-01
-3.000000e-02 -3.953003e-01 4.237845e-01
-1.500000e-02 -3.953003e-01 3.910669e-01
5.551115e-17 -3.953003e-01 3.792020e-01
1.500000e-02 -3.953003e-01 3.910669e-01
3.000000e-02 -3.953003e-01 4.237845e-01
4.500000e-02 -3.953003e-01 4.717856e-01
6.000000e-02 -3.953003e-01 5.330673e-01
7.500000e-02 -3.953003e-01 6.103337e-01
9.000000e-02 -3.953003e-01 7.076618e-01
1.050000e-01 -3.953003e-01 8.284609e-01
1.200000e-01 -3.953003e-01 9.748977e-01
1.350000e-01 -3.953003e-01 1.147607e+00
1.500000e-01 -3.953003e-01 1.345474e+00
1.650000e-01 -3.953003e-01 1.565618e+00
1.800000e-01 -3.953003e-01 1.803653e+00
1.950000e-01 -3.953003e-01 2.054181e+00
2.100000e-01 -3.953003e-01 2.311379e+00
2.250000e-01 -3.953003e-01 2.569549e+00
2.400000e-01 -3.953003e-01 2.823541e+00
2.550000e-01 -3.953003e-01 3.069003e+00
2.700000e-01 -3.953003e-01 3.302474e+00
2.850000e-01 -3.953003e-01 3.521362e+00
3.000000e-01 -3.953003e-01 3.723858e+00
-3.000000e-01 -3.816360e-01 4.440869e+00
-2.850000e-01 -3.816360e-01 4.186431e+00
-2.700000e-01 -3.816360e-01 3.911874e+00
-2.550000e-01 -3.816360e-01 3.619782e+00
-2.400000e-01 -3.816360e-01 3.313788e+00
-2.250000e-01 -3.816360e-01 2.998646e+00
-2.100000e-01 -3.816360e-01 2.680212e+00
-1.950000e-01 -3.816360e-01 2.365245e+00
-1.800000e-01 -3.816360e-01 2.061010e+00
-1.650000e-01 -3.816360e-01 1.774670e+00
-1.500000e-01 -3.816360e-01 1.512568e+00
-1.350000e-01 -3.816360e-01 1.279526e+00
-1.200000e-01 -3.816360e-01 1.078335e+00
-1.050000e-01 -3.816360e-01 9.095749e-01
-9.000000e-02 -3.816360e-01 7.717846e-01
-7.500000e-02 -3.816360e-01 6.618454e-01
-6.000000e-02 -3.816360e-01 5.754041e-01
-4.500000e-02 -3.816360e-01 5.075414e-01
-3.000000e-02 -3.816360e-01 4.549362e-01
-1.500000e-02 -3.816360e-01 4.193731e-01
5.551115e-17 -3.816360e-01 4.065294e-01
1.500000e-02 -3.816360e-01 4.193731e-01
3.000000e-02 -3.816360e-01 4.549362e-01
4.500000e-02 -3.816360e-01 5.075414e-01
6.000000e-02 -3.816360e-01 5.754041e-01
7.500000e-02 -3.816360e-01 6.618454e-01
9.000000e-02 -3.816360e-01 7.717846e-01
1.050000e-01 -3.816360e-01 9.095749e-01
1.200000e-01 -3.816360e-01 1.078335e+00
1.350000e-01 -3.816360e-01 1.279526e+00
1.500000e-01 -3.816360e-01 1.512568e+00
1.650000e-01 -3.816360e-01 1.774670e+00
1.800000e-01 -3.816360e-01 2.061010e+00
1.950000e-01 -3.816360e-01 2.365245e+00
2.100000e-01 -3.816360e-01 2.680212e+00
2.250000e-01 -3.816360e-01 2.998646e+00
2.400000e-01 -3.816360e-01 3.313788e+00
2.550000e-01 -3.816360e-01 3.619782e+00
2.700000e-01 -3.816360e-01 3.911874e+00
2.850000e-01 -3.816360e-01 4.186431e+00
3.000000e-01 -3.816360e-01 4.440869e+00
-3.000000e-01 -3.679717e-01 5.343070e+00
-2.850000e-01 -3.679717e-01 5.022911e+00
-2.700000e-01 -3.679717e-01 4.677368e+00
-2.550000e-01 -3.679717e-01 4.310056e+00
-2.400000e-01 -3.679717e-01 3.926054e+00
-2.250000e-01 -3.679717e-01 3.531954e+00
-2.100000e-01 -3.679717e-01 3.135752e+00
-1.950000e-01 -3.679717e-01 2.746485e+00
-1.800000e-01 -3.679717e-01 2.373586e+00
-1.650000e-01 -3.679717e-01 2.026009e+00
-1.500000e-01 -3.679717e-01 1.711274e+00
-1.350000e-01 -3.679717e-01 1.434637e+00
-1.200000e-01 -3.679717e-01 1.198599e+00
-1.050000e-01 -3.679717e-01 1.002884e+00
-9.000000e-02 -3.679717e-01 8.448360e-01
-7.500000e-02 -3.679717e-01 7.200395e-01
-6.000000e-02 -3.679717e-01 6.229100e-01
-4.500000e-02 -3.679717e-01 5.474648e-01
-3.000000e-02 -3.679717e-01 4.896128e-01
-1.500000e-02 -3.679717e-01 4.508366e-01
5.551115e-17 -3.679717e-01 4.368934e-01
1.500000e-02 -3.679717e-01 4.508366e-01
3.000000e-02 -3.679717e-01 4.896128e-01
4.500000e-02 -3.679717e-01 5.474648e-01
6.000000e-02 -3.679717e-01 6.229100e-01
7.500000e-02 -3.679717e-01 7.200395e-01
9.000000e-02 -3.679717e-01 8.448360e-01
1.050000e-01 -3.679717e-01 1.002884e+00
1.200000e-01 -3.679717e-01 1.198599e+00
1.350000e-01 -3.679717e-01 1.434637e+00
1.500000e-01 -3.679717e-01 1.711274e+00
1.650000e-01 -3.679717e-01 2.026009e+00
1.800000e-01 -3.679717e-01 2.373586e+00
1.950000e-01 -3.679717e-01 2.746485e+00
2.100000e-01 -3.679717e-01 3.135752e+00
2.250000e-01 -3.679717e-01 3.531954e+00
2.400000e-01 -3.679717e-01 3.926054e+00
2.550000e-01 -3.679717e-01 4.310056e+00
2.700000e-01 -3.679717e-01 4.677368e+00
2.850000e-01 -3.679717e-01 5.022911e+00
3.000000e-01 -3.679717e-01 5.343070e+00
-3.000000e-01 -3.543074e-01 6.473738e+00
-2.850000e-01 -3.543074e-01 6.073737e+00
-2.700000e-01 -3.543074e-01 5.640356e+00
-2.550000e-01 -3.543074e-01 5.178498e+00
-2.400000e-01 -3.543074e-01 4.695216e+00
-2.250000e-01 -3.543074e-01 4.199740e+00
-2.100000e-01 -3.543074e-01 3.703211e+00
-1.950000e-01 -3.543074e-01 3.218023e+00
-1.800000e-01 -3.543074e-01 2.756767e+00
-1.650000e-01 -3.543074e-01 2.330927e+00
-1.500000e-01 -3.543074e-01 1.949583e+00
-1.350000e-01 -3.543074e-01 1.618434e+00
-1.200000e-01 -3.543074e-01 1.339401e+00
-1.050000e-01 -3.543074e-01 1.110881e+00
-9.000000e-02 -3.543074e-01 9.285095e-01
-7.500000e-02 -3.543074e-01 7.860984e-01
-6.000000e-02 -3.543074e-01 6.764460e-01
-4.500000e-02 -3.543074e-01 5.922186e-01
-3.000000e-02 -3.543074e-01 5.283585e-01
-1.500000e-02 -3.543074e-01 4.859381e-01
5.551115e-17 -3.543074e-01 4.707543e-01
1.500000e-02 -3.543074e-01 4.859381e-01
3.000000e-02 -3.543074e-01 5.283585e-01
4.500000e-02 -3.543074e-01 5.922186e-01
6.000000e-02 -3.543074e-01 6.764460e-01
7.500000e-02 -3.543074e-01 7.860984e-01
9.000000e-02 -3.543074e-01 9.285095e-01
1.050000e-01 -3.543074e-01 1.110881e+00
1.200000e-01 -3.543074e-01 1.339401e+00
1.350000e-01 -3.543074e-01 1.618434e+00
1.500000e-01 -3.543074e-01 1.949583e+00
1.650000e-01 -3.543074e-01 2.330927e+00
1.800000e-01 -3.543074e-01 2.756767e+00
1.950000e-01 -3.543074e-01 3.218023e+00
2.100000e-01 -3.543074e-01 3.703211e+00
2.250000e-01 -3.543074e-01 4.199740e+00
2.400000e-01 -3.543074e-01 4.695216e+00
2.550000e-01 -3.543074e-01 5.178498e+00
2.700000e-01 -3.543074e-01 5.640356e+00
2.850000e-01 -3.543074e-01 6.073737e+00
3.000000e-01 -3.543074e-01 6.473738e+00
-3.000000e-01 -3.406431e-01 7.866770e+00
-2.850000e-01 -3.406431e-01 7.378245e+00
-2.700000e-01 -3.406431e-01 6.843369e+00
-2.550000e-01 -3.406431e-01 6.268347e+00
-2.400000e-01 -3.406431e-01 5.662779e+00
-2.250000e-01 -3.406431e-01 5.039674e+00
-2.100000e-01 -3.406431e-01 4.414930e+00
-1.950000e-01 -3.406431e-01 3.806141e+00
-1.800000e-01 -3.406431e-01 3.230810e+00
-1.650000e-01 -3.406431e-01 2.704289e+00
-1.500000e-01 -3.406431e-01 2.237947e+00
-1.350000e-01 -3.406431e-01 1.838026e+00
-1.200000e-01 -3.406431e-01 1.505476e+00
-1.050000e-01 -3.406431e-01 1.236705e+00
-9.000000e-02 -3.406431e-01 1.024907e+00
-7.500000e-02 -3.406431e-01 8.614705e-01
-6.000000e-02 -3.406431e-01 7.370562e-01
-4.500000e-02 -3.406431e-01 6.426002e-01
-3.000000e-02 -3.406431e-01 5.718249e-01
-1.500000e-02 -3.406431e-01 5.252519e-01
5.551115e-17 -3.406431e-01 5.086621e-01
1.500000e-02 -3.406431e-01 5.252519e-01
3.000000e-02 -3.406431e-01 5.718249e-01
4.500000e-02 -3.406431e-01 6.426002e-01
6.000000e-02 -3.406431e-01 7.370562e-01
7.500000e-02 -3.406431e-01 8.614705e-01
9.000000e-02 -3.406431e-01 1.024907e+00
1.050000e-01 -3.406431e-01 1.236705e+00
1.200000e-01 -3.406431e-01 1.505476e+00
1.350000e-01 -3.406431e-01 1.838026e+00
1.500000e-01 -3.406431e-01 2.237947e+00
1.650000e-01 -3.406431e-01 2.704289e+00
1.800000e-01 -3.406431e-01 3.230810e+00
1.950000e-01 -3.406431e-01 3.806141e+00
2.100000e-01 -3.406431e-01 4.414930e+00
2.250000e-01 -3.406431e-01 5.039674e+00
2.400000e-01 -3.406431e-01 5.662779e+00
2.550000e-01 -3.406431e-01 6.268347e+00
2.700000e-01 -3.406431e-01 6.843369e+00
2.850000e-01 -3.406431e-01 7.378245e+00
3.000000e-01 -3.406431e-01 7.866770e+00
-3.000000e-01 -3.269789e-01 9.514890e+00
-2.850000e-01 -3.269789e-01 8.947852e+00
-2.700000e-01 -3.269789e-01 8.312913e+00
-2.550000e-01 -3.269789e-01 7.616608e+00
-2.400000e-01 -3.269789e-01 6.871169e+00
-2.250000e-01 -3.269789e-01 6.094732e+00
-2.100000e-01 -3.269789e-01 5.310460e+00
-1.950000e-01 -3.269789e-01 4.544377e+00
-1.800000e-01 -3.269789e-01 3.822165e+00
-1.650000e-01 -3.269789e-01 3.165673e+00
-1.500000e-01 -3.269789e-01 2.590111e+00
-1.350000e-01 -3.269789e-01 2.102684e+00
-1.200000e-01 -3.269789e-01 1.702924e+00
-1.050000e-01 -3.269789e-01 1.384337e+00
-9.000000e-02 -3.269789e-01 1.136659e+00
-7.500000e-02 -3.269789e-01 9.479441e-01
-6.000000e-02 -3.269789e-01 8.060148e-01
-4.500000e-02 -3.269789e-01 6.995749e-01
-3.000000e-02 -3.269789e-01 6.207970e-01
-1.500000e-02 -3.269789e-01 5.694676e-01
5.551115e-17 -3.269789e-01 5.512768e-01
1.500000e-02 -3.269789e-01 5.694676e-01
3.000000e-02 -3.269789e-01 6.207970e-01
4.500000e-02 -3.269789e-01 6.995749e-01
6.000000e-02 -3.269789e-01 8.060148e-01
7.500000e-02 -3.269789e-01 9.479441e-01
9.000000e-02 -3.269789e-01 1.136659e+00
1.050000e-01 -3.269789e-01 1.384337e+00
1.200000e-01 -3.269789e-01 1.702924e+00
1.350000e-01 -3.269789e-01 2.102684e+00
1.500000e-01 -3.269789e-01 2.590111e+00
1.650000e-01 -3.269789e-01 3.165673e+00
1.800000e-01 -3.269789e-01 3.822165e+00
1.950000e-01 -3.269789e-01 4.544377e+00
2.100000e-01 -3.269789e-01 5.310460e+00
2.250000e-01 -3.269789e-01 6.094732e+00
2.400000e-01 -3.269789e-01 6.871169e+00
2.550000e-01 -3.269789e-01 7.616608e+00
2.700000e-01 -3.269789e-01 8.312913e+00
2.850000e-01 -3.269789e-01 8.947852e+00
3.000000e-01 -3.269789e-01 9.514890e+00
-3.000000e-01 -3.133146e-01 1.131034e+01
-2.850000e-01 -3.133146e-01 1.071599e+01
-2.700000e-01 -3.133146e-01 1.002029e+01
-2.550000e-01 -3.133146e-01 9.226178e+00
-2.400000e-01 -3.133146e-01 8.346238e+00
-2.250000e-01 -3.133146e-01 7.404022e+00
-2.100000e-01 -3.133146e-01 6.433094e+00
-1.950000e-01 -3.133146e-01 5.473261e+00
-1.800000e-01 -3.133146e-01 4.564552e+00
-1.650000e-01 -3.133146e-01 3.740685e+00
-1.500000e-01 -3.133146e-01 3.024187e+00
-1.350000e-01 -3.133146e-01 2.424576e+00
-1.200000e-01 -3.133146e-01 1.939665e+00
-1.050000e-01 -3.133146e-01 1.558878e+00
-9.000000e-02 -3.133146e-01 1.267081e+00
-7.500000e-02 -3.133146e-01 1.047744e+00
-6.000000e-02 -3.133146e-01 8.848889e-01
-4.500000e-02 -3.133146e-01 7.643193e-01
-3.000000e-02 -3.133146e-01 6.762260e-01
-1.500000e-02 -3.133146e-01 6.194194e-01
5.551115e-17 -3.133146e-01 5.993960e-01
1.500000e-02 -3.133146e-01 6.194194e-01
3.000000e-02 -3.133146e-01 6.762260e-01
4.500000e-02 -3.133146e-01 7.643193e-01
6.000000e-02 -3.133146e-01 8.848889e-01
7.500000e-02 -3.133146e-01 1.047744e+00
9.000000e-02 -3.133146e-01 1.267081e+00
1.050000e-01 -3.133146e-01 1.558878e+00
1.200000e-01 -3.133146e-01 1.939665e+00
1.350000e-01 -3.133146e-01 2.424576e+00
1.500000e-01 -3.133146e-01 3.024187e+00
1.650000e-01 -3.133146e-01 3.740685e+00
1.800000e-01 -3.133146e-01 4.564552e+00
1.950000e-01 -3.133146e-01 5.473261e+00
2.100000e-01 -3.133146e-01 6.433094e+00
2.250000e-01 -3.133146e-01 7.404022e+00
2.400000e-01 -3.133146e-01 8.346238e+00
2.550000e-01 -3.133146e-01 9.226178e+00
2.700000e-01 -3.133146e-01 1.002029e+01
2.850000e-01 -3.133146e-01 1.071599e+01
3.000000e-01 -3.133146e-01 1.131034e+01
-3.000000e-01 -2.996503e-01 1.297595e+01
-2.850000e-01 -2.996503e-01 1.246678e+01
-2.700000e-01 -2.996503e-01 1.181544e+01
-2.550000e-01 -2.996503e-01 1.101112e+01
-2.400000e-01 -2.996503e-01 1.005751e+01
-2.250000e-01 -2.996503e-01 8.978083e+00
-2.100000e-01 -2.996503e-01 7.817387e+00
-1.950000e-01 -2.996503e-01 6.635869e+00
-1.800000e-01 -2.996503e-01 5.498640e+00
-1.650000e-01 -2.996503e-01 4.462108e+00
-1.500000e-01 -2.996503e-01 3.563938e+00
-1.350000e-01 -2.996503e-01 2.819730e+00
-1.200000e-01 -2.996503e-01 2.226056e+00
-1.050000e-01 -2.996503e-01 1.766911e+00
-9.000000e-02 -2.996503e-01 1.420394e+00
-7.500000e-02 -2.996503e-01 1.163660e+00
-6.000000e-02 -2.996503e-01 9.756193e-01
-4.500000e-02 -2.996503e-01 8.382775e-01
-3.000000e-02 -2.996503e-01 7.392728e-01
-1.500000e-02 -2.996503e-01 6.761225e-01
5.551115e-17 -2.996503e-01 6.539898e-01
1.500000e-02 -2.996503e-01 6.761225e-01
3.000000e-02 -2.996503e-01 7.392728e-01
4.500000e-02 -2.996503e-01 8.382775e-01
6.000000e-02 -2.996503e-01 9.756193e-01
7.500000e-02 -2.996503e-01 1.163660e+00
9.000000e-02 -2.996503e-01 1.420394e+00
1.050000e-01 -2.996503e-01 1.766911e+00
1.200000e-01 -2.996503e-01 2.226056e+00
1.350000e-01 -2.996503e-01 2.819730e+00
1.500000e-01 -2.996503e-01 3.563938e+00
1.650000e-01 -2.996503e-01 4.462108e+00
1.800000e-01 -2.996503e-01 5.498640e+00
1.950000e-01 -2.996503e-01 6.635869e+00
2.100000e-01 -2.996503e-01 7.817387e+00
2.250000e-01 -2.996503e-01 8.978083e+00
2.400000e-01 -2.996503e-01 1.005751e+01
2.550000e-01 -2.996503e-01 1.101112e+01
2.700000e-01 -2.996503e-01 1.181544e+01
2.850000e-01 -2.996503e-01 1.246678e+01
3.000000e-01 -2.996503e-01 1.297595e+01
-3.000000e-01 -2.859860e-01 1.407433e+01
-2.850000e-01 -2.859860e-01 1.380404e+01
-2.700000e-01 -2.859860e-01 1.336768e+01
-2.550000e-01 -2.859860e-01 1.272553e+01
-2.400000e-01 -2.859860e-01 1.185159e+01
-2.250000e-01 -2.859860e-01 1.074830e+01
-2.100000e-01 -2.859860e-01 9.458149e+00
-1.950000e-01 -2.859860e-01 8.063131e+00
-1.800000e-01 -2.859860e-01 6.667442e+00
-1.650000e-01 -2.859860e-01 5.369863e+00
-1.500000e-01 -2.859860e-01 4.240030e+00
-1.350000e-01 -2.859860e-01 3.309238e+00
-1.200000e-01 -2.859860e-01 2.575719e+00
-1.050000e-01 -2.859860e-01 2.017005e+00
-9.000000e-02 -2.859860e-01 1.602011e+00
-7.500000e-02 -2.859860e-01 1.299219e+00
-6.000000e-02 -2.859860e-01 1.080629e+00
-4.500000e-02 -2.859860e-01 9.232351e-01
-3.000000e-02 -2.859860e-01 8.113644e-01
-1.500000e-02 -2.859860e-01 7.408207e-01
5.551115e-17 -2.859860e-01 7.162460e-01
1.500000e-02 -2.859860e-01 7.408207e-01
3.000000e-02 -2.859860e-01 8.113644e-01
4.500000e-02 -2.859860e-01 9.232351e-01
6.000000e-02 -2.859860e-01 1.080629e+00
7.500000e-02 -2.859860e-01 1.299219e+00
9.000000e-02 -2.859860e-01 1.602011e+00
1.050000e-01 -2.859860e-01 2.017005e+00
1.200000e-01 -2.859860e-01 2.575719e+00
1.350000e-01 -2.859860e-01 3.309238e+00
1.500000e-01 -2.859860e-01 4.240030e+00
1.650000e-01 -2.859860e-01 5.369863e+00
1.800000e-01 -2.859860e-01 6.667442e+00
1.950000e-01 -2.859860e-01 8.063131e+00
2.100000e-01 -2.859860e-01 9.458149e+00
2.250000e-01 -2.859860e-01 1.074830e+01
2.400000e-01 -2.859860e-01 1.185159e+01
2.550000e-01 -2.859860e-01 1.272553e+01
2.700000e-01 -2.859860e-01 1.336768e+01
2.850000e-01 -2.859860e-01 1.380404e+01
3.000000e-01 -2.859860e-01 1.407433e+01
-3.000000e-01 -2.723217e-01 1.421023e+01
-2.850000e-01 -2.723217e-01 1.428434e+01
-2.700000e-01 -2.723217e-01 1.422183e+01
-2.550000e-01 -2.723217e-01 1.395052e+01
-2.400000e-01 -2.723217e-01 1.339397e+01
-2.250000e-01 -2.723217e-01 1.249553e+01
-2.100000e-01 -2.723217e-01 1.125200e+01
-1.950000e-01 -2.723217e-01 9.738819e+00
-1.800000e-01 -2.723217e-01 8.101245e+00
-1.650000e-01 -2.723217e-01 6.507189e+00
-1.500000e-01 -2.723217e-01 5.090507e+00
-1.350000e-01 -2.723217e-01 3.920570e+00
-1.200000e-01 -2.723217e-01 3.006600e+00
-1.050000e-01 -2.723217e-01 2.320385e+00
-9.000000e-02 -2.723217e-01 1.818937e+00
-7.500000e-02 -2.723217e-01 1.458919e+00
-6.000000e-02 -2.723217e-01 1.202969e+00
-4.500000e-02 -2.723217e-01 1.021417e+00
-3.000000e-02 -2.723217e-01 8.942676e-01
-1.500000e-02 -2.723217e-01 8.150499e-01
5.551115e-17 -2.723217e-01 7.876300e-01
1.500000e-02 -2.723217e-01 8.150499e-01
3.000000e-02 -2.723217e-01 8.942676e-01
4.500000e-02 -2.723217e-01 1.021417e+00
6.000000e-02 -2.723217e-01 1.202969e+00
7.500000e-02 -2.723217e-01 1.458919e+00
9.000000e-02 -2.723217e-01 1.818937e+00
1.050000e-01 -2.723217e-01 2.320385e+00
1.200000e-01 -2.723217e-01 3.006600e+00
1.350000e-01 -2.723217e-01 3.920570e+00
1.500000e-01 -2.723217e-01 5.090507e+00
1.650000e-01 -2.723217e-01 6.507189e+00
1.800000e-01 -2.723217e-01 8.101245e+00
1.950000e-01 -2.723217e-01 9.738819e+00
2.100000e-01 -2.723217e-01 1.125200e+01
2.250000e-01 -2.723217e-01 1.249553e+01
2.400000e-01 -2.723217e-01 1.339397e+01
2.550000e-01 -2.723217e-01 1.395052e+01
2.700000e-01 -2.723217e-01 1.422183e+01
2.850000e-01 -2.723217e-01 1.428434e+01
3.000000e-01 -2.723217e-01 1.421023e+01
-3.000000e-01 -2.586575e-01 1.332852e+01
-2.850000e-01 -2.586575e-01 1.371635e+01
-2.700000e-01 -2.586575e-01 1.405356e+01
-2.550000e-01 -2.586575e-01 1.426197e+01
-2.400000e-01 -2.586575e-01 1.422902e+01
-2.250000e-01 -2.586575e-01 1.382088e+01
-2.100000e-01 -2.586575e-01 1.292786e+01
-1.950000e-01 -2.586575e-01 1.153697e+01
-1.800000e-01 -2.586575e-01 9.781970e+00
-1.650000e-01 -2.586575e-01 7.907361e+00
-1.500000e-01 -2.586575e-01 6.158450e+00
-1.350000e-01 -2.586575e-01 4.688550e+00
-1.200000e-01 -2.586575e-01 3.542249e+00
-1.050000e-01 -2.586575e-01 2.691832e+00
-9.000000e-02 -2.586575e-01 2.080302e+00
-7.500000e-02 -2.586575e-01 1.648546e+00
-6.000000e-02 -2.586575e-01 1.346510e+00
-4.500000e-02 -2.586575e-01 1.135619e+00
-3.000000e-02 -2.586575e-01 9.901874e-01
-1.500000e-02 -2.586575e-01 9.007209e-01
5.551115e-17 -2.586575e-01 8.699633e-01
1.500000e-02 -2.586575e-01 9.007209e-01
3.000000e-02 -2.586575e-01 9.901874e-01
4.500000e-02 -2.586575e-01 1.135619e+00
6.000000e-02 -2.586575e-01 1.346510e+00
7.500000e-02 -2.586575e-01 1.648546e+00
9.000000e-02 -2.586575e-01 2.080302e+00
1.050000e-01 -2.586575e-01 2.691832e+00
1.200000e-01 -2.586575e-01 3.542249e+00
1.350000e-01 -2.586575e-01 4.688550e+00
1.500000e-01 -2.586575e-01 6.158450e+00
1.650000e-01 -2.586575e-01 7.907361e+00
1.800000e-01 -2.586575e-01 9.781970e+00
1.950000e-01 -2.586575e-01 1.153697e+01
2.100000e-01 -2.586575e-01 1.292786e+01
2.250000e-01 -2.586575e-01 1.382088e+01
2.400000e-01 -2.586575e-01 1.422902e+01
2.550000e-01 -2.586575e-01 1.426197e+01
2.700000e-01 -2.586575e-01 1.405356e+01
2.850000e-01 -2.586575e-01 1.371635e+01
3.000000e-01 -2.586575e-01 1.332852e+01
-3.000000e-01 -2.449932e-01 1.176234e+01
-2.850000e-01 -2.449932e-01 1.232446e+01
-2.700000e-01 -2.449932e-01 1.293107e+01
-2.550000e-01 -2.449932e-01 1.353437e+01
-2.400000e-01 -2.449932e-01 1.403857e+01
-2.250000e-01 -2.449932e-01 1.428265e+01
-2.100000e-01 -2.449932e-01 1.405149e+01
-1.950000e-01 -2.449932e-01 1.315629e+01
-1.800000e-01 -2.449932e-01 1.157999e+01
-1.650000e-01 -2.449932e-01 9.561214e+00
-1.500000e-01 -2.449932e-01 7.482189e+00
-1.350000e-01 -2.449932e-01 5.654632e+00
-1.200000e-01 -2.449932e-01 4.213084e+00
-1.050000e-01 -2.449932e-01 3.150811e+00
-9.000000e-02 -2.449932e-01 2.398091e+00
-7.500000e-02 -2.449932e-01 1.875604e+00
-6.000000e-02 -2.449932e-01 1.516210e+00
-4.500000e-02 -2.449932e-01 1.269382e+00
-3.000000e-02 -2.449932e-01 1.101898e+00
-1.500000e-02 -2.449932e-01 1.000230e+00
5.551115e-17 -2.449932e-01 9.655284e-01
1.500000e-02 -2.449932e-01 1.000230e+00
3.000000e-02 -2.449932e-01 1.101898e+00
4.500000e-02 -2.449932e-01 1.269382e+00
6.000000e-02 -2.449932e-01 1.516210e+00
7.500000e-02 -2.449932e-01 1.875604e+00
9.000000e-02 -2.449932e-01 2.398091e+00
1.050000e-01 -2.449932e-01 3.150811e+00
1.200000e-01 -2.449932e-01 4.213084e+00
1.350000e-01 -2.449932e-01 5.654632e+00
1.500000e-01 -2.449932e-01 7.482189e+00
1.650000e-01 -2.449932e-01 9.561214e+00
1.800000e-01 -2.449932e-01 1.157999e+01
1.950000e-01 -2.449932e-01 1.315629e+01
2.100000e-01 -2.449932e-01 1.405149e+01
2.250000e-01 -2.449932e-01 1.428265e+01
2.400000e-01 -2.449932e-01 1.403857e+01
2.550000e-01 -2.449932e-01 1.353437e+01
2.700000e-01 -2.449932e-01 1.293107e+01
2.850000e-01 -2.449932e-01 1.232446e+01
3.000000e-01 -2.449932e-01 1.176234e+01
-3.000000e-01 -2.313289e-01 9.965932e+00
-2.850000e-01 -2.313289e-01 1.055877e+01
-2.700000e-01 -2.313289e-01 1.125560e+01
-2.550000e-01 -2.313289e-01 1.204961e+01
-2.400000e-01 -2.313289e-01 1.289979e+01
-2.250000e-01 -2.313289e-01 1.369662e+01
-2.100000e-01 -2.313289e-01 1.422142e+01
-1.950000e-01 -2.313289e-01 1.414905e+01
-1.800000e-01 -2.313289e-01 1.318938e+01
-1.650000e-01 -2.313289e-01 1.135711e+01
-1.500000e-01 -2.313289e-01 9.069412e+00
-1.350000e-01 -2.313289e-01 6.861211e+00
-1.200000e-01 -2.313289e-01 5.056903e+00
-1.050000e-01 -2.313289e-01 3.722783e+00
-9.000000e-02 -2.313289e-01 2.788085e+00
-7.500000e-02 -2.313289e-01 2.149893e+00
-6.000000e-02 -2.313289e-01 1.718467e+00
-4.500000e-02 -2.313289e-01 1.427230e+00
-3.000000e-02 -2.313289e-01 1.232920e+00
-1.500000e-02 -2.313289e-01 1.116607e+00
5.551115e-17 -2.313289e-01 1.077209e+00
1.500000e-02 -2.313289e-01 1.116607e+00
3.000000e-02 -2.313289e-01 1.232920e+00
4.500000e-02 -2.313289e-01 1.427230e+00
6.000000e-02 -2.313289e-01 1.718467e+00
7.500000e-02 -2.313289e-01 2.149893e+00
9.000000e-02 -2.313289e-01 2.788085e+00
1.050000e-01 -2.313289e-01 3.722783e+00
1.200000e-01 -2.313289e-01 5.056903e+00
1.350000e-01 -2.313289e-01 6.861211e+00
1.500000e-01 -2.313289e-01 9.069412e+00
1.650000e-01 -2.313289e-01 1.135711e+01
1.800000e-01 -2.313289e-01 1.318938e+01
1.950000e-01 -2.313289e-01 1.414905e+01
2.100000e-01 -2.313289e-01 1.422142e+01
2.250000e-01 -2.313289e-01 1.369662e+01
2.400000e-01 -2.313289e-01 1.289979e+01
2.550000e-01 -2.313289e-01 1.204961e+01
2.700000e-01 -2.313289e-01 1.125560e+01
2.850000e-01 -2.313289e-01 1.055877e+01
3.000000e-01 -2.313289e-01 9.965932e+00
-3.000000e-01 -2.176646e-01 8.264370e+00
-2.850000e-01 -2.176646e-01 8.801945e+00
-2.700000e-01 -2.176646e-01 9.461545e+00
-2.550000e-01 -2.176646e-01 1.026384e+01
-2.400000e-01 -2.176646e-01 1.121782e+01
-2.250000e-01 -2.176646e-01 1.229386e+01
-2.100000e-01 -2.176646e-01 1.336875e+01
-1.950000e-01 -2.176646e-01 1.414860e+01
-1.800000e-01 -2.176646e-01 1.416085e+01
-1.650000e-01 -2.176646e-01 1.301263e+01
-1.500000e-01 -2.176646e-01 1.084498e+01
-1.350000e-01 -2.176646e-01 8.334192e+00
-1.200000e-01 -2.176646e-01 6.116669e+00
-1.050000e-01 -2.176646e-01 4.440355e+00
-9.000000e-02 -2.176646e-01 3.271058e+00
-7.500000e-02 -2.176646e-01 2.484295e+00
-6.000000e-02 -2.176646e-01 1.961609e+00
-4.500000e-02 -2.176646e-01 1.614992e+00
-3.000000e-02 -2.176646e-01 1.387758e+00
-1.500000e-02 -2.176646e-01 1.253717e+00
5.551115e-17 -2.176646e-01 1.208680e+00
1.500000e-02 -2.176646e-01 1.253717e+00
3.000000e-02 -2.176646e-01 1.387758e+00
4.500000e-02 -2.176646e-01 1.614992e+00
6.000000e-02 -2.176646e-01 1.961609e+00
7.500000e-02 -2.176646e-01 2.484295e+00
9.000000e-02 -2.176646e-01 3.271058e+00
1.050000e-01 -2.176646e-01 4.440355e+00
1.200000e-01 -2.176646e-01 6.116669e+00
1.350000e-01 -2.176646e-01 8.334192e+00
1.500000e-01 -2.176646e-01 1.084498e+01
1.650000e-01 -2.176646e-01 1.301263e+01
1.800000e-01 -2.176646e-01 1.416085e+01
1.950000e-01 -2.176646e-01 1.414860e+01
2.100000e-01 -2.176646e-01 1.336875e+01
2.250000e-01 -2.176646e-01 1.229386e+01
2.400000e-01 -2.176646e-01 1.121782e+01
2.550000e-01 -2.176646e-01 1.026384e+01
2.700000e-01 -2.176646e-01 9.461545e+00
2.850000e-01 -2.176646e-01 8.801945e+00
3.000000e-01 -2.176646e-01 8.264370e+00
-3.000000e-01 -2.040003e-01 6.802923e+00
-2.850000e-01 -2.040003e-01 7.254298e+00
-2.700000e-01 -2.040003e-01 7.820312e+00
-2.550000e-01 -2.040003e-01 8.532177e+00
-2.400000e-01 -2.040003e-01 9.424889e+00
-2.250000e-01 -2.040003e-01 1.052552e+01
-2.100000e-01 -2.040003e-01 1.181735e+01
-1.950000e-01 -2.040003e-01 1.315511e+01
-1.800000e-01 -2.040003e-01 1.413394e+01
-1.650000e-01 -2.040003e-01 1.408791e+01
-1.500000e-01 -2.040003e-01 1.257955e+01
-1.350000e-01 -2.040003e-01 1.004334e+01
-1.200000e-01 -2.040003e-01 7.431057e+00
-1.050000e-01 -2.040003e-01 5.343265e+00
-9.000000e-02 -2.040003e-01 3.874081e+00
-7.500000e-02 -2.040003e-01 2.895782e+00
-6.000000e-02 -2.040003e-01 2.256547e+00
-4.500000e-02 -2.040003e-01 1.840243e+00
-3.000000e-02 -2.040003e-01 1.572226e+00
-1.500000e-02 -2.040003e-01 1.416531e+00
5.551115e-17 -2.040003e-01 1.364662e+00
1.500000e-02 -2.040003e-01 1.416531e+00
3.000000e-02 -2.040003e-01 1.572226e+00
4.500000e-02 -2.040003e-01 1.840243e+00
6.000000e-02 -2.040003e-01 2.256547e+00
7.500000e-02 -2.040003e-01 2.895782e+00
9.000000e-02 -2.040003e-01 3.874081e+00
1.050000e-01 -2.040003e-01 5.343265e+00
1.200000e-01 -2.040003e-01 7.431057e+00
1.350000e-01 -2.040003e-01 1.004334e+01
1.500000e-01 -2.040003e-01 1.257955e+01
1.650000e-01 -2.040003e-01 1.408791e+01
1.800000e-01 -2.040003e-01 1.413394e+01
1.950000e-01 -2.040003e-01 1.315511e+01
2.100000e-01 -2.040003e-01 1.181735e+01
2.250000e-01 -2.040003e-01 1.052552e+01
2.400000e-01 -2.040003e-01 9.424889e+00
2.550000e-01 -2.040003e-01 8.532177e+00
2.700000e-01 -2.040003e-01 7.820312e+00
2.850000e-01 -2.040003e-01 7.254298e+00
3.000000e-01 -2.040003e-01 6.802923e+00
-3.000000e-01 -1.903361e-01 5.607750e+00
-2.850000e-01 -1.903361e-01 5.972925e+00
-2.700000e-01 -1.903361e-01 6.435500e+00
-2.550000e-01 -1.903361e-01 7.026803e+00
-2.400000e-01 -1.903361e-01 7.788459e+00
-2.250000e-01 -1.903361e-01 8.771318e+00
-2.100000e-01 -1.903361e-01 1.002240e+01
-1.950000e-01 -1.903361e-01 1.153546e+01
-1.800000e-01 -1.903361e-01 1.311958e+01
-1.650000e-01 -1.903361e-01 1.419369e+01
-1.500000e-01 -1.903361e-01 1.386626e+01
-1.350000e-01 -1.903361e-01 1.183580e+01
-1.200000e-01 -1.903361e-01 9.009209e+00
-1.050000e-01 -1.903361e-01 6.474621e+00
-9.000000e-02 -1.903361e-01 4.631515e+00
-7.500000e-02 -1.903361e-01 3.406654e+00
-6.000000e-02 -1.903361e-01 2.617648e+00
-4.500000e-02 -1.903361e-01 2.112889e+00
-3.000000e-02 -1.903361e-01 1.793886e+00
-1.500000e-02 -1.903361e-01 1.611495e+00
5.551115e-17 -1.903361e-01 1.551276e+00
1.500000e-02 -1.903361e-01 1.611495e+00
3.000000e-02 -1.903361e-01 1.793886e+00
4.500000e-02 -1.903361e-01 2.112889e+00
6.000000e-02 -1.903361e-01 2.617648e+00
7.500000e-02 -1.903361e-01 3.406654e+00
9.000000e-02 -1.903361e-01 4.631515e+00
1.050000e-01 -1.903361e-01 6.474621e+00
1.200000e-01 -1.903361e-01 9.009209e+00
1.350000e-01 -1.903361e-01 1.183580e+01
1.500000e-01 -1.903361e-01 1.386626e+01
1.650000e-01 -1.903361e-01 1.419369e+01
1.800000e-01 -1.903361e-01 1.311958e+01
1.950000e-01 -1.903361e-01 1.153546e+01
2.100000e-01 -1.903361e-01 1.002240e+01
2.250000e-01 -1.903361e-01 8.771318e+00
2.400000e-01 -1.903361e-01 7.788459e+00
2.550000e-01 -1.903361e-01 7.026803e+00
2.700000e-01 -1.903361e-01 6.435500e+00
2.850000e-01 -1.903361e-01 5.972925e+00
3.000000e-01 -1.903361e-01 5.607750e+00
-3.000000e-01 -1.766718e-01 4.651413e+00
-2.850000e-01 -1.766718e-01 4.942426e+00
-2.700000e-01 -1.766718e-01 5.312400e+00
-2.550000e-01 -1.766718e-01 5.788514e+00
-2.400000e-01 -1.766718e-01 6.409308e+00
-2.250000e-01 -1.766718e-01 7.228372e+00
-2.100000e-01 -1.766718e-01 8.314843e+00
-1.950000e-01 -1.766718e-01 9.737310e+00
-1.800000e-01 -1.766718e-01 1.149054e+01
-1.650000e-01 -1.766718e-01 1.328703e+01
-1.500000e-01 -1.766718e-01 1.426967e+01
-1.350000e-01 -1.766718e-01 1.337784e+01
-1.200000e-01 -1.766718e-01 1.077943e+01
-1.050000e-01 -1.766718e-01 7.867800e+00
-9.000000e-02 -1.766718e-01 5.584390e+00
-7.500000e-02 -1.766718e-01 4.045814e+00
-6.000000e-02 -1.766718e-01 3.063829e+00
-4.500000e-02 -1.766718e-01 2.445962e+00
-3.000000e-02 -1.766718e-01 2.062646e+00
-1.500000e-02 -1.766718e-01 1.847034e+00
5.551115e-17 -1.766718e-01 1.776511e+00
1.500000e-02 -1.766718e-01 1.847034e+00
3.000000e-02 -1.766718e-01 2.062646e+00
4.500000e-02 -1.766718e-01 2.445962e+00
6.000000e-02 -1.766718e-01 3.063829e+00
7.500000e-02 -1.766718e-01 4.045814e+00
9.000000e-02 -1.766718e-01 5.584390e+00
1.050000e-01 -1.766718e-01 7.867800e+00
1.200000e-01 -1.766718e-01 1.077943e+01
1.350000e-01 -1.766718e-01 1.337784e+01
1.500000e-01 -1.766718e-01 1.426967e+01
1.650000e-01 -1.766718e-01 1.328703e+01
1.800000e-01 -1.766718e-01 1.149054e+01
1.950000e-01 -1.766718e-01 9.737310e+00
2.100000e-01 -1.766718e-01 8.314843e+00
2.250000e-01 -1.766718e-01 7.228372e+00
2.400000e-01 -1.766718e-01 6.409308e+00
2.550000e-01 -1.766718e-01 5.788514e+00
2.700000e-01 -1.766718e-01 5.312400e+00
2.850000e-01 -1.766718e-01 4.942426e+00
3.000000e-01 -1.766718e-01 4.651413e+00
-3.000000e-01 -1.630075e-01 3.891248e+00
-2.850000e-01 -1.630075e-01 4.122485e+00
-2.700000e-01 -1.630075e-01 4.416485e+00
-2.550000e-01 -1.630075e-01 4.795371e+00
-2.400000e-01 -1.630075e-01 5.291398e+00
-2.250000e-01 -1.630075e-01 5.951866e+00
-2.100000e-01 -1.630075e-01 6.844984e+00
-1.950000e-01 -1.630075e-01 8.061801e+00
-1.800000e-01 -1.630075e-01 9.692729e+00
-1.650000e-01 -1.630075e-01 1.170885e+01
-1.500000e-01 -1.630075e-01 1.362812e+01
-1.350000e-01 -1.630075e-01 1.421430e+01
-1.200000e-01 -1.630075e-01 1.251791e+01
-1.050000e-01 -1.630075e-01 9.514297e+00
-9.000000e-02 -1.630075e-01 6.775006e+00
-7.500000e-02 -1.630075e-01 4.849480e+00
-6.000000e-02 -1.630075e-01 3.619838e+00
-4.500000e-02 -1.630075e-01 2.856636e+00
-3.000000e-02 -1.630075e-01 2.391543e+00
-1.500000e-02 -1.630075e-01 2.134217e+00
5.551115e-17 -1.630075e-01 2.050860e+00
1.500000e-02 -1.630075e-01 2.134217e+00
3.000000e-02 -1.630075e-01 2.391543e+00
4.500000e-02 -1.630075e-01 2.856636e+00
6.000000e-02 -1.630075e-01 3.619838e+00
7.500000e-02 -1.630075e-01 4.849480e+00
9.000000e-02 -1.630075e-01 6.775006e+00
1.050000e-01 -1.630075e-01 9.514297e+00
1.200000e-01 -1.630075e-01 1.251791e+01
1.350000e-01 -1.630075e-01 1.421430e+01
1.500000e-01 -1.630075e-01 1.362812e+01
1.650000e-01 -1.630075e-01 1.170885e+01
1.800000e-01 -1.630075e-01 9.692729e+00
1.950000e-01 -1.630075e-01 8.061801e+00
2.100000e-01 -1.630075e-01 6.844984e+00
2.250000e-01 -1.630075e-01 5.951866e+00
2.400000e-01 -1.630075e-01 5.291398e+00
2.550000e-01 -1.630075e-01 4.795371e+00
2.700000e-01 -1.630075e-01 4.416485e+00
2.850000e-01 -1.630075e-01 4.122485e+00
3.000000e-01 -1.630075e-01 3.891248e+00
-3.000000e-01 -1.493432e-01 3.286012e+00
-2.850000e-01 -1.493432e-01 3.470423e+00
-2.700000e-01 -1.493432e-01 3.704462e+00
-2.550000e-01 -1.493432e-01 4.005643e+00
-2.400000e-01 -1.493432e-01 4.399786e+00
-2.250000e-01 -1.493432e-01 4.925615e+00
-2.100000e-01 -1.493432e-01 5.641651e+00
-1.950000e-01 -1.493432e-01 6.634768e+00
-1.800000e-01 -1.493432e-01 8.022595e+00
-1.650000e-01 -1.493432e-01 9.912170e+00
-1.500000e-01 -1.493432e-01 1.219297e+01
-1.350000e-01 -1.493432e-01 1.402663e+01
-1.200000e-01 -1.493432e-01 1.382239e+01
-1.050000e-01 -1.493432e-01 1.130414e+01
-9.000000e-02 -1.493432e-01 8.230148e+00
-7.500000e-02 -1.493432e-01 5.859627e+00
-6.000000e-02 -1.493432e-01 4.317373e+00
-4.500000e-02 -1.493432e-01 3.367428e+00
-3.000000e-02 -1.493432e-01 2.797755e+00
-1.500000e-02 -1.493432e-01 2.487629e+00
5.551115e-17 -1.493432e-01 2.388150e+00
1.500000e-02 -1.493432e-01 2.487629e+00
3.000000e-02 -1.493432e-01 2.797755e+00
4.500000e-02 -1.493432e-01 3.367428e+00
6.000000e-02 -1.493432e-01 4.317373e+00
7.500000e-02 -1.493432e-01 5.859627e+00
9.000000e-02 -1.493432e-01 8.230148e+00
1.050000e-01 -1.493432e-01 1.130414e+01
1.200000e-01 -1.493432e-01 1.382239e+01
1.350000e-01 -1.493432e-01 1.402663e+01
1.500000e-01 -1.493432e-01 1.219297e+01
1.650000e-01 -1.493432e-01 9.912170e+00
1.800000e-01 -1.493432e-01 8.022595e+00
1.950000e-01 -1.493432e-01 6.634768e+00
2.100000e-01 -1.493432e-01 5.641651e+00
2.250000e-01 -1.493432e-01 4.925615e+00
2.400000e-01 -1.493432e-01 4.399786e+00
2.550000e-01 -1.493432e-01 4.005643e+00
2.700000e-01 -1.493432e-01 3.704462e+00
2.850000e-01 -1.493432e-01 3.470423e+00
3.000000e-01 -1.493432e-01 3.286012e+00
-3.000000e-01 -1.356789e-01 2.801212e+00
-2.850000e-01 -1.356789e-01 2.949320e+00
-2.700000e-01 -1.356789e-01 3.136764e+00
-2.550000e-01 -1.356789e-01 3.377283e+00
-2.400000e-01 -1.356789e-01 3.691174e+00
-2.250000e-01 -1.356789e-01 4.109119e+00
-2.100000e-01 -1.356789e-01 4.678385e+00
-1.950000e-01 -1.356789e-01 5.472376e+00
-1.800000e-01 -1.356789e-01 6.602333e+00
-1.650000e-01 -1.356789e-01 8.216707e+00
-1.500000e-01 -1.356789e-01 1.041785e+01
-1.350000e-01 -1.356789e-01 1.289086e+01
-1.200000e-01 -1.356789e-01 1.425480e+01
-1.050000e-01 -1.356789e-01 1.295758e+01
-9.000000e-02 -1.356789e-01 9.922594e+00
-7.500000e-02 -1.356789e-01 7.116208e+00
-6.000000e-02 -1.356789e-01 5.195068e+00
-4.500000e-02 -1.356789e-01 4.007379e+00
-3.000000e-02 -1.356789e-01 3.303762e+00
-1.500000e-02 -1.356789e-01 2.926434e+00
5.551115e-17 -1.356789e-01 2.806559e+00
1.500000e-02 -1.356789e-01 2.926434e+00
3.000000e-02 -1.356789e-01 3.303762e+00
4.500000e-02 -1.356789e-01 4.007379e+00
6.000000e-02 -1.356789e-01 5.195068e+00
7.500000e-02 -1.356789e-01 7.116208e+00
9.000000e-02 -1.356789e-01 9.922594e+00
1.050000e-01 -1.356789e-01 1.295758e+01
1.200000e-01 -1.356789e-01 1.425480e+01
1.350000e-01 -1.356789e-01 1.289086e+01
1.500000e-01 -1.356789e-01 1.041785e+01
1.650000e-01 -1.356789e-01 8.216707e+00
1.800000e-01 -1.356789e-01 6.602333e+00
1.950000e-01 -1.356789e-01 5.472376e+00
2.100000e-01 -1.356789e-01 4.678385e+00
2.250000e-01 -1.356789e-01 4.109119e+00
2.400000e-01 -1.356789e-01 3.691174e+00
2.550000e-01 -1.356789e-01 3.377283e+00
2.700000e-01 -1.356789e-01 3.136764e+00
2.850000e-01 -1.356789e-01 2.949320e+00
3.000000e-01 -1.356789e-01 2.801212e+00
-3.000000e-01 -1.220147e-01 2.409690e+00
-2.850000e-01 -1.220147e-01 2.529673e+00
-2.700000e-01 -1.220147e-01 2.681038e+00
-2.550000e-01 -1.220147e-01 2.874562e+00
-2.400000e-01 -1.220147e-01 3.126132e+00
-2.250000e-01 -1.220147e-01 3.459765e+00
-2.100000e-01 -1.220147e-01 3.912669e+00
-1.950000e-01 -1.220147e-01 4.543673e+00
-1.800000e-01 -1.220147e-01 5.446294e+00
-1.650000e-01 -1.220147e-01 6.763293e+00
-1.500000e-01 -1.220147e-01 8.672918e+00
-1.350000e-01 -1.220147e-01 1.121128e+01
-1.200000e-01 -1.220147e-01 1.364223e+01
-1.050000e-01 -1.220147e-01 1.403700e+01
-9.000000e-02 -1.220147e-01 1.170573e+01
-7.500000e-02 -1.220147e-01 8.635378e+00
-6.000000e-02 -1.220147e-01 6.294859e+00
-4.500000e-02 -1.220147e-01 4.812440e+00
-3.000000e-02 -1.220147e-01 3.938400e+00
-1.500000e-02 -1.220147e-01 3.475464e+00
5.551115e-17 -1.220147e-01 3.329692e+00
1.500000e-02 -1.220147e-01 3.475464e+00
3.000000e-02 -1.220147e-01 3.938400e+00
4.500000e-02 -1.220147e-01 4.812440e+00
6.000000e-02 -1.220147e-01 6.294859e+00
7.500000e-02 -1.220147e-01 8.635378e+00
9.000000e-02 -1.220147e-01 1.170573e+01
1.050000e-01 -1.220147e-01 1.403700e+01
1.200000e-01 -1.220147e-01 1.364223e+01
1.350000e-01 -1.220147e-01 1.121128e+01
1.500000e-01 -1.220147e-01 8.672918e+00
1.650000e-01 -1.220147e-01 6.763293e+00
1.800000e-01 -1.220147e-01 5.446294e+00
1.950000e-01 -1.220147e-01 4.543673e+00
2.100000e-01 -1.220147e-01 3.912669e+00
2.250000e-01 -1.220147e-01 3.459765e+00
2.400000e-01 -1.220147e-01 3.126132e+00
2.550000e-01 -1.220147e-01 2.874562e+00
2.700000e-01 -1.220147e-01 2.681038e+00
2.850000e-01 -1.220147e-01 2.529673e+00
3.000000e-01 -1.220147e-01 2.409690e+00
-3.000000e-01 -1.083504e-01 2.090613e+00
-2.850000e-01 -1.083504e-01 2.188713e+00
-2.700000e-01 -1.083504e-01 2.312060e+00
-2.550000e-01 -1.083504e-01 2.469154e+00
-2.400000e-01 -1.083504e-01 2.672463e+00
-2.250000e-01 -1.083504e-01 2.940763e+00
-2.100000e-01 -1.083504e-01 3.303097e+00
-1.950000e-01 -1.083504e-01 3.805582e+00
-1.800000e-01 -1.083504e-01 4.522913e+00
-1.650000e-01 -1.083504e-01 5.575777e+00
-1.500000e-01 -1.083504e-01 7.145327e+00
-1.350000e-01 -1.083504e-01 9.419971e+00
-1.200000e-01 -1.083504e-01 1.222548e+01
-1.050000e-01 -1.083504e-01 1.415244e+01
-9.000000e-02 -1.083504e-01 1.325399e+01
-7.500000e-02 -1.083504e-01 1.036326e+01
-6.000000e-02 -1.083504e-01 7.649274e+00
-4.500000e-02 -1.083504e-01 5.823125e+00
-3.000000e-02 -1.083504e-01 4.736936e+00
-1.500000e-02 -1.083504e-01 4.165816e+00
5.551115e-17 -1.083504e-01 3.987266e+00
1.500000e-02 -1.083504e-01 4.165816e+00
3.000000e-02 -1.083504e-01 4.736936e+00
4.500000e-02 -1.083504e-01 5.823125e+00
6.000000e-02 -1.083504e-01 7.649274e+00
7.500000e-02 -1.083504e-01 1.036326e+01
9.000000e-02 -1.083504e-01 1.325399e+01
1.050000e-01 -1.083504e-01 1.415244e+01
1.200000e-01 -1.083504e-01 1.222548e+01
1.350000e-01 -1.083504e-01 9.419971e+00
1.500000e-01 -1.083504e-01 7.145327e+00
1.650000e-01 -1.083504e-01 5.575777e+00
1.800000e-01 -1.083504e-01 4.522913e+00
1.950000e-01 -1.083504e-01 3.805582e+00
2.100000e-01 -1.083504e-01 3.303097e+00
2.250000e-01 -1.083504e-01 2.940763e+00
2.400000e-01 -1.083504e-01 2.672463e+00
2.550000e-01 -1.083504e-01 2.469154e+00
2.700000e-01 -1.083504e-01 2.312060e+00
2.850000e-01 -1.083504e-01 2.188713e+00
3.000000e-01 -1.083504e-01 2.090613e+00
-3.000000e-01 -9.468610e-02 1.828150e+00
-2.850000e-01 -9.468610e-02 1.909105e+00
-2.700000e-01 -9.468610e-02 2.010559e+00
-2.550000e-01 -9.468610e-02 2.139267e+00
-2.400000e-01 -9.468610e-02 2.305082e+00
-2.250000e-01 -9.468610e-02 2.522745e+00
-2.100000e-01 -9.468610e-02 2.814938e+00
-1.950000e-01 -9.468610e-02 3.217576e+00
-1.800000e-01 -9.468610e-02 3.789062e+00
-1.650000e-01 -9.468610e-02 4.625904e+00
-1.500000e-01 -9.468610e-02 5.884445e+00
-1.350000e-01 -9.468610e-02 7.784577e+00
-1.200000e-01 -9.468610e-02 1.045637e+01
-1.050000e-01 -9.468610e-02 1.325702e+01
-9.000000e-02 -9.468610e-02 1.411586e+01
-7.500000e-02 -9.468610e-02 1.210645e+01
-6.000000e-02 -9.468610e-02 9.250232e+00
-4.500000e-02 -9.468610e-02 7.074958e+00
-3.000000e-02 -9.468610e-02 5.737976e+00
-1.500000e-02 -9.468610e-02 5.033486e+00
5.551115e-17 -9.468610e-02 4.814084e+00
1.500000e-02 -9.468610e-02 5.033486e+00
3.000000e-02 -9.468610e-02 5.737976e+00
4.500000e-02 -9.468610e-02 7.074958e+00
6.000000e-02 -9.468610e-02 9.250232e+00
7.500000e-02 -9.468610e-02 1.210645e+01
9.000000e-02 -9.468610e-02 1.411586e+01
1.050000e-01 -9.468610e-02 1.325702e+01
1.200000e-01 -9.468610e-02 1.045637e+01
1.350000e-01 -9.468610e-02 7.784577e+00
1.500000e-01 -9.468610e-02 5.884445e+00
1.650000e-01 -9.468610e-02 4.625904e+00
1.800000e-01 -9.468610e-02 3.789062e+00
1.950000e-01 -9.468610e-02 3.217576e+00
2.100000e-01 -9.468610e-02 2.814938e+00
2.250000e-01 -9.468610e-02 2.522745e+00
2.400000e-01 -9.468610e-02 2.305082e+00
2.550000e-01 -9.468610e-02 2.139267e+00
2.700000e-01 -9.468610e-02 2.010559e+00
2.850000e-01 -9.468610e-02 1.909105e+00
3.000000e-01 -9.468610e-02 1.828150e+00
-3.000000e-01 -8.102182e-02 1.610285e+00
-2.850000e-01 -8.102182e-02 1.677693e+00
-2.700000e-01 -8.102182e-02 1.761902e+00
-2.550000e-01 -8.102182e-02 1.868330e+00
-2.400000e-01 -8.102182e-02 2.004826e+00
-2.250000e-01 -8.102182e-02 2.183051e+00
-2.100000e-01 -8.102182e-02 2.420815e+00
-1.950000e-01 -8.102182e-02 2.746125e+00
-1.800000e-01 -8.102182e-02 3.204363e+00
-1.650000e-01 -8.102182e-02 3.870909e+00
-1.500000e-01 -8.102182e-02 4.871745e+00
-1.350000e-01 -8.102182e-02 6.406113e+00
-1.200000e-01 -8.102182e-02 8.709349e+00
-1.050000e-01 -8.102182e-02 1.168800e+01
-9.000000e-02 -8.102182e-02 1.396487e+01
-7.500000e-02 -8.102182e-02 1.349157e+01
-6.000000e-02 -8.102182e-02 1.099116e+01
-4.500000e-02 -8.102182e-02 8.573445e+00
-3.000000e-02 -8.102182e-02 6.972336e+00
-1.500000e-02 -8.102182e-02 6.112618e+00
5.551115e-17 -8.102182e-02 5.844251e+00
1.500000e-02 -8.102182e-02 6.112618e+00
3.000000e-02 -8.102182e-02 6.972336e+00
4.500000e-02 -8.102182e-02 8.573445e+00
6.000000e-02 -8.102182e-02 1.099116e+01
7.500000e-02 -8.102182e-02 1.349157e+01
9.000000e-02 -8.102182e-02 1.396487e+01
1.050000e-01 -8.102182e-02 1.168800e+01
1.200000e-01 -8.102182e-02 8.709349e+00
1.350000e-01 -8.102182e-02 6.406113e+00
1.500000e-01 -8.102182e-02 4.871745e+00
1.650000e-01 -8.102182e-02 3.870909e+00
1.800000e-01 -8.102182e-02 3.204363e+00
1.950000e-01 -8.102182e-02 2.746125e+00
2.100000e-01 -8.102182e-02 2.420815e+00
2.250000e-01 -8.102182e-02 2.183051e+00
2.400000e-01 -8.102182e-02 2.004826e+00
2.550000e-01 -8.102182e-02 1.868330e+00
2.700000e-01 -8.102182e-02 1.761902e+00
2.850000e-01 -8.102182e-02 1.677693e+00
3.000000e-01 -8.102182e-02 1.610285e+00
-3.000000e-01 -6.735754e-02 1.427858e+00
-2.850000e-01 -6.735754e-02 1.484467e+00
-2.700000e-01 -6.735754e-02 1.554974e+00
-2.550000e-01 -6.735754e-02 1.643764e+00
-2.400000e-01 -6.735754e-02 1.757149e+00
-2.250000e-01 -6.735754e-02 1.904434e+00
-2.100000e-01 -6.735754e-02 2.099712e+00
-1.950000e-01 -6.735754e-02 2.364953e+00
-1.800000e-01 -6.735754e-02 2.735474e+00
-1.650000e-01 -6.735754e-02 3.269715e+00
-1.500000e-01 -6.735754e-02 4.066219e+00
-1.350000e-01 -6.735754e-02 5.288691e+00
-1.200000e-01 -6.735754e-02 7.176313e+00
-1.050000e-01 -6.735754e-02 9.897311e+00
-9.000000e-02 -6.735754e-02 1.286225e+01
-7.500000e-02 -6.735754e-02 1.407380e+01
-6.000000e-02 -6.735754e-02 1.260047e+01
-4.500000e-02 -6.735754e-02 1.024415e+01
-3.000000e-02 -6.735754e-02 8.435401e+00
-1.500000e-02 -6.735754e-02 7.416658e+00
5.551115e-17 -6.735754e-02 7.094442e+00
1.500000e-02 -6.735754e-02 7.416658e+00
3.000000e-02 -6.735754e-02 8.435401e+00
4.500000e-02 -6.735754e-02 1.024415e+01
6.000000e-02 -6.735754e-02 1.260047e+01
7.500000e-02 -6.735754e-02 1.407380e+01
9.000000e-02 -6.735754e-02 1.286225e+01
1.050000e-01 -6.735754e-02 9.897311e+00
1.200000e-01 -6.735754e-02 7.176313e+00
1.350000e-01 -6.735754e-02 5.288691e+00
1.500000e-01 -6.735754e-02 4.066219e+00
1.650000e-01 -6.735754e-02 3.269715e+00
1.800000e-01 -6.735754e-02 2.735474e+00
1.950000e-01 -6.735754e-02 2.364953e+00
2.100000e-01 -6.735754e-02 2.099712e+00
2.250000e-01 -6.735754e-02 1.904434e+00
2.400000e-01 -6.735754e-02 1.757149e+00
2.550000e-01 -6.735754e-02 1.643764e+00
2.700000e-01 -6.735754e-02 1.554974e+00
2.850000e-01 -6.735754e-02 1.484467e+00
3.000000e-01 -6.735754e-02 1.427858e+00
-3.000000e-01 -5.369326e-02 1.273843e+00
-2.850000e-01 -5.369326e-02 1.321767e+00
-2.700000e-01 -5.369326e-02 1.381289e+00
-2.550000e-01 -5.369326e-02 1.455992e+00
-2.400000e-01 -5.369326e-02 1.550999e+00
-2.250000e-01 -5.369326e-02 1.673805e+00
-2.100000e-01 -5.369326e-02 1.835662e+00
-1.950000e-01 -5.369326e-02 2.053942e+00
-1.800000e-01 -5.369326e-02 2.356291e+00
-1.650000e-01 -5.369326e-02 2.788052e+00
-1.500000e-01 -5.369326e-02 3.425480e+00
-1.350000e-01 -5.369326e-02 4.397450e+00
-1.200000e-01 -5.369326e-02 5.909468e+00
-1.050000e-01 -5.369326e-02 8.205415e+00
-9.000000e-02 -5.369326e-02 1.120347e+01
-7.500000e-02 -5.369326e-02 1.362367e+01
-6.000000e-02 -5.369326e-02 1.365277e+01
-4.500000e-02 -5.369326e-02 1.186568e+01
-3.000000e-02 -5.369326e-02 1.003501e+01
-1.500000e-02 -5.369326e-02 8.898483e+00
5.551115e-17 -5.369326e-02 8.527472e+00
1.500000e-02 -5.369326e-02 8.898483e+00
3.000000e-02 -5.369326e-02 1.003501e+01
4.500000e-02 -5.369326e-02 1.186568e+01
6.000000e-02 -5.369326e-02 1.365277e+01
7.500000e-02 -5.369326e-02 1.362367e+01
9.000000e-02 -5.369326e-02 1.120347e+01
1.050000e-01 -5.369326e-02 8.205415e+00
1.200000e-01 -5.369326e-02 5.909468e+00
1.350000e-01 -5.369326e-02 4.397450e+00
1.500000e-01 -5.369326e-02 3.425480e+00
1.650000e-01 -5.369326e-02 2.788052e+00
1.800000e-01 -5.369326e-02 2.356291e+00
1.950000e-01 -5.369326e-02 2.053942e+00
2.100000e-01 -5.369326e-02 1.835662e+00
2.250000e-01 -5.369326e-02 1.673805e+00
2.400000e-01 -5.369326e-02 1.550999e+00
2.550000e-01 -5.369326e-02 1.455992e+00
2.700000e-01 -5.369326e-02 1.381289e+00
2.850000e-01 -5.369326e-02 1.321767e+00
3.000000e-01 -5.369326e-02 1.273843e+00
-3.000000e-01 -4.002898e-02 1.142808e+00
-2.850000e-01 -4.002898e-02 1.183687e+00
-2.700000e-01 -4.002898e-02 1.234324e+00
-2.550000e-01 -4.002898e-02 1.297675e+00
-2.400000e-01 -4.002898e-02 1.377936e+00
-2.250000e-01 -4.002898e-02 1.481203e+00
-2.100000e-01 -4.002898e-02 1.616542e+00
-1.950000e-01 -4.002898e-02 1.797814e+00
-1.800000e-01 -4.002898e-02 2.046831e+00
-1.650000e-01 -4.002898e-02 2.398967e+00
-1.500000e-01 -4.002898e-02 2.913169e+00
-1.350000e-01 -4.002898e-02 3.689133e+00
-1.200000e-01 -4.002898e-02 4.891480e+00
-1.050000e-01 -4.002898e-02 6.754137e+00
-9.000000e-02 -4.002898e-02 9.421358e+00
-7.500000e-02 -4.002898e-02 1.232085e+01
-6.000000e-02 -4.002898e-02 1.376810e+01
-4.500000e-02 -4.002898e-02 1.305150e+01
-3.000000e-02 -4.002898e-02 1.152947e+01
-1.500000e-02 -4.002898e-02 1.039077e+01
5.551115e-17 -4.002898e-02 9.995138e+00
1.500000e-02 -4.002898e-02 1.039077e+01
3.000000e-02 -4.002898e-02 1.152947e+01
4.500000e-02 -4.002898e-02 1.305150e+01
6.000000e-02 -4.002898e-02 1.376810e+01
7.500000e-02 -4.002898e-02 1.232085e+01
9.000000e-02 -4.002898e-02 9.421358e+00
1.050000e-01 -4.002898e-02 6.754137e+00
1.200000e-01 -4.002898e-02 4.891480e+00
1.350000e-01 -4.002898e-02 3.689133e+00
1.500000e-01 -4.002898e-02 2.913169e+00
1.650000e-01 -4.002898e-02 2.398967e+00
1.800000e-01 -4.002898e-02 2.046831e+00
1.950000e-01 -4.002898e-02 1.797814e+00
2.100000e-01 -4.002898e-02 1.616542e+00
2.250000e-01 -4.002898e-02 1.481203e+00
2.400000e-01 -4.002898e-02 1.377936e+00
2.550000e-01 -4.002898e-02 1.297675e+00
2.700000e-01 -4.002898e-02 1.234324e+00
2.850000e-01 -4.002898e-02 1.183687e+00
3.000000e-01 -4.002898e-02 1.142808e+00
-3.000000e-01 -2.636470e-02 1.030520e+00
-2.850000e-01 -2.636470e-02 1.065634e+00
-2.700000e-01 -2.636470e-02 1.109024e+00
-2.550000e-01 -2.636470e-02 1.163148e+00
-2.400000e-01 -2.636470e-02 1.231474e+00
-2.250000e-01 -2.636470e-02 1.319004e+00
-2.100000e-01 -2.636470e-02 1.433113e+00
-1.950000e-01 -2.636470e-02 1.584964e+00
-1.800000e-01 -2.636470e-02 1.791921e+00
-1.650000e-01 -2.636470e-02 2.081792e+00
-1.500000e-01 -2.636470e-02 2.500342e+00
-1.350000e-01 -2.636470e-02 3.124334e+00
-1.200000e-01 -2.636470e-02 4.081656e+00
-1.050000e-01 -2.636470e-02 5.568006e+00
-9.000000e-02 -2.636470e-02 7.788283e+00
-7.500000e-02 -2.636470e-02 1.060011e+01
-6.000000e-02 -2.636470e-02 1.289967e+01
-4.500000e-02 -2.636470e-02 1.339666e+01
-3.000000e-02 -2.636470e-02 1.253160e+01
-1.500000e-02 -2.636470e-02 1.157211e+01
5.551115e-17 -2.636470e-02 1.119834e+01
1.500000e-02 -2.636470e-02 1.157211e+01
3.000000e-02 -2.636470e-02 1.253160e+01
4.500000e-02 -2.636470e-02 1.339666e+01
6.000000e-02 -2.636470e-02 1.289967e+01
7.500000e-02 -2.636470e-02 1.060011e+01
9.000000e-02 -2.636470e-02 7.788283e+00
1.050000e-01 -2.636470e-02 5.568006e+00
1.200000e-01 -2.636470e-02 4.081656e+00
1.350000e-01 -2.636470e-02 3.124334e+00
1.500000e-01 -2.636470e-02 2.500342e+00
1.650000e-01 -2.636470e-02 2.081792e+00
1.800000e-01 -2.636470e-02 1.791921e+00
1.950000e-01 -2.636470e-02 1.584964e+00
2.100000e-01 -2.636470e-02 1.433113e+00
2.250000e-01 -2.636470e-02 1.319004e+00
2.400000e-01 -2.636470e-02 1.231474e+00
2.550000e-01 -2.636470e-02 1.163148e+00
2.700000e-01 -2.636470e-02 1.109024e+00
2.850000e-01 -2.636470e-02 1.065634e+00
3.000000e-01 -2.636470e-02 1.030520e+00
-3.000000e-01 -1.270041e-02 9.336507e-01
-2.850000e-01 -1.270041e-02 9.640105e-01
-2.700000e-01 -1.270041e-02 1.001440e+00
-2.550000e-01 -1.270041e-02 1.048001e+00
-2.400000e-01 -1.270041e-02 1.106584e+00
-2.250000e-01 -1.270041e-02 1.181330e+00
-2.100000e-01 -1.270041e-02 1.278292e+00
-1.950000e-01 -1.270041e-02 1.406544e+00
-1.800000e-01 -1.270041e-02 1.580038e+00
-1.650000e-01 -1.270041e-02 1.820827e+00
-1.500000e-01 -1.270041e-02 2.164692e+00
-1.350000e-01 -1.270041e-02 2.670870e+00
-1.200000e-01 -1.270041e-02 3.437555e+00
-1.050000e-01 -1.270041e-02 4.619132e+00
-9.000000e-02 -1.270041e-02 6.409165e+00
-7.500000e-02 -1.270041e-02 8.855213e+00
-6.000000e-02 -1.270041e-02 1.137471e+01
-4.500000e-02 -1.270041e-02 1.276250e+01
-3.000000e-02 -1.270041e-02 1.268336e+01
-1.500000e-02 -1.270041e-02 1.206188e+01
5.551115e-17 -1.270041e-02 1.176194e+01
1.500000e-02 -1.270041e-02 1.206188e+01
3.000000e-02 -1.270041e-02 1.268336e+01
4.500000e-02 -1.270041e-02 1.276250e+01
6.000000e-02 -1.270041e-02 1.137471e+01
7.500000e-02 -1.270041e-02 8.855213e+00
9.000000e-02 -1.270041e-02 6.409165e+00
1.050000e-01 -1.270041e-02 4.619132e+00
1.200000e-01 -1.270041e-02 3.437555e+00
1.350000e-01 -1.270041e-02 2.670870e+00
1.500000e-01 -1.270041e-02 2.164692e+00
1.650000e-01 -1.270041e-02 1.820827e+00
1.800000e-01 -1.270041e-02 1.580038e+00
1.950000e-01 -1.270041e-02 1.406544e+00
2.100000e-01 -1.270041e-02 1.278292e+00
2.250000e-01 -1.270041e-02 1.181330e+00
2.400000e-01 -1.270041e-02 1.106584e+00
2.550000e-01 -1.270041e-02 1.048001e+00
2.700000e-01 -1.270041e-02 1.001440e+00
2.850000e-01 -1.270041e-02 9.640105e-01
3.000000e-01 -1.270041e-02 9.336507e-01
-3.000000e-01 9.638653e-04 8.495600e-01
-2.850000e-01 9.638653e-04 8.759691e-01
-2.700000e-01 9.638653e-04 9.084589e-01
-2.550000e-01 9.638653e-04 9.487717e-01
-2.400000e-01 9.638653e-04 9.993372e-01
-2.250000e-01 9.638653e-04 1.063610e+00
-2.100000e-01 9.638653e-04 1.146603e+00
-1.950000e-01 9.638653e-04 1.255759e+00
-1.800000e-01 9.638653e-04 1.402391e+00
-1.650000e-01 9.638653e-04 1.604150e+00
-1.500000e-01 9.638653e-04 1.889247e+00
-1.350000e-01 9.638653e-04 2.303662e+00
-1.200000e-01 9.638653e-04 2.922656e+00
-1.050000e-01 9.638653e-04 3.864920e+00
-9.000000e-02 9.638653e-04 5.290241e+00
-7.500000e-02 9.638653e-04 7.302973e+00
-6.000000e-02 9.638653e-04 9.632961e+00
-4.500000e-02 9.638653e-04 1.139645e+01
-3.000000e-02 9.638653e-04 1.192323e+01
-1.500000e-02 9.638653e-04 1.166685e+01
5.551115e-17 9.638653e-04 1.146629e+01
1.500000e-02 9.638653e-04 1.166685e+01
3.000000e-02 9.638653e-04 1.192323e+01
4.500000e-02 9.638653e-04 1.139645e+01
6.000000e-02 9.638653e-04 9.632961e+00
7.500000e-02 9.638653e-04 7.302973e+00
9.000000e-02 9.638653e-04 5.290241e+00
1.050000e-01 9.638653e-04 3.864920e+00
1.200000e-01 9.638653e-04 2.922656e+00
1.350000e-01 9.638653e-04 2.303662e+00
1.500000e-01 9.638653e-04 1.889247e+00
1.650000e-01 9.638653e-04 1.604150e+00
1.800000e-01 9.638653e-04 1.402391e+00
1.950000e-01 9.638653e-04 1.255759e+00
2.100000e-01 9.638653e-04 1.146603e+00
2.250000e-01 9.638653e-04 1.063610e+00
2.400000e-01 9.638653e-04 9.993372e-01
2.550000e-01 9.638653e-04 9.487717e-01
2.700000e-01 9.638653e-04 9.084589e-01
2.850000e-01 9.638653e-04 8.759691e-01
3.000000e-01 9.638653e-04 8.495600e-01
-3.000000e-01 1.462815e-02 7.761383e-01
-2.850000e-01 1.462815e-02 7.992410e-01
-2.700000e-01 1.462815e-02 8.276069e-01
-2.550000e-01 1.462815e-02 8.627192e-01
-2.400000e-01 1.462815e-02 9.066349e-01
-2.250000e-01 1.462815e-02 9.622601e-01
-2.100000e-01 1.462815e-02 1.033780e+00
-1.950000e-01 1.462815e-02 1.127351e+00
-1.800000e-01 1.462815e-02 1.252230e+00
-1.650000e-01 1.462815e-02 1.422675e+00
-1.500000e-01 1.462815e-02 1.661127e+00
-1.350000e-01 1.462815e-02 2.003555e+00
-1.200000e-01 1.462815e-02 2.507844e+00
-1.050000e-01 1.462815e-02 3.264376e+00
-9.000000e-02 1.462815e-02 4.397535e+00
-7.500000e-02 1.462815e-02 6.011548e+00
-6.000000e-02 1.462815e-02 7.986658e+00
-4.500000e-02 1.462815e-02 9.725620e+00
-3.000000e-02 1.462815e-02 1.053995e+01
-1.500000e-02 1.462815e-02 1.054456e+01
5.551115e-17 1.462815e-02 1.043023e+01
1.500000e-02 1.462815e-02 1.054456e+01
3.000000e-02 1.462815e-02 1.053995e+01
4.500000e-02 1.462815e-02 9.725620e+00
6.000000e-02 1.462815e-02 7.986658e+00
7.500000e-02 1.462815e-02 6.011548e+00
9.000000e-02 1.462815e-02 4.397535e+00
1.050000e-01 1.462815e-02 3.264376e+00
1.200000e-01 1.462815e-02 2.507844e+00
1.350000e-01 1.462815e-02 2.003555e+00
1.500000e-01 1.462815e-02 1.661127e+00
1.650000e-01 1.462815e-02 1.422675e+00
1.800000e-01 1.462815e-02 1.252230e+00
1.950000e-01 1.462815e-02 1.127351e+00
2.100000e-01 1.462815e-02 1.033780e+00
2.250000e-01 1.462815e-02 9.622601e-01
2.400000e-01 1.462815e-02 9.066349e-01
2.550000e-01 1.462815e-02 8.627192e-01
2.700000e-01 1.462815e-02 8.276069e-01
2.850000e-01 1.462815e-02 7.992410e-01
3.000000e-01 1.462815e-02 7.761383e-01
-3.000000e-01 2.829243e-02 7.116855e-01
-2.850000e-01 2.829243e-02 7.320022e-01
-2.700000e-01 2.829243e-02 7.569016e-01
-2.550000e-01 2.829243e-02 7.876547e-01
-2.400000e-01 2.829243e-02 8.260154e-01
-2.250000e-01 2.829243e-02 8.744464e-01
-2.100000e-01 2.829243e-02 9.364690e-01
-1.950000e-01 2.829243e-02 1.017217e+00
-1.800000e-01 2.829243e-02 1.124331e+00
-1.650000e-01 2.829243e-02 1.269428e+00
-1.500000e-01 2.829243e-02 1.470528e+00
-1.350000e-01 2.829243e-02 1.756006e+00
-1.200000e-01 2.829243e-02 2.170670e+00
-1.050000e-01 2.829243e-02 2.783267e+00
-9.000000e-02 2.829243e-02 3.688066e+00
-7.500000e-02 2.829243e-02 4.970784e+00
-6.000000e-02 2.829243e-02 6.574208e+00
-4.500000e-02 2.829243e-02 8.092074e+00
-3.000000e-02 2.829243e-02 8.939405e+00
-1.500000e-02 2.829243e-02 9.068431e+00
5.551115e-17 2.829243e-02 9.008397e+00
1.500000e-02 2.829243e-02 9.068431e+00
3.000000e-02 2.829243e-02 8.939405e+00
4.500000e-02 2.829243e-02 8.092074e+00
6.000000e-02 2.829243e-02 6.574208e+00
7.500000e-02 2.829243e-02 4.970784e+00
9.000000e-02 2.829243e-02 3.688066e+00
1.050000e-01 2.829243e-02 2.783267e+00
1.200000e-01 2.829243e-02 2.170670e+00
1.350000e-01 2.829243e-02 1.756006e+00
1.500000e-01 2.829243e-02 1.470528e+00
1.650000e-01 2.829243e-02 1.269428e+00
1.800000e-01 2.829243e-02 1.124331e+00
1.950000e-01 2.829243e-02 1.017217e+00
2.100000e-01 2.829243e-02 9.364690e-01
2.250000e-01 2.829243e-02 8.744464e-01
2.400000e-01 2.829243e-02 8.260154e-01
2.550000e-01 2.829243e-02 7.876547e-01
2.700000e-01 2.829243e-02 7.569016e-01
2.850000e-01 2.829243e-02 7.320022e-01
3.000000e-01 2.829243e-02 7.116855e-01
-3.000000e-01 4.195671e-02 6.548210e-01
-2.850000e-01 4.195671e-02 6.727755e-01
-2.700000e-01 4.195671e-02 6.947421e-01
-2.550000e-01 4.195671e-02 7.218169e-01
-2.400000e-01 4.195671e-02 7.555053e-01
-2.250000e-01 4.195671e-02 7.979086e-01
-2.100000e-01 4.195671e-02 8.520111e-01
-1.950000e-01 4.195671e-02 9.221269e-01
-1.800000e-01 4.195671e-02 1.014614e+00
-1.650000e-01 4.195671e-02 1.139020e+00
-1.500000e-01 4.195671e-02 1.309942e+00
-1.350000e-01 4.195671e-02 1.549967e+00
-1.200000e-01 4.195671e-02 1.894048e+00
-1.050000e-01 4.195671e-02 2.394661e+00
-9.000000e-02 4.195671e-02 3.122453e+00
-7.500000e-02 4.195671e-02 4.142209e+00
-6.000000e-02 4.195671e-02 5.419703e+00
-4.500000e-02 4.195671e-02 6.665991e+00
-3.000000e-02 4.195671e-02 7.416751e+00
-1.500000e-02 4.195671e-02 7.574480e+00
5.551115e-17 4.195671e-02 7.541063e+00
1.500000e-02 4.195671e-02 7.574480e+00
3.000000e-02 4.195671e-02 7.416751e+00
4.500000e-02 4.195671e-02 6.665991e+00
6.000000e-02 4.195671e-02 5.419703e+00
7.500000e-02 4.195671e-02 4.142209e+00
9.000000e-02 4.195671e-02 3.122453e+00
1.050000e-01 4.195671e-02 2.394661e+00
1.200000e-01 4.195671e-02 1.894048e+00
1.350000e-01 4.195671e-02 1.549967e+00
1.500000e-01 4.195671e-02 1.309942e+00
1.650000e-01 4.195671e-02 1.139020e+00
1.800000e-01 4.195671e-02 1.014614e+00
1.950000e-01 4.195671e-02 9.221269e-01
2.100000e-01 4.195671e-02 8.520111e-01
2.250000e-01 4.195671e-02 7.979086e-01
2.400000e-01 4.195671e-02 7.555053e-01
2.550000e-01 4.195671e-02 7.218169e-01
2.700000e-01 4.195671e-02 6.947421e-01
2.850000e-01 4.195671e-02 6.727755e-01
3.000000e-01 4.195671e-02 6.548210e-01
-3.000000e-01 5.562099e-02 6.044161e-01
-2.850000e-01 5.562099e-02 6.203557e-01
-2.700000e-01 5.562099e-02 6.398259e-01
-2.550000e-01 5.562099e-02 6.637776e-01
-2.400000e-01 5.562099e-02 6.935108e-01
-2.250000e-01 5.562099e-02 7.308302e-01
-2.100000e-01 5.562099e-02 7.782820e-01
-1.950000e-01 5.562099e-02 8.395182e-01
-1.800000e-01 5.562099e-02 9.198691e-01
-1.650000e-01 5.562099e-02 1.027248e+00
-1.500000e-01 5.562099e-02 1.173579e+00
-1.350000e-01 5.562099e-02 1.377002e+00
-1.200000e-01 5.562099e-02 1.665012e+00
-1.050000e-01 5.562099e-02 2.077905e+00
-9.000000e-02 5.562099e-02 2.668455e+00
-7.500000e-02 5.562099e-02 3.483461e+00
-6.000000e-02 5.562099e-02 4.496096e+00
-4.500000e-02 5.562099e-02 5.490508e+00
-3.000000e-02 5.562099e-02 6.106041e+00
-1.500000e-02 5.562099e-02 6.246809e+00
5.551115e-17 5.562099e-02 6.223885e+00
1.500000e-02 5.562099e-02 6.246809e+00
3.000000e-02 5.562099e-02 6.106041e+00
4.500000e-02 5.562099e-02 5.490508e+00
6.000000e-02 5.562099e-02 4.496096e+00
7.500000e-02 5.562099e-02 3.483461e+00
9.000000e-02 5.562099e-02 2.668455e+00
1.050000e-01 5.562099e-02 2.077905e+00
1.200000e-01 5.562099e-02 1.665012e+00
1.350000e-01 5.562099e-02 1.377002e+00
1.500000e-01 5.562099e-02 1.173579e+00
1.650000e-01 5.562099e-02 1.027248e+00
1.800000e-01 5.562099e-02 9.198691e-01
1.950000e-01 5.562099e-02 8.395182e-01
2.100000e-01 5.562099e-02 7.782820e-01
2.250000e-01 5.562099e-02 7.308302e-01
2.400000e-01 5.562099e-02 6.935108e-01
2.550000e-01 5.562099e-02 6.637776e-01
2.700000e-01 5.562099e-02 6.398259e-01
2.850000e-01 5.562099e-02 6.203557e-01
3.000000e-01 5.562099e-02 6.044161e-01
-3.000000e-01 6.928527e-02 5.595412e-01
-2.850000e-01 6.928527e-02 5.737525e-01
-2.700000e-01 6.928527e-02 5.910857e-01
-2.550000e-01 6.928527e-02 6.123702e-01
-2.400000e-01 6.928527e-02 6.387350e-01
-2.250000e-01 6.928527e-02 6.717395e-01
-2.100000e-01 6.928527e-02 7.135701e-01
-1.950000e-01 6.928527e-02 7.673392e-01
-1.800000e-01 6.928527e-02 8.375481e-01
-1.650000e-01 6.928527e-02 9.308053e-01
-1.500000e-01 6.928527e-02 1.056933e+00
-1.350000e-01 6.928527e-02 1.230624e+00
-1.200000e-01 6.928527e-02 1.473695e+00
-1.050000e-01 6.928527e-02 1.817308e+00
-9.000000e-02 6.928527e-02 2.300928e+00
-7.500000e-02 6.928527e-02 2.957388e+00
-6.000000e-02 6.928527e-02 3.761967e+00
-4.500000e-02 6.928527e-02 4.546940e+00
-3.000000e-02 6.928527e-02 5.032997e+00
-1.500000e-02 6.928527e-02 5.142776e+00
5.551115e-17 6.928527e-02 5.123066e+00
1.500000e-02 6.928527e-02 5.142776e+00
3.000000e-02 6.928527e-02 5.032997e+00
4.500000e-02 6.928527e-02 4.546940e+00
6.000000e-02 6.928527e-02 3.761967e+00
7.500000e-02 6.928527e-02 2.957388e+00
9.000000e-02 6.928527e-02 2.300928e+00
1.050000e-01 6.928527e-02 1.817308e+00
1.200000e-01 6.928527e-02 1.473695e+00
1.350000e-01 6.928527e-02 1.230624e+00
1.500000e-01 6.928527e-02 1.056933e+00
1.650000e-01 6.928527e-02 9.308053e-01
1.800000e-01 6.928527e-02 8.375481e-01
1.950000e-01 6.928527e-02 7.673392e-01
2.100000e-01 6.928527e-02 7.135701e-01
2.250000e-01 6.928527e-02 6.717395e-01
2.400000e-01 6.928527e-02 6.387350e-01
2.550000e-01 6.928527e-02 6.123702e-01
2.700000e-01 6.928527e-02 5.910857e-01
2.850000e-01 6.928527e-02 5.737525e-01
3.000000e-01 6.928527e-02 5.595412e-01
-3.000000e-01 8.294955e-02 5.194260e-01
-2.850000e-01 8.294955e-02 5.321471e-01
-2.700000e-01 8.294955e-02 5.476410e-01
-2.550000e-01 8.294955e-02 5.666350e-01
-2.400000e-01 8.294955e-02 5.901148e-01
-2.250000e-01 8.294955e-02 6.194356e-01
-2.100000e-01 8.294955e-02 6.564859e-01
-1.950000e-01 8.294955e-02 7.039352e-01
-1.800000e-01 8.294955e-02 7.656107e-01
-1.650000e-01 8.294955e-02 8.470711e-01
-1.500000e-01 8.294955e-02 9.564708e-01
-1.350000e-01 8.294955e-02 1.105809e+00
-1.200000e-01 8.294955e-02 1.312543e+00
-1.050000e-01 8.294955e-02 1.600954e+00
-9.000000e-02 8.294955e-02 2.000654e+00
-7.500000e-02 8.294955e-02 2.534131e+00
-6.000000e-02 8.294955e-02 3.177422e+00
-4.500000e-02 8.294955e-02 3.796504e+00
-3.000000e-02 8.294955e-02 4.174032e+00
-1.500000e-02 8.294955e-02 4.253234e+00
5.551115e-17 8.294955e-02 4.234150e+00
1.500000e-02 8.294955e-02 4.253234e+00
3.000000e-02 8.294955e-02 4.174032e+00
4.500000e-02 8.294955e-02 3.796504e+00
6.000000e-02 8.294955e-02 3.177422e+00
7.500000e-02 8.294955e-02 2.534131e+00
9.000000e-02 8.294955e-02 2.000654e+00
1.050000e-01 8.294955e-02 1.600954e+00
1.200000e-01 8.294955e-02 1.312543e+00
1.350000e-01 8.294955e-02 1.105809e+00
1.500000e-01 8.294955e-02 9.564708e-01
1.650000e-01 8.294955e-02 8.470711e-01
1.800000e-01 8.294955e-02 7.656107e-01
1.950000e-01 8.294955e-02 7.039352e-01
2.100000e-01 8.294955e-02 6.564859e-01
2.250000e-01 8.294955e-02 6.194356e-01
2.400000e-01 8.294955e-02 5.901148e-01
2.550000e-01 8.294955e-02 5.666350e-01
2.700000e-01 8.294955e-02 5.476410e-01
2.850000e-01 8.294955e-02 5.321471e-01
3.000000e-01 8.294955e-02 5.194260e-01
-3.000000e-01 9.661383e-02 4.834279e-01
-2.850000e-01 9.661383e-02 4.948578e-01
-2.700000e-01 9.661383e-02 5.087608e-01
-2.550000e-01 9.661383e-02 5.257777e-01
-2.400000e-01 9.661383e-02 5.467734e-01
-2.250000e-01 9.661383e-02 5.729319e-01
-2.100000e-01 9.661383e-02 6.058936e-01
-1.950000e-01 9.661383e-02 6.479618e-01
-1.800000e-01 9.661383e-02 7.024109e-01
-1.650000e-01 9.661383e-02 7.739491e-01
-1.500000e-01 9.661383e-02 8.693957e-01
-1.350000e-01 9.661383e-02 9.986279e-01
-1.200000e-01 9.661383e-02 1.175727e+00
-1.050000e-01 9.661383e-02 1.419764e+00
-9.000000e-02 9.661383e-02 1.753045e+00
-7.500000e-02 9.661383e-02 2.190584e+00
-6.000000e-02 9.661383e-02 2.709142e+00
-4.500000e-02 9.661383e-02 3.199522e+00
-3.000000e-02 9.661383e-02 3.491232e+00
-1.500000e-02 9.661383e-02 3.545102e+00
5.551115e-17 9.661383e-02 3.526057e+00
1.500000e-02 9.661383e-02 3.545102e+00
3.000000e-02 9.661383e-02 3.491232e+00
4.500000e-02 9.661383e-02 3.199522e+00
6.000000e-02 9.661383e-02 2.709142e+00
7.500000e-02 9.661383e-02 2.190584e+00
9.000000e-02 9.661383e-02 1.753045e+00
1.050000e-01 9.661383e-02 1.419764e+00
1.200000e-01 9.661383e-02 1.175727e+00
1.350000e-01 9.661383e-02 9.986279e-01
1.500000e-01 9.661383e-02 8.693957e-01
1.650000e-01 9.661383e-02 7.739491e-01
1.800000e-01 9.661383e-02 7.024109e-01
1.950000e-01 9.661383e-02 6.479618e-01
2.100000e-01 9.661383e-02 6.058936e-01
2.250000e-01 9.661383e-02 5.729319e-01
2.400000e-01 9.661383e-02 5.467734e-01
2.550000e-01 9.661383e-02 5.257777e-01
2.700000e-01 9.661383e-02 5.087608e-01
2.850000e-01 9.661383e-02 4.948578e-01
3.000000e-01 9.661383e-02 4.834279e-01
-3.000000e-01 1.102781e-01 4.510083e-01
-2.850000e-01 1.102781e-01 4.613142e-01
-2.700000e-01 1.102781e-01 4.738345e-01
-2.550000e-01 1.102781e-01 4.891364e-01
-2.400000e-01 1.102781e-01 5.079826e-01
-2.250000e-01 1.102781e-01 5.314122e-01
-2.100000e-01 1.102781e-01 5.608580e-01
-1.950000e-01 1.102781e-01 5.983180e-01
-1.800000e-01 1.102781e-01 6.466110e-01
-1.650000e-01 1.102781e-01 7.097500e-01
-1.500000e-01 1.102781e-01 7.934774e-01
-1.350000e-01 1.102781e-01 9.059841e-01
-1.200000e-01 1.102781e-01 1.058719e+00
-1.050000e-01 1.102781e-01 1.266770e+00
-9.000000e-02 1.102781e-01 1.547017e+00
-7.500000e-02 1.102781e-01 1.909141e+00
-6.000000e-02 1.102781e-01 2.330912e+00
-4.500000e-02 1.102781e-01 2.722088e+00
-3.000000e-02 1.102781e-01 2.947675e+00
-1.500000e-02 1.102781e-01 2.982107e+00
5.551115e-17 1.102781e-01 2.963208e+00
1.500000e-02 1.102781e-01 2.982107e+00
3.000000e-02 1.102781e-01 2.947675e+00
4.500000e-02 1.102781e-01 2.722088e+00
6.000000e-02 1.102781e-01 2.330912e+00
7.500000e-02 1.102781e-01 1.909141e+00
9.000000e-02 1.102781e-01 1.547017e+00
1.050000e-01 1.102781e-01 1.266770e+00
1.200000e-01 1.102781e-01 1.058719e+00
1.350000e-01 1.102781e-01 9.059841e-01
1.500000e-01 1.102781e-01 7.934774e-01
1.650000e-01 1.102781e-01 7.097500e-01
1.800000e-01 1.102781e-01 6.466110e-01
1.950000e-01 1.102781e-01 5.983180e-01
2.100000e-01 1.102781e-01 5.608580e-01
2.250000e-01 1.102781e-01 5.314122e-01
2.400000e-01 1.102781e-01 5.079826e-01
2.550000e-01 1.102781e-01 4.891364e-01
2.700000e-01 1.102781e-01 4.738345e-01
2.850000e-01 1.102781e-01 4.613142e-01
3.000000e-01 1.102781e-01 4.510083e-01
-3.000000e-01 1.239424e-01 4.217128e-01
-2.850000e-01 1.239424e-01 4.310359e-01
-2.700000e-01 1.239424e-01 4.423492e-01
-2.550000e-01 1.239424e-01 4.561567e-01
-2.400000e-01 1.239424e-01 4.731339e-01
-2.250000e-01 1.239424e-01 4.941973e-01
-2.100000e-01 1.239424e-01 5.206041e-01
-1.950000e-01 1.239424e-01 5.540970e-01
-1.800000e-01 1.239424e-01 5.971158e-01
-1.650000e-01 1.239424e-01 6.531017e-01
-1.500000e-01 1.239424e-01 7.269219e-01
-1.350000e-01 1.239424e-01 8.254166e-01
-1.200000e-01 1.239424e-01 9.579632e-01
-1.050000e-01 1.239424e-01 1.136587e+00
-9.000000e-02 1.239424e-01 1.374110e+00
-7.500000e-02 1.239424e-01 1.676444e+00
-6.000000e-02 1.239424e-01 2.022622e+00
-4.500000e-02 1.239424e-01 2.337255e+00
-3.000000e-02 1.239424e-01 2.512391e+00
-1.500000e-02 1.239424e-01 2.532480e+00
5.551115e-17 1.239424e-01 2.513993e+00
1.500000e-02 1.239424e-01 2.532480e+00
3.000000e-02 1.239424e-01 2.512391e+00
4.500000e-02 1.239424e-01 2.337255e+00
6.000000e-02 1.239424e-01 2.022622e+00
7.500000e-02 1.239424e-01 1.676444e+00
9.000000e-02 1.239424e-01 1.374110e+00
1.050000e-01 1.239424e-01 1.136587e+00
1.200000e-01 1.239424e-01 9.579632e-01
1.350000e-01 1.239424e-01 8.254166e-01
1.500000e-01 1.239424e-01 7.269219e-01
1.650000e-01 1.239424e-01 6.531017e-01
1.800000e-01 1.239424e-01 5.971158e-01
1.950000e-01 1.239424e-01 5.540970e-01
2.100000e-01 1.239424e-01 5.206041e-01
2.250000e-01 1.239424e-01 4.941973e-01
2.400000e-01 1.239424e-01 4.731339e-01
2.550000e-01 1.239424e-01 4.561567e-01
2.700000e-01 1.239424e-01 4.423492e-01
2.850000e-01 1.239424e-01 4.310359e-01
3.000000e-01 1.239424e-01 4.217128e-01
-3.000000e-01 1.376067e-01 3.951562e-01
-2.850000e-01 1.376067e-01 4.036166e-01
-2.700000e-01 1.376067e-01 4.138717e-01
-2.550000e-01 1.376067e-01 4.263713e-01
-2.400000e-01 1.376067e-01 4.417162e-01
-2.250000e-01 1.376067e-01 4.607184e-01
-2.100000e-01 1.376067e-01 4.844860e-01
-1.950000e-01 1.376067e-01 5.145464e-01
-1.800000e-01 1.376067e-01 5.530225e-01
-1.650000e-01 1.376067e-01 6.028820e-01
-1.500000e-01 1.376067e-01 6.682755e-01
-1.350000e-01 1.376067e-01 7.549531e-01
-1.200000e-01 1.376067e-01 8.706494e-01
-1.050000e-01 1.376067e-01 1.025014e+00
-9.000000e-02 1.376067e-01 1.227821e+00
-7.500000e-02 1.376067e-01 1.482331e+00
-6.000000e-02 1.376067e-01 1.768999e+00
-4.500000e-02 1.376067e-01 2.024270e+00
-3.000000e-02 1.376067e-01 2.160964e+00
-1.500000e-02 1.376067e-01 2.170704e+00
5.551115e-17 1.376067e-01 2.152866e+00
1.500000e-02 1.376067e-01 2.170704e+00
3.000000e-02 1.376067e-01 2.160964e+00
4.500000e-02 1.376067e-01 2.024270e+00
6.000000e-02 1.376067e-01 1.768999e+00
7.500000e-02 1.376067e-01 1.482331e+00
9.000000e-02 1.376067e-01 1.227821e+00
1.050000e-01 1.376067e-01 1.025014e+00
1.200000e-01 1.376067e-01 8.706494e-01
1.350000e-01 1.376067e-01 7.549531e-01
1.500000e-01 1.376067e-01 6.682755e-01
1.650000e-01 1.376067e-01 6.028820e-01
1.800000e-01 1.376067e-01 5.530225e-01
1.950000e-01 1.376067e-01 5.145464e-01
2.100000e-01 1.376067e-01 4.844860e-01
2.250000e-01 1.376067e-01 4.607184e-01
2.400000e-01 1.376067e-01 4.417162e-01
2.550000e-01 1.376067e-01 4.263713e-01
2.700000e-01 1.376067e-01 4.138717e-01
2.850000e-01 1.376067e-01 4.036166e-01
3.000000e-01 1.376067e-01 3.951562e-01
-3.000000e-01 1.512709e-01 3.710104e-01
-2.850000e-01 1.512709e-01 3.787103e-01
-2.700000e-01 1.512709e-01 3.880341e-01
-2.550000e-01 1.512709e-01 3.993845e-01
-2.400000e-01 1.512709e-01 4.132980e-01
-2.250000e-01 1.512709e-01 4.304967e-01
-2.100000e-01 1.512709e-01 4.519619e-01
-1.950000e-01 1.512709e-01 4.790383e-01
-1.800000e-01 1.512709e-01 5.135823e-01
-1.650000e-01 1.512709e-01 5.581666e-01
-1.500000e-01 1.512709e-01 6.163514e-01
-1.350000e-01 1.512709e-01 6.930004e-01
-1.200000e-01 1.512709e-01 7.945354e-01
-1.050000e-01 1.512709e-01 9.287501e-01
-9.000000e-02 1.512709e-01 1.103112e+00
-7.500000e-02 1.512709e-01 1.319031e+00
-6.000000e-02 1.512709e-01 1.558442e+00
-4.500000e-02 1.512709e-01 1.767346e+00
-3.000000e-02 1.512709e-01 1.874655e+00
-1.500000e-02 1.512709e-01 1.877040e+00
5.551115e-17 1.512709e-01 1.860012e+00
1.500000e-02 1.512709e-01 1.877040e+00
3.000000e-02 1.512709e-01 1.874655e+00
4.500000e-02 1.512709e-01 1.767346e+00
6.000000e-02 1.512709e-01 1.558442e+00
7.500000e-02 1.512709e-01 1.319031e+00
9.000000e-02 1.512709e-01 1.103112e+00
1.050000e-01 1.512709e-01 9.287501e-01
1.200000e-01 1.512709e-01 7.945354e-01
1.350000e-01 1.512709e-01 6.930004e-01
1.500000e-01 1.512709e-01 6.163514e-01
1.650000e-01 1.512709e-01 5.581666e-01
1.800000e-01 1.512709e-01 5.135823e-01
1.950000e-01 1.512709e-01 4.790383e-01
2.100000e-01 1.512709e-01 4.519619e-01
2.250000e-01 1.512709e-01 4.304967e-01
2.400000e-01 1.512709e-01 4.132980e-01
2.550000e-01 1.512709e-01 3.993845e-01
2.700000e-01 1.512709e-01 3.880341e-01
2.850000e-01 1.512709e-01 3.787103e-01
3.000000e-01 1.512709e-01 3.710104e-01
-3.000000e-01 1.649352e-01 3.489946e-01
-2.850000e-01 1.649352e-01 3.560218e-01
-2.700000e-01 1.649352e-01 3.645227e-01
-2.550000e-01 1.649352e-01 3.748594e-01
-2.400000e-01 1.649352e-01 3.875126e-01
-2.250000e-01 1.649352e-01 4.031270e-01
-2.100000e-01 1.649352e-01 4.225751e-01
-1.950000e-01 1.649352e-01 4.470458e-01
-1.800000e-01 1.649352e-01 4.781700e-01
-1.650000e-01 1.649352e-01 5.181895e-01
-1.500000e-01 1.649352e-01 5.701741e-01
-1.350000e-01 1.649352e-01 6.382621e-01
-1.200000e-01 1.649352e-01 7.278185e-01
-1.050000e-01 1.649352e-01 8.451757e-01
-9.000000e-02 1.649352e-01 9.960469e-01
-7.500000e-02 1.649352e-01 1.180559e+00
-6.000000e-02 1.649352e-01 1.382113e+00
-4.500000e-02 1.649352e-01 1.554502e+00
-3.000000e-02 1.649352e-01 1.639223e+00
-1.500000e-02 1.649352e-01 1.636448e+00
5.551115e-17 1.649352e-01 1.620320e+00
1.500000e-02 1.649352e-01 1.636448e+00
3.000000e-02 1.649352e-01 1.639223e+00
4.500000e-02 1.649352e-01 1.554502e+00
6.000000e-02 1.649352e-01 1.382113e+00
7.500000e-02 1.649352e-01 1.180559e+00
9.000000e-02 1.649352e-01 9.960469e-01
1.050000e-01 1.649352e-01 8.451757e-01
1.200000e-01 1.649352e-01 7.278185e-01
1.350000e-01 1.649352e-01 6.382621e-01
1.500000e-01 1.649352e-01 5.701741e-01
1.650000e-01 1.649352e-01 5.181895e-01
1.800000e-01 1.649352e-01 4.781700e-01
1.950000e-01 1.649352e-01 4.470458e-01
2.100000e-01 1.649352e-01 4.225751e-01
2.250000e-01 1.649352e-01 4.031270e-01
2.400000e-01 1.649352e-01 3.875126e-01
2.550000e-01 1.649352e-01 3.748594e-01
2.700000e-01 1.649352e-01 3.645227e-01
2.850000e-01 1.649352e-01 3.560218e-01
3.000000e-01 1.649352e-01 3.489946e-01
-3.000000e-01 1.785995e-01 3.288672e-01
-2.850000e-01 1.785995e-01 3.352973e-01
-2.700000e-01 1.785995e-01 3.430687e-01
-2.550000e-01 1.785995e-01 3.525080e-01
-2.400000e-01 1.785995e-01 3.640473e-01
-2.250000e-01 1.785995e-01 3.782646e-01
-2.100000e-01 1.785995e-01 3.959383e-01
-1.950000e-01 1.785995e-01 4.181242e-01
-1.800000e-01 1.785995e-01 4.462612e-01
-1.650000e-01 1.785995e-01 4.823118e-01
-1.500000e-01 1.785995e-01 5.289365e-01
-1.350000e-01 1.785995e-01 5.896759e-01
-1.200000e-01 1.785995e-01 6.690383e-01
-1.050000e-01 1.785995e-01 7.721972e-01
-9.000000e-02 1.785995e-01 9.035235e-01
-7.500000e-02 1.785995e-01 1.062265e+00
-6.000000e-02 1.785995e-01 1.233229e+00
-4.500000e-02 1.785995e-01 1.376617e+00
-3.000000e-02 1.785995e-01 1.443859e+00
-1.500000e-02 1.785995e-01 1.437515e+00
5.551115e-17 1.785995e-01 1.422323e+00
1.500000e-02 1.785995e-01 1.437515e+00
3.000000e-02 1.785995e-01 1.443859e+00
4.500000e-02 1.785995e-01 1.376617e+00
6.000000e-02 1.785995e-01 1.233229e+00
7.500000e-02 1.785995e-01 1.062265e+00
9.000000e-02 1.785995e-01 9.035235e-01
1.050000e-01 1.785995e-01 7.721972e-01
1.200000e-01 1.785995e-01 6.690383e-01
1.350000e-01 1.785995e-01 5.896759e-01
1.500000e-01 1.785995e-01 5.289365e-01
1.650000e-01 1.785995e-01 4.823118e-01
1.800000e-01 1.785995e-01 4.462612e-01
1.950000e-01 1.785995e-01 4.181242e-01
2.100000e-01 1.785995e-01 3.959383e-01
2.250000e-01 1.785995e-01 3.782646e-01
2.400000e-01 1.785995e-01 3.640473e-01
2.550000e-01 1.785995e-01 3.525080e-01
2.700000e-01 1.785995e-01 3.430687e-01
2.850000e-01 1.785995e-01 3.352973e-01
3.000000e-01 1.785995e-01 3.288672e-01
-3.000000e-01 1.922638e-01 3.104200e-01
-2.850000e-01 1.922638e-01 3.163182e-01
-2.700000e-01 1.922638e-01 3.234406e-01
-2.550000e-01 1.922638e-01 3.320826e-01
-2.400000e-01 1.922638e-01 3.426342e-01
-2.250000e-01 1.922638e-01 3.556148e-01
-2.100000e-01 1.922638e-01 3.717219e-01
-1.950000e-01 1.922638e-01 3.918963e-01
-1.800000e-01 1.922638e-01 4.174129e-01
-1.650000e-01 1.922638e-01 4.499973e-01
-1.500000e-01 1.922638e-01 4.919666e-01
-1.350000e-01 1.922638e-01 5.463653e-01
-1.200000e-01 1.922638e-01 6.170027e-01
-1.050000e-01 1.922638e-01 7.081274e-01
-9.000000e-02 1.922638e-01 8.230771e-01
-7.500000e-02 1.922638e-01 9.605080e-01
-6.000000e-02 1.922638e-01 1.106547e+00
-4.500000e-02 1.922638e-01 1.226705e+00
-3.000000e-02 1.922638e-01 1.280324e+00
-1.500000e-02 1.922638e-01 1.271560e+00
5.551115e-17 1.922638e-01 1.257303e+00
1.500000e-02 1.922638e-01 1.271560e+00
3.000000e-02 1.922638e-01 1.280324e+00
4.500000e-02 1.922638e-01 1.226705e+00
6.000000e-02 1.922638e-01 1.106547e+00
7.500000e-02 1.922638e-01 9.605080e-01
9.000000e-02 1.922638e-01 8.230771e-01
1.050000e-01 1.922638e-01 7.081274e-01
1.200000e-01 1.922638e-01 6.170027e-01
1.350000e-01 1.922638e-01 5.463653e-01
1.500000e-01 1.922638e-01 4.919666e-01
1.650000e-01 1.922638e-01 4.499973e-01
1.800000e-01 1.922638e-01 4.174129e-01
1.950000e-01 1.922638e-01 3.918963e-01
2.100000e-01 1.922638e-01 3.717219e-01
2.250000e-01 1.922638e-01 3.556148e-01
2.400000e-01 1.922638e-01 3.426342e-01
2.550000e-01 1.922638e-01 3.320826e-01
2.700000e-01 1.922638e-01 3.234406e-01
2.850000e-01 1.922638e-01 3.163182e-01
3.000000e-01 1.922638e-01 3.104200e-01
-3.000000e-01 2.059281e-01 2.934721e-01
-2.850000e-01 2.059281e-01 2.988952e-01
-2.700000e-01 2.059281e-01 3.054385e-01
-2.550000e-01 2.059281e-01 3.133699e-01
-2.400000e-01 2.059281e-01 3.230424e-01
-2.250000e-01 2.059281e-01 3.349248e-01
-2.100000e-01 2.059281e-01 3.496435e-01
-1.950000e-01 2.059281e-01 3.680406e-01
-1.800000e-01 2.059281e-01 3.912496e-01
-1.650000e-01 2.059281e-01 4.207942e-01
-1.500000e-01 2.059281e-01 4.587014e-01
-1.350000e-01 2.059281e-01 5.076023e-01
-1.200000e-01 2.059281e-01 5.707321e-01
-1.050000e-01 2.059281e-01 6.515960e-01
-9.000000e-02 2.059281e-01 7.527327e-01
-7.500000e-02 2.059281e-01 8.724121e-01
-6.000000e-02 2.059281e-01 9.979791e-01
-4.500000e-02 2.059281e-01 1.099376e+00
-3.000000e-02 2.059281e-01 1.142300e+00
-1.500000e-02 2.059281e-01 1.131945e+00
5.551115e-17 2.059281e-01 1.118595e+00
1.500000e-02 2.059281e-01 1.131945e+00
3.000000e-02 2.059281e-01 1.142300e+00
4.500000e-02 2.059281e-01 1.099376e+00
6.000000e-02 2.059281e-01 9.979791e-01
7.500000e-02 2.059281e-01 8.724121e-01
9.000000e-02 2.059281e-01 7.527327e-01
1.050000e-01 2.059281e-01 6.515960e-01
1.200000e-01 2.059281e-01 5.707321e-01
1.350000e-01 2.059281e-01 5.076023e-01
1.500000e-01 2.059281e-01 4.587014e-01
1.650000e-01 2.059281e-01 4.207942e-01
1.800000e-01 2.059281e-01 3.912496e-01
1.950000e-01 2.059281e-01 3.680406e-01
2.100000e-01 2.059281e-01 3.496435e-01
2.250000e-01 2.059281e-01 3.349248e-01
2.400000e-01 2.059281e-01 3.230424e-01
2.550000e-01 2.059281e-01 3.133699e-01
2.700000e-01 2.059281e-01 3.054385e-01
2.850000e-01 2.059281e-01 2.988952e-01
3.000000e-01 2.059281e-01 2.934721e-01
-3.000000e-01 2.195923e-01 2.778666e-01
-2.850000e-01 2.195923e-01 2.828639e-01
-2.700000e-01 2.195923e-01 2.888887e-01
-2.550000e-01 2.195923e-01 2.961849e-01
-2.400000e-01 2.195923e-01 3.050727e-01
-2.250000e-01 2.195923e-01 3.159763e-01
-2.100000e-01 2.195923e-01 3.294608e-01
-1.950000e-01 2.195923e-01 3.462816e-01
-1.800000e-01 2.195923e-01 3.674508e-01
-1.650000e-01 2.195923e-01 3.943190e-01
-1.500000e-01 2.195923e-01 4.286671e-01
-1.350000e-01 2.195923e-01 4.727791e-01
-1.200000e-01 2.195923e-01 5.294159e-01
-1.050000e-01 2.195923e-01 6.014822e-01
-9.000000e-02 2.195923e-01 6.908957e-01
-7.500000e-02 2.195923e-01 7.956856e-01
-6.000000e-02 2.195923e-01 9.043106e-01
-4.500000e-02 2.195923e-01 9.904345e-01
-3.000000e-02 2.195923e-01 1.024905e+00
-1.500000e-02 2.195923e-01 1.013555e+00
5.551115e-17 2.195923e-01 1.001072e+00
1.500000e-02 2.195923e-01 1.013555e+00
3.000000e-02 2.195923e-01 1.024905e+00
4.500000e-02 2.195923e-01 9.904345e-01
6.000000e-02 2.195923e-01 9.043106e-01
7.500000e-02 2.195923e-01 7.956856e-01
9.000000e-02 2.195923e-01 6.908957e-01
1.050000e-01 2.195923e-01 6.014822e-01
1.200000e-01 2.195923e-01 5.294159e-01
1.350000e-01 2.195923e-01 4.727791e-01
1.500000e-01 2.195923e-01 4.286671e-01
1.650000e-01 2.195923e-01 3.943190e-01
1.800000e-01 2.195923e-01 3.674508e-01
1.950000e-01 2.195923e-01 3.462816e-01
2.100000e-01 2.195923e-01 3.294608e-01
2.250000e-01 2.195923e-01 3.159763e-01
2.400000e-01 2.195923e-01 3.050727e-01
2.550000e-01 2.195923e-01 2.961849e-01
2.700000e-01 2.195923e-01 2.888887e-01
2.850000e-01 2.195923e-01 2.828639e-01
3.000000e-01 2.195923e-01 2.778666e-01
-3.000000e-01 2.332566e-01 2.634661e-01
-2.850000e-01 2.332566e-01 2.680808e-01
-2.700000e-01 2.332566e-01 2.736402e-01
-2.550000e-01 2.332566e-01 2.803667e-01
-2.400000e-01 2.332566e-01 2.885520e-01
-2.250000e-01 2.332566e-01 2.985808e-01
-2.100000e-01 2.332566e-01 3.109642e-01
-1.950000e-01 2.332566e-01 3.263825e-01
-1.800000e-01 2.332566e-01 3.457423e-01
-1.650000e-01 2.332566e-01 3.702453e-01
-1.500000e-01 2.332566e-01 4.014623e-01
-1.350000e-01 2.332566e-01 4.413847e-01
-1.200000e-01 2.332566e-01 4.923796e-01
-1.050000e-01 2.332566e-01 5.568631e-01
-9.000000e-02 2.332566e-01 6.362688e-01
-7.500000e-02 2.332566e-01 7.284885e-01
-6.000000e-02 2.332566e-01 8.229926e-01
-4.500000e-02 2.332566e-01 8.965898e-01
-3.000000e-02 2.332566e-01 9.243347e-01
-1.500000e-02 2.332566e-01 9.124177e-01
5.551115e-17 2.332566e-01 9.007520e-01
1.500000e-02 2.332566e-01 9.124177e-01
3.000000e-02 2.332566e-01 9.243347e-01
4.500000e-02 2.332566e-01 8.965898e-01
6.000000e-02 2.332566e-01 8.229926e-01
7.500000e-02 2.332566e-01 7.284885e-01
9.000000e-02 2.332566e-01 6.362688e-01
1.050000e-01 2.332566e-01 5.568631e-01
1.200000e-01 2.332566e-01 4.923796e-01
1.350000e-01 2.332566e-01 4.413847e-01
1.500000e-01 2.332566e-01 4.014623e-01
1.650000e-01 2.332566e-01 3.702453e-01
1.800000e-01 2.332566e-01 3.457423e-01
1.950000e-01 2.332566e-01 3.263825e-01
2.100000e-01 2.332566e-01 3.109642e-01
2.250000e-01 2.332566e-01 2.985808e-01
2.400000e-01 2.332566e-01 2.885520e-01
2.550000e-01 2.332566e-01 2.803667e-01
2.700000e-01 2.332566e-01 2.736402e-01
2.850000e-01 2.332566e-01 2.680808e-01
3.000000e-01 2.332566e-01 2.634661e-01
-3.000000e-01 2.469209e-01 2.501504e-01
-2.850000e-01 2.469209e-01 2.544204e-01
-2.700000e-01 2.469209e-01 2.595608e-01
-2.550000e-01 2.469209e-01 2.657752e-01
-2.400000e-01 2.469209e-01 2.733295e-01
-2.250000e-01 2.469209e-01 2.825740e-01
-2.100000e-01 2.469209e-01 2.939723e-01
-1.950000e-01 2.469209e-01 3.081388e-01
-1.800000e-01 2.469209e-01 3.258882e-01
-1.650000e-01 2.469209e-01 3.482935e-01
-1.500000e-01 2.469209e-01 3.767456e-01
-1.350000e-01 2.469209e-01 4.129878e-01
-1.200000e-01 2.469209e-01 4.590582e-01
-1.050000e-01 2.469209e-01 5.169737e-01
-9.000000e-02 2.469209e-01 5.877890e-01
-7.500000e-02 2.469209e-01 6.693317e-01
-6.000000e-02 2.469209e-01 7.519873e-01
-4.500000e-02 2.469209e-01 8.152369e-01
-3.000000e-02 2.469209e-01 8.375978e-01
-1.500000e-02 2.469209e-01 8.254209e-01
5.551115e-17 2.469209e-01 8.145209e-01
1.500000e-02 2.469209e-01 8.254209e-01
3.000000e-02 2.469209e-01 8.375978e-01
4.500000e-02 2.469209e-01 8.152369e-01
6.000000e-02 2.469209e-01 7.519873e-01
7.500000e-02 2.469209e-01 6.693317e-01
9.000000e-02 2.469209e-01 5.877890e-01
1.050000e-01 2.469209e-01 5.169737e-01
1.200000e-01 2.469209e-01 4.590582e-01
1.350000e-01 2.469209e-01 4.129878e-01
1.500000e-01 2.469209e-01 3.767456e-01
1.650000e-01 2.469209e-01 3.482935e-01
1.800000e-01 2.469209e-01 3.258882e-01
1.950000e-01 2.469209e-01 3.081388e-01
2.100000e-01 2.469209e-01 2.939723e-01
2.250000e-01 2.469209e-01 2.825740e-01
2.400000e-01 2.469209e-01 2.733295e-01
2.550000e-01 2.469209e-01 2.657752e-01
2.700000e-01 2.469209e-01 2.595608e-01
2.850000e-01 2.469209e-01 2.544204e-01
3.000000e-01 2.469209e-01 2.501504e-01
-3.000000e-01 2.605852e-01 2.378139e-01
-2.850000e-01 2.605852e-01 2.417724e-01
-2.700000e-01 2.605852e-01 2.465347e-01
-2.550000e-01 2.605852e-01 2.522873e-01
-2.400000e-01 2.605852e-01 2.592735e-01
-2.250000e-01 2.605852e-01 2.678130e-01
-2.100000e-01 2.605852e-01 2.783273e-01
-1.950000e-01 2.605852e-01 2.913730e-01
-1.800000e-01 2.605852e-01 3.076846e-01
-1.650000e-01 2.605852e-01 3.282233e-01
-1.500000e-01 2.605852e-01 3.542250e-01
-1.350000e-01 2.605852e-01 3.872220e-01
-1.200000e-01 2.605852e-01 4.289760e-01
-1.050000e-01 2.605852e-01 4.811760e-01
-9.000000e-02 2.605852e-01 5.445795e-01
-7.500000e-02 2.605852e-01 6.170012e-01
-6.000000e-02 2.605852e-01 6.896522e-01
-4.500000e-02 2.605852e-01 7.442970e-01
-3.000000e-02 2.605852e-01 7.623238e-01
-1.500000e-02 2.605852e-01 7.501064e-01
5.551115e-17 2.605852e-01 7.399196e-01
1.500000e-02 2.605852e-01 7.501064e-01
3.000000e-02 2.605852e-01 7.623238e-01
4.500000e-02 2.605852e-01 7.442970e-01
6.000000e-02 2.605852e-01 6.896522e-01
7.500000e-02 2.605852e-01 6.170012e-01
9.000000e-02 2.605852e-01 5.445795e-01
1.050000e-01 2.605852e-01 4.811760e-01
1.200000e-01 2.605852e-01 4.289760e-01
1.350000e-01 2.605852e-01 3.872220e-01
1.500000e-01 2.605852e-01 3.542250e-01
1.650000e-01 2.605852e-01 3.282233e-01
1.800000e-01 2.605852e-01 3.076846e-01
1.950000e-01 2.605852e-01 2.913730e-01
2.100000e-01 2.605852e-01 2.783273e-01
2.250000e-01 2.605852e-01 2.678130e-01
2.400000e-01 2.605852e-01 2.592735e-01
2.550000e-01 2.605852e-01 2.522873e-01
2.700000e-01 2.605852e-01 2.465347e-01
2.850000e-01 2.605852e-01 2.417724e-01
3.000000e-01 2.605852e-01 2.378139e-01
-3.000000e-01 2.742495e-01 2.263632e-01
-2.850000e-01 2.742495e-01 2.300397e-01
-2.700000e-01 2.742495e-01 2.344599e-01
-2.550000e-01 2.742495e-01 2.397951e-01
-2.400000e-01 2.742495e-01 2.462685e-01
-2.250000e-01 2.742495e-01 2.541725e-01
-2.100000e-01 2.742495e-01 2.638914e-01
-1.950000e-01 2.742495e-01 2.759308e-01
-1.800000e-01 2.742495e-01 2.909548e-01
-1.650000e-01 2.742495e-01 3.098271e-01
-1.500000e-01 2.742495e-01 3.336499e-01
-1.350000e-01 2.742495e-01 3.637748e-01
-1.200000e-01 2.742495e-01 4.017304e-01
-1.050000e-01 2.742495e-01 4.489350e-01
-9.000000e-02 2.742495e-01 5.059126e-01
-7.500000e-02 2.742495e-01 5.705005e-01
-6.000000e-02 2.742495e-01 6.346536e-01
-4.500000e-02 2.742495e-01 6.820980e-01
-3.000000e-02 2.742495e-01 6.966182e-01
-1.500000e-02 2.742495e-01 6.845158e-01
5.551115e-17 2.742495e-01 6.749909e-01
1.500000e-02 2.742495e-01 6.845158e-01
3.000000e-02 2.742495e-01 6.966182e-01
4.500000e-02 2.742495e-01 6.820980e-01
6.000000e-02 2.742495e-01 6.346536e-01
7.500000e-02 2.742495e-01 5.705005e-01
9.000000e-02 2.742495e-01 5.059126e-01
1.050000e-01 2.742495e-01 4.489350e-01
1.200000e-01 2.742495e-01 4.017304e-01
1.350000e-01 2.742495e-01 3.637748e-01
1.500000e-01 2.742495e-01 3.336499e-01
1.650000e-01 2.742495e-01 3.098271e-01
1.800000e-01 2.742495e-01 2.909548e-01
1.950000e-01 2.742495e-01 2.759308e-01
2.100000e-01 2.742495e-01 2.638914e-01
2.250000e-01 2.742495e-01 2.541725e-01
2.400000e-01 2.742495e-01 2.462685e-01
2.550000e-01 2.742495e-01 2.397951e-01
2.700000e-01 2.742495e-01 2.344599e-01
2.850000e-01 2.742495e-01 2.300397e-01
3.000000e-01 2.742495e-01 2.263632e-01
-3.000000e-01 2.879137e-01 2.157161e-01
-2.850000e-01 2.879137e-01 2.191366e-01
-2.700000e-01 2.879137e-01 2.232465e-01
-2.550000e-01 2.879137e-01 2.282036e-01
-2.400000e-01 2.879137e-01 2.342129e-01
-2.250000e-01 2.879137e-01 2.415425e-01
-2.100000e-01 2.879137e-01 2.505438e-01
-1.950000e-01 2.879137e-01 2.616772e-01
-1.800000e-01 2.879137e-01 2.755448e-01
-1.650000e-01 2.879137e-01 2.929252e-01
-1.500000e-01 2.879137e-01 3.148042e-01
-1.350000e-01 2.879137e-01 3.423783e-01
-1.200000e-01 2.879137e-01 3.769787e-01
-1.050000e-01 2.879137e-01 4.197993e-01
-9.000000e-02 2.879137e-01 4.711801e-01
-7.500000e-02 2.879137e-01 5.290057e-01
-6.000000e-02 2.879137e-01 5.859009e-01
-4.500000e-02 2.879137e-01 6.272844e-01
-3.000000e-02 2.879137e-01 6.389545e-01
-1.500000e-02 2.879137e-01 6.270761e-01
5.551115e-17 2.879137e-01 6.181646e-01
1.500000e-02 2.879137e-01 6.270761e-01
3.000000e-02 2.879137e-01 6.389545e-01
4.500000e-02 2.879137e-01 6.272844e-01
6.000000e-02 2.879137e-01 5.859009e-01
7.500000e-02 2.879137e-01 5.290057e-01
9.000000e-02 2.879137e-01 4.711801e-01
1.050000e-01 2.879137e-01 4.197993e-01
1.200000e-01 2.879137e-01 3.769787e-01
1.350000e-01 2.879137e-01 3.423783e-01
1.500000e-01 2.879137e-01 3.148042e-01
1.650000e-01 2.879137e-01 2.929252e-01
1.800000e-01 2.879137e-01 2.755448e-01
1.950000e-01 2.879137e-01 2.616772e-01
2.100000e-01 2.879137e-01 2.505438e-01
2.250000e-01 2.879137e-01 2.415425e-01
2.400000e-01 2.879137e-01 2.342129e-01
2.550000e-01 2.879137e-01 2.282036e-01
2.700000e-01 2.879137e-01 2.232465e-01
2.850000e-01 2.879137e-01 2.191366e-01
3.000000e-01 2.879137e-01 2.157161e-01
-3.000000e-01 3.015780e-01 2.057994e-01
-2.850000e-01 3.015780e-01 2.089870e-01
-2.700000e-01 3.015780e-01 2.128149e-01
-2.550000e-01 3.015780e-01 2.174285e-01
-2.400000e-01 3.015780e-01 2.230169e-01
-2.250000e-01 3.015780e-01 2.298262e-01
-2.100000e-01 3.015780e-01 2.381784e-01
-1.950000e-01 3.015780e-01 2.484940e-01
-1.800000e-01 3.015780e-01 2.613202e-01
-1.650000e-01 3.015780e-01 2.773609e-01
-1.500000e-01 3.015780e-01 2.975006e-01
-1.350000e-01 3.015780e-01 3.228020e-01
-1.200000e-01 3.015780e-01 3.544281e-01
-1.050000e-01 3.015780e-01 3.933862e-01
-9.000000e-02 3.015780e-01 4.398716e-01
-7.500000e-02 3.015780e-01 4.918320e-01
-6.000000e-02 3.015780e-01 5.424956e-01
-4.500000e-02 3.015780e-01 5.787494e-01
-3.000000e-02 3.015780e-01 5.880938e-01
-1.500000e-02 3.015780e-01 5.765145e-01
5.551115e-17 3.015780e-01 5.681705e-01
1.500000e-02 3.015780e-01 5.765145e-01
3.000000e-02 3.015780e-01 5.880938e-01
4.500000e-02 3.015780e-01 5.787494e-01
6.000000e-02 3.015780e-01 5.424956e-01
7.500000e-02 3.015780e-01 4.918320e-01
9.000000e-02 3.015780e-01 4.398716e-01
1.050000e-01 3.015780e-01 3.933862e-01
1.200000e-01 3.015780e-01 3.544281e-01
1.350000e-01 3.015780e-01 3.228020e-01
1.500000e-01 3.015780e-01 2.975006e-01
1.650000e-01 3.015780e-01 2.773609e-01
1.800000e-01 3.015780e-01 2.613202e-01
1.950000e-01 3.015780e-01 2.484940e-01
2.100000e-01 3.015780e-01 2.381784e-01
2.250000e-01 3.015780e-01 2.298262e-01
2.400000e-01 3.015780e-01 2.230169e-01
2.550000e-01 3.015780e-01 2.174285e-01
2.700000e-01 3.015780e-01 2.128149e-01
2.850000e-01 3.015780e-01 2.089870e-01
3.000000e-01 3.015780e-01 2.057994e-01
-3.000000e-01 3.152423e-01 1.965481e-01
-2.850000e-01 3.152423e-01 1.995234e-01
-2.700000e-01 3.152423e-01 2.030943e-01
-2.550000e-01 3.152423e-01 2.073954e-01
-2.400000e-01 3.152423e-01 2.126010e-01
-2.250000e-01 3.152423e-01 2.189379e-01
-2.100000e-01 3.152423e-01 2.267017e-01
-1.950000e-01 3.152423e-01 2.362772e-01
-1.800000e-01 3.152423e-01 2.481632e-01
-1.650000e-01 3.152423e-01 2.629977e-01
-1.500000e-01 3.152423e-01 2.815766e-01
-1.350000e-01 3.152423e-01 3.048465e-01
-1.200000e-01 3.152423e-01 3.338273e-01
-1.050000e-01 3.152423e-01 3.693697e-01
-9.000000e-02 3.152423e-01 4.115557e-01
-7.500000e-02 3.152423e-01 4.584062e-01
-6.000000e-02 3.152423e-01 5.036933e-01
-4.500000e-02 3.152423e-01 5.355831e-01
-3.000000e-02 3.152423e-01 5.430233e-01
-1.500000e-02 3.152423e-01 5.317930e-01
5.551115e-17 3.152423e-01 5.239741e-01
1.500000e-02 3.152423e-01 5.317930e-01
3.000000e-02 3.152423e-01 5.430233e-01
4.500000e-02 3.152423e-01 5.355831e-01
6.000000e-02 3.152423e-01 5.036933e-01
7.500000e-02 3.152423e-01 4.584062e-01
9.000000e-02 3.152423e-01 4.115557e-01
1.050000e-01 3.152423e-01 3.693697e-01
1.200000e-01 3.152423e-01 3.338273e-01
1.350000e-01 3.152423e-01 3.048465e-01
1.500000e-01 3.152423e-01 2.815766e-01
1.650000e-01 3.152423e-01 2.629977e-01
1.800000e-01 3.152423e-01 2.481632e-01
1.950000e-01 3.152423e-01 2.362772e-01
2.100000e-01 3.152423e-01 2.267017e-01
2.250000e-01 3.152423e-01 2.189379e-01
2.400000e-01 3.152423e-01 2.126010e-01
2.550000e-01 3.152423e-01 2.073954e-01
2.700000e-01 3.152423e-01 2.030943e-01
2.850000e-01 3.152423e-01 1.995234e-01
3.000000e-01 3.152423e-01 1.965481e-01
-3.000000e-01 3.289066e-01 1.879042e-01
-2.850000e-01 3.289066e-01 1.906856e-01
-2.700000e-01 3.289066e-01 1.940219e-01
-2.550000e-01 3.289066e-01 1.980379e-01
-2.400000e-01 3.289066e-01 2.028948e-01
-2.250000e-01 3.289066e-01 2.088018e-01
-2.100000e-01 3.289066e-01 2.160309e-01
-1.950000e-01 3.289066e-01 2.249352e-01
-1.800000e-01 3.289066e-01 2.359702e-01
-1.650000e-01 3.289066e-01 2.497157e-01
-1.500000e-01 3.289066e-01 2.668901e-01
-1.350000e-01 3.289066e-01 2.883391e-01
-1.200000e-01 3.289066e-01 3.149594e-01
-1.050000e-01 3.289066e-01 3.474708e-01
-9.000000e-02 3.289066e-01 3.858663e-01
-7.500000e-02 3.289066e-01 4.282462e-01
-6.000000e-02 3.289066e-01 4.688732e-01
-4.500000e-02 3.289066e-01 4.970324e-01
-3.000000e-02 3.289066e-01 5.029090e-01
-1.500000e-02 3.289066e-01 4.920595e-01
5.551115e-17 3.289066e-01 4.847265e-01
1.500000e-02 3.289066e-01 4.920595e-01
3.000000e-02 3.289066e-01 5.029090e-01
4.500000e-02 3.289066e-01 4.970324e-01
6.000000e-02 3.289066e-01 4.688732e-01
7.500000e-02 3.289066e-01 4.282462e-01
9.000000e-02 3.289066e-01 3.858663e-01
1.050000e-01 3.289066e-01 3.474708e-01
1.200000e-01 3.289066e-01 3.149594e-01
1.350000e-01 3.289066e-01 2.883391e-01
1.500000e-01 3.289066e-01 2.668901e-01
1.650000e-01 3.289066e-01 2.497157e-01
1.800000e-01 3.289066e-01 2.359702e-01
1.950000e-01 3.289066e-01 2.249352e-01
2.100000e-01 3.289066e-01 2.160309e-01
2.250000e-01 3.289066e-01 2.088018e-01
2.400000e-01 3.289066e-01 2.028948e-01
2.550000e-01 3.289066e-01 1.980379e-01
2.700000e-01 3.289066e-01 1.940219e-01
2.850000e-01 3.289066e-01 1.906856e-01
3.000000e-01 3.289066e-01 1.879042e-01
-3.000000e-01 3.425709e-01 1.798159e-01
-2.850000e-01 3.425709e-01 1.824198e-01
-2.700000e-01 3.425709e-01 1.855416e-01
-2.550000e-01 3.425709e-01 1.892971e-01
-2.400000e-01 3.425709e-01 1.938356e-01
-2.250000e-01 3.425709e-01 1.993505e-01
-2.100000e-01 3.425709e-01 2.060927e-01
-1.950000e-01 3.425709e-01 2.143867e-01
-1.800000e-01 3.425709e-01 2.246497e-01
-1.650000e-01 3.425709e-01 2.374097e-01
-1.500000e-01 3.425709e-01 2.533169e-01
-1.350000e-01 3.425709e-01 2.731290e-01
-1.200000e-01 3.425709e-01 2.976367e-01
-1.050000e-01 3.425709e-01 3.274497e-01
-9.000000e-02 3.425709e-01 3.624913e-01
-7.500000e-02 3.425709e-01 4.009441e-01
-6.000000e-02 3.425709e-01 4.375143e-01
-4.500000e-02 3.425709e-01 4.624701e-01
-3.000000e-02 3.425709e-01 4.670598e-01
-1.500000e-02 3.425709e-01 4.566099e-01
5.551115e-17 3.425709e-01 4.497267e-01
1.500000e-02 3.425709e-01 4.566099e-01
3.000000e-02 3.425709e-01 4.670598e-01
4.500000e-02 3.425709e-01 4.624701e-01
6.000000e-02 3.425709e-01 4.375143e-01
7.500000e-02 3.425709e-01 4.009441e-01
9.000000e-02 3.425709e-01 3.624913e-01
1.050000e-01 3.425709e-01 3.274497e-01
1.200000e-01 3.425709e-01 2.976367e-01
1.350000e-01 3.425709e-01 2.731290e-01
1.500000e-01 3.425709e-01 2.533169e-01
1.650000e-01 3.425709e-01 2.374097e-01
1.800000e-01 3.425709e-01 2.246497e-01
1.950000e-01 3.425709e-01 2.143867e-01
2.100000e-01 3.425709e-01 2.060927e-01
2.250000e-01 3.425709e-01 1.993505e-01
2.400000e-01 3.425709e-01 1.938356e-01
2.550000e-01 3.425709e-01 1.892971e-01
2.700000e-01 3.425709e-01 1.855416e-01
2.850000e-01 3.425709e-01 1.824198e-01
3.000000e-01 3.425709e-01 1.798159e-01
-3.000000e-01 3.562351e-01 1.722368e-01
-2.850000e-01 3.562351e-01 1.746779e-01
-2.700000e-01 3.562351e-01 1.776031e-01
-2.550000e-01 3.562351e-01 1.811201e-01
-2.400000e-01 3.562351e-01 1.853673e-01
-2.250000e-01 3.562351e-01 1.905239e-01
-2.100000e-01 3.562351e-01 1.968218e-01
-1.950000e-01 3.562351e-01 2.045598e-01
-1.800000e-01 3.562351e-01 2.141208e-01
-1.650000e-01 3.562351e-01 2.259869e-01
-1.500000e-01 3.562351e-01 2.407479e-01
-1.350000e-01 3.562351e-01 2.590846e-01
-1.200000e-01 3.562351e-01 2.816962e-01
-1.050000e-01 3.562351e-01 3.090991e-01
-9.000000e-02 3.562351e-01 3.411629e-01
-7.500000e-02 3.562351e-01 3.761533e-01
-6.000000e-02 3.562351e-01 4.091776e-01
-4.500000e-02 3.562351e-01 4.313708e-01
-3.000000e-02 3.562351e-01 4.348999e-01
-1.500000e-02 3.562351e-01 4.248583e-01
5.551115e-17 3.562351e-01 4.183919e-01
1.500000e-02 3.562351e-01 4.248583e-01
3.000000e-02 3.562351e-01 4.348999e-01
4.500000e-02 3.562351e-01 4.313708e-01
6.000000e-02 3.562351e-01 4.091776e-01
7.500000e-02 3.562351e-01 3.761533e-01
9.000000e-02 3.562351e-01 3.411629e-01
1.050000e-01 3.562351e-01 3.090991e-01
1.200000e-01 3.562351e-01 2.816962e-01
1.350000e-01 3.562351e-01 2.590846e-01
1.500000e-01 3.562351e-01 2.407479e-01
1.650000e-01 3.562351e-01 2.259869e-01
1.800000e-01 3.562351e-01 2.141208e-01
1.950000e-01 3.562351e-01 2.045598e-01
2.100000e-01 3.562351e-01 1.968218e-01
2.250000e-01 3.562351e-01 1.905239e-01
2.400000e-01 3.562351e-01 1.853673e-01
2.550000e-01 3.562351e-01 1.811201e-01
2.700000e-01 3.562351e-01 1.776031e-01
2.850000e-01 3.562351e-01 1.746779e-01
3.000000e-01 3.562351e-01 1.722368e-01
-3.000000e-01 3.698994e-01 1.651252e-01
-2.850000e-01 3.698994e-01 1.674168e-01
-2.700000e-01 3.698994e-01 1.701615e-01
-2.550000e-01 3.698994e-01 1.734596e-01
-2.400000e-01 3.698994e-01 1.774398e-01
-2.250000e-01 3.698994e-01 1.822684e-01
-2.100000e-01 3.698994e-01 1.881600e-01
-1.950000e-01 3.698994e-01 1.953905e-01
-1.800000e-01 3.698994e-01 2.043118e-01
-1.650000e-01 3.698994e-01 2.153652e-01
-1.500000e-01 3.698994e-01 2.290870e-01
-1.350000e-01 3.698994e-01 2.460905e-01
-1.200000e-01 3.698994e-01 2.669954e-01
-1.050000e-01 3.698994e-01 2.922396e-01
-9.000000e-02 3.698994e-01 3.216510e-01
-7.500000e-02 3.698994e-01 3.535777e-01
-6.000000e-02 3.698994e-01 3.834906e-01
-4.500000e-02 3.698994e-01 4.032922e-01
-3.000000e-02 3.698994e-01 4.059461e-01
-1.500000e-02 3.698994e-01 3.963148e-01
5.551115e-17 3.698994e-01 3.902349e-01
1.500000e-02 3.698994e-01 3.963148e-01
3.000000e-02 3.698994e-01 4.059461e-01
4.500000e-02 3.698994e-01 4.032922e-01
6.000000e-02 3.698994e-01 3.834906e-01
7.500000e-02 3.698994e-01 3.535777e-01
9.000000e-02 3.698994e-01 3.216510e-01
1.050000e-01 3.698994e-01 2.922396e-01
1.200000e-01 3.698994e-01 2.669954e-01
1.350000e-01 3.698994e-01 2.460905e-01
1.500000e-01 3.698994e-01 2.290870e-01
1.650000e-01 3.698994e-01 2.153652e-01
1.800000e-01 3.698994e-01 2.043118e-01
1.950000e-01 3.698994e-01 1.953905e-01
2.100000e-01 3.698994e-01 1.881600e-01
2.250000e-01 3.698994e-01 1.822684e-01
2.400000e-01 3.698994e-01 1.774398e-01
2.550000e-01 3.698994e-01 1.734596e-01
2.700000e-01 3.698994e-01 1.701615e-01
2.850000e-01 3.698994e-01 1.674168e-01
3.000000e-01 3.698994e-01 1.651252e-01
-3.000000e-01 3.835637e-01 1.584435e-01
-2.850000e-01 3.835637e-01 1.605975e-01
-2.700000e-01 3.835637e-01 1.631762e-01
-2.550000e-01 3.835637e-01 1.662732e-01
-2.400000e-01 3.835637e-01 1.700083e-01
-2.250000e-01 3.835637e-01 1.745360e-01
-2.100000e-01 3.835637e-01 1.800554e-01
-1.950000e-01 3.835637e-01 1.868215e-01
-1.800000e-01 3.835637e-01 1.951587e-01
-1.650000e-01 3.835637e-01 2.054717e-01
-1.500000e-01 3.835637e-01 2.182491e-01
-1.350000e-01 3.835637e-01 2.340450e-01
-1.200000e-01 3.835637e-01 2.534099e-01
-1.050000e-01 3.835637e-01 2.767149e-01
-9.000000e-02 3.835637e-01 3.037564e-01
-7.500000e-02 3.835637e-01 3.329632e-01
-6.000000e-02 3.835637e-01 3.601360e-01
-4.500000e-02 3.835637e-01 3.778595e-01
-3.000000e-02 3.835637e-01 3.797911e-01
-1.500000e-02 3.835637e-01 3.705670e-01
5.551115e-17 3.835637e-01 3.648461e-01
1.500000e-02 3.835637e-01 3.705670e-01
3.000000e-02 3.835637e-01 3.797911e-01
4.500000e-02 3.835637e-01 3.778595e-01
6.000000e-02 3.835637e-01 3.601360e-01
7.500000e-02 3.835637e-01 3.329632e-01
9.000000e-02 3.835637e-01 3.037564e-01
1.050000e-01 3.835637e-01 2.767149e-01
1.200000e-01 3.835637e-01 2.534099e-01
1.350000e-01 3.835637e-01 2.340450e-01
1.500000e-01 3.835637e-01 2.182491e-01
1.650000e-01 3.835637e-01 2.054717e-01
1.800000e-01 3.835637e-01 1.951587e-01
1.950000e-01 3.835637e-01 1.868215e-01
2.100000e-01 3.835637e-01 1.800554e-01
2.250000e-01 3.835637e-01 1.745360e-01
2.400000e-01 3.835637e-01 1.700083e-01
2.550000e-01 3.835637e-01 1.662732e-01
2.700000e-01 3.835637e-01 1.631762e-01
2.850000e-01 3.835637e-01 1.605975e-01
3.000000e-01 3.835637e-01 1.584435e-01
-3.000000e-01 3.972280e-01 1.521580e-01
-2.850000e-01 3.972280e-01 1.541851e-01
-2.700000e-01 3.972280e-01 1.566109e-01
-2.550000e-01 3.972280e-01 1.595227e-01
-2.400000e-01 3.972280e-01 1.630323e-01
-2.250000e-01 3.972280e-01 1.672836e-01
-2.100000e-01 3.972280e-01 1.724613e-01
-1.950000e-01 3.972280e-01 1.788019e-01
-1.800000e-01 3.972280e-01 1.866047e-01
-1.650000e-01 3.972280e-01 1.962416e-01
-1.500000e-01 3.972280e-01 2.081591e-01
-1.350000e-01 3.972280e-01 2.228585e-01
-1.200000e-01 3.972280e-01 2.408303e-01
-1.050000e-01 3.972280e-01 2.623886e-01
-9.000000e-02 3.972280e-01 2.873065e-01
-7.500000e-02 3.972280e-01 3.140909e-01
-6.000000e-02 3.972280e-01 3.388424e-01
-4.500000e-02 3.972280e-01 3.547537e-01
-3.000000e-02 3.972280e-01 3.560898e-01
-1.500000e-02 3.972280e-01 3.472662e-01
5.551115e-17 3.972280e-01 3.418790e-01
1.500000e-02 3.972280e-01 3.472662e-01
3.000000e-02 3.972280e-01 3.560898e-01
4.500000e-02 3.972280e-01 3.547537e-01
6.000000e-02 3.972280e-01 3.388424e-01
7.500000e-02 3.972280e-01 3.140909e-01
9.000000e-02 3.972280e-01 2.873065e-01
1.050000e-01 3.972280e-01 2.623886e-01
1.200000e-01 3.972280e-01 2.408303e-01
1.350000e-01 3.972280e-01 2.228585e-01
1.500000e-01 3.972280e-01 2.081591e-01
1.650000e-01 3.972280e-01 1.962416e-01
1.800000e-01 3.972280e-01 1.866047e-01
1.950000e-01 3.972280e-01 1.788019e-01
2.100000e-01 3.972280e-01 1.724613e-01
2.250000e-01 3.972280e-01 1.672836e-01
2.400000e-01 3.972280e-01 1.630323e-01
2.550000e-01 3.972280e-01 1.595227e-01
2.700000e-01 3.972280e-01 1.566109e-01
2.850000e-01 3.972280e-01 1.541851e-01
3.000000e-01 3.972280e-01 1.521580e-01
-3.000000e-01 4.108923e-01 1.462379e-01
-2.850000e-01 4.108923e-01 1.481479e-01
-2.700000e-01 4.108923e-01 1.504326e-01
-2.550000e-01 4.108923e-01 1.531737e-01
-2.400000e-01 4.108923e-01 1.564755e-01
-2.250000e-01 4.108923e-01 1.604723e-01
-2.100000e-01 4.108923e-01 1.653360e-01
-1.950000e-01 4.108923e-01 1.712858e-01
-1.800000e-01 4.108923e-01 1.785987e-01
-1.650000e-01 4.108923e-01 1.876173e-01
-1.500000e-01 4.108923e-01 1.987499e-01
-1.350000e-01 4.108923e-01 2.124516e-01
-1.200000e-01 4.108923e-01 2.291602e-01
-1.050000e-01 4.108923e-01 2.491413e-01
-9.000000e-02 4.108923e-01 2.721509e-01
-7.500000e-02 4.108923e-01 2.967712e-01
-6.000000e-02 4.108923e-01 3.193763e-01
-4.500000e-02 4.108923e-01 3.337024e-01
-3.000000e-02 4.108923e-01 3.345481e-01
-1.500000e-02 4.108923e-01 3.261158e-01
5.551115e-17 4.108923e-01 3.210395e-01
1.500000e-02 4.108923e-01 3.261158e-01
3.000000e-02 4.108923e-01 3.345481e-01
4.500000e-02 4.108923e-01 3.337024e-01
6.000000e-02 4.108923e-01 3.193763e-01
7.500000e-02 4.108923e-01 2.967712e-01
9.000000e-02 4.108923e-01 2.721509e-01
1.050000e-01 4.108923e-01 2.491413e-01
1.200000e-01 4.108923e-01 2.291602e-01
1.350000e-01 4.108923e-01 2.124516e-01
1.500000e-01 4.108923e-01 1.987499e-01
1.650000e-01 4.108923e-01 1.876173e-01
1.800000e-01 4.108923e-01 1.785987e-01
1.950000e-01 4.108923e-01 1.712858e-01
2.100000e-01 4.108923e-01 1.653360e-01
2.250000e-01 4.108923e-01 1.604723e-01
2.400000e-01 4.108923e-01 1.564755e-01
2.550000e-01 4.108923e-01 1.531737e-01
2.700000e-01 4.108923e-01 1.504326e-01
2.850000e-01 4.108923e-01 1.481479e-01
3.000000e-01 4.108923e-01 1.462379e-01
-3.000000e-01 4.245566e-01 1.406557e-01
-2.850000e-01 4.245566e-01 1.424574e-01
-2.700000e-01 4.245566e-01 1.446117e-01
-2.550000e-01 4.245566e-01 1.471950e-01
-2.400000e-01 4.245566e-01 1.503052e-01
-2.250000e-01 4.245566e-01 1.540673e-01
-2.100000e-01 4.245566e-01 1.586417e-01
-1.950000e-01 4.245566e-01 1.642322e-01
-1.800000e-01 4.245566e-01 1.710952e-01
-1.650000e-01 4.245566e-01 1.795469e-01
-1.500000e-01 4.245566e-01 1.899619e-01
-1.350000e-01 4.245566e-01 2.027539e-01
-1.200000e-01 4.245566e-01 2.183145e-01
-1.050000e-01 4.245566e-01 2.368679e-01
-9.000000e-02 4.245566e-01 2.581581e-01
-7.500000e-02 4.245566e-01 2.808398e-01
-6.000000e-02 4.245566e-01 3.015362e-01
-4.500000e-02 4.245566e-01 3.144714e-01
-3.000000e-02 4.245566e-01 3.149145e-01
-1.500000e-02 4.245566e-01 3.068628e-01
5.551115e-17 4.245566e-01 3.020763e-01
1.500000e-02 4.245566e-01 3.068628e-01
3.000000e-02 4.245566e-01 3.149145e-01
4.500000e-02 4.245566e-01 3.144714e-01
6.000000e-02 4.245566e-01 3.015362e-01
7.500000e-02 4.245566e-01 2.808398e-01
9.000000e-02 4.245566e-01 2.581581e-01
1.050000e-01 4.245566e-01 2.368679e-01
1.200000e-01 4.245566e-01 2.183145e-01
1.350000e-01 4.245566e-01 2.027539e-01
1.500000e-01 4.245566e-01 1.899619e-01
1.650000e-01 4.245566e-01 1.795469e-01
1.800000e-01 4.245566e-01 1.710952e-01
1.950000e-01 4.245566e-01 1.642322e-01
2.100000e-01 4.245566e-01 1.586417e-01
2.250000e-01 4.245566e-01 1.540673e-01
2.400000e-01 4.245566e-01 1.503052e-01
2.550000e-01 4.245566e-01 1.471950e-01
2.700000e-01 4.245566e-01 1.446117e-01
2.850000e-01 4.245566e-01 1.424574e-01
3.000000e-01 4.245566e-01 1.406557e-01
-3.000000e-01 4.382208e-01 1.353861e-01
-2.850000e-01 4.382208e-01 1.370875e-01
-2.700000e-01 4.382208e-01 1.391211e-01
-2.550000e-01 4.382208e-01 1.415586e-01
-2.400000e-01 4.382208e-01 1.444915e-01
-2.250000e-01 4.382208e-01 1.480370e-01
-2.100000e-01 4.382208e-01 1.523445e-01
-1.950000e-01 4.382208e-01 1.576039e-01
-1.800000e-01 4.382208e-01 1.640532e-01
-1.650000e-01 4.382208e-01 1.719844e-01
-1.500000e-01 4.382208e-01 1.817419e-01
-1.350000e-01 4.382208e-01 1.937026e-01
-1.200000e-01 4.382208e-01 2.082177e-01
-1.050000e-01 4.382208e-01 2.254757e-01
-9.000000e-02 4.382208e-01 2.452130e-01
-7.500000e-02 4.382208e-01 2.661531e-01
-6.000000e-02 4.382208e-01 2.851472e-01
-4.500000e-02 4.382208e-01 2.968586e-01
-3.000000e-02 4.382208e-01 2.969726e-01
-1.500000e-02 4.382208e-01 2.892898e-01
5.551115e-17 4.382208e-01 2.847740e-01
1.500000e-02 4.382208e-01 2.892898e-01
3.000000e-02 4.382208e-01 2.969726e-01
4.500000e-02 4.382208e-01 2.968586e-01
6.000000e-02 4.382208e-01 2.851472e-01
7.500000e-02 4.382208e-01 2.661531e-01
9.000000e-02 4.382208e-01 2.452130e-01
1.050000e-01 4.382208e-01 2.254757e-01
1.200000e-01 4.382208e-01 2.082177e-01
1.350000e-01 4.382208e-01 1.937026e-01
1.500000e-01 4.382208e-01 1.817419e-01
1.650000e-01 4.382208e-01 1.719844e-01
1.800000e-01 4.382208e-01 1.640532e-01
1.950000e-01 4.382208e-01 1.576039e-01
2.100000e-01 4.382208e-01 1.523445e-01
2.250000e-01 4.382208e-01 1.480370e-01
2.400000e-01 4.382208e-01 1.444915e-01
2.550000e-01 4.382208e-01 1.415586e-01
2.700000e-01 4.382208e-01 1.391211e-01
2.850000e-01 4.382208e-01 1.370875e-01
3.000000e-01 4.382208e-01 1.353861e-01
-3.000000e-01 4.518851e-01 1.304063e-01
-2.850000e-01 4.518851e-01 1.320147e-01
-2.700000e-01 4.518851e-01 1.339365e-01
-2.550000e-01 4.518851e-01 1.362388e-01
-2.400000e-01 4.518851e-01 1.390077e-01
-2.250000e-01 4.518851e-01 1.423528e-01
-2.100000e-01 4.518851e-01 1.464137e-01
-1.950000e-01 4.518851e-01 1.513676e-01
-1.800000e-01 4.518851e-01 1.574356e-01
-1.650000e-01 4.518851e-01 1.648881e-01
-1.500000e-01 4.518851e-01 1.740422e-01
-1.350000e-01 4.518851e-01 1.852419e-01
-1.200000e-01 4.518851e-01 1.988026e-01
-1.050000e-01 4.518851e-01 2.148827e-01
-9.000000e-02 4.518851e-01 2.332140e-01
-7.500000e-02 4.518851e-01 2.525856e-01
-6.000000e-02 4.518851e-01 2.700576e-01
-4.500000e-02 4.518851e-01 2.806893e-01
-3.000000e-02 4.518851e-01 2.805358e-01
-1.500000e-02 4.518851e-01 2.732095e-01
5.551115e-17 4.518851e-01 2.689469e-01
1.500000e-02 4.518851e-01 2.732095e-01
3.000000e-02 4.518851e-01 2.805358e-01
4.500000e-02 4.518851e-01 2.806893e-01
6.000000e-02 4.518851e-01 2.700576e-01
7.500000e-02 4.518851e-01 2.525856e-01
9.000000e-02 4.518851e-01 2.332140e-01
1.050000e-01 4.518851e-01 2.148827e-01
1.200000e-01 4.518851e-01 1.988026e-01
1.350000e-01 4.518851e-01 1.852419e-01
1.500000e-01 4.518851e-01 1.740422e-01
1.650000e-01 4.518851e-01 1.648881e-01
1.800000e-01 4.518851e-01 1.574356e-01
1.950000e-01 4.518851e-01 1.513676e-01
2.100000e-01 4.518851e-01 1.464137e-01
2.250000e-01 4.518851e-01 1.423528e-01
2.400000e-01 4.518851e-01 1.390077e-01
2.550000e-01 4.518851e-01 1.362388e-01
2.700000e-01 4.518851e-01 1.339365e-01
2.850000e-01 4.518851e-01 1.320147e-01
3.000000e-01 4.518851e-01 1.304063e-01
-3.000000e-01 4.655494e-01 1.256955e-01
-2.850000e-01 4.655494e-01 1.272176e-01
-2.700000e-01 4.655494e-01 1.290355e-01
-2.550000e-01 4.655494e-01 1.312125e-01
-2.400000e-01 4.655494e-01 1.338293e-01
-2.250000e-01 4.655494e-01 1.369888e-01
-2.100000e-01 4.655494e-01 1.408216e-01
-1.950000e-01 4.655494e-01 1.454930e-01
-1.800000e-01 4.655494e-01 1.512091e-01
-1.650000e-01 4.655494e-01 1.582206e-01
-1.500000e-01 4.655494e-01 1.668198e-01
-1.350000e-01 4.655494e-01 1.773216e-01
-1.200000e-01 4.655494e-01 1.900097e-01
-1.050000e-01 4.655494e-01 2.050164e-01
-9.000000e-02 4.655494e-01 2.220718e-01
-7.500000e-02 4.655494e-01 2.400272e-01
-6.000000e-02 4.655494e-01 2.561344e-01
-4.500000e-02 4.655494e-01 2.658115e-01
-3.000000e-02 4.655494e-01 2.654424e-01
-1.500000e-02 4.655494e-01 2.584600e-01
5.551115e-17 4.655494e-01 2.544346e-01
1.500000e-02 4.655494e-01 2.584600e-01
3.000000e-02 4.655494e-01 2.654424e-01
4.500000e-02 4.655494e-01 2.658115e-01
6.000000e-02 4.655494e-01 2.561344e-01
7.500000e-02 4.655494e-01 2.400272e-01
9.000000e-02 4.655494e-01 2.220718e-01
1.050000e-01 4.655494e-01 2.050164e-01
1.200000e-01 4.655494e-01 1.900097e-01
1.350000e-01 4.655494e-01 1.773216e-01
1.500000e-01 4.655494e-01 1.668198e-01
1.650000e-01 4.655494e-01 1.582206e-01
1.800000e-01 4.655494e-01 1.512091e-01
1.950000e-01 4.655494e-01 1.454930e-01
2.100000e-01 4.655494e-01 1.408216e-01
2.250000e-01 4.655494e-01 1.369888e-01
2.400000e-01 4.655494e-01 1.338293e-01
2.550000e-01 4.655494e-01 1.312125e-01
2.700000e-01 4.655494e-01 1.290355e-01
2.850000e-01 4.655494e-01 1.272176e-01
3.000000e-01 4.655494e-01 1.256955e-01
-3.000000e-01 4.792137e-01 1.212348e-01
-2.850000e-01 4.792137e-01 1.226765e-01
-2.700000e-01 4.792137e-01 1.243979e-01
-2.550000e-01 4.792137e-01 1.264585e-01
-2.400000e-01 4.792137e-01 1.289342e-01
-2.250000e-01 4.792137e-01 1.319214e-01
-2.100000e-01 4.792137e-01 1.355428e-01
-1.950000e-01 4.792137e-01 1.399529e-01
-1.800000e-01 4.792137e-01 1.453437e-01
-1.650000e-01 4.792137e-01 1.519481e-01
-1.500000e-01 4.792137e-01 1.600364e-01
-1.350000e-01 4.792137e-01 1.698969e-01
-1.200000e-01 4.792137e-01 1.817855e-01
-1.050000e-01 4.792137e-01 1.958120e-01
-9.000000e-02 4.792137e-01 2.117070e-01
-7.500000e-02 4.792137e-01 2.283809e-01
-6.000000e-02 4.792137e-01 2.432616e-01
-4.500000e-02 4.792137e-01 2.520924e-01
-3.000000e-02 4.792137e-01 2.515516e-01
-1.500000e-02 4.792137e-01 2.449007e-01
5.551115e-17 4.792137e-01 2.410977e-01
1.500000e-02 4.792137e-01 2.449007e-01
3.000000e-02 4.792137e-01 2.515516e-01
4.500000e-02 4.792137e-01 2.520924e-01
6.000000e-02 4.792137e-01 2.432616e-01
7.500000e-02 4.792137e-01 2.283809e-01
9.000000e-02 4.792137e-01 2.117070e-01
1.050000e-01 4.792137e-01 1.958120e-01
1.200000e-01 4.792137e-01 1.817855e-01
1.350000e-01 4.792137e-01 1.698969e-01
1.500000e-01 4.792137e-01 1.600364e-01
1.650000e-01 4.792137e-01 1.519481e-01
1.800000e-01 4.792137e-01 1.453437e-01
1.950000e-01 4.792137e-01 1.399529e-01
2.100000e-01 4.792137e-01 1.355428e-01
2.250000e-01 4.792137e-01 1.319214e-01
2.400000e-01 4.792137e-01 1.289342e-01
2.550000e-01 4.792137e-01 1.264585e-01
2.700000e-01 4.792137e-01 1.243979e-01
2.850000e-01 4.792137e-01 1.226765e-01
3.000000e-01 4.792137e-01 1.212348e-01
-3.000000e-01 4.928780e-01 1.170067e-01
-2.850000e-01 4.928780e-01 1.183737e-01
-2.700000e-01 4.928780e-01 1.200053e-01
-2.550000e-01 4.928780e-01 1.219576e-01
-2.400000e-01 4.928780e-01 1.243020e-01
-2.250000e-01 4.928780e-01 1.271294e-01
-2.100000e-01 4.928780e-01 1.305546e-01
-1.950000e-01 4.928780e-01 1.347223e-01
-1.800000e-01 4.928780e-01 1.398120e-01
-1.650000e-01 4.928780e-01 1.460403e-01
-1.500000e-01 4.928780e-01 1.536571e-01
-1.350000e-01 4.928780e-01 1.629274e-01
-1.200000e-01 4.928780e-01 1.740822e-01
-1.050000e-01 4.928780e-01 1.872120e-01
-9.000000e-02 4.928780e-01 2.020495e-01
-7.500000e-02 4.928780e-01 2.175610e-01
-6.000000e-02 4.928780e-01 2.313367e-01
-4.500000e-02 4.928780e-01 2.394160e-01
-3.000000e-02 4.928780e-01 2.387407e-01
-1.500000e-02 4.928780e-01 2.324087e-01
5.551115e-17 4.928780e-01 2.288149e-01
1.500000e-02 4.928780e-01 2.324087e-01
3.000000e-02 4.928780e-01 2.387407e-01
4.500000e-02 4.928780e-01 2.394160e-01
6.000000e-02 4.928780e-01 2.313367e-01
7.500000e-02 4.928780e-01 2.175610e-01
9.000000e-02 4.928780e-01 2.020495e-01
1.050000e-01 4.928780e-01 1.872120e-01
1.200000e-01 4.928780e-01 1.740822e-01
1.350000e-01 4.928780e-01 1.629274e-01
1.500000e-01 4.928780e-01 1.536571e-01
1.650000e-01 4.928780e-01 1.460403e-01
1.800000e-01 4.928780e-01 1.398120e-01
1.950000e-01 4.928780e-01 1.347223e-01
2.100000e-01 4.928780e-01 1.305546e-01
2.250000e-01 4.928780e-01 1.271294e-01
2.400000e-01 4.928780e-01 1.243020e-01
2.550000e-01 4.928780e-01 1.219576e-01
2.700000e-01 4.928780e-01 1.200053e-01
2.850000e-01 4.928780e-01 1.183737e-01
3.000000e-01 4.928780e-01 1.170067e-01
-3.000000e-01 5.065422e-01 1.129954e-01
-2.850000e-01 5.065422e-01 1.142928e-01
-2.700000e-01 5.065422e-01 1.158406e-01
-2.550000e-01 5.065422e-01 1.176921e-01
-2.400000e-01 5.065422e-01 1.199144e-01
-2.250000e-01 5.065422e-01 1.225930e-01
-2.100000e-01 5.065422e-01 1.258359e-01
-1.950000e-01 5.065422e-01 1.297788e-01
-1.800000e-01 5.065422e-01 1.345893e-01
-1.650000e-01 5.065422e-01 1.404693e-01
-1.500000e-01 5.065422e-01 1.476507e-01
-1.350000e-01 5.065422e-01 1.563768e-01
-1.200000e-01 5.065422e-01 1.668568e-01
-1.050000e-01 5.065422e-01 1.791647e-01
-9.000000e-02 5.065422e-01 1.930366e-01
-7.500000e-02 5.065422e-01 2.074916e-01
-6.000000e-02 5.065422e-01 2.202698e-01
-4.500000e-02 5.065422e-01 2.276803e-01
-3.000000e-02 5.065422e-01 2.269020e-01
-1.500000e-02 5.065422e-01 2.208769e-01
5.551115e-17 5.065422e-01 2.174799e-01
1.500000e-02 5.065422e-01 2.208769e-01
3.000000e-02 5.065422e-01 2.269020e-01
4.500000e-02 5.065422e-01 2.276803e-01
6.000000e-02 5.065422e-01 2.202698e-01
7.500000e-02 5.065422e-01 2.074916e-01
9.000000e-02 5.065422e-01 1.930366e-01
1.050000e-01 5.065422e-01 1.791647e-01
1.200000e-01 5.065422e-01 1.668568e-01
1.350000e-01 5.065422e-01 1.563768e-01
1.500000e-01 5.065422e-01 1.476507e-01
1.650000e-01 5.065422e-01 1.404693e-01
1.800000e-01 5.065422e-01 1.345893e-01
1.950000e-01 5.065422e-01 1.297788e-01
2.100000e-01 5.065422e-01 1.258359e-01
2.250000e-01 5.065422e-01 1.225930e-01
2.400000e-01 5.065422e-01 1.199144e-01
2.550000e-01 5.065422e-01 1.176921e-01
2.700000e-01 5.065422e-01 1.158406e-01
2.850000e-01 5.065422e-01 1.142928e-01
3.000000e-01 5.065422e-01 1.129954e-01
-3.000000e-01 5.202065e-01 1.091865e-01
-2.850000e-01 5.202065e-01 1.104187e-01
-2.700000e-01 5.202065e-01 1.118886e-01
-2.550000e-01 5.202065e-01 1.136460e-01
-2.400000e-01 5.202065e-01 1.157545e-01
-2.250000e-01 5.202065e-01 1.182946e-01
-2.100000e-01 5.202065e-01 1.213679e-01
-1.950000e-01 5.202065e-01 1.251017e-01
-1.800000e-01 5.202065e-01 1.296531e-01
-1.650000e-01 5.202065e-01 1.352103e-01
-1.500000e-01 5.202065e-01 1.419886e-01
-1.350000e-01 5.202065e-01 1.502124e-01
-1.200000e-01 5.202065e-01 1.600709e-01
-1.050000e-01 5.202065e-01 1.716241e-01
-9.000000e-02 5.202065e-01 1.846125e-01
-7.500000e-02 5.202065e-01 1.981054e-01
-6.000000e-02 5.202065e-01 2.099811e-01
-4.500000e-02 5.202065e-01 2.167955e-01
-3.000000e-02 5.202065e-01 2.159410e-01
-1.500000e-02 5.202065e-01 2.102111e-01
5.551115e-17 5.202065e-01 2.069997e-01
1.500000e-02 5.202065e-01 2.102111e-01
3.000000e-02 5.202065e-01 2.159410e-01
4.500000e-02 5.202065e-01 2.167955e-01
6.000000e-02 5.202065e-01 2.099811e-01
7.500000e-02 5.202065e-01 1.981054e-01
9.000000e-02 5.202065e-01 1.846125e-01
1.050000e-01 5.202065e-01 1.716241e-01
1.200000e-01 5.202065e-01 1.600709e-01
1.350000e-01 5.202065e-01 1.502124e-01
1.500000e-01 5.202065e-01 1.419886e-01
1.650000e-01 5.202065e-01 1.352103e-01
1.800000e-01 5.202065e-01 1.296531e-01
1.950000e-01 5.202065e-01 1.251017e-01
2.100000e-01 5.202065e-01 1.213679e-01
2.250000e-01 5.202065e-01 1.182946e-01
2.400000e-01 5.202065e-01 1.157545e-01
2.550000e-01 5.202065e-01 1.136460e-01
2.700000e-01 5.202065e-01 1.118886e-01
2.850000e-01 5.202065e-01 1.104187e-01
3.000000e-01 5.202065e-01 1.091865e-01
-3.000000e-01 5.338708e-01 1.055665e-01
-2.850000e-01 5.338708e-01 1.067379e-01
-2.700000e-01 5.338708e-01 1.081348e-01
-2.550000e-01 5.338708e-01 1.098045e-01
-2.400000e-01 5.338708e-01 1.118068e-01
-2.250000e-01 5.338708e-01 1.142177e-01
-2.100000e-01 5.338708e-01 1.171330e-01
-1.950000e-01 5.338708e-01 1.206723e-01
-1.800000e-01 5.338708e-01 1.249828e-01
-1.650000e-01 5.338708e-01 1.302404e-01
-1.500000e-01 5.338708e-01 1.366453e-01
-1.350000e-01 5.338708e-01 1.444044e-01
-1.200000e-01 5.338708e-01 1.536897e-01
-1.050000e-01 5.338708e-01 1.645487e-01
-9.000000e-02 5.338708e-01 1.767274e-01
-7.500000e-02 5.338708e-01 1.893423e-01
-6.000000e-02 5.338708e-01 2.003998e-01
-4.500000e-02 5.338708e-01 2.066821e-01
-3.000000e-02 5.338708e-01 2.057742e-01
-1.500000e-02 5.338708e-01 2.003284e-01
5.551115e-17 5.338708e-01 1.972921e-01
1.500000e-02 5.338708e-01 2.003284e-01
3.000000e-02 5.338708e-01 2.057742e-01
4.500000e-02 5.338708e-01 2.066821e-01
6.000000e-02 5.338708e-01 2.003998e-01
7.500000e-02 5.338708e-01 1.893423e-01
9.000000e-02 5.338708e-01 1.767274e-01
1.050000e-01 5.338708e-01 1.645487e-01
1.200000e-01 5.338708e-01 1.536897e-01
1.350000e-01 5.338708e-01 1.444044e-01
1.500000e-01 5.338708e-01 1.366453e-01
1.650000e-01 5.338708e-01 1.302404e-01
1.800000e-01 5.338708e-01 1.249828e-01
1.950000e-01 5.338708e-01 1.206723e-01
2.100000e-01 5.338708e-01 1.171330e-01
2.250000e-01 5.338708e-01 1.142177e-01
2.400000e-01 5.338708e-01 1.118068e-01
2.550000e-01 5.338708e-01 1.098045e-01
2.700000e-01 5.338708e-01 1.081348e-01
2.850000e-01 5.338708e-01 1.067379e-01
3.000000e-01 5.338708e-01 1.055665e-01
-3.000000e-01 5.475351e-01 1.021231e-01
-2.850000e-01 5.475351e-01 1.032377e-01
-2.700000e-01 5.475351e-01 1.045664e-01
-2.550000e-01 5.475351e-01 1.061540e-01
-2.400000e-01 5.475351e-01 1.080572e-01
-2.250000e-01 5.475351e-01 1.103476e-01
-2.100000e-01 5.475351e-01 1.131155e-01
-1.950000e-01 5.475351e-01 1.164734e-01
-1.800000e-01 5.475351e-01 1.205597e-01
-1.650000e-01 5.475351e-01 1.255388e-01
-1.500000e-01 5.475351e-01 1.315972e-01
-1.350000e-01 5.475351e-01 1.389260e-01
-1.200000e-01 5.475351e-01 1.476816e-01
-1.050000e-01 5.475351e-01 1.579011e-01
-9.000000e-02 5.475351e-01 1.693363e-01
-7.500000e-02 5.475351e-01 1.811486e-01
-6.000000e-02 5.475351e-01 1.914632e-01
-4.500000e-02 5.475351e-01 1.972697e-01
-3.000000e-02 5.475351e-01 1.963281e-01
-1.500000e-02 5.475351e-01 1.911556e-01
5.551115e-17 5.475351e-01 1.882850e-01
1.500000e-02 5.475351e-01 1.911556e-01
3.000000e-02 5.475351e-01 1.963281e-01
4.500000e-02 5.475351e-01 1.972697e-01
6.000000e-02 5.475351e-01 1.914632e-01
7.500000e-02 5.475351e-01 1.811486e-01
9.000000e-02 5.475351e-01 1.693363e-01
1.050000e-01 5.475351e-01 1.579011e-01
1.200000e-01 5.475351e-01 1.476816e-01
1.350000e-01 5.475351e-01 1.389260e-01
1.500000e-01 5.475351e-01 1.315972e-01
1.650000e-01 5.475351e-01 1.255388e-01
1.800000e-01 5.475351e-01 1.205597e-01
1.950000e-01 5.475351e-01 1.164734e-01
2.100000e-01 5.475351e-01 1.131155e-01
2.250000e-01 5.475351e-01 1.103476e-01
2.400000e-01 5.475351e-01 1.080572e-01
2.550000e-01 5.475351e-01 1.061540e-01
2.700000e-01 5.475351e-01 1.045664e-01
2.850000e-01 5.475351e-01 1.032377e-01
3.000000e-01 5.475351e-01 1.021231e-01
-3.000000e-01 5.611994e-01 9.884515e-02
-2.850000e-01 5.611994e-01 9.990653e-02
-2.700000e-01 5.611994e-01 1.011714e-01
-2.550000e-01 5.611994e-01 1.026822e-01
-2.400000e-01 5.611994e-01 1.044926e-01
-2.250000e-01 5.611994e-01 1.066704e-01
-2.100000e-01 5.611994e-01 1.093006e-01
-1.950000e-01 5.611994e-01 1.124895e-01
-1.800000e-01 5.611994e-01 1.163668e-01
-1.650000e-01 5.611994e-01 1.210867e-01
-1.500000e-01 5.611994e-01 1.268230e-01
-1.350000e-01 5.611994e-01 1.337528e-01
-1.200000e-01 5.611994e-01 1.420184e-01
-1.050000e-01 5.611994e-01 1.516477e-01
-9.000000e-02 5.611994e-01 1.623991e-01
-7.500000e-02 5.611994e-01 1.734765e-01
-6.000000e-02 5.611994e-01 1.831151e-01
-4.500000e-02 5.611994e-01 1.884959e-01
-3.000000e-02 5.611994e-01 1.875372e-01
-1.500000e-02 5.611994e-01 1.826277e-01
5.551115e-17 5.611994e-01 1.799141e-01
1.500000e-02 5.611994e-01 1.826277e-01
3.000000e-02 5.611994e-01 1.875372e-01
4.500000e-02 5.611994e-01 1.884959e-01
6.000000e-02 5.611994e-01 1.831151e-01
7.500000e-02 5.611994e-01 1.734765e-01
9.000000e-02 5.611994e-01 1.623991e-01
1.050000e-01 5.611994e-01 1.516477e-01
1.200000e-01 5.611994e-01 1.420184e-01
1.350000e-01 5.611994e-01 1.337528e-01
1.500000e-01 5.611994e-01 1.268230e-01
1.650000e-01 5.611994e-01 1.210867e-01
1.800000e-01 5.611994e-01 1.163668e-01
1.950000e-01 5.611994e-01 1.124895e-01
2.100000e-01 5.611994e-01 1.093006e-01
2.250000e-01 5.611994e-01 1.066704e-01
2.400000e-01 5.611994e-01 1.044926e-01
2.550000e-01 5.611994e-01 1.026822e-01
2.700000e-01 5.611994e-01 1.011714e-01
2.850000e-01 5.611994e-01 9.990653e-02
3.000000e-01 5.611994e-01 9.884515e-02
-3.000000e-01 5.748636e-01 9.572218e-02
-2.850000e-01 5.748636e-01 9.673365e-02
-2.700000e-01 5.748636e-01 9.793872e-02
-2.550000e-01 5.748636e-01 9.937764e-02
-2.400000e-01 5.748636e-01 1.011012e-01
-2.250000e-01 5.748636e-01 1.031735e-01
-2.100000e-01 5.748636e-01 1.056751e-01
-1.950000e-01 5.748636e-01 1.087060e-01
-1.800000e-01 5.748636e-01 1.123883e-01
-1.650000e-01 5.748636e-01 1.168667e-01
-1.500000e-01 5.748636e-01 1.223035e-01
-1.350000e-01 5.748636e-01 1.288627e-01
-1.200000e-01 5.748636e-01 1.366742e-01
-1.050000e-01 5.748636e-01 1.457581e-01
-9.000000e-02 5.748636e-01 1.558796e-01
-7.500000e-02 5.748636e-01 1.662828e-01
-6.000000e-02 5.748636e-01 1.753055e-01
-4.500000e-02 5.748636e-01 1.803048e-01
-3.000000e-02 5.748636e-01 1.793435e-01
-1.500000e-02 5.748636e-01 1.746873e-01
5.551115e-17 5.748636e-01 1.721226e-01
1.500000e-02 5.748636e-01 1.746873e-01
3.000000e-02 5.748636e-01 1.793435e-01
4.500000e-02 5.748636e-01 1.803048e-01
6.000000e-02 5.748636e-01 1.753055e-01
7.500000e-02 5.748636e-01 1.662828e-01
9.000000e-02 5.748636e-01 1.558796e-01
1.050000e-01 5.748636e-01 1.457581e-01
1.200000e-01 5.748636e-01 1.366742e-01
1.350000e-01 5.748636e-01 1.288627e-01
1.500000e-01 5.748636e-01 1.223035e-01
1.650000e-01 5.748636e-01 1.168667e-01
1.800000e-01 5.748636e-01 1.123883e-01
1.950000e-01 5.748636e-01 1.087060e-01
2.100000e-01 5.748636e-01 1.056751e-01
2.250000e-01 5.748636e-01 1.031735e-01
2.400000e-01 5.748636e-01 1.011012e-01
2.550000e-01 5.748636e-01 9.937764e-02
2.700000e-01 5.748636e-01 9.793872e-02
2.850000e-01 5.748636e-01 9.673365e-02
3.000000e-01 5.748636e-01 9.572218e-02
-3.000000e-01 5.885279e-01 9.274460e-02
-2.850000e-01 5.885279e-01 9.370923e-02
-2.700000e-01 5.885279e-01 9.485820e-02
-2.550000e-01 5.885279e-01 9.622970e-02
-2.400000e-01 5.885279e-01 9.787189e-02
-2.250000e-01 5.885279e-01 9.984549e-02
-2.100000e-01 5.885279e-01 1.022266e-01
-1.950000e-01 5.885279e-01 1.051098e-01
-1.800000e-01 5.885279e-01 1.086100e-01
-1.650000e-01 5.885279e-01 1.128631e-01
-1.500000e-01 5.885279e-01 1.180208e-01
-1.350000e-01 5.885279e-01 1.242354e-01
-1.200000e-01 5.885279e-01 1.316255e-01
-1.050000e-01 5.885279e-01 1.402047e-01
-9.000000e-02 5.885279e-01 1.497451e-01
-7.500000e-02 5.885279e-01 1.595288e-01
-6.000000e-02 5.885279e-01 1.679894e-01
-4.500000e-02 5.885279e-01 1.726467e-01
-3.000000e-02 5.885279e-01 1.716951e-01
-1.500000e-02 5.885279e-01 1.672831e-01
5.551115e-17 5.885279e-01 1.648599e-01
1.500000e-02 5.885279e-01 1.672831e-01
3.000000e-02 5.885279e-01 1.716951e-01
4.500000e-02 5.885279e-01 1.726467e-01
6.000000e-02 5.885279e-01 1.679894e-01
7.500000e-02 5.885279e-01 1.595288e-01
9.000000e-02 5.885279e-01 1.497451e-01
1.050000e-01 5.885279e-01 1.402047e-01
1.200000e-01 5.885279e-01 1.316255e-01
1.350000e-01 5.885279e-01 1.242354e-01
1.500000e-01 5.885279e-01 1.180208e-01
1.650000e-01 5.885279e-01 1.128631e-01
1.800000e-01 5.885279e-01 1.086100e-01
1.950000e-01 5.885279e-01 1.051098e-01
2.100000e-01 5.885279e-01 1.022266e-01
2.250000e-01 5.885279e-01 9.984549e-02
2.400000e-01 5.885279e-01 9.787189e-02
2.550000e-01 5.885279e-01 9.622970e-02
2.700000e-01 5.885279e-01 9.485820e-02
2.850000e-01 5.885279e-01 9.370923e-02
3.000000e-01 5.885279e-01 9.274460e-02
-3.000000e-01 6.021922e-01 8.990355e-02
-2.850000e-01 6.021922e-01 9.082419e-02
-2.700000e-01 6.021922e-01 9.192047e-02
-2.550000e-01 6.021922e-01 9.322868e-02
-2.400000e-01 6.021922e-01 9.479454e-02
-2.250000e-01 6.021922e-01 9.667559e-02
-2.100000e-01 6.021922e-01 9.894391e-02
-1.950000e-01 6.021922e-01 1.016888e-01
-1.800000e-01 6.021922e-01 1.050187e-01
-1.650000e-01 6.021922e-01 1.090613e-01
-1.500000e-01 6.021922e-01 1.139587e-01
-1.350000e-01 6.021922e-01 1.198525e-01
-1.200000e-01 6.021922e-01 1.268510e-01
-1.050000e-01 6.021922e-01 1.349625e-01
-9.000000e-02 6.021922e-01 1.439660e-01
-7.500000e-02 6.021922e-01 1.531798e-01
-6.000000e-02 6.021922e-01 1.611265e-01
-4.500000e-02 6.021922e-01 1.654770e-01
-3.000000e-02 6.021922e-01 1.645458e-01
-1.500000e-02 6.021922e-01 1.603693e-01
5.551115e-17 6.021922e-01 1.580808e-01
1.500000e-02 6.021922e-01 1.603693e-01
3.000000e-02 6.021922e-01 1.645458e-01
4.500000e-02 6.021922e-01 1.654770e-01
6.000000e-02 6.021922e-01 1.611265e-01
7.500000e-02 6.021922e-01 1.531798e-01
9.000000e-02 6.021922e-01 1.439660e-01
1.050000e-01 6.021922e-01 1.349625e-01
1.200000e-01 6.021922e-01 1.268510e-01
1.350000e-01 6.021922e-01 1.198525e-01
1.500000e-01 6.021922e-01 1.139587e-01
1.650000e-01 6.021922e-01 1.090613e-01
1.800000e-01 6.021922e-01 1.050187e-01
1.950000e-01 6.021922e-01 1.016888e-01
2.100000e-01 6.021922e-01 9.894391e-02
2.250000e-01 6.021922e-01 9.667559e-02
2.400000e-01 6.021922e-01 9.479454e-02
2.550000e-01 6.021922e-01 9.322868e-02
2.700000e-01 6.021922e-01 9.192047e-02
2.850000e-01 6.021922e-01 9.082419e-02
3.000000e-01 6.021922e-01 8.990355e-02
-3.000000e-01 6.158565e-01 8.719081e-02
-2.850000e-01 6.158565e-01 8.807009e-02
-2.700000e-01 6.158565e-01 8.911686e-02
-2.550000e-01 6.158565e-01 9.036562e-02
-2.400000e-01 6.158565e-01 9.185978e-02
-2.250000e-01 6.158565e-01 9.365397e-02
-2.100000e-01 6.158565e-01 9.581648e-02
-1.950000e-01 6.158565e-01 9.843175e-02
-1.800000e-01 6.158565e-01 1.016022e-01
-1.650000e-01 6.158565e-01 1.054480e-01
-1.500000e-01 6.158565e-01 1.101023e-01
-1.350000e-01 6.158565e-01 1.156971e-01
-1.200000e-01 6.158565e-01 1.223314e-01
-1.050000e-01 6.158565e-01 1.300087e-01
-9.000000e-02 6.158565e-01 1.385155e-01
-7.500000e-02 6.158565e-01 1.472041e-01
-6.000000e-02 6.158565e-01 1.546805e-01
-4.500000e-02 6.158565e-01 1.587557e-01
-3.000000e-02 6.158565e-01 1.578541e-01
-1.500000e-02 6.158565e-01 1.539049e-01
5.551115e-17 6.158565e-01 1.517448e-01
1.500000e-02 6.158565e-01 1.539049e-01
3.000000e-02 6.158565e-01 1.578541e-01
4.500000e-02 6.158565e-01 1.587557e-01
6.000000e-02 6.158565e-01 1.546805e-01
7.500000e-02 6.158565e-01 1.472041e-01
9.000000e-02 6.158565e-01 1.385155e-01
1.050000e-01 6.158565e-01 1.300087e-01
1.200000e-01 6.158565e-01 1.223314e-01
1.350000e-01 6.158565e-01 1.156971e-01
1.500000e-01 6.158565e-01 1.101023e-01
1.650000e-01 6.158565e-01 1.054480e-01
1.800000e-01 6.158565e-01 1.016022e-01
1.950000e-01 6.158565e-01 9.843175e-02
2.100000e-01 6.158565e-01 9.581648e-02
2.250000e-01 6.158565e-01 9.365397e-02
2.400000e-01 6.158565e-01 9.185978e-02
2.550000e-01 6.158565e-01 9.036562e-02
2.700000e-01 6.158565e-01 8.911686e-02
2.850000e-01 6.158565e-01 8.807009e-02
3.000000e-01 6.158565e-01 8.719081e-02
-3.000000e-01 6.295208e-01 8.459880e-02
-2.850000e-01 6.295208e-01 8.543915e-02
-2.700000e-01 6.295208e-01 8.643934e-02
-2.550000e-01 6.295208e-01 8.763219e-02
-2.400000e-01 6.295208e-01 8.905897e-02
-2.250000e-01 6.295208e-01 9.077156e-02
-2.100000e-01 6.295208e-01 9.283473e-02
-1.950000e-01 6.295208e-01 9.532843e-02
-1.800000e-01 6.295208e-01 9.834946e-02
-1.650000e-01 6.295208e-01 1.020110e-01
-1.500000e-01 6.295208e-01 1.064381e-01
-1.350000e-01 6.295208e-01 1.117537e-01
-1.200000e-01 6.295208e-01 1.180489e-01
-1.050000e-01 6.295208e-01 1.253228e-01
-9.000000e-02 6.295208e-01 1.333694e-01
-7.500000e-02 6.295208e-01 1.415732e-01
-6.000000e-02 6.295208e-01 1.486187e-01
-4.500000e-02 6.295208e-01 1.524467e-01
-3.000000e-02 6.295208e-01 1.515829e-01
-1.500000e-02 6.295208e-01 1.478533e-01
5.551115e-17 6.295208e-01 1.458158e-01
1.500000e-02 6.295208e-01 1.478533e-01
3.000000e-02 6.295208e-01 1.515829e-01
4.500000e-02 6.295208e-01 1.524467e-01
6.000000e-02 6.295208e-01 1.486187e-01
7.500000e-02 6.295208e-01 1.415732e-01
9.000000e-02 6.295208e-01 1.333694e-01
1.050000e-01 6.295208e-01 1.253228e-01
1.200000e-01 6.295208e-01 1.180489e-01
1.350000e-01 6.295208e-01 1.117537e-01
1.500000e-01 6.295208e-01 1.064381e-01
1.650000e-01 6.295208e-01 1.020110e-01
1.800000e-01 6.295208e-01 9.834946e-02
1.950000e-01 6.295208e-01 9.532843e-02
2.100000e-01 6.295208e-01 9.283473e-02
2.250000e-01 6.295208e-01 9.077156e-02
2.400000e-01 6.295208e-01 8.905897e-02
2.550000e-01 6.295208e-01 8.763219e-02
2.700000e-01 6.295208e-01 8.643934e-02
2.850000e-01 6.295208e-01 8.543915e-02
3.000000e-01 6.295208e-01 8.459880e-02
-3.000000e-01 6.431850e-01 8.212047e-02
-2.850000e-01 6.431850e-01 8.292415e-02
-2.700000e-01 6.431850e-01 8.388048e-02
-2.550000e-01 6.431850e-01 8.502070e-02
-2.400000e-01 6.431850e-01 8.638409e-02
-2.250000e-01 6.431850e-01 8.801995e-02
-2.100000e-01 6.431850e-01 8.998977e-02
-1.950000e-01 6.431850e-01 9.236932e-02
-1.800000e-01 6.431850e-01 9.525016e-02
-1.650000e-01 6.431850e-01 9.873912e-02
-1.500000e-01 6.431850e-01 1.029536e-01
-1.350000e-01 6.431850e-01 1.080084e-01
-1.200000e-01 6.431850e-01 1.139871e-01
-1.050000e-01 6.431850e-01 1.208858e-01
-9.000000e-02 6.431850e-01 1.285054e-01
-7.500000e-02 6.431850e-01 1.362615e-01
-6.000000e-02 6.431850e-01 1.429116e-01
-4.500000e-02 6.431850e-01 1.465178e-01
-3.000000e-02 6.431850e-01 1.456985e-01
-1.500000e-02 6.431850e-01 1.421814e-01
5.551115e-17 6.431850e-01 1.402612e-01
1.500000e-02 6.431850e-01 1.421814e-01
3.000000e-02 6.431850e-01 1.456985e-01
4.500000e-02 6.431850e-01 1.465178e-01
6.000000e-02 6.431850e-01 1.429116e-01
7.500000e-02 6.431850e-01 1.362615e-01
9.000000e-02 6.431850e-01 1.285054e-01
1.050000e-01 6.431850e-01 1.208858e-01
1.200000e-01 6.431850e-01 1.139871e-01
1.350000e-01 6.431850e-01 1.080084e-01
1.500000e-01 6.431850e-01 1.029536e-01
1.650000e-01 6.431850e-01 9.873912e-02
1.800000e-01 6.431850e-01 9.525016e-02
1.950000e-01 6.431850e-01 9.236932e-02
2.100000e-01 6.431850e-01 8.998977e-02
2.250000e-01 6.431850e-01 8.801995e-02
2.400000e-01 6.431850e-01 8.638409e-02
2.550000e-01 6.431850e-01 8.502070e-02
2.700000e-01 6.431850e-01 8.388048e-02
2.850000e-01 6.431850e-01 8.292415e-02
3.000000e-01 6.431850e-01 8.212047e-02
-3.000000e-01 6.568493e-01 7.974927e-02
-2.850000e-01 6.568493e-01 8.051839e-02
-2.700000e-01 6.568493e-01 8.143338e-02
-2.550000e-01 6.568493e-01 8.252403e-02
-2.400000e-01 6.568493e-01 8.382772e-02
-2.250000e-01 6.568493e-01 8.539136e-02
-2.100000e-01 6.568493e-01 8.727337e-02
-1.950000e-01 6.568493e-01 8.954564e-02
-1.800000e-01 6.568493e-01 9.229484e-02
-1.650000e-01 6.568493e-01 9.562185e-02
-1.500000e-01 6.568493e-01 9.963711e-02
-1.350000e-01 6.568493e-01 1.044480e-01
-1.200000e-01 6.568493e-01 1.101314e-01
-1.050000e-01 6.568493e-01 1.166804e-01
-9.000000e-02 6.568493e-01 1.239035e-01
-7.500000e-02 6.568493e-01 1.312453e-01
-6.000000e-02 6.568493e-01 1.375322e-01
-4.500000e-02 6.568493e-01 1.409395e-01
-3.000000e-02 6.568493e-01 1.401709e-01
-1.500000e-02 6.568493e-01 1.368596e-01
5.551115e-17 6.568493e-01 1.350517e-01
1.500000e-02 6.568493e-01 1.368596e-01
3.000000e-02 6.568493e-01 1.401709e-01
4.500000e-02 6.568493e-01 1.409395e-01
6.000000e-02 6.568493e-01 1.375322e-01
7.500000e-02 6.568493e-01 1.312453e-01
9.000000e-02 6.568493e-01 1.239035e-01
1.050000e-01 6.568493e-01 1.166804e-01
1.200000e-01 6.568493e-01 1.101314e-01
1.350000e-01 6.568493e-01 1.044480e-01
1.500000e-01 6.568493e-01 9.963711e-02
1.650000e-01 6.568493e-01 9.562185e-02
1.800000e-01 6.568493e-01 9.229484e-02
1.950000e-01 6.568493e-01 8.954564e-02
2.100000e-01 6.568493e-01 8.727337e-02
2.250000e-01 6.568493e-01 8.539136e-02
2.400000e-01 6.568493e-01 8.382772e-02
2.550000e-01 6.568493e-01 8.252403e-02
2.700000e-01 6.568493e-01 8.143338e-02
2.850000e-01 6.568493e-01 8.051839e-02
3.000000e-01 6.568493e-01 7.974927e-02
-3.000000e-01 6.705136e-01 7.747913e-02
-2.850000e-01 6.705136e-01 7.821564e-02
-2.700000e-01 6.705136e-01 7.909164e-02
-2.550000e-01 6.705136e-01 8.013554e-02
-2.400000e-01 6.705136e-01 8.138297e-02
-2.250000e-01 6.705136e-01 8.287858e-02
-2.100000e-01 6.705136e-01 8.467792e-02
-1.950000e-01 6.705136e-01 8.684926e-02
-1.800000e-01 6.705136e-01 8.947473e-02
-1.650000e-01 6.705136e-01 9.264969e-02
-1.500000e-01 6.705136e-01 9.647814e-02
-1.350000e-01 6.705136e-01 1.010606e-01
-1.200000e-01 6.705136e-01 1.064679e-01
-1.050000e-01 6.705136e-01 1.126909e-01
-9.000000e-02 6.705136e-01 1.195452e-01
-7.500000e-02 6.705136e-01 1.265034e-01
-6.000000e-02 6.705136e-01 1.324564e-01
-4.500000e-02 6.705136e-01 1.356853e-01
-3.000000e-02 6.705136e-01 1.349728e-01
-1.500000e-02 6.705136e-01 1.318610e-01
5.551115e-17 6.705136e-01 1.301609e-01
1.500000e-02 6.705136e-01 1.318610e-01
3.000000e-02 6.705136e-01 1.349728e-01
4.500000e-02 6.705136e-01 1.356853e-01
6.000000e-02 6.705136e-01 1.324564e-01
7.500000e-02 6.705136e-01 1.265034e-01
9.000000e-02 6.705136e-01 1.195452e-01
1.050000e-01 6.705136e-01 1.126909e-01
1.200000e-01 6.705136e-01 1.064679e-01
1.350000e-01 6.705136e-01 1.010606e-01
1.500000e-01 6.705136e-01 9.647814e-02
1.650000e-01 6.705136e-01 9.264969e-02
1.800000e-01 6.705136e-01 8.947473e-02
1.950000e-01 6.705136e-01 8.684926e-02
2.100000e-01 6.705136e-01 8.467792e-02
2.250000e-01 6.705136e-01 8.287858e-02
2.400000e-01 6.705136e-01 8.138297e-02
2.550000e-01 6.705136e-01 8.013554e-02
2.700000e-01 6.705136e-01 7.909164e-02
2.850000e-01 6.705136e-01 7.821564e-02
3.000000e-01 6.705136e-01 7.747913e-02
-3.000000e-01 6.841779e-01 7.530441e-02
-2.850000e-01 6.841779e-01 7.601012e-02
-2.700000e-01 6.841779e-01 7.684931e-02
-2.550000e-01 6.841779e-01 7.784909e-02
-2.400000e-01 6.841779e-01 7.904345e-02
-2.250000e-01 6.841779e-01 8.047492e-02
-2.100000e-01 6.841779e-01 8.219637e-02
-1.950000e-01 6.841779e-01 8.427267e-02
-1.800000e-01 6.841779e-01 8.678173e-02
-1.650000e-01 6.841779e-01 8.981378e-02
-1.500000e-01 6.841779e-01 9.346688e-02
-1.350000e-01 6.841779e-01 9.783521e-02
-1.200000e-01 6.841779e-01 1.029843e-01
-1.050000e-01 6.841779e-01 1.089029e-01
-9.000000e-02 6.841779e-01 1.154139e-01
-7.500000e-02 6.841779e-01 1.220163e-01
-6.000000e-02 6.841779e-01 1.276621e-01
-4.500000e-02 6.841779e-01 1.307313e-01
-3.000000e-02 6.841779e-01 1.300795e-01
-1.500000e-02 6.841779e-01 1.271613e-01
5.551115e-17 6.841779e-01 1.255649e-01
1.500000e-02 6.841779e-01 1.271613e-01
3.000000e-02 6.841779e-01 1.300795e-01
4.500000e-02 6.841779e-01 1.307313e-01
6.000000e-02 6.841779e-01 1.276621e-01
7.500000e-02 6.841779e-01 1.220163e-01
9.000000e-02 6.841779e-01 1.154139e-01
1.050000e-01 6.841779e-01 1.089029e-01
1.200000e-01 6.841779e-01 1.029843e-01
1.350000e-01 6.841779e-01 9.783521e-02
1.500000e-01 6.841779e-01 9.346688e-02
1.650000e-01 6.841779e-01 8.981378e-02
1.800000e-01 6.841779e-01 8.678173e-02
1.950000e-01 6.841779e-01 8.427267e-02
2.100000e-01 6.841779e-01 8.219637e-02
2.250000e-01 6.841779e-01 8.047492e-02
2.400000e-01 6.841779e-01 7.904345e-02
2.550000e-01 6.841779e-01 7.784909e-02
2.700000e-01 6.841779e-01 7.684931e-02
2.850000e-01 6.841779e-01 7.601012e-02
3.000000e-01 6.841779e-01 7.530441e-02
-3.000000e-01 6.978422e-01 7.321983e-02
-2.850000e-01 6.978422e-01 7.389644e-02
-2.700000e-01 6.978422e-01 7.470085e-02
-2.550000e-01 6.978422e-01 7.565897e-02
-2.400000e-01 6.978422e-01 7.680321e-02
-2.250000e-01 6.978422e-01 7.817416e-02
-2.100000e-01 6.978422e-01 7.982215e-02
-1.950000e-01 6.978422e-01 8.180888e-02
-1.800000e-01 6.978422e-01 8.420832e-02
-1.650000e-01 6.978422e-01 8.710594e-02
-1.500000e-01 6.978422e-01 9.059427e-02
-1.350000e-01 6.978422e-01 9.476173e-02
-1.200000e-01 6.978422e-01 9.966888e-02
-1.050000e-01 6.978422e-01 1.053030e-01
-9.000000e-02 6.978422e-01 1.114940e-01
-7.500000e-02 6.978422e-01 1.177662e-01
-6.000000e-02 6.978422e-01 1.231291e-01
-4.500000e-02 6.978422e-01 1.260555e-01
-3.000000e-02 6.978422e-01 1.254686e-01
-1.500000e-02 6.978422e-01 1.227387e-01
5.551115e-17 6.978422e-01 1.212421e-01
1.500000e-02 6.978422e-01 1.227387e-01
3.000000e-02 6.978422e-01 1.254686e-01
4.500000e-02 6.978422e-01 1.260555e-01
6.000000e-02 6.978422e-01 1.231291e-01
7.500000e-02 6.978422e-01 1.177662e-01
9.000000e-02 6.978422e-01 1.114940e-01
1.050000e-01 6.978422e-01 1.053030e-01
1.200000e-01 6.978422e-01 9.966888e-02
1.350000e-01 6.978422e-01 9.476173e-02
1.500000e-01 6.978422e-01 9.059427e-02
1.650000e-01 6.978422e-01 8.710594e-02
1.800000e-01 6.978422e-01 8.420832e-02
1.950000e-01 6.978422e-01 8.180888e-02
2.100000e-01 6.978422e-01 7.982215e-02
2.250000e-01 6.978422e-01 7.817416e-02
2.400000e-01 6.978422e-01 7.680321e-02
2.550000e-01 6.978422e-01 7.565897e-02
2.700000e-01 6.978422e-01 7.470085e-02
2.850000e-01 6.978422e-01 7.389644e-02
3.000000e-01 6.978422e-01 7.321983e-02
-3.000000e-01 7.115064e-01 7.122049e-02
-2.850000e-01 7.115064e-01 7.186957e-02
-2.700000e-01 7.115064e-01 7.264110e-02
-2.550000e-01 7.115064e-01 7.355983e-02
-2.400000e-01 7.115064e-01 7.465674e-02
-2.250000e-01 7.115064e-01 7.597052e-02
-2.100000e-01 7.115064e-01 7.754917e-02
-1.950000e-01 7.115064e-01 7.945142e-02
-1.800000e-01 7.115064e-01 8.174756e-02
-1.650000e-01 7.115064e-01 8.451859e-02
-1.500000e-01 7.115064e-01 8.785197e-02
-1.350000e-01 7.115064e-01 9.183078e-02
-1.200000e-01 7.115064e-01 9.651112e-02
-1.050000e-01 7.115064e-01 1.018791e-01
-9.000000e-02 7.115064e-01 1.077716e-01
-7.500000e-02 7.115064e-01 1.137370e-01
-6.000000e-02 7.115064e-01 1.188392e-01
-4.500000e-02 7.115064e-01 1.216383e-01
-3.000000e-02 7.115064e-01 1.211199e-01
-1.500000e-02 7.115064e-01 1.185732e-01
5.551115e-17 7.115064e-01 1.171729e-01
1.500000e-02 7.115064e-01 1.185732e-01
3.000000e-02 7.115064e-01 1.211199e-01
4.500000e-02 7.115064e-01 1.216383e-01
6.000000e-02 7.115064e-01 1.188392e-01
7.500000e-02 7.115064e-01 1.137370e-01
9.000000e-02 7.115064e-01 1.077716e-01
1.050000e-01 7.115064e-01 1.018791e-01
1.200000e-01 7.115064e-01 9.651112e-02
1.350000e-01 7.115064e-01 9.183078e-02
1.500000e-01 7.115064e-01 8.785197e-02
1.650000e-01 7.115064e-01 8.451859e-02
1.800000e-01 7.115064e-01 8.174756e-02
1.950000e-01 7.115064e-01 7.945142e-02
2.100000e-01 7.115064e-01 7.754917e-02
2.250000e-01 7.115064e-01 7.597052e-02
2.400000e-01 7.115064e-01 7.465674e-02
2.550000e-01 7.115064e-01 7.355983e-02
2.700000e-01 7.115064e-01 7.264110e-02
2.850000e-01 7.115064e-01 7.186957e-02
3.000000e-01 7.115064e-01 7.122049e-02
-3.000000e-01 7.251707e-01 6.930182e-02
-2.850000e-01 7.251707e-01 6.992484e-02
-2.700000e-01 7.251707e-01 7.066526e-02
-2.550000e-01 7.251707e-01 7.154673e-02
-2.400000e-01 7.251707e-01 7.259887e-02
-2.250000e-01 7.251707e-01 7.385863e-02
-2.100000e-01 7.251707e-01 7.537178e-02
-1.950000e-01 7.251707e-01 7.719428e-02
-1.800000e-01 7.251707e-01 7.939296e-02
-1.650000e-01 7.251707e-01 8.204470e-02
-1.500000e-01 7.251707e-01 8.523223e-02
-1.350000e-01 7.251707e-01 8.903370e-02
-1.200000e-01 7.251707e-01 9.350121e-02
-1.050000e-01 7.251707e-01 9.861998e-02
-9.000000e-02 7.251707e-01 1.042337e-01
-7.500000e-02 7.251707e-01 1.099137e-01
-6.000000e-02 7.251707e-01 1.147756e-01
-4.500000e-02 7.251707e-01 1.174613e-01
-3.000000e-02 7.251707e-01 1.170149e-01
-1.500000e-02 7.251707e-01 1.146467e-01
5.551115e-17 7.251707e-01 1.133395e-01
1.500000e-02 7.251707e-01 1.146467e-01
3.000000e-02 7.251707e-01 1.170149e-01
4.500000e-02 7.251707e-01 1.174613e-01
6.000000e-02 7.251707e-01 1.147756e-01
7.500000e-02 7.251707e-01 1.099137e-01
9.000000e-02 7.251707e-01 1.042337e-01
1.050000e-01 7.251707e-01 9.861998e-02
1.200000e-01 7.251707e-01 9.350121e-02
1.350000e-01 7.251707e-01 8.903370e-02
1.500000e-01 7.251707e-01 8.523223e-02
1.650000e-01 7.251707e-01 8.204470e-02
1.800000e-01 7.251707e-01 7.939296e-02
1.950000e-01 7.251707e-01 7.719428e-02
2.100000e-01 7.251707e-01 7.537178e-02
2.250000e-01 7.251707e-01 7.385863e-02
2.400000e-01 7.251707e-01 7.259887e-02
2.550000e-01 7.251707e-01 7.154673e-02
2.700000e-01 7.251707e-01 7.066526e-02
2.850000e-01 7.251707e-01 6.992484e-02
3.000000e-01 7.251707e-01 6.930182e-02
-3.000000e-01 7.388350e-01 6.745953e-02
-2.850000e-01 7.388350e-01 6.805787e-02
-2.700000e-01 7.388350e-01 6.876882e-02
-2.550000e-01 7.388350e-01 6.961503e-02
-2.400000e-01 7.388350e-01 7.062481e-02
-2.250000e-01 7.388350e-01 7.183346e-02
-2.100000e-01 7.388350e-01 7.328470e-02
-1.950000e-01 7.388350e-01 7.503185e-02
-1.800000e-01 7.388350e-01 7.713853e-02
-1.650000e-01 7.388350e-01 7.967776e-02
-1.500000e-01 7.388350e-01 8.272788e-02
-1.350000e-01 7.388350e-01 8.636250e-02
-1.200000e-01 7.388350e-01 9.063008e-02
-1.050000e-01 7.388350e-01 9.551524e-02
-9.000000e-02 7.388350e-01 1.008684e-01
-7.500000e-02 7.388350e-01 1.062828e-01
-6.000000e-02 7.388350e-01 1.109229e-01
-4.500000e-02 7.388350e-01 1.135082e-01
-3.000000e-02 7.388350e-01 1.131368e-01
-1.500000e-02 7.388350e-01 1.109429e-01
5.551115e-17 7.388350e-01 1.097256e-01
1.500000e-02 7.388350e-01 1.109429e-01
3.000000e-02 7.388350e-01 1.131368e-01
4.500000e-02 7.388350e-01 1.135082e-01
6.000000e-02 7.388350e-01 1.109229e-01
7.500000e-02 7.388350e-01 1.062828e-01
9.000000e-02 7.388350e-01 1.008684e-01
1.050000e-01 7.388350e-01 9.551524e-02
1.200000e-01 7.388350e-01 9.063008e-02
1.350000e-01 7.388350e-01 8.636250e-02
1.500000e-01 7.388350e-01 8.272788e-02
1.650000e-01 7.388350e-01 7.967776e-02
1.800000e-01 7.388350e-01 7.713853e-02
1.950000e-01 7.388350e-01 7.503185e-02
2.100000e-01 7.388350e-01 7.328470e-02
2.250000e-01 7.388350e-01 7.183346e-02
2.400000e-01 7.388350e-01 7.062481e-02
2.550000e-01 7.388350e-01 6.961503e-02
2.700000e-01 7.388350e-01 6.876882e-02
2.850000e-01 7.388350e-01 6.805787e-02
3.000000e-01 7.388350e-01 6.745953e-02
-3.000000e-01 7.524993e-01 6.568964e-02
-2.850000e-01 7.524993e-01 6.626459e-02
-2.700000e-01 7.524993e-01 6.694761e-02
-2.550000e-01 7.524993e-01 6.776041e-02
-2.400000e-01 7.524993e-01 6.873007e-02
-2.250000e-01 7.524993e-01 6.989035e-02
-2.100000e-01 7.524993e-01 7.128300e-02
-1.950000e-01 7.524993e-01 7.295891e-02
-1.800000e-01 7.524993e-01 7.497868e-02
-1.650000e-01 7.524993e-01 7.741171e-02
-1.500000e-01 7.524993e-01 8.033225e-02
-1.350000e-01 7.524993e-01 8.380976e-02
-1.200000e-01 7.524993e-01 8.788939e-02
-1.050000e-01 7.524993e-01 9.255537e-02
-9.000000e-02 7.524993e-01 9.766468e-02
-7.500000e-02 7.524993e-01 1.028317e-01
-6.000000e-02 7.524993e-01 1.072672e-01
-4.500000e-02 7.524993e-01 1.097639e-01
-3.000000e-02 7.524993e-01 1.094701e-01
-1.500000e-02 7.524993e-01 1.074465e-01
5.551115e-17 7.524993e-01 1.063166e-01
1.500000e-02 7.524993e-01 1.074465e-01
3.000000e-02 7.524993e-01 1.094701e-01
4.500000e-02 7.524993e-01 1.097639e-01
6.000000e-02 7.524993e-01 1.072672e-01
7.500000e-02 7.524993e-01 1.028317e-01
9.000000e-02 7.524993e-01 9.766468e-02
1.050000e-01 7.524993e-01 9.255537e-02
1.200000e-01 7.524993e-01 8.788939e-02
1.350000e-01 7.524993e-01 8.380976e-02
1.500000e-01 7.524993e-01 8.033225e-02
1.650000e-01 7.524993e-01 7.741171e-02
1.800000e-01 7.524993e-01 7.497868e-02
1.950000e-01 7.524993e-01 7.295891e-02
2.100000e-01 7.524993e-01 7.128300e-02
2.250000e-01 7.524993e-01 6.989035e-02
2.400000e-01 7.524993e-01 6.873007e-02
2.550000e-01 7.524993e-01 6.776041e-02
2.700000e-01 7.524993e-01 6.694761e-02
2.850000e-01 7.524993e-01 6.626459e-02
3.000000e-01 7.524993e-01 6.568964e-02
-3.000000e-01 7.661636e-01 6.398840e-02
-2.850000e-01 7.661636e-01 6.454116e-02
-2.700000e-01 7.661636e-01 6.519771e-02
-2.550000e-01 7.661636e-01 6.597883e-02
-2.400000e-01 7.661636e-01 6.691047e-02
-2.250000e-01 7.661636e-01 6.802493e-02
-2.100000e-01 7.661636e-01 6.936211e-02
-1.950000e-01 7.661636e-01 7.097061e-02
-1.800000e-01 7.661636e-01 7.290820e-02
-1.650000e-01 7.661636e-01 7.524090e-02
-1.500000e-01 7.661636e-01 7.803917e-02
-1.350000e-01 7.661636e-01 8.136860e-02
-1.200000e-01 7.661636e-01 8.527138e-02
-1.050000e-01 7.661636e-01 8.973154e-02
-9.000000e-02 7.661636e-01 9.461254e-02
-7.500000e-02 7.661636e-01 9.954898e-02
-6.000000e-02 7.661636e-01 1.037956e-01
-4.500000e-02 7.661636e-01 1.062145e-01
-3.000000e-02 7.661636e-01 1.060010e-01
-1.500000e-02 7.661636e-01 1.041441e-01
5.551115e-17 7.661636e-01 1.030989e-01
1.500000e-02 7.661636e-01 1.041441e-01
3.000000e-02 7.661636e-01 1.060010e-01
4.500000e-02 7.661636e-01 1.062145e-01
6.000000e-02 7.661636e-01 1.037956e-01
7.500000e-02 7.661636e-01 9.954898e-02
9.000000e-02 7.661636e-01 9.461254e-02
1.050000e-01 7.661636e-01 8.973154e-02
1.200000e-01 7.661636e-01 8.527138e-02
1.350000e-01 7.661636e-01 8.136860e-02
1.500000e-01 7.661636e-01 7.803917e-02
1.650000e-01 7.661636e-01 7.524090e-02
1.800000e-01 7.661636e-01 7.290820e-02
1.950000e-01 7.661636e-01 7.097061e-02
2.100000e-01 7.661636e-01 6.936211e-02
2.250000e-01 7.661636e-01 6.802493e-02
2.400000e-01 7.661636e-01 6.691047e-02
2.550000e-01 7.661636e-01 6.597883e-02
2.700000e-01 7.661636e-01 6.519771e-02
2.850000e-01 7.661636e-01 6.454116e-02
3.000000e-01 7.661636e-01 6.398840e-02
-3.000000e-01 7.798278e-01 6.235232e-02
-2.850000e-01 7.798278e-01 6.288401e-02
-2.700000e-01 7.798278e-01 6.351543e-02
-2.550000e-01 7.798278e-01 6.426651e-02
-2.400000e-01 7.798278e-01 6.516209e-02
-2.250000e-01 7.798278e-01 6.623311e-02
-2.100000e-01 7.798278e-01 6.751775e-02
-1.950000e-01 7.798278e-01 6.906241e-02
-1.800000e-01 7.798278e-01 7.092223e-02
-1.650000e-01 7.798278e-01 7.316008e-02
-1.500000e-01 7.798278e-01 7.584287e-02
-1.350000e-01 7.798278e-01 7.903265e-02
-1.200000e-01 7.798278e-01 8.276887e-02
-1.050000e-01 7.798278e-01 8.703561e-02
-9.000000e-02 7.798278e-01 9.170265e-02
-7.500000e-02 7.798278e-01 9.642396e-02
-6.000000e-02 7.798278e-01 1.004963e-01
-4.500000e-02 7.798278e-01 1.028473e-01
-3.000000e-02 7.798278e-01 1.027165e-01
-1.500000e-02 7.798278e-01 1.010231e-01
5.551115e-17 7.798278e-01 1.000604e-01
1.500000e-02 7.798278e-01 1.010231e-01
3.000000e-02 7.798278e-01 1.027165e-01
4.500000e-02 7.798278e-01 1.028473e-01
6.000000e-02 7.798278e-01 1.004963e-01
7.500000e-02 7.798278e-01 9.642396e-02
9.000000e-02 7.798278e-01 9.170265e-02
1.050000e-01 7.798278e-01 8.703561e-02
1.200000e-01 7.798278e-01 8.276887e-02
1.350000e-01 7.798278e-01 7.903265e-02
1.500000e-01 7.798278e-01 7.584287e-02
1.650000e-01 7.798278e-01 7.316008e-02
1.800000e-01 7.798278e-01 7.092223e-02
1.950000e-01 7.798278e-01 6.906241e-02
2.100000e-01 7.798278e-01 6.751775e-02
2.250000e-01 7.798278e-01 6.623311e-02
2.400000e-01 7.798278e-01 6.516209e-02
2.550000e-01 7.798278e-01 6.426651e-02
2.700000e-01 7.798278e-01 6.351543e-02
2.850000e-01 7.798278e-01 6.288401e-02
3.000000e-01 7.798278e-01 6.235232e-02
-3.000000e-01 7.934921e-01 6.077811e-02
-2.850000e-01 7.934921e-01 6.128980e-02
-2.700000e-01 7.934921e-01 6.189736e-02
-2.550000e-01 7.934921e-01 6.261991e-02
-2.400000e-01 7.934921e-01 6.348127e-02
-2.250000e-01 7.934921e-01 6.451109e-02
-2.100000e-01 7.934921e-01 6.574590e-02
-1.950000e-01 7.934921e-01 6.723008e-02
-1.800000e-01 7.934921e-01 6.901626e-02
-1.650000e-01 7.934921e-01 7.116437e-02
-1.500000e-01 7.934921e-01 7.373802e-02
-1.350000e-01 7.934921e-01 7.679595e-02
-1.200000e-01 7.934921e-01 8.037521e-02
-1.050000e-01 7.934921e-01 8.446002e-02
-9.000000e-02 7.934921e-01 8.892639e-02
-7.500000e-02 7.934921e-01 9.344691e-02
-6.000000e-02 7.934921e-01 9.735839e-02
-4.500000e-02 7.934921e-01 9.965087e-02
-3.000000e-02 7.934921e-01 9.960482e-02
-1.500000e-02 7.934921e-01 9.807198e-02
5.551115e-17 7.934921e-01 9.718971e-02
1.500000e-02 7.934921e-01 9.807198e-02
3.000000e-02 7.934921e-01 9.960482e-02
4.500000e-02 7.934921e-01 9.965087e-02
6.000000e-02 7.934921e-01 9.735839e-02
7.500000e-02 7.934921e-01 9.344691e-02
9.000000e-02 7.934921e-01 8.892639e-02
1.050000e-01 7.934921e-01 8.446002e-02
1.200000e-01 7.934921e-01 8.037521e-02
1.350000e-01 7.934921e-01 7.679595e-02
1.500000e-01 7.934921e-01 7.373802e-02
1.650000e-01 7.934921e-01 7.116437e-02
1.800000e-01 7.934921e-01 6.901626e-02
1.950000e-01 7.934921e-01 6.723008e-02
2.100000e-01 7.934921e-01 6.574590e-02
2.250000e-01 7.934921e-01 6.451109e-02
2.400000e-01 7.934921e-01 6.348127e-02
2.550000e-01 7.934921e-01 6.261991e-02
2.700000e-01 7.934921e-01 6.189736e-02
2.850000e-01 7.934921e-01 6.128980e-02
3.000000e-01 7.934921e-01 6.077811e-02
-3.000000e-01 8.071564e-01 5.926270e-02
-2.850000e-01 8.071564e-01 5.975537e-02
-2.700000e-01 8.071564e-01 6.034026e-02
-2.550000e-01 8.071564e-01 6.103571e-02
-2.400000e-01 8.071564e-01 6.186458e-02
-2.250000e-01 8.071564e-01 6.285529e-02
-2.100000e-01 8.071564e-01 6.404282e-02
-1.950000e-01 8.071564e-01 6.546964e-02
-1.800000e-01 8.071564e-01 6.718605e-02
-1.650000e-01 8.071564e-01 6.924919e-02
-1.500000e-01 8.071564e-01 7.171961e-02
-1.350000e-01 8.071564e-01 7.465301e-02
-1.200000e-01 8.071564e-01 7.808421e-02
-1.050000e-01 8.071564e-01 8.199777e-02
-9.000000e-02 8.071564e-01 8.627581e-02
-7.500000e-02 8.071564e-01 9.060881e-02
-6.000000e-02 8.071564e-01 9.437188e-02
-4.500000e-02 8.071564e-01 9.661438e-02
-3.000000e-02 8.071564e-01 9.665532e-02
-1.500000e-02 8.071564e-01 9.528037e-02
5.551115e-17 8.071564e-01 9.447666e-02
1.500000e-02 8.071564e-01 9.528037e-02
3.000000e-02 8.071564e-01 9.665532e-02
4.500000e-02 8.071564e-01 9.661438e-02
6.000000e-02 8.071564e-01 9.437188e-02
7.500000e-02 8.071564e-01 9.060881e-02
9.000000e-02 8.071564e-01 8.627581e-02
1.050000e-01 8.071564e-01 8.199777e-02
1.200000e-01 8.071564e-01 7.808421e-02
1.350000e-01 8.071564e-01 7.465301e-02
1.500000e-01 8.071564e-01 7.171961e-02
1.650000e-01 8.071564e-01 6.924919e-02
1.800000e-01 8.071564e-01 6.718605e-02
1.950000e-01 8.071564e-01 6.546964e-02
2.100000e-01 8.071564e-01 6.404282e-02
2.250000e-01 8.071564e-01 6.285529e-02
2.400000e-01 8.071564e-01 6.186458e-02
2.550000e-01 8.071564e-01 6.103571e-02
2.700000e-01 8.071564e-01 6.034026e-02
2.850000e-01 8.071564e-01 5.975537e-02
3.000000e-01 8.071564e-01 5.926270e-02
-3.000000e-01 8.208207e-01 5.780321e-02
-2.850000e-01 8.208207e-01 5.827779e-02
-2.700000e-01 8.208207e-01 5.884112e-02
-2.550000e-01 8.208207e-01 5.951081e-02
-2.400000e-01 8.208207e-01 6.030881e-02
-2.250000e-01 8.208207e-01 6.126236e-02
-2.100000e-01 8.208207e-01 6.240501e-02
-1.950000e-01 8.208207e-01 6.377741e-02
-1.800000e-01 8.208207e-01 6.542765e-02
-1.650000e-01 8.208207e-01 6.741029e-02
-1.500000e-01 8.208207e-01 6.978299e-02
-1.350000e-01 8.208207e-01 7.259866e-02
-1.200000e-01 8.208207e-01 7.589012e-02
-1.050000e-01 8.208207e-01 7.964237e-02
-9.000000e-02 8.208207e-01 8.374353e-02
-7.500000e-02 8.208207e-01 8.790133e-02
-6.000000e-02 8.208207e-01 9.152754e-02
-4.500000e-02 8.208207e-01 9.372806e-02
-3.000000e-02 8.208207e-01 9.385804e-02
-1.500000e-02 8.208207e-01 9.263866e-02
5.551115e-17 8.208207e-01 9.191182e-02
1.500000e-02 8.208207e-01 9.263866e-02
3.000000e-02 8.208207e-01 9.385804e-02
4.500000e-02 8.208207e-01 9.372806e-02
6.000000e-02 8.208207e-01 9.152754e-02
7.500000e-02 8.208207e-01 8.790133e-02
9.000000e-02 8.208207e-01 8.374353e-02
1.050000e-01 8.208207e-01 7.964237e-02
1.200000e-01 8.208207e-01 7.589012e-02
1.350000e-01 8.208207e-01 7.259866e-02
1.500000e-01 8.208207e-01 6.978299e-02
1.650000e-01 8.208207e-01 6.741029e-02
1.800000e-01 8.208207e-01 6.542765e-02
1.950000e-01 8.208207e-01 6.377741e-02
2.100000e-01 8.208207e-01 6.240501e-02
2.250000e-01 8.208207e-01 6.126236e-02
2.400000e-01 8.208207e-01 6.030881e-02
2.550000e-01 8.208207e-01 5.951081e-02
2.700000e-01 8.208207e-01 5.884112e-02
2.850000e-01 8.208207e-01 5.827779e-02
3.000000e-01 8.208207e-01 5.780321e-02
-3.000000e-01 8.344850e-01 5.639691e-02
-2.850000e-01 8.344850e-01 5.685428e-02
-2.700000e-01 8.344850e-01 5.739710e-02
-2.550000e-01 8.344850e-01 5.804229e-02
-2.400000e-01 8.344850e-01 5.881093e-02
-2.250000e-01 8.344850e-01 5.972917e-02
-2.100000e-01 8.344850e-01 6.082918e-02
-1.950000e-01 8.344850e-01 6.214990e-02
-1.800000e-01 8.344850e-01 6.373736e-02
-1.650000e-01 8.344850e-01 6.564368e-02
-1.500000e-01 8.344850e-01 6.792383e-02
-1.350000e-01 8.344850e-01 7.062811e-02
-1.200000e-01 8.344850e-01 7.378758e-02
-1.050000e-01 8.344850e-01 7.738778e-02
-9.000000e-02 8.344850e-01 8.132271e-02
-7.500000e-02 8.344850e-01 8.531677e-02
-6.000000e-02 8.344850e-01 8.881686e-02
-4.500000e-02 8.344850e-01 9.098286e-02
-3.000000e-02 8.344850e-01 9.120390e-02
-1.500000e-02 8.344850e-01 9.013806e-02
5.551115e-17 8.344850e-01 8.948656e-02
1.500000e-02 8.344850e-01 9.013806e-02
3.000000e-02 8.344850e-01 9.120390e-02
4.500000e-02 8.344850e-01 9.098286e-02
6.000000e-02 8.344850e-01 8.881686e-02
7.500000e-02 8.344850e-01 8.531677e-02
9.000000e-02 8.344850e-01 8.132271e-02
1.050000e-01 8.344850e-01 7.738778e-02
1.200000e-01 8.344850e-01 7.378758e-02
1.350000e-01 8.344850e-01 7.062811e-02
1.500000e-01 8.344850e-01 6.792383e-02
1.650000e-01 8.344850e-01 6.564368e-02
1.800000e-01 8.344850e-01 6.373736e-02
1.950000e-01 8.344850e-01 6.214990e-02
2.100000e-01 8.344850e-01 6.082918e-02
2.250000e-01 8.344850e-01 5.972917e-02
2.400000e-01 8.344850e-01 5.881093e-02
2.550000e-01 8.344850e-01 5.804229e-02
2.700000e-01 8.344850e-01 5.739710e-02
2.850000e-01 8.344850e-01 5.685428e-02
3.000000e-01 8.344850e-01 5.639691e-02
-3.000000e-01 8.481492e-01 5.504125e-02
-2.850000e-01 8.481492e-01 5.548224e-02
-2.700000e-01 8.481492e-01 5.600553e-02
-2.550000e-01 8.481492e-01 5.662741e-02
-2.400000e-01 8.481492e-01 5.736812e-02
-2.250000e-01 8.481492e-01 5.825278e-02
-2.100000e-01 8.481492e-01 5.931225e-02
-1.950000e-01 8.481492e-01 6.058387e-02
-1.800000e-01 8.481492e-01 6.211172e-02
-1.650000e-01 8.481492e-01 6.394562e-02
-1.500000e-01 8.481492e-01 6.613805e-02
-1.350000e-01 8.481492e-01 6.873690e-02
-1.200000e-01 8.481492e-01 7.177161e-02
-1.050000e-01 8.481492e-01 7.522839e-02
-9.000000e-02 8.481492e-01 7.900702e-02
-7.500000e-02 8.481492e-01 8.284799e-02
-6.000000e-02 8.481492e-01 8.623196e-02
-4.500000e-02 8.481492e-01 8.837045e-02
-3.000000e-02 8.481492e-01 8.868456e-02
-1.500000e-02 8.481492e-01 8.777048e-02
5.551115e-17 8.481492e-01 8.719301e-02
1.500000e-02 8.481492e-01 8.777048e-02
3.000000e-02 8.481492e-01 8.868456e-02
4.500000e-02 8.481492e-01 8.837045e-02
6.000000e-02 8.481492e-01 8.623196e-02
7.500000e-02 8.481492e-01 8.284799e-02
9.000000e-02 8.481492e-01 7.900702e-02
1.050000e-01 8.481492e-01 7.522839e-02
1.200000e-01 8.481492e-01 7.177161e-02
1.350000e-01 8.481492e-01 6.873690e-02
1.500000e-01 8.481492e-01 6.613805e-02
1.650000e-01 8.481492e-01 6.394562e-02
1.800000e-01 8.481492e-01 6.211172e-02
1.950000e-01 8.481492e-01 6.058387e-02
2.100000e-01 8.481492e-01 5.931225e-02
2.250000e-01 8.481492e-01 5.825278e-02
2.400000e-01 8.481492e-01 5.736812e-02
2.550000e-01 8.481492e-01 5.662741e-02
2.700000e-01 8.481492e-01 5.600553e-02
2.850000e-01 8.481492e-01 5.548224e-02
3.000000e-01 8.481492e-01 5.504125e-02
-3.000000e-01 8.618135e-01 5.373385e-02
-2.850000e-01 8.618135e-01 5.415922e-02
-2.700000e-01 8.618135e-01 5.466392e-02
-2.550000e-01 8.618135e-01 5.526359e-02
-2.400000e-01 8.618135e-01 5.597771e-02
-2.250000e-01 8.618135e-01 5.683041e-02
-2.100000e-01 8.618135e-01 5.785132e-02
-1.950000e-01 8.618135e-01 5.907627e-02
-1.800000e-01 8.618135e-01 6.054747e-02
-1.650000e-01 8.618135e-01 6.231264e-02
-1.500000e-01 8.618135e-01 6.442187e-02
-1.350000e-01 8.618135e-01 6.692084e-02
-1.200000e-01 8.618135e-01 6.983755e-02
-1.050000e-01 8.618135e-01 7.315897e-02
-9.000000e-02 8.618135e-01 7.679056e-02
-7.500000e-02 8.618135e-01 8.048837e-02
-6.000000e-02 8.618135e-01 8.376557e-02
-4.500000e-02 8.618135e-01 8.588314e-02
-3.000000e-02 8.618135e-01 8.629232e-02
-1.500000e-02 8.618135e-01 8.552853e-02
5.551115e-17 8.618135e-01 8.502390e-02
1.500000e-02 8.618135e-01 8.552853e-02
3.000000e-02 8.618135e-01 8.629232e-02
4.500000e-02 8.618135e-01 8.588314e-02
6.000000e-02 8.618135e-01 8.376557e-02
7.500000e-02 8.618135e-01 8.048837e-02
9.000000e-02 8.618135e-01 7.679056e-02
1.050000e-01 8.618135e-01 7.315897e-02
1.200000e-01 8.618135e-01 6.983755e-02
1.350000e-01 8.618135e-01 6.692084e-02
1.500000e-01 8.618135e-01 6.442187e-02
1.650000e-01 8.618135e-01 6.231264e-02
1.800000e-01 8.618135e-01 6.054747e-02
1.950000e-01 8.618135e-01 5.907627e-02
2.100000e-01 8.618135e-01 5.785132e-02
2.250000e-01 8.618135e-01 5.683041e-02
2.400000e-01 8.618135e-01 5.597771e-02
2.550000e-01 8.618135e-01 5.526359e-02
2.700000e-01 8.618135e-01 5.466392e-02
2.850000e-01 8.618135e-01 5.415922e-02
3.000000e-01 8.618135e-01 5.373385e-02
-3.000000e-01 8.754778e-01 5.247243e-02
-2.850000e-01 8.754778e-01 5.288292e-02
-2.700000e-01 8.754778e-01 5.336989e-02
-2.550000e-01 8.754778e-01 5.394841e-02
-2.400000e-01 8.754778e-01 5.463720e-02
-2.250000e-01 8.754778e-01 5.545946e-02
-2.100000e-01 8.754778e-01 5.644368e-02
-1.950000e-01 8.754778e-01 5.762422e-02
-1.800000e-01 8.754778e-01 5.904159e-02
-1.650000e-01 8.754778e-01 6.074145e-02
-1.500000e-01 8.754778e-01 6.277173e-02
-1.350000e-01 8.754778e-01 6.517602e-02
-1.200000e-01 8.754778e-01 6.798106e-02
-1.050000e-01 8.754778e-01 7.117464e-02
-9.000000e-02 8.754778e-01 7.466784e-02
-7.500000e-02 8.754778e-01 7.823178e-02
-6.000000e-02 8.754778e-01 8.141095e-02
-4.500000e-02 8.754778e-01 8.351383e-02
-3.000000e-02 8.754778e-01 8.402010e-02
-1.500000e-02 8.754778e-01 8.340540e-02
5.551115e-17 8.754778e-01 8.297259e-02
1.500000e-02 8.754778e-01 8.340540e-02
3.000000e-02 8.754778e-01 8.402010e-02
4.500000e-02 8.754778e-01 8.351383e-02
6.000000e-02 8.754778e-01 8.141095e-02
7.500000e-02 8.754778e-01 7.823178e-02
9.000000e-02 8.754778e-01 7.466784e-02
1.050000e-01 8.754778e-01 7.117464e-02
1.200000e-01 8.754778e-01 6.798106e-02
1.350000e-01 8.754778e-01 6.517602e-02
1.500000e-01 8.754778e-01 6.277173e-02
1.650000e-01 8.754778e-01 6.074145e-02
1.800000e-01 8.754778e-01 5.904159e-02
1.950000e-01 8.754778e-01 5.762422e-02
2.100000e-01 8.754778e-01 5.644368e-02
2.250000e-01 8.754778e-01 5.545946e-02
2.400000e-01 8.754778e-01 5.463720e-02
2.550000e-01 8.754778e-01 5.394841e-02
2.700000e-01 8.754778e-01 5.336989e-02
2.850000e-01 8.754778e-01 5.288292e-02
3.000000e-01 8.754778e-01 5.247243e-02
-3.000000e-01 8.891421e-01 5.125488e-02
-2.850000e-01 8.891421e-01 5.165117e-02
-2.700000e-01 8.891421e-01 5.212124e-02
-2.550000e-01 8.891421e-01 5.267958e-02
-2.400000e-01 8.891421e-01 5.334423e-02
-2.250000e-01 8.891421e-01 5.413750e-02
-2.100000e-01 8.891421e-01 5.508677e-02
-1.950000e-01 8.891421e-01 5.622505e-02
-1.800000e-01 8.891421e-01 5.759120e-02
-1.650000e-01 8.891421e-01 5.922899e-02
-1.500000e-01 8.891421e-01 6.118430e-02
-1.350000e-01 8.891421e-01 6.349880e-02
-1.200000e-01 8.891421e-01 6.619808e-02
-1.050000e-01 8.891421e-01 6.927088e-02
-9.000000e-02 8.891421e-01 7.263376e-02
-7.500000e-02 8.891421e-01 7.607252e-02
-6.000000e-02 8.891421e-01 7.916186e-02
-4.500000e-02 8.891421e-01 8.125596e-02
-3.000000e-02 8.891421e-01 8.186138e-02
-1.500000e-02 8.891421e-01 8.139485e-02
5.551115e-17 8.891421e-01 8.103299e-02
1.500000e-02 8.891421e-01 8.139485e-02
3.000000e-02 8.891421e-01 8.186138e-02
4.500000e-02 8.891421e-01 8.125596e-02
6.000000e-02 8.891421e-01 7.916186e-02
7.500000e-02 8.891421e-01 7.607252e-02
9.000000e-02 8.891421e-01 7.263376e-02
1.050000e-01 8.891421e-01 6.927088e-02
1.200000e-01 8.891421e-01 6.619808e-02
1.350000e-01 8.891421e-01 6.349880e-02
1.500000e-01 8.891421e-01 6.118430e-02
1.650000e-01 8.891421e-01 5.922899e-02
1.800000e-01 8.891421e-01 5.759120e-02
1.950000e-01 8.891421e-01 5.622505e-02
2.100000e-01 8.891421e-01 5.508677e-02
2.250000e-01 8.891421e-01 5.413750e-02
2.400000e-01 8.891421e-01 5.334423e-02
2.550000e-01 8.891421e-01 5.267958e-02
2.700000e-01 8.891421e-01 5.212124e-02
2.850000e-01 8.891421e-01 5.165117e-02
3.000000e-01 8.891421e-01 5.125488e-02
-3.000000e-01 9.028064e-01 5.007917e-02
-2.850000e-01 9.028064e-01 5.046192e-02
-2.700000e-01 9.028064e-01 5.091585e-02
-2.550000e-01 9.028064e-01 5.145496e-02
-2.400000e-01 9.028064e-01 5.209659e-02
-2.250000e-01 9.028064e-01 5.286222e-02
-2.100000e-01 9.028064e-01 5.377819e-02
-1.950000e-01 9.028064e-01 5.487622e-02
-1.800000e-01 9.028064e-01 5.619362e-02
-1.650000e-01 9.028064e-01 5.777239e-02
-1.500000e-01 9.028064e-01 5.965646e-02
-1.350000e-01 9.028064e-01 6.188574e-02
-1.200000e-01 9.028064e-01 6.448482e-02
-1.050000e-01 9.028064e-01 6.744344e-02
-9.000000e-02 9.028064e-01 7.068358e-02
-7.500000e-02 9.028064e-01 7.400527e-02
-6.000000e-02 9.028064e-01 7.701250e-02
-4.500000e-02 9.028064e-01 7.910346e-02
-3.000000e-02 9.028064e-01 7.981016e-02
-1.500000e-02 9.028064e-01 7.949112e-02
5.551115e-17 9.028064e-01 7.919951e-02
1.500000e-02 9.028064e-01 7.949112e-02
3.000000e-02 9.028064e-01 7.981016e-02
4.500000e-02 9.028064e-01 7.910346e-02
6.000000e-02 9.028064e-01 7.701250e-02
7.500000e-02 9.028064e-01 7.400527e-02
9.000000e-02 9.028064e-01 7.068358e-02
1.050000e-01 9.028064e-01 6.744344e-02
1.200000e-01 9.028064e-01 6.448482e-02
1.350000e-01 9.028064e-01 6.188574e-02
1.500000e-01 9.028064e-01 5.965646e-02
1.650000e-01 9.028064e-01 5.777239e-02
1.800000e-01 9.028064e-01 5.619362e-02
1.950000e-01 9.028064e-01 5.487622e-02
2.100000e-01 9.028064e-01 5.377819e-02
2.250000e-01 9.028064e-01 5.286222e-02
2.400000e-01 9.028064e-01 5.209659e-02
2.550000e-01 9.028064e-01 5.145496e-02
2.700000e-01 9.028064e-01 5.091585e-02
2.850000e-01 9.028064e-01 5.046192e-02
3.000000e-01 9.028064e-01 5.007917e-02
-3.000000e-01 9.164706e-01 4.894343e-02
-2.850000e-01 9.164706e-01 4.931324e-02
-2.700000e-01 9.164706e-01 4.975178e-02
-2.550000e-01 9.164706e-01 5.027252e-02
-2.400000e-01 9.164706e-01 5.089218e-02
-2.250000e-01 9.164706e-01 5.163146e-02
-2.100000e-01 9.164706e-01 5.251567e-02
-1.950000e-01 9.164706e-01 5.357535e-02
-1.800000e-01 9.164706e-01 5.484633e-02
-1.650000e-01 9.164706e-01 5.636893e-02
-1.500000e-01 9.164706e-01 5.818528e-02
-1.350000e-01 9.164706e-01 6.033365e-02
-1.200000e-01 9.164706e-01 6.283774e-02
-1.050000e-01 9.164706e-01 6.568836e-02
-9.000000e-02 9.164706e-01 6.881285e-02
-7.500000e-02 9.164706e-01 7.202511e-02
-6.000000e-02 9.164706e-01 7.495749e-02
-4.500000e-02 9.164706e-01 7.705072e-02
-3.000000e-02 9.164706e-01 7.786088e-02
-1.500000e-02 9.164706e-01 7.768896e-02
5.551115e-17 9.164706e-01 7.746702e-02
1.500000e-02 9.164706e-01 7.768896e-02
3.000000e-02 9.164706e-01 7.786088e-02
4.500000e-02 9.164706e-01 7.705072e-02
6.000000e-02 9.164706e-01 7.495749e-02
7.500000e-02 9.164706e-01 7.202511e-02
9.000000e-02 9.164706e-01 6.881285e-02
1.050000e-01 9.164706e-01 6.568836e-02
1.200000e-01 9.164706e-01 6.283774e-02
1.350000e-01 9.164706e-01 6.033365e-02
1.500000e-01 9.164706e-01 5.818528e-02
1.650000e-01 9.164706e-01 5.636893e-02
1.800000e-01 9.164706e-01 5.484633e-02
1.950000e-01 9.164706e-01 5.357535e-02
2.100000e-01 9.164706e-01 5.251567e-02
2.250000e-01 9.164706e-01 5.163146e-02
2.400000e-01 9.164706e-01 5.089218e-02
2.550000e-01 9.164706e-01 5.027252e-02
2.700000e-01 9.164706e-01 4.975178e-02
2.850000e-01 9.164706e-01 4.931324e-02
3.000000e-01 9.164706e-01 4.894343e-02
-3.000000e-01 9.301349e-01 4.784585e-02
-2.850000e-01 9.301349e-01 4.820330e-02
-2.700000e-01 9.301349e-01 4.862714e-02
-2.550000e-01 9.301349e-01 4.913034e-02
-2.400000e-01 9.301349e-01 4.972904e-02
-2.250000e-01 9.301349e-01 5.044316e-02
-2.100000e-01 9.301349e-01 5.129709e-02
-1.950000e-01 9.301349e-01 5.232021e-02
-1.800000e-01 9.301349e-01 5.354696e-02
-1.650000e-01 9.301349e-01 5.501607e-02
-1.500000e-01 9.301349e-01 5.676800e-02
-1.350000e-01 9.301349e-01 5.883951e-02
-1.200000e-01 9.301349e-01 6.125350e-02
-1.050000e-01 9.301349e-01 6.400194e-02
-9.000000e-02 9.301349e-01 6.701744e-02
-7.500000e-02 9.301349e-01 7.012744e-02
-6.000000e-02 9.301349e-01 7.299186e-02
-4.500000e-02 9.301349e-01 7.509255e-02
-3.000000e-02 9.301349e-01 7.600845e-02
-1.500000e-02 9.301349e-01 7.598352e-02
5.551115e-17 9.301349e-01 7.583083e-02
1.500000e-02 9.301349e-01 7.598352e-02
3.000000e-02 9.301349e-01 7.600845e-02
4.500000e-02 9.301349e-01 7.509255e-02
6.000000e-02 9.301349e-01 7.299186e-02
7.500000e-02 9.301349e-01 7.012744e-02
9.000000e-02 9.301349e-01 6.701744e-02
1.050000e-01 9.301349e-01 6.400194e-02
1.200000e-01 9.301349e-01 6.125350e-02
1.350000e-01 9.301349e-01 5.883951e-02
1.500000e-01 9.301349e-01 5.676800e-02
1.650000e-01 9.301349e-01 5.501607e-02
1.800000e-01 9.301349e-01 5.354696e-02
1.950000e-01 9.301349e-01 5.232021e-02
2.100000e-01 9.301349e-01 5.129709e-02
2.250000e-01 9.301349e-01 5.044316e-02
2.400000e-01 9.301349e-01 4.972904e-02
2.550000e-01 9.301349e-01 4.913034e-02
2.700000e-01 9.301349e-01 4.862714e-02
2.850000e-01 9.301349e-01 4.820330e-02
3.000000e-01 9.301349e-01 4.784585e-02
-3.000000e-01 9.437992e-01 4.678476e-02
-2.850000e-01 9.437992e-01 4.713040e-02
-2.700000e-01 9.437992e-01 4.754018e-02
-2.550000e-01 9.437992e-01 4.802663e-02
-2.400000e-01 9.437992e-01 4.860531e-02
-2.250000e-01 9.437992e-01 4.929541e-02
-2.100000e-01 9.437992e-01 5.012044e-02
-1.950000e-01 9.437992e-01 5.110867e-02
-1.800000e-01 9.437992e-01 5.229325e-02
-1.650000e-01 9.437992e-01 5.371142e-02
-1.500000e-01 9.437992e-01 5.540205e-02
-1.350000e-01 9.437992e-01 5.740049e-02
-1.200000e-01 9.437992e-01 5.972899e-02
-1.050000e-01 9.437992e-01 6.238071e-02
-9.000000e-02 9.437992e-01 6.529348e-02
-7.500000e-02 9.437992e-01 6.830799e-02
-6.000000e-02 9.437992e-01 7.111096e-02
-4.500000e-02 9.437992e-01 7.322413e-02
-3.000000e-02 9.437992e-01 7.424817e-02
-1.500000e-02 9.437992e-01 7.437036e-02
5.551115e-17 9.437992e-01 7.428665e-02
1.500000e-02 9.437992e-01 7.437036e-02
3.000000e-02 9.437992e-01 7.424817e-02
4.500000e-02 9.437992e-01 7.322413e-02
6.000000e-02 9.437992e-01 7.111096e-02
7.500000e-02 9.437992e-01 6.830799e-02
9.000000e-02 9.437992e-01 6.529348e-02
1.050000e-01 9.437992e-01 6.238071e-02
1.200000e-01 9.437992e-01 5.972899e-02
1.350000e-01 9.437992e-01 5.740049e-02
1.500000e-01 9.437992e-01 5.540205e-02
1.650000e-01 9.437992e-01 5.371142e-02
1.800000e-01 9.437992e-01 5.229325e-02
1.950000e-01 9.437992e-01 5.110867e-02
2.100000e-01 9.437992e-01 5.012044e-02
2.250000e-01 9.437992e-01 4.929541e-02
2.400000e-01 9.437992e-01 4.860531e-02
2.550000e-01 9.437992e-01 4.802663e-02
2.700000e-01 9.437992e-01 4.754018e-02
2.850000e-01 9.437992e-01 4.713040e-02
3.000000e-01 9.437992e-01 4.678476e-02
-3.000000e-01 9.574635e-01 4.575855e-02
-2.850000e-01 9.574635e-01 4.609290e-02
-2.700000e-01 9.574635e-01 4.648924e-02
-2.550000e-01 9.574635e-01 4.695968e-02
-2.400000e-01 9.574635e-01 4.751922e-02
-2.250000e-01 9.574635e-01 4.818638e-02
-2.100000e-01 9.574635e-01 4.898381e-02
-1.950000e-01 9.574635e-01 4.993875e-02
-1.800000e-01 9.574635e-01 5.108312e-02
-1.650000e-01 9.574635e-01 5.245273e-02
-1.500000e-01 9.574635e-01 5.408499e-02
-1.350000e-01 9.574635e-01 5.601395e-02
-1.200000e-01 9.574635e-01 5.826129e-02
-1.050000e-01 9.574635e-01 6.082142e-02
-9.000000e-02 9.574635e-01 6.363737e-02
-7.500000e-02 9.574635e-01 6.656277e-02
-6.000000e-02 9.574635e-01 6.931048e-02
-4.500000e-02 9.574635e-01 7.144100e-02
-3.000000e-02 9.574635e-01 7.257569e-02
-1.500000e-02 9.574635e-01 7.284543e-02
5.551115e-17 9.574635e-01 7.283054e-02
1.500000e-02 9.574635e-01 7.284543e-02
3.000000e-02 9.574635e-01 7.257569e-02
4.500000e-02 9.574635e-01 7.144100e-02
6.000000e-02 9.574635e-01 6.931048e-02
7.500000e-02 9.574635e-01 6.656277e-02
9.000000e-02 9.574635e-01 6.363737e-02
1.050000e-01 9.574635e-01 6.082142e-02
1.200000e-01 9.574635e-01 5.826129e-02
1.350000e-01 9.574635e-01 5.601395e-02
1.500000e-01 9.574635e-01 5.408499e-02
1.650000e-01 9.574635e-01 5.245273e-02
1.800000e-01 9.574635e-01 5.108312e-02
1.950000e-01 9.574635e-01 4.993875e-02
2.100000e-01 9.574635e-01 4.898381e-02
2.250000e-01 9.574635e-01 4.818638e-02
2.400000e-01 9.574635e-01 4.751922e-02
2.550000e-01 9.574635e-01 4.695968e-02
2.700000e-01 9.574635e-01 4.648924e-02
2.850000e-01 9.574635e-01 4.609290e-02
3.000000e-01 9.574635e-01 4.575855e-02
-3.000000e-01 9.711278e-01 4.476572e-02
-2.850000e-01 9.711278e-01 4.508926e-02
-2.700000e-01 9.711278e-01 4.547275e-02
-2.550000e-01 9.711278e-01 4.592788e-02
-2.400000e-01 9.711278e-01 4.646912e-02
-2.250000e-01 9.711278e-01 4.711436e-02
-2.100000e-01 9.711278e-01 4.788542e-02
-1.950000e-01 9.711278e-01 4.880858e-02
-1.800000e-01 9.711278e-01 4.991457e-02
-1.650000e-01 9.711278e-01 5.123788e-02
-1.500000e-01 9.711278e-01 5.281454e-02
-1.350000e-01 9.711278e-01 5.467739e-02
-1.200000e-01 9.711278e-01 5.684766e-02
-1.050000e-01 9.711278e-01 5.932104e-02
-9.000000e-02 9.711278e-01 6.204572e-02
-7.500000e-02 9.711278e-01 6.488804e-02
-6.000000e-02 9.711278e-01 6.758640e-02
-4.500000e-02 9.711278e-01 6.973905e-02
-3.000000e-02 9.711278e-01 7.098702e-02
-1.500000e-02 9.711278e-01 7.140501e-02
5.551115e-17 9.711278e-01 7.145893e-02
1.500000e-02 9.711278e-01 7.140501e-02
3.000000e-02 9.711278e-01 7.098702e-02
4.500000e-02 9.711278e-01 6.973905e-02
6.000000e-02 9.711278e-01 6.758640e-02
7.500000e-02 9.711278e-01 6.488804e-02
9.000000e-02 9.711278e-01 6.204572e-02
1.050000e-01 9.711278e-01 5.932104e-02
1.200000e-01 9.711278e-01 5.684766e-02
1.350000e-01 9.711278e-01 5.467739e-02
1.500000e-01 9.711278e-01 5.281454e-02
1.650000e-01 9.711278e-01 5.123788e-02
1.800000e-01 9.711278e-01 4.991457e-02
1.950000e-01 9.711278e-01 4.880858e-02
2.100000e-01 9.711278e-01 4.788542e-02
2.250000e-01 9.711278e-01 4.711436e-02
2.400000e-01 9.711278e-01 4.646912e-02
2.550000e-01 9.711278e-01 4.592788e-02
2.700000e-01 9.711278e-01 4.547275e-02
2.850000e-01 9.711278e-01 4.508926e-02
3.000000e-01 9.711278e-01 4.476572e-02
-3.000000e-01 9.847920e-01 4.380483e-02
-2.850000e-01 9.847920e-01 4.411803e-02
-2.700000e-01 9.847920e-01 4.448922e-02
-2.550000e-01 9.847920e-01 4.492970e-02
-2.400000e-01 9.847920e-01 4.545345e-02
-2.250000e-01 9.847920e-01 4.607771e-02
-2.100000e-01 9.847920e-01 4.682358e-02
-1.950000e-01 9.847920e-01 4.771637e-02
-1.800000e-01 9.847920e-01 4.878572e-02
-1.650000e-01 9.847920e-01 5.006487e-02
-1.500000e-01 9.847920e-01 5.158853e-02
-1.350000e-01 9.847920e-01 5.338846e-02
-1.200000e-01 9.847920e-01 5.548551e-02
-1.050000e-01 9.847920e-01 5.787672e-02
-9.000000e-02 9.847920e-01 6.051537e-02
-7.500000e-02 9.847920e-01 6.328033e-02
-6.000000e-02 9.847920e-01 6.593500e-02
-4.500000e-02 9.847920e-01 6.811445e-02
-3.000000e-02 9.847920e-01 6.947851e-02
-1.500000e-02 9.847920e-01 7.004570e-02
5.551115e-17 9.847920e-01 7.016858e-02
1.500000e-02 9.847920e-01 7.004570e-02
3.000000e-02 9.847920e-01 6.947851e-02
4.500000e-02 9.847920e-01 6.811445e-02
6.000000e-02 9.847920e-01 6.593500e-02
7.500000e-02 9.847920e-01 6.328033e-02
9.000000e-02 9.847920e-01 6.051537e-02
1.050000e-01 9.847920e-01 5.787672e-02
1.200000e-01 9.847920e-01 5.548551e-02
1.350000e-01 9.847920e-01 5.338846e-02
1.500000e-01 9.847920e-01 5.158853e-02
1.650000e-01 9.847920e-01 5.006487e-02
1.800000e-01 9.847920e-01 4.878572e-02
1.950000e-01 9.847920e-01 4.771637e-02
2.100000e-01 9.847920e-01 4.682358e-02
2.250000e-01 9.847920e-01 4.607771e-02
2.400000e-01 9.847920e-01 4.545345e-02
2.550000e-01 9.847920e-01 4.492970e-02
2.700000e-01 9.847920e-01 4.448922e-02
2.850000e-01 9.847920e-01 4.411803e-02
3.000000e-01 9.847920e-01 4.380483e-02
-3.000000e-01 9.984563e-01 4.287454e-02
-2.850000e-01 9.984563e-01 4.317783e-02
-2.700000e-01 9.984563e-01 4.353724e-02
-2.550000e-01 9.984563e-01 4.396370e-02
-2.400000e-01 9.984563e-01 4.447070e-02
-2.250000e-01 9.984563e-01 4.507492e-02
-2.100000e-01 9.984563e-01 4.579669e-02
-1.950000e-01 9.984563e-01 4.666046e-02
-1.800000e-01 9.984563e-01 4.769481e-02
-1.650000e-01 9.984563e-01 4.893181e-02
-1.500000e-01 9.984563e-01 5.040495e-02
-1.350000e-01 9.984563e-01 5.214497e-02
-1.200000e-01 9.984563e-01 5.417242e-02
-1.050000e-01 9.984563e-01 5.648577e-02
-9.000000e-02 9.984563e-01 5.904337e-02
-7.500000e-02 9.984563e-01 6.173640e-02
-6.000000e-02 9.984563e-01 6.435281e-02
-4.500000e-02 9.984563e-01 6.656367e-02
-3.000000e-02 9.984563e-01 6.804677e-02
-1.500000e-02 9.984563e-01 6.876443e-02
5.551115e-17 9.984563e-01 6.895653e-02
1.500000e-02 9.984563e-01 6.876443e-02
3.000000e-02 9.984563e-01 6.804677e-02
4.500000e-02 9.984563e-01 6.656367e-02
6.000000e-02 9.984563e-01 6.435281e-02
7.500000e-02 9.984563e-01 6.173640e-02
9.000000e-02 9.984563e-01 5.904337e-02
1.050000e-01 9.984563e-01 5.648577e-02
1.200000e-01 9.984563e-01 5.417242e-02
1.350000e-01 9.984563e-01 5.214497e-02
1.500000e-01 9.984563e-01 5.040495e-02
1.650000e-01 9.984563e-01 4.893181e-02
1.800000e-01 9.984563e-01 4.769481e-02
1.950000e-01 9.984563e-01 4.666046e-02
2.100000e-01 9.984563e-01 4.579669e-02
2.250000e-01 9.984563e-01 4.507492e-02
2.400000e-01 9.984563e-01 4.447070e-02
2.550000e-01 9.984563e-01 4.396370e-02
2.700000e-01 9.984563e-01 4.353724e-02
2.850000e-01 9.984563e-01 4.317783e-02
3.000000e-01 9.984563e-01 4.287454e-02
-3.000000e-01 1.012121e+00 4.197356e-02
-2.850000e-01 1.012121e+00 4.226735e-02
-2.700000e-01 1.012121e+00 4.261549e-02
-2.550000e-01 1.012121e+00 4.302852e-02
-2.400000e-01 1.012121e+00 4.351949e-02
-2.250000e-01 1.012121e+00 4.410451e-02
-2.100000e-01 1.012121e+00 4.480323e-02
-1.950000e-01 1.012121e+00 4.563926e-02
-1.800000e-01 1.012121e+00 4.664017e-02
-1.650000e-01 1.012121e+00 4.783692e-02
-1.500000e-01 1.012121e+00 4.926186e-02
-1.350000e-01 1.012121e+00 5.094482e-02
-1.200000e-01 1.012121e+00 5.290612e-02
-1.050000e-01 1.012121e+00 5.514569e-02
-9.000000e-02 1.012121e+00 5.762694e-02
-7.500000e-02 1.012121e+00 6.025321e-02
-6.000000e-02 1.012121e+00 6.283659e-02
-4.500000e-02 1.012121e+00 6.508344e-02
-3.000000e-02 1.012121e+00 6.668873e-02
-1.500000e-02 1.012121e+00 6.755840e-02
5.551115e-17 1.012121e+00 6.782014e-02
1.500000e-02 1.012121e+00 6.755840e-02
3.000000e-02 1.012121e+00 6.668873e-02
4.500000e-02 1.012121e+00 6.508344e-02
6.000000e-02 1.012121e+00 6.283659e-02
7.500000e-02 1.012121e+00 6.025321e-02
9.000000e-02 1.012121e+00 5.762694e-02
1.050000e-01 1.012121e+00 5.514569e-02
1.200000e-01 1.012121e+00 5.290612e-02
1.350000e-01 1.012121e+00 5.094482e-02
1.500000e-01 1.012121e+00 4.926186e-02
1.650000e-01 1.012121e+00 4.783692e-02
1.800000e-01 1.012121e+00 4.664017e-02
1.950000e-01 1.012121e+00 4.563926e-02
2.100000e-01 1.012121e+00 4.480323e-02
2.250000e-01 1.012121e+00 4.410451e-02
2.400000e-01 1.012121e+00 4.351949e-02
2.550000e-01 1.012121e+00 4.302852e-02
2.700000e-01 1.012121e+00 4.261549e-02
2.850000e-01 1.012121e+00 4.226735e-02
3.000000e-01 1.012121e+00 4.197356e-02
-3.000000e-01 1.025785e+00 4.110066e-02
-2.850000e-01 1.025785e+00 4.138537e-02
-2.700000e-01 1.025785e+00 4.172270e-02
-2.550000e-01 1.025785e+00 4.212286e-02
-2.400000e-01 1.025785e+00 4.259848e-02
-2.250000e-01 1.025785e+00 4.316512e-02
-2.100000e-01 1.025785e+00 4.384179e-02
-1.950000e-01 1.025785e+00 4.465127e-02
-1.800000e-01 1.025785e+00 4.562021e-02
-1.650000e-01 1.025785e+00 4.677852e-02
-1.500000e-01 1.025785e+00 4.815748e-02
-1.350000e-01 1.025785e+00 4.978607e-02
-1.200000e-01 1.025785e+00 5.168446e-02
-1.050000e-01 1.025785e+00 5.385411e-02
-9.000000e-02 1.025785e+00 5.626348e-02
-7.500000e-02 1.025785e+00 5.882793e-02
-6.000000e-02 1.025785e+00 6.138334e-02
-4.500000e-02 1.025785e+00 6.367073e-02
-3.000000e-02 1.025785e+00 6.540156e-02
-1.500000e-02 1.025785e+00 6.642507e-02
5.551115e-17 1.025785e+00 6.675701e-02
1.500000e-02 1.025785e+00 6.642507e-02
3.000000e-02 1.025785e+00 6.540156e-02
4.500000e-02 1.025785e+00 6.367073e-02
6.000000e-02 1.025785e+00 6.138334e-02
7.500000e-02 1.025785e+00 5.882793e-02
9.000000e-02 1.025785e+00 5.626348e-02
1.050000e-01 1.025785e+00 5.385411e-02
1.200000e-01 1.025785e+00 5.168446e-02
1.350000e-01 1.025785e+00 4.978607e-02
1.500000e-01 1.025785e+00 4.815748e-02
1.650000e-01 1.025785e+00 4.677852e-02
1.800000e-01 1.025785e+00 4.562021e-02
1.950000e-01 1.025785e+00 4.465127e-02
2.100000e-01 1.025785e+00 4.384179e-02
2.250000e-01 1.025785e+00 4.316512e-02
2.400000e-01 1.025785e+00 4.259848e-02
2.550000e-01 1.025785e+00 4.212286e-02
2.700000e-01 1.025785e+00 4.172270e-02
2.850000e-01 1.025785e+00 4.138537e-02
3.000000e-01 1.025785e+00 4.110066e-02
-3.000000e-01 1.039449e+00 4.025471e-02
-2.850000e-01 1.039449e+00 4.053069e-02
-2.700000e-01 1.039449e+00 4.085766e-02
-2.550000e-01 1.039449e+00 4.124549e-02
-2.400000e-01 1.039449e+00 4.170640e-02
-2.250000e-01 1.039449e+00 4.225545e-02
-2.100000e-01 1.039449e+00 4.291099e-02
-1.950000e-01 1.039449e+00 4.369507e-02
-1.800000e-01 1.039449e+00 4.463345e-02
-1.650000e-01 1.039449e+00 4.575502e-02
-1.500000e-01 1.039449e+00 4.709009e-02
-1.350000e-01 1.039449e+00 4.866685e-02
-1.200000e-01 1.039449e+00 5.050542e-02
-1.050000e-01 1.039449e+00 5.260882e-02
-9.000000e-02 1.039449e+00 5.495055e-02
-7.500000e-02 1.039449e+00 5.745790e-02
-6.000000e-02 1.039449e+00 5.999026e-02
-4.500000e-02 1.039449e+00 6.232275e-02
-3.000000e-02 1.039449e+00 6.418268e-02
-1.500000e-02 1.039449e+00 6.536220e-02
5.551115e-17 1.039449e+00 6.576504e-02
1.500000e-02 1.039449e+00 6.536220e-02
3.000000e-02 1.039449e+00 6.418268e-02
4.500000e-02 1.039449e+00 6.232275e-02
6.000000e-02 1.039449e+00 5.999026e-02
7.500000e-02 1.039449e+00 5.745790e-02
9.000000e-02 1.039449e+00 5.495055e-02
1.050000e-01 1.039449e+00 5.260882e-02
1.200000e-01 1.039449e+00 5.050542e-02
1.350000e-01 1.039449e+00 4.866685e-02
1.500000e-01 1.039449e+00 4.709009e-02
1.650000e-01 1.039449e+00 4.575502e-02
1.800000e-01 1.039449e+00 4.463345e-02
1.950000e-01 1.039449e+00 4.369507e-02
2.100000e-01 1.039449e+00 4.291099e-02
2.250000e-01 1.039449e+00 4.225545e-02
2.400000e-01 1.039449e+00 4.170640e-02
2.550000e-01 1.039449e+00 4.124549e-02
2.700000e-01 1.039449e+00 4.085766e-02
2.850000e-01 1.039449e+00 4.053069e-02
3.000000e-01 1.039449e+00 4.025471e-02
-3.000000e-01 1.053113e+00 3.943461e-02
-2.850000e-01 1.053113e+00 3.970222e-02
-2.700000e-01 1.053113e+00 4.001925e-02
-2.550000e-01 1.053113e+00 4.039526e-02
-2.400000e-01 1.053113e+00 4.084207e-02
-2.250000e-01 1.053113e+00 4.137425e-02
-2.100000e-01 1.053113e+00 4.200956e-02
-1.950000e-01 1.053113e+00 4.276933e-02
-1.800000e-01 1.053113e+00 4.367846e-02
-1.650000e-01 1.053113e+00 4.476492e-02
-1.500000e-01 1.053113e+00 4.605808e-02
-1.350000e-01 1.053113e+00 4.758544e-02
-1.200000e-01 1.053113e+00 4.936711e-02
-1.050000e-01 1.053113e+00 5.140773e-02
-9.000000e-02 1.053113e+00 5.368587e-02
-7.500000e-02 1.053113e+00 5.614065e-02
-6.000000e-02 1.053113e+00 5.865474e-02
-4.500000e-02 1.053113e+00 6.103694e-02
-3.000000e-02 1.053113e+00 6.302976e-02
-1.500000e-02 1.053113e+00 6.436775e-02
5.551115e-17 1.053113e+00 6.484237e-02
1.500000e-02 1.053113e+00 6.436775e-02
3.000000e-02 1.053113e+00 6.302976e-02
4.500000e-02 1.053113e+00 6.103694e-02
6.000000e-02 1.053113e+00 5.865474e-02
7.500000e-02 1.053113e+00 5.614065e-02
9.000000e-02 1.053113e+00 5.368587e-02
1.050000e-01 1.053113e+00 5.140773e-02
1.200000e-01 1.053113e+00 4.936711e-02
1.350000e-01 1.053113e+00 4.758544e-02
1.500000e-01 1.053113e+00 4.605808e-02
1.650000e-01 1.053113e+00 4.476492e-02
1.800000e-01 1.053113e+00 4.367846e-02
1.950000e-01 1.053113e+00 4.276933e-02
2.100000e-01 1.053113e+00 4.200956e-02
2.250000e-01 1.053113e+00 4.137425e-02
2.400000e-01 1.053113e+00 4.084207e-02
2.550000e-01 1.053113e+00 4.039526e-02
2.700000e-01 1.053113e+00 4.001925e-02
2.850000e-01 1.053113e+00 3.970222e-02
3.000000e-01 1.053113e+00 3.943461e-02
-3.000000e-01 1.066778e+00 3.863930e-02
-2.850000e-01 1.066778e+00 3.889889e-02
-2.700000e-01 1.066778e+00 3.920638e-02
-2.550000e-01 1.066778e+00 3.957105e-02
-2.400000e-01 1.066778e+00 4.000434e-02
-2.250000e-01 1.066778e+00 4.052036e-02
-2.100000e-01 1.066778e+00 4.113629e-02
-1.950000e-01 1.066778e+00 4.187277e-02
-1.800000e-01 1.066778e+00 4.275392e-02
-1.650000e-01 1.066778e+00 4.380680e-02
-1.500000e-01 1.066778e+00 4.505993e-02
-1.350000e-01 1.066778e+00 4.654018e-02
-1.200000e-01 1.066778e+00 4.826772e-02
-1.050000e-01 1.066778e+00 5.024888e-02
-9.000000e-02 1.066778e+00 5.246729e-02
-7.500000e-02 1.066778e+00 5.487387e-02
-6.000000e-02 1.066778e+00 5.737438e-02
-4.500000e-02 1.066778e+00 5.981093e-02
-3.000000e-02 1.066778e+00 6.194068e-02
-1.500000e-02 1.066778e+00 6.343996e-02
5.551115e-17 1.066778e+00 6.398736e-02
1.500000e-02 1.066778e+00 6.343996e-02
3.000000e-02 1.066778e+00 6.194068e-02
4.500000e-02 1.066778e+00 5.981093e-02
6.000000e-02 1.066778e+00 5.737438e-02
7.500000e-02 1.066778e+00 5.487387e-02
9.000000e-02 1.066778e+00 5.246729e-02
1.050000e-01 1.066778e+00 5.024888e-02
1.200000e-01 1.066778e+00 4.826772e-02
1.350000e-01 1.066778e+00 4.654018e-02
1.500000e-01 1.066778e+00 4.505993e-02
1.650000e-01 1.066778e+00 4.380680e-02
1.800000e-01 1.066778e+00 4.275392e-02
1.950000e-01 1.066778e+00 4.187277e-02
2.100000e-01 1.066778e+00 4.113629e-02
2.250000e-01 1.066778e+00 4.052036e-02
2.400000e-01 1.066778e+00 4.000434e-02
2.550000e-01 1.066778e+00 3.957105e-02
2.700000e-01 1.066778e+00 3.920638e-02
2.850000e-01 1.066778e+00 3.889889e-02
3.000000e-01 1.066778e+00 3.863930e-02
-3.000000e-01 1.080442e+00 3.786782e-02
-2.850000e-01 1.080442e+00 3.811969e-02
-2.700000e-01 1.080442e+00 3.841804e-02
-2.550000e-01 1.080442e+00 3.877183e-02
-2.400000e-01 1.080442e+00 3.919215e-02
-2.250000e-01 1.080442e+00 3.969266e-02
-2.100000e-01 1.080442e+00 4.029002e-02
-1.950000e-01 1.080442e+00 4.100419e-02
-1.800000e-01 1.080442e+00 4.185854e-02
-1.650000e-01 1.080442e+00 4.287931e-02
-1.500000e-01 1.080442e+00 4.409420e-02
-1.350000e-01 1.080442e+00 4.552952e-02
-1.200000e-01 1.080442e+00 4.720557e-02
-1.050000e-01 1.080442e+00 4.913042e-02
-9.000000e-02 1.080442e+00 5.129280e-02
-7.500000e-02 1.080442e+00 5.365539e-02
-6.000000e-02 1.080442e+00 5.614692e-02
-4.500000e-02 1.080442e+00 5.864256e-02
-3.000000e-02 1.080442e+00 6.091357e-02
-1.500000e-02 1.080442e+00 6.257728e-02
5.551115e-17 1.080442e+00 6.319863e-02
1.500000e-02 1.080442e+00 6.257728e-02
3.000000e-02 1.080442e+00 6.091357e-02
4.500000e-02 1.080442e+00 5.864256e-02
6.000000e-02 1.080442e+00 5.614692e-02
7.500000e-02 1.080442e+00 5.365539e-02
9.000000e-02 1.080442e+00 5.129280e-02
1.050000e-01 1.080442e+00 4.913042e-02
1.200000e-01 1.080442e+00 4.720557e-02
1.350000e-01 1.080442e+00 4.552952e-02
1.500000e-01 1.080442e+00 4.409420e-02
1.650000e-01 1.080442e+00 4.287931e-02
1.800000e-01 1.080442e+00 4.185854e-02
1.950000e-01 1.080442e+00 4.100419e-02
2.100000e-01 1.080442e+00 4.029002e-02
2.250000e-01 1.080442e+00 3.969266e-02
2.400000e-01 1.080442e+00 3.919215e-02
2.550000e-01 1.080442e+00 3.877183e-02
2.700000e-01 1.080442e+00 3.841804e-02
2.850000e-01 1.080442e+00 3.811969e-02
3.000000e-01 1.080442e+00 3.786782e-02
-3.000000e-01 1.094106e+00 3.711921e-02
-2.850000e-01 1.094106e+00 3.736368e-02
-2.700000e-01 1.094106e+00 3.765324e-02
-2.550000e-01 1.094106e+00 3.799659e-02
-2.400000e-01 1.094106e+00 3.840446e-02
-2.250000e-01 1.094106e+00 3.889010e-02
-2.100000e-01 1.094106e+00 3.946965e-02
-1.950000e-01 1.094106e+00 4.016245e-02
-1.800000e-01 1.094106e+00 4.099114e-02
-1.650000e-01 1.094106e+00 4.198118e-02
-1.500000e-01 1.094106e+00 4.315953e-02
-1.350000e-01 1.094106e+00 4.455199e-02
-1.200000e-01 1.094106e+00 4.617907e-02
-1.050000e-01 1.094106e+00 4.805061e-02
-9.000000e-02 1.094106e+00 5.016051e-02
-7.500000e-02 1.094106e+00 5.248319e-02
-6.000000e-02 1.094106e+00 5.497030e-02
-4.500000e-02 1.094106e+00 5.752983e-02
-3.000000e-02 1.094106e+00 5.994673e-02
-1.500000e-02 1.094106e+00 6.177840e-02
5.551115e-17 1.094106e+00 6.247504e-02
1.500000e-02 1.094106e+00 6.177840e-02
3.000000e-02 1.094106e+00 5.994673e-02
4.500000e-02 1.094106e+00 5.752983e-02
6.000000e-02 1.094106e+00 5.497030e-02
7.500000e-02 1.094106e+00 5.248319e-02
9.000000e-02 1.094106e+00 5.016051e-02
1.050000e-01 1.094106e+00 4.805061e-02
1.200000e-01 1.094106e+00 4.617907e-02
1.350000e-01 1.094106e+00 4.455199e-02
1.500000e-01 1.094106e+00 4.315953e-02
1.650000e-01 1.094106e+00 4.198118e-02
1.800000e-01 1.094106e+00 4.099114e-02
1.950000e-01 1.094106e+00 4.016245e-02
2.100000e-01 1.094106e+00 3.946965e-02
2.250000e-01 1.094106e+00 3.889010e-02
2.400000e-01 1.094106e+00 3.840446e-02
2.550000e-01 1.094106e+00 3.799659e-02
2.700000e-01 1.094106e+00 3.765324e-02
2.850000e-01 1.094106e+00 3.736368e-02
3.000000e-01 1.094106e+00 3.711921e-02
-3.000000e-01 1.107771e+00 3.639259e-02
-2.850000e-01 1.107771e+00 3.662995e-02
-2.700000e-01 1.107771e+00 3.691107e-02
-2.550000e-01 1.107771e+00 3.724438e-02
-2.400000e-01 1.107771e+00 3.764031e-02
-2.250000e-01 1.107771e+00 3.811168e-02
-2.100000e-01 1.107771e+00 3.867414e-02
-1.950000e-01 1.107771e+00 3.934645e-02
-1.800000e-01 1.107771e+00 4.015056e-02
-1.650000e-01 1.107771e+00 4.111120e-02
-1.500000e-01 1.107771e+00 4.225463e-02
-1.350000e-01 1.107771e+00 4.360621e-02
-1.200000e-01 1.107771e+00 4.518671e-02
-1.050000e-01 1.107771e+00 4.700783e-02
-9.000000e-02 1.107771e+00 4.906865e-02
-7.500000e-02 1.107771e+00 5.135538e-02
-6.000000e-02 1.107771e+00 5.384258e-02
-4.500000e-02 1.107771e+00 5.647096e-02
-3.000000e-02 1.107771e+00 5.903869e-02
-1.500000e-02 1.107771e+00 6.104221e-02
5.551115e-17 1.107771e+00 6.181566e-02
1.500000e-02 1.107771e+00 6.104221e-02
3.000000e-02 1.107771e+00 5.903869e-02
4.500000e-02 1.107771e+00 5.647096e-02
6.000000e-02 1.107771e+00 5.384258e-02
7.500000e-02 1.107771e+00 5.135538e-02
9.000000e-02 1.107771e+00 4.906865e-02
1.050000e-01 1.107771e+00 4.700783e-02
1.200000e-01 1.107771e+00 4.518671e-02
1.350000e-01 1.107771e+00 4.360621e-02
1.500000e-01 1.107771e+00 4.225463e-02
1.650000e-01 1.107771e+00 4.111120e-02
1.800000e-01 1.107771e+00 4.015056e-02
1.950000e-01 1.107771e+00 3.934645e-02
2.100000e-01 1.107771e+00 3.867414e-02
2.250000e-01 1.107771e+00 3.811168e-02
2.400000e-01 1.107771e+00 3.764031e-02
2.550000e-01 1.107771e+00 3.724438e-02
2.700000e-01 1.107771e+00 3.691107e-02
2.850000e-01 1.107771e+00 3.662995e-02
3.000000e-01 1.107771e+00 3.639259e-02
-3.000000e-01 1.121435e+00 3.568710e-02
-2.850000e-01 1.121435e+00 3.591762e-02
-2.700000e-01 1.121435e+00 3.619064e-02
-2.550000e-01 1.121435e+00 3.651432e-02
-2.400000e-01 1.121435e+00 3.689877e-02
-2.250000e-01 1.121435e+00 3.735645e-02
-2.100000e-01 1.121435e+00 3.790252e-02
-1.950000e-01 1.121435e+00 3.855518e-02
-1.800000e-01 1.121435e+00 3.933574e-02
-1.650000e-01 1.121435e+00 4.026824e-02
-1.500000e-01 1.121435e+00 4.137828e-02
-1.350000e-01 1.121435e+00 4.269086e-02
-1.200000e-01 1.121435e+00 4.422707e-02
-1.050000e-01 1.121435e+00 4.600052e-02
-9.000000e-02 1.121435e+00 4.801555e-02
-7.500000e-02 1.121435e+00 5.027021e-02
-6.000000e-02 1.121435e+00 5.276200e-02
-4.500000e-02 1.121435e+00 5.546432e-02
-3.000000e-02 1.121435e+00 5.818816e-02
-1.500000e-02 1.121435e+00 6.036783e-02
5.551115e-17 1.121435e+00 6.121979e-02
1.500000e-02 1.121435e+00 6.036783e-02
3.000000e-02 1.121435e+00 5.818816e-02
4.500000e-02 1.121435e+00 5.546432e-02
6.000000e-02 1.121435e+00 5.276200e-02
7.500000e-02 1.121435e+00 5.027021e-02
9.000000e-02 1.121435e+00 4.801555e-02
1.050000e-01 1.121435e+00 4.600052e-02
1.200000e-01 1.121435e+00 4.422707e-02
1.350000e-01 1.121435e+00 4.269086e-02
1.500000e-01 1.121435e+00 4.137828e-02
1.650000e-01 1.121435e+00 4.026824e-02
1.800000e-01 1.121435e+00 3.933574e-02
1.950000e-01 1.121435e+00 3.855518e-02
2.100000e-01 1.121435e+00 3.790252e-02
2.250000e-01 1.121435e+00 3.735645e-02
2.400000e-01 1.121435e+00 3.689877e-02
2.550000e-01 1.121435e+00 3.651432e-02
2.700000e-01 1.121435e+00 3.619064e-02
2.850000e-01 1.121435e+00 3.591762e-02
3.000000e-01 1.121435e+00 3.568710e-02
-3.000000e-01 1.135099e+00 3.500193e-02
-2.850000e-01 1.135099e+00 3.522589e-02
-2.700000e-01 1.135099e+00 3.549111e-02
-2.550000e-01 1.135099e+00 3.580553e-02
-2.400000e-01 1.135099e+00 3.617897e-02
-2.250000e-01 1.135099e+00 3.662349e-02
-2.100000e-01 1.135099e+00 3.715383e-02
-1.950000e-01 1.135099e+00 3.778765e-02
-1.800000e-01 1.135099e+00 3.854564e-02
-1.650000e-01 1.135099e+00 3.945120e-02
-1.500000e-01 1.135099e+00 4.052933e-02
-1.350000e-01 1.135099e+00 4.180470e-02
-1.200000e-01 1.135099e+00 4.329881e-02
-1.050000e-01 1.135099e+00 4.502725e-02
-9.000000e-02 1.135099e+00 4.699966e-02
-7.500000e-02 1.135099e+00 4.922603e-02
-6.000000e-02 1.135099e+00 5.172691e-02
-4.500000e-02 1.135099e+00 5.450844e-02
-3.000000e-02 1.135099e+00 5.739405e-02
-1.500000e-02 1.135099e+00 5.975462e-02
5.551115e-17 1.135099e+00 6.068697e-02
1.500000e-02 1.135099e+00 5.975462e-02
3.000000e-02 1.135099e+00 5.739405e-02
4.500000e-02 1.135099e+00 5.450844e-02
6.000000e-02 1.135099e+00 5.172691e-02
7.500000e-02 1.135099e+00 4.922603e-02
9.000000e-02 1.135099e+00 4.699966e-02
1.050000e-01 1.135099e+00 4.502725e-02
1.200000e-01 1.135099e+00 4.329881e-02
1.350000e-01 1.135099e+00 4.180470e-02
1.500000e-01 1.135099e+00 4.052933e-02
1.650000e-01 1.135099e+00 3.945120e-02
1.800000e-01 1.135099e+00 3.854564e-02
1.950000e-01 1.135099e+00 3.778765e-02
2.100000e-01 1.135099e+00 3.715383e-02
2.250000e-01 1.135099e+00 3.662349e-02
2.400000e-01 1.135099e+00 3.617897e-02
2.550000e-01 1.135099e+00 3.580553e-02
2.700000e-01 1.135099e+00 3.549111e-02
2.850000e-01 1.135099e+00 3.522589e-02
3.000000e-01 1.135099e+00 3.500193e-02
-3.000000e-01 1.148763e+00 3.433633e-02
-2.850000e-01 1.148763e+00 3.455396e-02
-2.700000e-01 1.148763e+00 3.481169e-02
-2.550000e-01 1.148763e+00 3.511722e-02
-2.400000e-01 1.148763e+00 3.548006e-02
-2.250000e-01 1.148763e+00 3.591196e-02
-2.100000e-01 1.148763e+00 3.642720e-02
-1.950000e-01 1.148763e+00 3.704294e-02
-1.800000e-01 1.148763e+00 3.777930e-02
-1.650000e-01 1.148763e+00 3.865905e-02
-1.500000e-01 1.148763e+00 3.970668e-02
-1.350000e-01 1.148763e+00 4.094657e-02
-1.200000e-01 1.148763e+00 4.240067e-02
-1.050000e-01 1.148763e+00 4.408664e-02
-9.000000e-02 1.148763e+00 4.601951e-02
-7.500000e-02 1.148763e+00 4.822132e-02
-6.000000e-02 1.148763e+00 5.073583e-02
-4.500000e-02 1.148763e+00 5.360202e-02
-3.000000e-02 1.148763e+00 5.665547e-02
-1.500000e-02 1.148763e+00 5.920212e-02
5.551115e-17 1.148763e+00 6.021696e-02
1.500000e-02 1.148763e+00 5.920212e-02
3.000000e-02 1.148763e+00 5.665547e-02
4.500000e-02 1.148763e+00 5.360202e-02
6.000000e-02 1.148763e+00 5.073583e-02
7.500000e-02 1.148763e+00 4.822132e-02
9.000000e-02 1.148763e+00 4.601951e-02
1.050000e-01 1.148763e+00 4.408664e-02
1.200000e-01 1.148763e+00 4.240067e-02
1.350000e-01 1.148763e+00 4.094657e-02
1.500000e-01 1.148763e+00 3.970668e-02
1.650000e-01 1.148763e+00 3.865905e-02
1.800000e-01 1.148763e+00 3.777930e-02
1.950000e-01 1.148763e+00 3.704294e-02
2.100000e-01 1.148763e+00 3.642720e-02
2.250000e-01 1.148763e+00 3.591196e-02
2.400000e-01 1.148763e+00 3.548006e-02
2.550000e-01 1.148763e+00 3.511722e-02
2.700000e-01 1.148763e+00 3.481169e-02
2.850000e-01 1.148763e+00 3.455396e-02
3.000000e-01 1.148763e+00 3.433633e-02
-3.000000e-01 1.162428e+00 3.368954e-02
-2.850000e-01 1.162428e+00 3.390110e-02
-2.700000e-01 1.162428e+00 3.415162e-02
-2.550000e-01 1.162428e+00 3.444859e-02
-2.400000e-01 1.162428e+00 3.480126e-02
-2.250000e-01 1.162428e+00 3.522102e-02
-2.100000e-01 1.162428e+00 3.572176e-02
-1.950000e-01 1.162428e+00 3.632016e-02
-1.800000e-01 1.162428e+00 3.703578e-02
-1.650000e-01 1.162428e+00 3.789083e-02
-1.500000e-01 1.162428e+00 3.890929e-02
-1.350000e-01 1.162428e+00 4.011535e-02
-1.200000e-01 1.162428e+00 4.153146e-02
-1.050000e-01 1.162428e+00 4.317741e-02
-9.000000e-02 1.162428e+00 4.507375e-02
-7.500000e-02 1.162428e+00 4.725468e-02
-6.000000e-02 1.162428e+00 4.978738e-02
-4.500000e-02 1.162428e+00 5.274393e-02
-3.000000e-02 1.162428e+00 5.597172e-02
-1.500000e-02 1.162428e+00 5.871012e-02
5.551115e-17 1.162428e+00 5.980976e-02
1.500000e-02 1.162428e+00 5.871012e-02
3.000000e-02 1.162428e+00 5.597172e-02
4.500000e-02 1.162428e+00 5.274393e-02
6.000000e-02 1.162428e+00 4.978738e-02
7.500000e-02 1.162428e+00 4.725468e-02
9.000000e-02 1.162428e+00 4.507375e-02
1.050000e-01 1.162428e+00 4.317741e-02
1.200000e-01 1.162428e+00 4.153146e-02
1.350000e-01 1.162428e+00 4.011535e-02
1.500000e-01 1.162428e+00 3.890929e-02
1.650000e-01 1.162428e+00 3.789083e-02
1.800000e-01 1.162428e+00 3.703578e-02
1.950000e-01 1.162428e+00 3.632016e-02
2.100000e-01 1.162428e+00 3.572176e-02
2.250000e-01 1.162428e+00 3.522102e-02
2.400000e-01 1.162428e+00 3.480126e-02
2.550000e-01 1.162428e+00 3.444859e-02
2.700000e-01 1.162428e+00 3.415162e-02
2.850000e-01 1.162428e+00 3.390110e-02
3.000000e-01 1.162428e+00 3.368954e-02
-3.000000e-01 1.176092e+00 3.306087e-02
-2.850000e-01 1.176092e+00 3.326658e-02
-2.700000e-01 1.176092e+00 3.351017e-02
-2.550000e-01 1.176092e+00 3.379892e-02
-2.400000e-01 1.176092e+00 3.414181e-02
-2.250000e-01 1.176092e+00 3.454991e-02
-2.100000e-01 1.176092e+00 3.503673e-02
-1.950000e-01 1.176092e+00 3.561848e-02
-1.800000e-01 1.176092e+00 3.631421e-02
-1.650000e-01 1.176092e+00 3.714561e-02
-1.500000e-01 1.176092e+00 3.813619e-02
-1.350000e-01 1.176092e+00 3.930999e-02
-1.200000e-01 1.176092e+00 4.069005e-02
-1.050000e-01 1.176092e+00 4.229836e-02
-9.000000e-02 1.176092e+00 4.416109e-02
-7.500000e-02 1.176092e+00 4.632478e-02
-6.000000e-02 1.176092e+00 4.888033e-02
-4.500000e-02 1.176092e+00 5.193318e-02
-3.000000e-02 1.176092e+00 5.534229e-02
-1.500000e-02 1.176092e+00 5.827863e-02
5.551115e-17 1.176092e+00 5.946559e-02
1.500000e-02 1.176092e+00 5.827863e-02
3.000000e-02 1.176092e+00 5.534229e-02
4.500000e-02 1.176092e+00 5.193318e-02
6.000000e-02 1.176092e+00 4.888033e-02
7.500000e-02 1.176092e+00 4.632478e-02
9.000000e-02 1.176092e+00 4.416109e-02
1.050000e-01 1.176092e+00 4.229836e-02
1.200000e-01 1.176092e+00 4.069005e-02
1.350000e-01 1.176092e+00 3.930999e-02
1.500000e-01 1.176092e+00 3.813619e-02
1.650000e-01 1.176092e+00 3.714561e-02
1.800000e-01 1.176092e+00 3.631421e-02
1.950000e-01 1.176092e+00 3.561848e-02
2.100000e-01 1.176092e+00 3.503673e-02
2.250000e-01 1.176092e+00 3.454991e-02
2.400000e-01 1.176092e+00 3.414181e-02
2.550000e-01 1.176092e+00 3.379892e-02
2.700000e-01 1.176092e+00 3.351017e-02
2.850000e-01 1.176092e+00 3.326658e-02
3.000000e-01 1.176092e+00 3.306087e-02
-3.000000e-01 1.189756e+00 3.244966e-02
-2.850000e-01 1.189756e+00 3.264974e-02
-2.700000e-01 1.189756e+00 3.288666e-02
-2.550000e-01 1.189756e+00 3.316749e-02
-2.400000e-01 1.189756e+00 3.350098e-02
-2.250000e-01 1.189756e+00 3.389787e-02
-2.100000e-01 1.189756e+00 3.437132e-02
-1.950000e-01 1.189756e+00 3.493709e-02
-1.800000e-01 1.189756e+00 3.561376e-02
-1.650000e-01 1.189756e+00 3.642250e-02
-1.500000e-01 1.189756e+00 3.738644e-02
-1.350000e-01 1.189756e+00 3.852950e-02
-1.200000e-01 1.189756e+00 3.987538e-02
-1.050000e-01 1.189756e+00 4.144836e-02
-9.000000e-02 1.189756e+00 4.328034e-02
-7.500000e-02 1.189756e+00 4.543043e-02
-6.000000e-02 1.189756e+00 4.801356e-02
-4.500000e-02 1.189756e+00 5.116895e-02
-3.000000e-02 1.189756e+00 5.476686e-02
-1.500000e-02 1.189756e+00 5.790788e-02
5.551115e-17 1.189756e+00 5.918496e-02
1.500000e-02 1.189756e+00 5.790788e-02
3.000000e-02 1.189756e+00 5.476686e-02
4.500000e-02 1.189756e+00 5.116895e-02
6.000000e-02 1.189756e+00 4.801356e-02
7.500000e-02 1.189756e+00 4.543043e-02
9.000000e-02 1.189756e+00 4.328034e-02
1.050000e-01 1.189756e+00 4.144836e-02
1.200000e-01 1.189756e+00 3.987538e-02
1.350000e-01 1.189756e+00 3.852950e-02
1.500000e-01 1.189756e+00 3.738644e-02
1.650000e-01 1.189756e+00 3.642250e-02
1.800000e-01 1.189756e+00 3.561376e-02
1.950000e-01 1.189756e+00 3.493709e-02
2.100000e-01 1.189756e+00 3.437132e-02
2.250000e-01 1.189756e+00 3.389787e-02
2.400000e-01 1.189756e+00 3.350098e-02
2.550000e-01 1.189756e+00 3.316749e-02
2.700000e-01 1.189756e+00 3.288666e-02
2.850000e-01 1.189756e+00 3.264974e-02
3.000000e-01 1.189756e+00 3.244966e-02
-3.000000e-01 1.203421e+00 3.185527e-02
-2.850000e-01 1.203421e+00 3.204993e-02
-2.700000e-01 1.203421e+00 3.228043e-02
-2.550000e-01 1.203421e+00 3.255364e-02
-2.400000e-01 1.203421e+00 3.287808e-02
-2.250000e-01 1.203421e+00 3.326421e-02
-2.100000e-01 1.203421e+00 3.372481e-02
-1.950000e-01 1.203421e+00 3.427524e-02
-1.800000e-01 1.203421e+00 3.493363e-02
-1.650000e-01 1.203421e+00 3.572069e-02
-1.500000e-01 1.203421e+00 3.665916e-02
-1.350000e-01 1.203421e+00 3.777295e-02
-1.200000e-01 1.203421e+00 3.908645e-02
-1.050000e-01 1.203421e+00 4.062634e-02
-9.000000e-02 1.203421e+00 4.243039e-02
-7.500000e-02 1.203421e+00 4.457052e-02
-6.000000e-02 1.203421e+00 4.718609e-02
-4.500000e-02 1.203421e+00 5.045057e-02
-3.000000e-02 1.203421e+00 5.424533e-02
-1.500000e-02 1.203421e+00 5.759835e-02
5.551115e-17 1.203421e+00 5.896858e-02
1.500000e-02 1.203421e+00 5.759835e-02
3.000000e-02 1.203421e+00 5.424533e-02
4.500000e-02 1.203421e+00 5.045057e-02
6.000000e-02 1.203421e+00 4.718609e-02
7.500000e-02 1.203421e+00 4.457052e-02
9.000000e-02 1.203421e+00 4.243039e-02
1.050000e-01 1.203421e+00 4.062634e-02
1.200000e-01 1.203421e+00 3.908645e-02
1.350000e-01 1.203421e+00 3.777295e-02
1.500000e-01 1.203421e+00 3.665916e-02
1.650000e-01 1.203421e+00 3.572069e-02
1.800000e-01 1.203421e+00 3.493363e-02
1.950000e-01 1.203421e+00 3.427524e-02
2.100000e-01 1.203421e+00 3.372481e-02
2.250000e-01 1.203421e+00 3.326421e-02
2.400000e-01 1.203421e+00 3.287808e-02
2.550000e-01 1.203421e+00 3.255364e-02
2.700000e-01 1.203421e+00 3.228043e-02
2.850000e-01 1.203421e+00 3.204993e-02
3.000000e-01 1.203421e+00 3.185527e-02
-3.000000e-01 1.217085e+00 3.127709e-02
-2.850000e-01 1.217085e+00 3.146652e-02
-2.700000e-01 1.217085e+00 3.169084e-02
-2.550000e-01 1.217085e+00 3.195673e-02
-2.400000e-01 1.217085e+00 3.227247e-02
-2.250000e-01 1.217085e+00 3.264824e-02
-2.100000e-01 1.217085e+00 3.309650e-02
-1.950000e-01 1.217085e+00 3.363221e-02
-1.800000e-01 1.217085e+00 3.427307e-02
-1.650000e-01 1.217085e+00 3.503936e-02
-1.500000e-01 1.217085e+00 3.595352e-02
-1.350000e-01 1.217085e+00 3.703944e-02
-1.200000e-01 1.217085e+00 3.832232e-02
-1.050000e-01 1.217085e+00 3.983131e-02
-9.000000e-02 1.217085e+00 4.161022e-02
-7.500000e-02 1.217085e+00 4.374403e-02
-6.000000e-02 1.217085e+00 4.639704e-02
-4.500000e-02 1.217085e+00 4.977754e-02
-3.000000e-02 1.217085e+00 5.377780e-02
-1.500000e-02 1.217085e+00 5.735079e-02
5.551115e-17 1.217085e+00 5.881749e-02
1.500000e-02 1.217085e+00 5.735079e-02
3.000000e-02 1.217085e+00 5.377780e-02
4.500000e-02 1.217085e+00 4.977754e-02
6.000000e-02 1.217085e+00 4.639704e-02
7.500000e-02 1.217085e+00 4.374403e-02
9.000000e-02 1.217085e+00 4.161022e-02
1.050000e-01 1.217085e+00 3.983131e-02
1.200000e-01 1.217085e+00 3.832232e-02
1.350000e-01 1.217085e+00 3.703944e-02
1.500000e-01 1.217085e+00 3.595352e-02
1.650000e-01 1.217085e+00 3.503936e-02
1.800000e-01 1.217085e+00 3.427307e-02
1.950000e-01 1.217085e+00 3.363221e-02
2.100000e-01 1.217085e+00 3.309650e-02
2.250000e-01 1.217085e+00 3.264824e-02
2.400000e-01 1.217085e+00 3.227247e-02
2.550000e-01 1.217085e+00 3.195673e-02
2.700000e-01 1.217085e+00 3.169084e-02
2.850000e-01 1.217085e+00 3.146652e-02
3.000000e-01 1.217085e+00 3.127709e-02
-3.000000e-01 1.230749e+00 3.071454e-02
-2.850000e-01 1.230749e+00 3.089894e-02
-2.700000e-01 1.230749e+00 3.111731e-02
-2.550000e-01 1.230749e+00 3.137615e-02
-2.400000e-01 1.230749e+00 3.168352e-02
-2.250000e-01 1.230749e+00 3.204934e-02
-2.100000e-01 1.230749e+00 3.248573e-02
-1.950000e-01 1.230749e+00 3.300731e-02
-1.800000e-01 1.230749e+00 3.363137e-02
-1.650000e-01 1.230749e+00 3.437778e-02
-1.500000e-01 1.230749e+00 3.526872e-02
-1.350000e-01 1.230749e+00 3.632814e-02
-1.200000e-01 1.230749e+00 3.758210e-02
-1.050000e-01 1.230749e+00 3.906234e-02
-9.000000e-02 1.230749e+00 4.081886e-02
-7.500000e-02 1.230749e+00 4.295006e-02
-6.000000e-02 1.230749e+00 4.564568e-02
-4.500000e-02 1.230749e+00 4.914949e-02
-3.000000e-02 1.230749e+00 5.336456e-02
-1.500000e-02 1.230749e+00 5.716619e-02
5.551115e-17 1.230749e+00 5.873298e-02
1.500000e-02 1.230749e+00 5.716619e-02
3.000000e-02 1.230749e+00 5.336456e-02
4.500000e-02 1.230749e+00 4.914949e-02
6.000000e-02 1.230749e+00 4.564568e-02
7.500000e-02 1.230749e+00 4.295006e-02
9.000000e-02 1.230749e+00 4.081886e-02
1.050000e-01 1.230749e+00 3.906234e-02
1.200000e-01 1.230749e+00 3.758210e-02
1.350000e-01 1.230749e+00 3.632814e-02
1.500000e-01 1.230749e+00 3.526872e-02
1.650000e-01 1.230749e+00 3.437778e-02
1.800000e-01 1.230749e+00 3.363137e-02
1.950000e-01 1.230749e+00 3.300731e-02
2.100000e-01 1.230749e+00 3.248573e-02
2.250000e-01 1.230749e+00 3.204934e-02
2.400000e-01 1.230749e+00 3.168352e-02
2.550000e-01 1.230749e+00 3.137615e-02
2.700000e-01 1.230749e+00 3.111731e-02
2.850000e-01 1.230749e+00 3.089894e-02
3.000000e-01 1.230749e+00 3.071454e-02
-3.000000e-01 1.244413e+00 3.016706e-02
-2.850000e-01 1.244413e+00 3.034663e-02
-2.700000e-01 1.244413e+00 3.055926e-02
-2.550000e-01 1.244413e+00 3.081131e-02
-2.400000e-01 1.244413e+00 3.111063e-02
-2.250000e-01 1.244413e+00 3.146687e-02
-2.100000e-01 1.244413e+00 3.189187e-02
-1.950000e-01 1.244413e+00 3.239989e-02
-1.800000e-01 1.244413e+00 3.300784e-02
-1.650000e-01 1.244413e+00 3.373524e-02
-1.500000e-01 1.244413e+00 3.460402e-02
-1.350000e-01 1.244413e+00 3.563826e-02
-1.200000e-01 1.244413e+00 3.686496e-02
-1.050000e-01 1.244413e+00 3.831855e-02
-9.000000e-02 1.244413e+00 4.005545e-02
-7.500000e-02 1.244413e+00 4.218777e-02
-6.000000e-02 1.244413e+00 4.493136e-02
-4.500000e-02 1.244413e+00 4.856626e-02
-3.000000e-02 1.244413e+00 5.300615e-02
-1.500000e-02 1.244413e+00 5.704582e-02
5.551115e-17 1.244413e+00 5.871664e-02
1.500000e-02 1.244413e+00 5.704582e-02
3.000000e-02 1.244413e+00 5.300615e-02
4.500000e-02 1.244413e+00 4.856626e-02
6.000000e-02 1.244413e+00 4.493136e-02
7.500000e-02 1.244413e+00 4.218777e-02
9.000000e-02 1.244413e+00 4.005545e-02
1.050000e-01 1.244413e+00 3.831855e-02
1.200000e-01 1.244413e+00 3.686496e-02
1.350000e-01 1.244413e+00 3.563826e-02
1.500000e-01 1.244413e+00 3.460402e-02
1.650000e-01 1.244413e+00 3.373524e-02
1.800000e-01 1.244413e+00 3.300784e-02
1.950000e-01 1.244413e+00 3.239989e-02
2.100000e-01 1.244413e+00 3.189187e-02
2.250000e-01 1.244413e+00 3.146687e-02
2.400000e-01 1.244413e+00 3.111063e-02
2.550000e-01 1.244413e+00 3.081131e-02
2.700000e-01 1.244413e+00 3.055926e-02
2.850000e-01 1.244413e+00 3.034663e-02
3.000000e-01 1.244413e+00 3.016706e-02
-3.000000e-01 1.258078e+00 2.963414e-02
-2.850000e-01 1.258078e+00 2.980904e-02
-2.700000e-01 1.258078e+00 3.001615e-02
-2.550000e-01 1.258078e+00 3.026167e-02
-2.400000e-01 1.258078e+00 3.055323e-02
-2.250000e-01 1.258078e+00 3.090027e-02
-2.100000e-01 1.258078e+00 3.131433e-02
-1.950000e-01 1.258078e+00 3.180933e-02
-1.800000e-01 1.258078e+00 3.240184e-02
-1.650000e-01 1.258078e+00 3.311105e-02
-1.500000e-01 1.258078e+00 3.395870e-02
-1.350000e-01 1.258078e+00 3.496906e-02
-1.200000e-01 1.258078e+00 3.617011e-02
-1.050000e-01 1.258078e+00 3.759914e-02
-9.000000e-02 1.258078e+00 3.931917e-02
-7.500000e-02 1.258078e+00 4.145644e-02
-6.000000e-02 1.258078e+00 4.425361e-02
-4.500000e-02 1.258078e+00 4.802784e-02
-3.000000e-02 1.258078e+00 5.270336e-02
-1.500000e-02 1.258078e+00 5.699127e-02
5.551115e-17 1.258078e+00 5.877041e-02
1.500000e-02 1.258078e+00 5.699127e-02
3.000000e-02 1.258078e+00 5.270336e-02
4.500000e-02 1.258078e+00 4.802784e-02
6.000000e-02 1.258078e+00 4.425361e-02
7.500000e-02 1.258078e+00 4.145644e-02
9.000000e-02 1.258078e+00 3.931917e-02
1.050000e-01 1.258078e+00 3.759914e-02
1.200000e-01 1.258078e+00 3.617011e-02
1.350000e-01 1.258078e+00 3.496906e-02
1.500000e-01 1.258078e+00 3.395870e-02
1.650000e-01 1.258078e+00 3.311105e-02
1.800000e-01 1.258078e+00 3.240184e-02
1.950000e-01 1.258078e+00 3.180933e-02
2.100000e-01 1.258078e+00 3.131433e-02
2.250000e-01 1.258078e+00 3.090027e-02
2.400000e-01 1.258078e+00 3.055323e-02
2.550000e-01 1.258078e+00 3.026167e-02
2.700000e-01 1.258078e+00 3.001615e-02
2.850000e-01 1.258078e+00 2.980904e-02
3.000000e-01 1.258078e+00 2.963414e-02
-3.000000e-01 1.271742e+00 2.911526e-02
-2.850000e-01 1.271742e+00 2.928566e-02
-2.700000e-01 1.271742e+00 2.948745e-02
-2.550000e-01 1.271742e+00 2.972668e-02
-2.400000e-01 1.271742e+00 3.001079e-02
-2.250000e-01 1.271742e+00 3.034898e-02
-2.100000e-01 1.271742e+00 3.075252e-02
-1.950000e-01 1.271742e+00 3.123504e-02
-1.800000e-01 1.271742e+00 3.181275e-02
-1.650000e-01 1.271742e+00 3.250458e-02
-1.500000e-01 1.271742e+00 3.333211e-02
-1.350000e-01 1.271742e+00 3.431982e-02
-1.200000e-01 1.271742e+00 3.549683e-02
-1.050000e-01 1.271742e+00 3.690337e-02
-9.000000e-02 1.271742e+00 3.860930e-02
-7.500000e-02 1.271742e+00 4.075544e-02
-6.000000e-02 1.271742e+00 4.361203e-02
-4.500000e-02 1.271742e+00 4.753439e-02
-3.000000e-02 1.271742e+00 5.245720e-02
-1.500000e-02 1.271742e+00 5.700444e-02
5.551115e-17 1.271742e+00 5.889658e-02
1.500000e-02 1.271742e+00 5.700444e-02
3.000000e-02 1.271742e+00 5.245720e-02
4.500000e-02 1.271742e+00 4.753439e-02
6.000000e-02 1.271742e+00 4.361203e-02
7.500000e-02 1.271742e+00 4.075544e-02
9.000000e-02 1.271742e+00 3.860930e-02
1.050000e-01 1.271742e+00 3.690337e-02
1.200000e-01 1.271742e+00 3.549683e-02
1.350000e-01 1.271742e+00 3.431982e-02
1.500000e-01 1.271742e+00 3.333211e-02
1.650000e-01 1.271742e+00 3.250458e-02
1.800000e-01 1.271742e+00 3.181275e-02
1.950000e-01 1.271742e+00 3.123504e-02
2.100000e-01 1.271742e+00 3.075252e-02
2.250000e-01 1.271742e+00 3.034898e-02
2.400000e-01 1.271742e+00 3.001079e-02
2.550000e-01 1.271742e+00 2.972668e-02
2.700000e-01 1.271742e+00 2.948745e-02
2.850000e-01 1.271742e+00 2.928566e-02
3.000000e-01 1.271742e+00 2.911526e-02
-3.000000e-01 1.285406e+00 2.860995e-02
-2.850000e-01 1.285406e+00 2.877601e-02
-2.700000e-01 1.285406e+00 2.897268e-02
-2.550000e-01 1.285406e+00 2.920585e-02
-2.400000e-01 1.285406e+00 2.948278e-02
-2.250000e-01 1.285406e+00 2.981247e-02
-2.100000e-01 1.285406e+00 3.020591e-02
-1.950000e-01 1.285406e+00 3.067645e-02
-1.800000e-01 1.285406e+00 3.124000e-02
-1.650000e-01 1.285406e+00 3.191523e-02
-1.500000e-01 1.285406e+00 3.272360e-02
-1.350000e-01 1.285406e+00 3.368991e-02
-1.200000e-01 1.285406e+00 3.484444e-02
-1.050000e-01 1.285406e+00 3.623054e-02
-9.000000e-02 1.285406e+00 3.792517e-02
-7.500000e-02 1.285406e+00 4.008423e-02
-6.000000e-02 1.285406e+00 4.300640e-02
-4.500000e-02 1.285406e+00 4.708629e-02
-3.000000e-02 1.285406e+00 5.226898e-02
-1.500000e-02 1.285406e+00 5.708757e-02
5.551115e-17 1.285406e+00 5.909780e-02
1.500000e-02 1.285406e+00 5.708757e-02
3.000000e-02 1.285406e+00 5.226898e-02
4.500000e-02 1.285406e+00 4.708629e-02
6.000000e-02 1.285406e+00 4.300640e-02
7.500000e-02 1.285406e+00 4.008423e-02
9.000000e-02 1.285406e+00 3.792517e-02
1.050000e-01 1.285406e+00 3.623054e-02
1.200000e-01 1.285406e+00 3.484444e-02
1.350000e-01 1.285406e+00 3.368991e-02
1.500000e-01 1.285406e+00 3.272360e-02
1.650000e-01 1.285406e+00 3.191523e-02
1.800000e-01 1.285406e+00 3.124000e-02
1.950000e-01 1.285406e+00 3.067645e-02
2.100000e-01 1.285406e+00 3.020591e-02
2.250000e-01 1.285406e+00 2.981247e-02
2.400000e-01 1.285406e+00 2.948278e-02
2.550000e-01 1.285406e+00 2.920585e-02
2.700000e-01 1.285406e+00 2.897268e-02
2.850000e-01 1.285406e+00 2.877601e-02
3.000000e-01 1.285406e+00 2.860995e-02
-3.000000e-01 1.299070e+00 2.811774e-02
-2.850000e-01 1.299070e+00 2.827961e-02
-2.700000e-01 1.299070e+00 2.847135e-02
-2.550000e-01 1.299070e+00 2.869869e-02
-2.400000e-01 1.299070e+00 2.896872e-02
-2.250000e-01 1.299070e+00 2.929023e-02
-2.100000e-01 1.299070e+00 2.967398e-02
-1.950000e-01 1.299070e+00 3.013303e-02
-1.800000e-01 1.299070e+00 3.068304e-02
-1.650000e-01 1.299070e+00 3.134241e-02
-1.500000e-01 1.299070e+00 3.213259e-02
-1.350000e-01 1.299070e+00 3.307869e-02
-1.200000e-01 1.299070e+00 3.421231e-02
-1.050000e-01 1.299070e+00 3.558002e-02
-9.000000e-02 1.299070e+00 3.726621e-02
-7.500000e-02 1.299070e+00 3.944236e-02
-6.000000e-02 1.299070e+00 4.243662e-02
-4.500000e-02 1.299070e+00 4.668410e-02
-3.000000e-02 1.299070e+00 5.214027e-02
-1.500000e-02 1.299070e+00 5.724331e-02
5.551115e-17 1.299070e+00 5.937716e-02
1.500000e-02 1.299070e+00 5.724331e-02
3.000000e-02 1.299070e+00 5.214027e-02
4.500000e-02 1.299070e+00 4.668410e-02
6.000000e-02 1.299070e+00 4.243662e-02
7.500000e-02 1.299070e+00 3.944236e-02
9.000000e-02 1.299070e+00 3.726621e-02
1.050000e-01 1.299070e+00 3.558002e-02
1.200000e-01 1.299070e+00 3.421231e-02
1.350000e-01 1.299070e+00 3.307869e-02
1.500000e-01 1.299070e+00 3.213259e-02
1.650000e-01 1.299070e+00 3.134241e-02
1.800000e-01 1.299070e+00 3.068304e-02
1.950000e-01 1.299070e+00 3.013303e-02
2.100000e-01 1.299070e+00 2.967398e-02
2.250000e-01 1.299070e+00 2.929023e-02
2.400000e-01 1.299070e+00 2.896872e-02
2.550000e-01 1.299070e+00 2.869869e-02
2.700000e-01 1.299070e+00 2.847135e-02
2.850000e-01 1.299070e+00 2.827961e-02
3.000000e-01 1.299070e+00 2.811774e-02
-3.000000e-01 1.312735e+00 2.763819e-02
-2.850000e-01 1.312735e+00 2.779603e-02
-2.700000e-01 1.312735e+00 2.798302e-02
-2.550000e-01 1.312735e+00 2.820474e-02
-2.400000e-01 1.312735e+00 2.846814e-02
-2.250000e-01 1.312735e+00 2.878179e-02
-2.100000e-01 1.312735e+00 2.915623e-02
-1.950000e-01 1.312735e+00 2.960428e-02
-1.800000e-01 1.312735e+00 3.014133e-02
-1.650000e-01 1.312735e+00 3.078560e-02
-1.500000e-01 1.312735e+00 3.155851e-02
-1.350000e-01 1.312735e+00 3.248560e-02
-1.200000e-01 1.312735e+00 3.359984e-02
-1.050000e-01 1.312735e+00 3.495126e-02
-9.000000e-02 1.312735e+00 3.663190e-02
-7.500000e-02 1.312735e+00 3.882951e-02
-6.000000e-02 1.312735e+00 4.190272e-02
-4.500000e-02 1.312735e+00 4.632861e-02
-3.000000e-02 1.312735e+00 5.207299e-02
-1.500000e-02 1.312735e+00 5.747469e-02
5.551115e-17 1.312735e+00 5.973820e-02
1.500000e-02 1.312735e+00 5.747469e-02
3.000000e-02 1.312735e+00 5.207299e-02
4.500000e-02 1.312735e+00 4.632861e-02
6.000000e-02 1.312735e+00 4.190272e-02
7.500000e-02 1.312735e+00 3.882951e-02
9.000000e-02 1.312735e+00 3.663190e-02
1.050000e-01 1.312735e+00 3.495126e-02
1.200000e-01 1.312735e+00 3.359984e-02
1.350000e-01 1.312735e+00 3.248560e-02
1.500000e-01 1.312735e+00 3.155851e-02
1.650000e-01 1.312735e+00 3.078560e-02
1.800000e-01 1.312735e+00 3.014133e-02
1.950000e-01 1.312735e+00 2.960428e-02
2.100000e-01 1.312735e+00 2.915623e-02
2.250000e-01 1.312735e+00 2.878179e-02
2.400000e-01 1.312735e+00 2.846814e-02
2.550000e-01 1.312735e+00 2.820474e-02
2.700000e-01 1.312735e+00 2.798302e-02
2.850000e-01 1.312735e+00 2.779603e-02
3.000000e-01 1.312735e+00 2.763819e-02
-3.000000e-01 1.326399e+00 2.717089e-02
-2.850000e-01 1.326399e+00 2.732484e-02
-2.700000e-01 1.326399e+00 2.750724e-02
-2.550000e-01 1.326399e+00 2.772356e-02
-2.400000e-01 1.326399e+00 2.798058e-02
-2.250000e-01 1.326399e+00 2.828669e-02
-2.100000e-01 1.326399e+00 2.865220e-02
-1.950000e-01 1.326399e+00 2.908972e-02
-1.800000e-01 1.326399e+00 2.961439e-02
-1.650000e-01 1.326399e+00 3.024429e-02
-1.500000e-01 1.326399e+00 3.100084e-02
-1.350000e-01 1.326399e+00 3.191010e-02
-1.200000e-01 1.326399e+00 3.300652e-02
-1.050000e-01 1.326399e+00 3.434372e-02
-9.000000e-02 1.326399e+00 3.602182e-02
-7.500000e-02 1.326399e+00 3.824543e-02
-6.000000e-02 1.326399e+00 4.140492e-02
-4.500000e-02 1.326399e+00 4.602083e-02
-3.000000e-02 1.326399e+00 5.206940e-02
-1.500000e-02 1.326399e+00 5.778522e-02
5.551115e-17 1.326399e+00 6.018495e-02
1.500000e-02 1.326399e+00 5.778522e-02
3.000000e-02 1.326399e+00 5.206940e-02
4.500000e-02 1.326399e+00 4.602083e-02
6.000000e-02 1.326399e+00 4.140492e-02
7.500000e-02 1.326399e+00 3.824543e-02
9.000000e-02 1.326399e+00 3.602182e-02
1.050000e-01 1.326399e+00 3.434372e-02
1.200000e-01 1.326399e+00 3.300652e-02
1.350000e-01 1.326399e+00 3.191010e-02
1.500000e-01 1.326399e+00 3.100084e-02
1.650000e-01 1.326399e+00 3.024429e-02
1.800000e-01 1.326399e+00 2.961439e-02
1.950000e-01 1.326399e+00 2.908972e-02
2.100000e-01 1.326399e+00 2.865220e-02
2.250000e-01 1.326399e+00 2.828669e-02
2.400000e-01 1.326399e+00 2.798058e-02
2.550000e-01 1.326399e+00 2.772356e-02
2.700000e-01 1.326399e+00 2.750724e-02
2.850000e-01 1.326399e+00 2.732484e-02
3.000000e-01 1.326399e+00 2.717089e-02
-3.000000e-01 1.340063e+00 2.671542e-02
-2.850000e-01 1.340063e+00 2.686563e-02
-2.700000e-01 1.340063e+00 2.704362e-02
-2.550000e-01 1.340063e+00 2.725475e-02
-2.400000e-01 1.340063e+00 2.750563e-02
-2.250000e-01 1.340063e+00 2.780449e-02
-2.100000e-01 1.340063e+00 2.816145e-02
-1.950000e-01 1.340063e+00 2.858889e-02
-1.800000e-01 1.340063e+00 2.910175e-02
-1.650000e-01 1.340063e+00 2.971799e-02
-1.500000e-01 1.340063e+00 3.045910e-02
-1.350000e-01 1.340063e+00 3.135170e-02
-1.200000e-01 1.340063e+00 3.243184e-02
-1.050000e-01 1.340063e+00 3.375697e-02
-9.000000e-02 1.340063e+00 3.543561e-02
-7.500000e-02 1.340063e+00 3.769001e-02
-6.000000e-02 1.340063e+00 4.094357e-02
-4.500000e-02 1.340063e+00 4.576205e-02
-3.000000e-02 1.340063e+00 5.213214e-02
-1.500000e-02 1.340063e+00 5.817890e-02
5.551115e-17 1.340063e+00 6.072202e-02
1.500000e-02 1.340063e+00 5.817890e-02
3.000000e-02 1.340063e+00 5.213214e-02
4.500000e-02 1.340063e+00 4.576205e-02
6.000000e-02 1.340063e+00 4.094357e-02
7.500000e-02 1.340063e+00 3.769001e-02
9.000000e-02 1.340063e+00 3.543561e-02
1.050000e-01 1.340063e+00 3.375697e-02
1.200000e-01 1.340063e+00 3.243184e-02
1.350000e-01 1.340063e+00 3.135170e-02
1.500000e-01 1.340063e+00 3.045910e-02
1.650000e-01 1.340063e+00 2.971799e-02
1.800000e-01 1.340063e+00 2.910175e-02
1.950000e-01 1.340063e+00 2.858889e-02
2.100000e-01 1.340063e+00 2.816145e-02
2.250000e-01 1.340063e+00 2.780449e-02
2.400000e-01 1.340063e+00 2.750563e-02
2.550000e-01 1.340063e+00 2.725475e-02
2.700000e-01 1.340063e+00 2.704362e-02
2.850000e-01 1.340063e+00 2.686563e-02
3.000000e-01 1.340063e+00 2.671542e-02
-3.000000e-01 1.353728e+00 2.627142e-02
-2.850000e-01 1.353728e+00 2.641802e-02
-2.700000e-01 1.353728e+00 2.659176e-02
-2.550000e-01 1.353728e+00 2.679788e-02
-2.400000e-01 1.353728e+00 2.704287e-02
-2.250000e-01 1.353728e+00 2.733479e-02
-2.100000e-01 1.353728e+00 2.768356e-02
-1.950000e-01 1.353728e+00 2.810136e-02
-1.800000e-01 1.353728e+00 2.860298e-02
-1.650000e-01 1.353728e+00 2.920626e-02
-1.500000e-01 1.353728e+00 2.993283e-02
-1.350000e-01 1.353728e+00 3.080995e-02
-1.200000e-01 1.353728e+00 3.187539e-02
-1.050000e-01 1.353728e+00 3.319062e-02
-9.000000e-02 1.353728e+00 3.487301e-02
-7.500000e-02 1.353728e+00 3.716325e-02
-6.000000e-02 1.353728e+00 4.051924e-02
-4.500000e-02 1.353728e+00 4.555383e-02
-3.000000e-02 1.353728e+00 5.226425e-02
-1.500000e-02 1.353728e+00 5.866031e-02
5.551115e-17 1.353728e+00 6.135463e-02
1.500000e-02 1.353728e+00 5.866031e-02
3.000000e-02 1.353728e+00 5.226425e-02
4.500000e-02 1.353728e+00 4.555383e-02
6.000000e-02 1.353728e+00 4.051924e-02
7.500000e-02 1.353728e+00 3.716325e-02
9.000000e-02 1.353728e+00 3.487301e-02
1.050000e-01 1.353728e+00 3.319062e-02
1.200000e-01 1.353728e+00 3.187539e-02
1.350000e-01 1.353728e+00 3.080995e-02
1.500000e-01 1.353728e+00 2.993283e-02
1.650000e-01 1.353728e+00 2.920626e-02
1.800000e-01 1.353728e+00 2.860298e-02
1.950000e-01 1.353728e+00 2.810136e-02
2.100000e-01 1.353728e+00 2.768356e-02
2.250000e-01 1.353728e+00 2.733479e-02
2.400000e-01 1.353728e+00 2.704287e-02
2.550000e-01 1.353728e+00 2.679788e-02
2.700000e-01 1.353728e+00 2.659176e-02
2.850000e-01 1.353728e+00 2.641802e-02
3.000000e-01 1.353728e+00 2.627142e-02
-3.000000e-01 1.367392e+00 2.583850e-02
-2.850000e-01 1.367392e+00 2.598163e-02
-2.700000e-01 1.367392e+00 2.615128e-02
-2.550000e-01 1.367392e+00 2.635260e-02
-2.400000e-01 1.367392e+00 2.659194e-02
-2.250000e-01 1.367392e+00 2.687719e-02
-2.100000e-01 1.367392e+00 2.721812e-02
-1.950000e-01 1.367392e+00 2.762674e-02
-1.800000e-01 1.367392e+00 2.811766e-02
-1.650000e-01 1.367392e+00 2.870868e-02
-1.500000e-01 1.367392e+00 2.942162e-02
-1.350000e-01 1.367392e+00 3.028444e-02
-1.200000e-01 1.367392e+00 3.133676e-02
-1.050000e-01 1.367392e+00 3.264435e-02
-9.000000e-02 1.367392e+00 3.433385e-02
-7.500000e-02 1.367392e+00 3.666527e-02
-6.000000e-02 1.367392e+00 4.013265e-02
-4.500000e-02 1.367392e+00 4.539803e-02
-3.000000e-02 1.367392e+00 5.246929e-02
-1.500000e-02 1.367392e+00 5.923465e-02
5.551115e-17 1.367392e+00 6.208870e-02
1.500000e-02 1.367392e+00 5.923465e-02
3.000000e-02 1.367392e+00 5.246929e-02
4.500000e-02 1.367392e+00 4.539803e-02
6.000000e-02 1.367392e+00 4.013265e-02
7.500000e-02 1.367392e+00 3.666527e-02
9.000000e-02 1.367392e+00 3.433385e-02
1.050000e-01 1.367392e+00 3.264435e-02
1.200000e-01 1.367392e+00 3.133676e-02
1.350000e-01 1.367392e+00 3.028444e-02
1.500000e-01 1.367392e+00 2.942162e-02
1.650000e-01 1.367392e+00 2.870868e-02
1.800000e-01 1.367392e+00 2.811766e-02
1.950000e-01 1.367392e+00 2.762674e-02
2.100000e-01 1.367392e+00 2.721812e-02
2.250000e-01 1.367392e+00 2.687719e-02
2.400000e-01 1.367392e+00 2.659194e-02
2.550000e-01 1.367392e+00 2.635260e-02
2.700000e-01 1.367392e+00 2.615128e-02
2.850000e-01 1.367392e+00 2.598163e-02
3.000000e-01 1.367392e+00 2.583850e-02
-3.000000e-01 1.381056e+00 2.541634e-02
-2.850000e-01 1.381056e+00 2.555611e-02
-2.700000e-01 1.381056e+00 2.572184e-02
-2.550000e-01 1.381056e+00 2.591854e-02
-2.400000e-01 1.381056e+00 2.615245e-02
-2.250000e-01 1.381056e+00 2.643132e-02
-2.100000e-01 1.381056e+00 2.676477e-02
-1.950000e-01 1.381056e+00 2.716464e-02
-1.800000e-01 1.381056e+00 2.764542e-02
-1.650000e-01 1.381056e+00 2.822488e-02
-1.500000e-01 1.381056e+00 2.892509e-02
-1.350000e-01 1.381056e+00 2.977480e-02
-1.200000e-01 1.381056e+00 3.081565e-02
-1.050000e-01 1.381056e+00 3.211791e-02
-9.000000e-02 1.381056e+00 3.381804e-02
-7.500000e-02 1.381056e+00 3.619636e-02
-6.000000e-02 1.381056e+00 3.978479e-02
-4.500000e-02 1.381056e+00 4.529688e-02
-3.000000e-02 1.381056e+00 5.275129e-02
-1.500000e-02 1.381056e+00 5.990782e-02
5.551115e-17 1.381056e+00 6.293091e-02
1.500000e-02 1.381056e+00 5.990782e-02
3.000000e-02 1.381056e+00 5.275129e-02
4.500000e-02 1.381056e+00 4.529688e-02
6.000000e-02 1.381056e+00 3.978479e-02
7.500000e-02 1.381056e+00 3.619636e-02
9.000000e-02 1.381056e+00 3.381804e-02
1.050000e-01 1.381056e+00 3.211791e-02
1.200000e-01 1.381056e+00 3.081565e-02
1.350000e-01 1.381056e+00 2.977480e-02
1.500000e-01 1.381056e+00 2.892509e-02
1.650000e-01 1.381056e+00 2.822488e-02
1.800000e-01 1.381056e+00 2.764542e-02
1.950000e-01 1.381056e+00 2.716464e-02
2.100000e-01 1.381056e+00 2.676477e-02
2.250000e-01 1.381056e+00 2.643132e-02
2.400000e-01 1.381056e+00 2.615245e-02
2.550000e-01 1.381056e+00 2.591854e-02
2.700000e-01 1.381056e+00 2.572184e-02
2.850000e-01 1.381056e+00 2.555611e-02
3.000000e-01 1.381056e+00 2.541634e-02
-3.000000e-01 1.394720e+00 2.500459e-02
-2.850000e-01 1.394720e+00 2.514113e-02
-2.700000e-01 1.394720e+00 2.530308e-02
-2.550000e-01 1.394720e+00 2.549535e-02
-2.400000e-01 1.394720e+00 2.572407e-02
-2.250000e-01 1.394720e+00 2.599685e-02
-2.100000e-01 1.394720e+00 2.632316e-02
-1.950000e-01 1.394720e+00 2.671471e-02
-1.800000e-01 1.394720e+00 2.718590e-02
-1.650000e-01 1.394720e+00 2.775451e-02
-1.500000e-01 1.394720e+00 2.844290e-02
-1.350000e-01 1.394720e+00 2.928072e-02
-1.200000e-01 1.394720e+00 3.031177e-02
-1.050000e-01 1.394720e+00 3.161113e-02
-9.000000e-02 1.394720e+00 3.332562e-02
-7.500000e-02 1.394720e+00 3.575693e-02
-6.000000e-02 1.394720e+00 3.947684e-02
-4.500000e-02 1.394720e+00 4.525296e-02
-3.000000e-02 1.394720e+00 5.311491e-02
-1.500000e-02 1.394720e+00 6.068650e-02
5.551115e-17 1.394720e+00 6.388885e-02
1.500000e-02 1.394720e+00 6.068650e-02
3.000000e-02 1.394720e+00 5.311491e-02
4.500000e-02 1.394720e+00 4.525296e-02
6.000000e-02 1.394720e+00 3.947684e-02
7.500000e-02 1.394720e+00 3.575693e-02
9.000000e-02 1.394720e+00 3.332562e-02
1.050000e-01 1.394720e+00 3.161113e-02
1.200000e-01 1.394720e+00 3.031177e-02
1.350000e-01 1.394720e+00 2.928072e-02
1.500000e-01 1.394720e+00 2.844290e-02
1.650000e-01 1.394720e+00 2.775451e-02
1.800000e-01 1.394720e+00 2.718590e-02
1.950000e-01 1.394720e+00 2.671471e-02
2.100000e-01 1.394720e+00 2.632316e-02
2.250000e-01 1.394720e+00 2.599685e-02
2.400000e-01 1.394720e+00 2.572407e-02
2.550000e-01 1.394720e+00 2.549535e-02
2.700000e-01 1.394720e+00 2.530308e-02
2.850000e-01 1.394720e+00 2.514113e-02
3.000000e-01 1.394720e+00 2.500459e-02
-3.000000e-01 1.408385e+00 2.460294e-02
-2.850000e-01 1.408385e+00 2.473638e-02
-2.700000e-01 1.408385e+00 2.489470e-02
-2.550000e-01 1.408385e+00 2.508272e-02
-2.400000e-01 1.408385e+00 2.530647e-02
-2.250000e-01 1.408385e+00 2.557344e-02
-2.100000e-01 1.408385e+00 2.589296e-02
-1.950000e-01 1.408385e+00 2.627663e-02
-1.800000e-01 1.408385e+00 2.673878e-02
-1.650000e-01 1.408385e+00 2.729725e-02
-1.500000e-01 1.408385e+00 2.797475e-02
-1.350000e-01 1.408385e+00 2.880194e-02
-1.200000e-01 1.408385e+00 2.982492e-02
-1.050000e-01 1.408385e+00 3.112392e-02
-9.000000e-02 1.408385e+00 3.285672e-02
-7.500000e-02 1.408385e+00 3.534758e-02
-6.000000e-02 1.408385e+00 3.921029e-02
-4.500000e-02 1.408385e+00 4.526933e-02
-3.000000e-02 1.408385e+00 5.356546e-02
-1.500000e-02 1.408385e+00 6.157828e-02
5.551115e-17 1.408385e+00 6.497108e-02
1.500000e-02 1.408385e+00 6.157828e-02
3.000000e-02 1.408385e+00 5.356546e-02
4.500000e-02 1.408385e+00 4.526933e-02
6.000000e-02 1.408385e+00 3.921029e-02
7.500000e-02 1.408385e+00 3.534758e-02
9.000000e-02 1.408385e+00 3.285672e-02
1.050000e-01 1.408385e+00 3.112392e-02
1.200000e-01 1.408385e+00 2.982492e-02
1.350000e-01 1.408385e+00 2.880194e-02
1.500000e-01 1.408385e+00 2.797475e-02
1.650000e-01 1.408385e+00 2.729725e-02
1.800000e-01 1.408385e+00 2.673878e-02
1.950000e-01 1.408385e+00 2.627663e-02
2.100000e-01 1.408385e+00 2.589296e-02
2.250000e-01 1.408385e+00 2.557344e-02
2.400000e-01 1.408385e+00 2.530647e-02
2.550000e-01 1.408385e+00 2.508272e-02
2.700000e-01 1.408385e+00 2.489470e-02
2.850000e-01 1.408385e+00 2.473638e-02
3.000000e-01 1.408385e+00 2.460294e-02
-3.000000e-01 1.422049e+00 2.421110e-02
-2.850000e-01 1.422049e+00 2.434155e-02
-2.700000e-01 1.422049e+00 2.449639e-02
-2.550000e-01 1.422049e+00 2.468035e-02
-2.400000e-01 1.422049e+00 2.489935e-02
-2.250000e-01 1.422049e+00 2.516079e-02
-2.100000e-01 1.422049e+00 2.547387e-02
-1.950000e-01 1.422049e+00 2.585010e-02
-1.800000e-01 1.422049e+00 2.630376e-02
-1.650000e-01 1.422049e+00 2.685282e-02
-1.500000e-01 1.422049e+00 2.752039e-02
-1.350000e-01 1.422049e+00 2.833823e-02
-1.200000e-01 1.422049e+00 2.935496e-02
-1.050000e-01 1.422049e+00 3.065629e-02
-9.000000e-02 1.422049e+00 3.241161e-02
-7.500000e-02 1.422049e+00 3.496909e-02
-6.000000e-02 1.422049e+00 3.898692e-02
-4.500000e-02 1.422049e+00 4.534950e-02
-3.000000e-02 1.422049e+00 5.410901e-02
-1.500000e-02 1.422049e+00 6.259177e-02
5.551115e-17 1.422049e+00 6.618730e-02
1.500000e-02 1.422049e+00 6.259177e-02
3.000000e-02 1.422049e+00 5.410901e-02
4.500000e-02 1.422049e+00 4.534950e-02
6.000000e-02 1.422049e+00 3.898692e-02
7.500000e-02 1.422049e+00 3.496909e-02
9.000000e-02 1.422049e+00 3.241161e-02
1.050000e-01 1.422049e+00 3.065629e-02
1.200000e-01 1.422049e+00 2.935496e-02
1.350000e-01 1.422049e+00 2.833823e-02
1.500000e-01 1.422049e+00 2.752039e-02
1.650000e-01 1.422049e+00 2.685282e-02
1.800000e-01 1.422049e+00 2.630376e-02
1.950000e-01 1.422049e+00 2.585010e-02
2.100000e-01 1.422049e+00 2.547387e-02
2.250000e-01 1.422049e+00 2.516079e-02
2.400000e-01 1.422049e+00 2.489935e-02
2.550000e-01 1.422049e+00 2.468035e-02
2.700000e-01 1.422049e+00 2.449639e-02
2.850000e-01 1.422049e+00 2.434155e-02
3.000000e-01 1.422049e+00 2.421110e-02
-3.000000e-01 1.435713e+00 2.382878e-02
-2.850000e-01 1.435713e+00 2.395637e-02
-2.700000e-01 1.435713e+00 2.410788e-02
-2.550000e-01 1.435713e+00 2.428796e-02
-2.400000e-01 1.435713e+00 2.450244e-02
-2.250000e-01 1.435713e+00 2.475862e-02
-2.100000e-01 1.435713e+00 2.506562e-02
-1.950000e-01 1.435713e+00 2.543485e-02
-1.800000e-01 1.435713e+00 2.588060e-02
-1.650000e-01 1.435713e+00 2.642098e-02
-1.500000e-01 1.435713e+00 2.707961e-02
-1.350000e-01 1.435713e+00 2.788944e-02
-1.200000e-01 1.435713e+00 2.890183e-02
-1.050000e-01 1.435713e+00 3.020833e-02
-9.000000e-02 1.435713e+00 3.199071e-02
-7.500000e-02 1.435713e+00 3.462249e-02
-6.000000e-02 1.435713e+00 3.880884e-02
-4.500000e-02 1.435713e+00 4.549755e-02
-3.000000e-02 1.435713e+00 5.475248e-02
-1.500000e-02 1.435713e+00 6.373673e-02
5.551115e-17 1.435713e+00 6.754847e-02
1.500000e-02 1.435713e+00 6.373673e-02
3.000000e-02 1.435713e+00 5.475248e-02
4.500000e-02 1.435713e+00 4.549755e-02
6.000000e-02 1.435713e+00 3.880884e-02
7.500000e-02 1.435713e+00 3.462249e-02
9.000000e-02 1.435713e+00 3.199071e-02
1.050000e-01 1.435713e+00 3.020833e-02
1.200000e-01 1.435713e+00 2.890183e-02
1.350000e-01 1.435713e+00 2.788944e-02
1.500000e-01 1.435713e+00 2.707961e-02
1.650000e-01 1.435713e+00 2.642098e-02
1.800000e-01 1.435713e+00 2.588060e-02
1.950000e-01 1.435713e+00 2.543485e-02
2.100000e-01 1.435713e+00 2.506562e-02
2.250000e-01 1.435713e+00 2.475862e-02
2.400000e-01 1.435713e+00 2.450244e-02
2.550000e-01 1.435713e+00 2.428796e-02
2.700000e-01 1.435713e+00 2.410788e-02
2.850000e-01 1.435713e+00 2.395637e-02
3.000000e-01 1.435713e+00 2.382878e-02
-3.000000e-01 1.449378e+00 2.345573e-02
-2.850000e-01 1.449378e+00 2.358058e-02
-2.700000e-01 1.449378e+00 2.372889e-02
-2.550000e-01 1.449378e+00 2.390528e-02
-2.400000e-01 1.449378e+00 2.411547e-02
-2.250000e-01 1.449378e+00 2.436668e-02
-2.100000e-01 1.449378e+00 2.466795e-02
-1.950000e-01 1.449378e+00 2.503065e-02
-1.800000e-01 1.449378e+00 2.546908e-02
-1.650000e-01 1.449378e+00 2.600155e-02
-1.500000e-01 1.449378e+00 2.665225e-02
-1.350000e-01 1.449378e+00 2.745549e-02
-1.200000e-01 1.449378e+00 2.846556e-02
-1.050000e-01 1.449378e+00 2.978028e-02
-9.000000e-02 1.449378e+00 3.159460e-02
-7.500000e-02 1.449378e+00 3.430901e-02
-6.000000e-02 1.449378e+00 3.867857e-02
-4.500000e-02 1.449378e+00 4.571821e-02
-3.000000e-02 1.449378e+00 5.550379e-02
-1.500000e-02 1.449378e+00 6.502424e-02
5.551115e-17 1.449378e+00 6.906705e-02
1.500000e-02 1.449378e+00 6.502424e-02
3.000000e-02 1.449378e+00 5.550379e-02
4.500000e-02 1.449378e+00 4.571821e-02
6.000000e-02 1.449378e+00 3.867857e-02
7.500000e-02 1.449378e+00 3.430901e-02
9.000000e-02 1.449378e+00 3.159460e-02
1.050000e-01 1.449378e+00 2.978028e-02
1.200000e-01 1.449378e+00 2.846556e-02
1.350000e-01 1.449378e+00 2.745549e-02
1.500000e-01 1.449378e+00 2.665225e-02
1.650000e-01 1.449378e+00 2.600155e-02
1.800000e-01 1.449378e+00 2.546908e-02
1.950000e-01 1.449378e+00 2.503065e-02
2.100000e-01 1.449378e+00 2.466795e-02
2.250000e-01 1.449378e+00 2.436668e-02
2.400000e-01 1.449378e+00 2.411547e-02
2.550000e-01 1.449378e+00 2.390528e-02
2.700000e-01 1.449378e+00 2.372889e-02
2.850000e-01 1.449378e+00 2.358058e-02
3.000000e-01 1.449378e+00 2.345573e-02
-3.000000e-01 1.463042e+00 2.309171e-02
-2.850000e-01 1.463042e+00 2.321392e-02
-2.700000e-01 1.463042e+00 2.335920e-02
-2.550000e-01 1.463042e+00 2.353207e-02
-2.400000e-01 1.463042e+00 2.373821e-02
-2.250000e-01 1.463042e+00 2.398474e-02
-2.100000e-01 1.463042e+00 2.428066e-02
-1.950000e-01 1.463042e+00 2.463729e-02
-1.800000e-01 1.463042e+00 2.506901e-02
-1.650000e-01 1.463042e+00 2.559437e-02
-1.500000e-01 1.463042e+00 2.623823e-02
-1.350000e-01 1.463042e+00 2.703636e-02
-1.200000e-01 1.463042e+00 2.804626e-02
-1.050000e-01 1.463042e+00 2.937246e-02
-9.000000e-02 1.463042e+00 3.122404e-02
-7.500000e-02 1.463042e+00 3.403018e-02
-6.000000e-02 1.463042e+00 3.859908e-02
-4.500000e-02 1.463042e+00 4.601693e-02
-3.000000e-02 1.463042e+00 5.637197e-02
-1.500000e-02 1.463042e+00 6.646689e-02
5.551115e-17 1.463042e+00 7.075719e-02
1.500000e-02 1.463042e+00 6.646689e-02
3.000000e-02 1.463042e+00 5.637197e-02
4.500000e-02 1.463042e+00 4.601693e-02
6.000000e-02 1.463042e+00 3.859908e-02
7.500000e-02 1.463042e+00 3.403018e-02
9.000000e-02 1.463042e+00 3.122404e-02
1.050000e-01 1.463042e+00 2.937246e-02
1.200000e-01 1.463042e+00 2.804626e-02
1.350000e-01 1.463042e+00 2.703636e-02
1.500000e-01 1.463042e+00 2.623823e-02
1.650000e-01 1.463042e+00 2.559437e-02
1.800000e-01 1.463042e+00 2.506901e-02
1.950000e-01 1.463042e+00 2.463729e-02
2.100000e-01 1.463042e+00 2.428066e-02
2.250000e-01 1.463042e+00 2.398474e-02
2.400000e-01 1.463042e+00 2.373821e-02
2.550000e-01 1.463042e+00 2.353207e-02
2.700000e-01 1.463042e+00 2.335920e-02
2.850000e-01 1.463042e+00 2.321392e-02
3.000000e-01 1.463042e+00 2.309171e-02
-3.000000e-01 1.476706e+00 2.273649e-02
-2.850000e-01 1.476706e+00 2.285619e-02
-2.700000e-01 1.476706e+00 2.299858e-02
-2.550000e-01 1.476706e+00 2.316813e-02
-2.400000e-01 1.476706e+00 2.337045e-02
-2.250000e-01 1.476706e+00 2.361262e-02
-2.100000e-01 1.476706e+00 2.390356e-02
-1.950000e-01 1.476706e+00 2.425462e-02
-1.800000e-01 1.476706e+00 2.468027e-02
-1.650000e-01 1.476706e+00 2.519937e-02
-1.500000e-01 1.476706e+00 2.583752e-02
-1.350000e-01 1.476706e+00 2.663213e-02
-1.200000e-01 1.476706e+00 2.764416e-02
-1.050000e-01 1.476706e+00 2.898540e-02
-9.000000e-02 1.476706e+00 3.088000e-02
-7.500000e-02 1.476706e+00 3.378788e-02
-6.000000e-02 1.476706e+00 3.857384e-02
-4.500000e-02 1.476706e+00 4.640000e-02
-3.000000e-02 1.476706e+00 5.736735e-02
-1.500000e-02 1.476706e+00 6.807906e-02
5.551115e-17 1.476706e+00 7.263495e-02
1.500000e-02 1.476706e+00 6.807906e-02
3.000000e-02 1.476706e+00 5.736735e-02
4.500000e-02 1.476706e+00 4.640000e-02
6.000000e-02 1.476706e+00 3.857384e-02
7.500000e-02 1.476706e+00 3.378788e-02
9.000000e-02 1.476706e+00 3.088000e-02
1.050000e-01 1.476706e+00 2.898540e-02
1.200000e-01 1.476706e+00 2.764416e-02
1.350000e-01 1.476706e+00 2.663213e-02
1.500000e-01 1.476706e+00 2.583752e-02
1.650000e-01 1.476706e+00 2.519937e-02
1.800000e-01 1.476706e+00 2.468027e-02
1.950000e-01 1.476706e+00 2.425462e-02
2.100000e-01 1.476706e+00 2.390356e-02
2.250000e-01 1.476706e+00 2.361262e-02
2.400000e-01 1.476706e+00 2.337045e-02
2.550000e-01 1.476706e+00 2.316813e-02
2.700000e-01 1.476706e+00 2.299858e-02
2.850000e-01 1.476706e+00 2.285619e-02
3.000000e-01 1.476706e+00 2.273649e-02
-3.000000e-01 1.490370e+00 2.238988e-02
-2.850000e-01 1.490370e+00 2.250718e-02
-2.700000e-01 1.490370e+00 2.264684e-02
-2.550000e-01 1.490370e+00 2.281327e-02
-2.400000e-01 1.490370e+00 2.301203e-02
-2.250000e-01 1.490370e+00 2.325014e-02
-2.100000e-01 1.490370e+00 2.353653e-02
-1.950000e-01 1.490370e+00 2.388253e-02
-1.800000e-01 1.490370e+00 2.430279e-02
-1.650000e-01 1.490370e+00 2.481652e-02
-1.500000e-01 1.490370e+00 2.545018e-02
-1.350000e-01 1.490370e+00 2.624298e-02
-1.200000e-01 1.490370e+00 2.725963e-02
-1.050000e-01 1.490370e+00 2.861976e-02
-9.000000e-02 1.490370e+00 3.056372e-02
-7.500000e-02 1.490370e+00 3.358432e-02
-6.000000e-02 1.490370e+00 3.860693e-02
-4.500000e-02 1.490370e+00 4.687470e-02
-3.000000e-02 1.490370e+00 5.850179e-02
-1.500000e-02 1.490370e+00 6.987711e-02
5.551115e-17 1.490370e+00 7.471869e-02
1.500000e-02 1.490370e+00 6.987711e-02
3.000000e-02 1.490370e+00 5.850179e-02
4.500000e-02 1.490370e+00 4.687470e-02
6.000000e-02 1.490370e+00 3.860693e-02
7.500000e-02 1.490370e+00 3.358432e-02
9.000000e-02 1.490370e+00 3.056372e-02
1.050000e-01 1.490370e+00 2.861976e-02
1.200000e-01 1.490370e+00 2.725963e-02
1.350000e-01 1.490370e+00 2.624298e-02
1.500000e-01 1.490370e+00 2.545018e-02
1.650000e-01 1.490370e+00 2.481652e-02
1.800000e-01 1.490370e+00 2.430279e-02
1.950000e-01 1.490370e+00 2.388253e-02
2.100000e-01 1.490370e+00 2.353653e-02
2.250000e-01 1.490370e+00 2.325014e-02
2.400000e-01 1.490370e+00 2.301203e-02
2.550000e-01 1.490370e+00 2.281327e-02
2.700000e-01 1.490370e+00 2.264684e-02
2.850000e-01 1.490370e+00 2.250718e-02
3.000000e-01 1.490370e+00 2.238988e-02
-3.000000e-01 1.504035e+00 2.205171e-02
-2.850000e-01 1.504035e+00 2.216674e-02
-2.700000e-01 1.504035e+00 2.230383e-02
-2.550000e-01 1.504035e+00 2.246735e-02
-2.400000e-01 1.504035e+00 2.266281e-02
-2.250000e-01 1.504035e+00 2.289721e-02
-2.100000e-01 1.504035e+00 2.317946e-02
-1.950000e-01 1.504035e+00 2.352097e-02
-1.800000e-01 1.504035e+00 2.393655e-02
-1.650000e-01 1.504035e+00 2.444588e-02
-1.500000e-01 1.504035e+00 2.507636e-02
-1.350000e-01 1.504035e+00 2.586919e-02
-1.200000e-01 1.504035e+00 2.689319e-02
-1.050000e-01 1.504035e+00 2.827642e-02
-9.000000e-02 1.504035e+00 3.027671e-02
-7.500000e-02 1.504035e+00 3.342220e-02
-6.000000e-02 1.504035e+00 3.870316e-02
-4.500000e-02 1.504035e+00 4.744942e-02
-3.000000e-02 1.504035e+00 5.978887e-02
-1.500000e-02 1.504035e+00 7.187980e-02
5.551115e-17 1.504035e+00 7.702937e-02
1.500000e-02 1.504035e+00 7.187980e-02
3.000000e-02 1.504035e+00 5.978887e-02
4.500000e-02 1.504035e+00 4.744942e-02
6.000000e-02 1.504035e+00 3.870316e-02
7.500000e-02 1.504035e+00 3.342220e-02
9.000000e-02 1.504035e+00 3.027671e-02
1.050000e-01 1.504035e+00 2.827642e-02
1.200000e-01 1.504035e+00 2.689319e-02
1.350000e-01 1.504035e+00 2.586919e-02
1.500000e-01 1.504035e+00 2.507636e-02
1.650000e-01 1.504035e+00 2.444588e-02
1.800000e-01 1.504035e+00 2.393655e-02
1.950000e-01 1.504035e+00 2.352097e-02
2.100000e-01 1.504035e+00 2.317946e-02
2.250000e-01 1.504035e+00 2.289721e-02
2.400000e-01 1.504035e+00 2.266281e-02
2.550000e-01 1.504035e+00 2.246735e-02
2.700000e-01 1.504035e+00 2.230383e-02
2.850000e-01 1.504035e+00 2.216674e-02
3.000000e-01 1.504035e+00 2.205171e-02
-3.000000e-01 1.517699e+00 2.172183e-02
-2.850000e-01 1.517699e+00 2.183473e-02
-2.700000e-01 1.517699e+00 2.196941e-02
-2.550000e-01 1.517699e+00 2.213024e-02
-2.400000e-01 1.517699e+00 2.232269e-02
-2.250000e-01 1.517699e+00 2.255374e-02
-2.100000e-01 1.517699e+00 2.283232e-02
-1.950000e-01 1.517699e+00 2.316994e-02
-1.800000e-01 1.517699e+00 2.358164e-02
-1.650000e-01 1.517699e+00 2.408762e-02
-1.500000e-01 1.517699e+00 2.471634e-02
-1.350000e-01 1.517699e+00 2.551122e-02
-1.200000e-01 1.517699e+00 2.654554e-02
-1.050000e-01 1.517699e+00 2.795653e-02
-9.000000e-02 1.517699e+00 3.002086e-02
-7.500000e-02 1.517699e+00 3.330471e-02
-6.000000e-02 1.517699e+00 3.886812e-02
-4.500000e-02 1.517699e+00 4.813391e-02
-3.000000e-02 1.517699e+00 6.124424e-02
-1.500000e-02 1.517699e+00 7.410862e-02
5.551115e-17 1.517699e+00 7.959099e-02
1.500000e-02 1.517699e+00 7.410862e-02
3.000000e-02 1.517699e+00 6.124424e-02
4.500000e-02 1.517699e+00 4.813391e-02
6.000000e-02 1.517699e+00 3.886812e-02
7.500000e-02 1.517699e+00 3.330471e-02
9.000000e-02 1.517699e+00 3.002086e-02
1.050000e-01 1.517699e+00 2.795653e-02
1.200000e-01 1.517699e+00 2.654554e-02
1.350000e-01 1.517699e+00 2.551122e-02
1.500000e-01 1.517699e+00 2.471634e-02
1.650000e-01 1.517699e+00 2.408762e-02
1.800000e-01 1.517699e+00 2.358164e-02
1.950000e-01 1.517699e+00 2.316994e-02
2.100000e-01 1.517699e+00 2.283232e-02
2.250000e-01 1.517699e+00 2.255374e-02
2.400000e-01 1.517699e+00 2.232269e-02
2.550000e-01 1.517699e+00 2.213024e-02
2.700000e-01 1.517699e+00 2.196941e-02
2.850000e-01 1.517699e+00 2.183473e-02
3.000000e-01 1.517699e+00 2.172183e-02
-3.000000e-01 1.531363e+00 2.140016e-02
-2.850000e-01 1.531363e+00 2.151105e-02
-2.700000e-01 1.531363e+00 2.164352e-02
-2.550000e-01 1.531363e+00 2.180190e-02
-2.400000e-01 1.531363e+00 2.199164e-02
-2.250000e-01 1.531363e+00 2.221974e-02
-2.100000e-01 1.531363e+00 2.249516e-02
-1.950000e-01 1.531363e+00 2.282955e-02
-1.800000e-01 1.531363e+00 2.323823e-02
-1.650000e-01 1.531363e+00 2.374199e-02
-1.500000e-01 1.531363e+00 2.437052e-02
-1.350000e-01 1.531363e+00 2.516967e-02
-1.200000e-01 1.531363e+00 2.621760e-02
-1.050000e-01 1.531363e+00 2.766149e-02
-9.000000e-02 1.531363e+00 2.979843e-02
-7.500000e-02 1.531363e+00 3.323567e-02
-6.000000e-02 1.531363e+00 3.910841e-02
-4.500000e-02 1.531363e+00 4.893948e-02
-3.000000e-02 1.531363e+00 6.288594e-02
-1.500000e-02 1.531363e+00 7.658830e-02
5.551115e-17 1.531363e+00 8.243116e-02
1.500000e-02 1.531363e+00 7.658830e-02
3.000000e-02 1.531363e+00 6.288594e-02
4.500000e-02 1.531363e+00 4.893948e-02
6.000000e-02 1.531363e+00 3.910841e-02
7.500000e-02 1.531363e+00 3.323567e-02
9.000000e-02 1.531363e+00 2.979843e-02
1.050000e-01 1.531363e+00 2.766149e-02
1.200000e-01 1.531363e+00 2.621760e-02
1.350000e-01 1.531363e+00 2.516967e-02
1.500000e-01 1.531363e+00 2.437052e-02
1.650000e-01 1.531363e+00 2.374199e-02
1.800000e-01 1.531363e+00 2.323823e-02
1.950000e-01 1.531363e+00 2.282955e-02
2.100000e-01 1.531363e+00 2.249516e-02
2.250000e-01 1.531363e+00 2.221974e-02
2.400000e-01 1.531363e+00 2.199164e-02
2.550000e-01 1.531363e+00 2.180190e-02
2.700000e-01 1.531363e+00 2.164352e-02
2.850000e-01 1.531363e+00 2.151105e-02
3.000000e-01 1.531363e+00 2.140016e-02
-3.000000e-01 1.545028e+00 2.108665e-02
-2.850000e-01 1.545028e+00 2.119568e-02
-2.700000e-01 1.545028e+00 2.132613e-02
-2.550000e-01 1.545028e+00 2.148232e-02
-2.400000e-01 1.545028e+00 2.166970e-02
-2.250000e-01 1.545028e+00 2.189529e-02
-2.100000e-01 1.545028e+00 2.216812e-02
-1.950000e-01 1.545028e+00 2.250000e-02
-1.800000e-01 1.545028e+00 2.290661e-02
-1.650000e-01 1.545028e+00 2.340943e-02
-1.500000e-01 1.545028e+00 2.403950e-02
-1.350000e-01 1.545028e+00 2.484537e-02
-1.200000e-01 1.545028e+00 2.591056e-02
-1.050000e-01 1.545028e+00 2.739310e-02
-9.000000e-02 1.545028e+00 2.961222e-02
-7.500000e-02 1.545028e+00 3.321962e-02
-6.000000e-02 1.545028e+00 3.943177e-02
-4.500000e-02 1.545028e+00 4.987927e-02
-3.000000e-02 1.545028e+00 6.473484e-02
-1.500000e-02 1.545028e+00 7.934736e-02
5.551115e-17 1.545028e+00 8.558171e-02
1.500000e-02 1.545028e+00 7.934736e-02
3.000000e-02 1.545028e+00 6.473484e-02
4.500000e-02 1.545028e+00 4.987927e-02
6.000000e-02 1.545028e+00 3.943177e-02
7.500000e-02 1.545028e+00 3.321962e-02
9.000000e-02 1.545028e+00 2.961222e-02
1.050000e-01 1.545028e+00 2.739310e-02
1.200000e-01 1.545028e+00 2.591056e-02
1.350000e-01 1.545028e+00 2.484537e-02
1.500000e-01 1.545028e+00 2.403950e-02
1.650000e-01 1.545028e+00 2.340943e-02
1.800000e-01 1.545028e+00 2.290661e-02
1.950000e-01 1.545028e+00 2.250000e-02
2.100000e-01 1.545028e+00 2.216812e-02
2.250000e-01 1.545028e+00 2.189529e-02
2.400000e-01 1.545028e+00 2.166970e-02
2.550000e-01 1.545028e+00 2.148232e-02
2.700000e-01 1.545028e+00 2.132613e-02
2.850000e-01 1.545028e+00 2.119568e-02
3.000000e-01 1.545028e+00 2.108665e-02
-3.000000e-01 1.558692e+00 2.078131e-02
-2.850000e-01 1.558692e+00 2.088864e-02
-2.700000e-01 1.558692e+00 2.101729e-02
-2.550000e-01 1.558692e+00 2.117158e-02
-2.400000e-01 1.558692e+00 2.135699e-02
-2.250000e-01 1.558692e+00 2.158056e-02
-2.100000e-01 1.558692e+00 2.185143e-02
-1.950000e-01 1.558692e+00 2.218163e-02
-1.800000e-01 1.558692e+00 2.258723e-02
-1.650000e-01 1.558692e+00 2.309052e-02
-1.500000e-01 1.558692e+00 2.372408e-02
-1.350000e-01 1.558692e+00 2.453942e-02
-1.200000e-01 1.558692e+00 2.562596e-02
-1.050000e-01 1.558692e+00 2.715358e-02
-9.000000e-02 1.558692e+00 2.946561e-02
-7.500000e-02 1.558692e+00 3.326203e-02
-6.000000e-02 1.558692e+00 3.984730e-02
-4.500000e-02 1.558692e+00 5.096865e-02
-3.000000e-02 1.558692e+00 6.681518e-02
-1.500000e-02 1.558692e+00 8.241881e-02
5.551115e-17 1.558692e+00 8.907942e-02
1.500000e-02 1.558692e+00 8.241881e-02
3.000000e-02 1.558692e+00 6.681518e-02
4.500000e-02 1.558692e+00 5.096865e-02
6.000000e-02 1.558692e+00 3.984730e-02
7.500000e-02 1.558692e+00 3.326203e-02
9.000000e-02 1.558692e+00 2.946561e-02
1.050000e-01 1.558692e+00 2.715358e-02
1.200000e-01 1.558692e+00 2.562596e-02
1.350000e-01 1.558692e+00 2.453942e-02
1.500000e-01 1.558692e+00 2.372408e-02
1.650000e-01 1.558692e+00 2.309052e-02
1.800000e-01 1.558692e+00 2.258723e-02
1.950000e-01 1.558692e+00 2.218163e-02
2.100000e-01 1.558692e+00 2.185143e-02
2.250000e-01 1.558692e+00 2.158056e-02
2.400000e-01 1.558692e+00 2.135699e-02
2.550000e-01 1.558692e+00 2.117158e-02
2.700000e-01 1.558692e+00 2.101729e-02
2.850000e-01 1.558692e+00 2.088864e-02
3.000000e-01 1.558692e+00 2.078131e-02
-3.000000e-01 1.572356e+00 2.048422e-02
-2.850000e-01 1.572356e+00 2.059003e-02
-2.700000e-01 1.572356e+00 2.071714e-02
-2.550000e-01 1.572356e+00 2.086987e-02
-2.400000e-01 1.572356e+00 2.105374e-02
-2.250000e-01 1.572356e+00 2.127586e-02
-2.100000e-01 1.572356e+00 2.154550e-02
-1.950000e-01 1.572356e+00 2.187494e-02
-1.800000e-01 1.572356e+00 2.228076e-02
-1.650000e-01 1.572356e+00 2.278613e-02
-1.500000e-01 1.572356e+00 2.342535e-02
-1.350000e-01 1.572356e+00 2.425325e-02
-1.200000e-01 1.572356e+00 2.536573e-02
-1.050000e-01 1.572356e+00 2.694567e-02
-9.000000e-02 1.572356e+00 2.936271e-02
-7.500000e-02 1.572356e+00 3.336938e-02
-6.000000e-02 1.572356e+00 4.036580e-02
-4.500000e-02 1.572356e+00 5.222560e-02
-3.000000e-02 1.572356e+00 6.915516e-02
-1.500000e-02 1.572356e+00 8.584101e-02
5.551115e-17 1.572356e+00 9.296704e-02
1.500000e-02 1.572356e+00 8.584101e-02
3.000000e-02 1.572356e+00 6.915516e-02
4.500000e-02 1.572356e+00 5.222560e-02
6.000000e-02 1.572356e+00 4.036580e-02
7.500000e-02 1.572356e+00 3.336938e-02
9.000000e-02 1.572356e+00 2.936271e-02
1.050000e-01 1.572356e+00 2.694567e-02
1.200000e-01 1.572356e+00 2.536573e-02
1.350000e-01 1.572356e+00 2.425325e-02
1.500000e-01 1.572356e+00 2.342535e-02
1.650000e-01 1.572356e+00 2.278613e-02
1.800000e-01 1.572356e+00 2.228076e-02
1.950000e-01 1.572356e+00 2.187494e-02
2.100000e-01 1.572356e+00 2.154550e-02
2.250000e-01 1.572356e+00 2.127586e-02
2.400000e-01 1.572356e+00 2.105374e-02
2.550000e-01 1.572356e+00 2.086987e-02
2.700000e-01 1.572356e+00 2.071714e-02
2.850000e-01 1.572356e+00 2.059003e-02
3.000000e-01 1.572356e+00 2.048422e-02
-3.000000e-01 1.586020e+00 2.019560e-02
-2.850000e-01 1.586020e+00 2.030008e-02
-2.700000e-01 1.586020e+00 2.042593e-02
-2.550000e-01 1.586020e+00 2.057751e-02
-2.400000e-01 1.586020e+00 2.076035e-02
-2.250000e-01 1.586020e+00 2.098168e-02
-2.100000e-01 1.586020e+00 2.125093e-02
-1.950000e-01 1.586020e+00 2.158069e-02
-1.800000e-01 1.586020e+00 2.198810e-02
-1.650000e-01 1.586020e+00 2.249738e-02
-1.500000e-01 1.586020e+00 2.314474e-02
-1.350000e-01 1.586020e+00 2.398870e-02
-1.200000e-01 1.586020e+00 2.513234e-02
-1.050000e-01 1.586020e+00 2.677279e-02
-9.000000e-02 1.586020e+00 2.930854e-02
-7.500000e-02 1.586020e+00 3.354951e-02
-6.000000e-02 1.586020e+00 4.100003e-02
-4.500000e-02 1.586020e+00 5.367125e-02
-3.000000e-02 1.586020e+00 7.178777e-02
-1.500000e-02 1.586020e+00 8.965871e-02
5.551115e-17 1.586020e+00 9.729436e-02
1.500000e-02 1.586020e+00 8.965871e-02
3.000000e-02 1.586020e+00 7.178777e-02
4.500000e-02 1.586020e+00 5.367125e-02
6.000000e-02 1.586020e+00 4.100003e-02
7.500000e-02 1.586020e+00 3.354951e-02
9.000000e-02 1.586020e+00 2.930854e-02
1.050000e-01 1.586020e+00 2.677279e-02
1.200000e-01 1.586020e+00 2.513234e-02
1.350000e-01 1.586020e+00 2.398870e-02
1.500000e-01 1.586020e+00 2.314474e-02
1.650000e-01 1.586020e+00 2.249738e-02
1.800000e-01 1.586020e+00 2.198810e-02
1.950000e-01 1.586020e+00 2.158069e-02
2.100000e-01 1.586020e+00 2.125093e-02
2.250000e-01 1.586020e+00 2.098168e-02
2.400000e-01 1.586020e+00 2.076035e-02
2.550000e-01 1.586020e+00 2.057751e-02
2.700000e-01 1.586020e+00 2.042593e-02
2.850000e-01 1.586020e+00 2.030008e-02
3.000000e-01 1.586020e+00 2.019560e-02
-3.000000e-01 1.599685e+00 1.991577e-02
-2.850000e-01 1.599685e+00 2.001916e-02
-2.700000e-01 1.599685e+00 2.014410e-02
-2.550000e-01 1.599685e+00 2.029498e-02
-2.400000e-01 1.599685e+00 2.047741e-02
-2.250000e-01 1.599685e+00 2.069872e-02
-2.100000e-01 1.599685e+00 2.096857e-02
-1.950000e-01 1.599685e+00 2.129991e-02
-1.800000e-01 1.599685e+00 2.171053e-02
-1.650000e-01 1.599685e+00 2.222581e-02
-1.500000e-01 1.599685e+00 2.288417e-02
-1.350000e-01 1.599685e+00 2.374820e-02
-1.200000e-01 1.599685e+00 2.492892e-02
-1.050000e-01 1.599685e+00 2.663921e-02
-9.000000e-02 1.599685e+00 2.930923e-02
-7.500000e-02 1.599685e+00 3.381181e-02
-6.000000e-02 1.599685e+00 4.176521e-02
-4.500000e-02 1.599685e+00 5.533053e-02
-3.000000e-02 1.599685e+00 7.475176e-02
-1.500000e-02 1.599685e+00 9.392429e-02
5.551115e-17 1.599685e+00 1.021197e-01
1.500000e-02 1.599685e+00 9.392429e-02
3.000000e-02 1.599685e+00 7.475176e-02
4.500000e-02 1.599685e+00 5.533053e-02
6.000000e-02 1.599685e+00 4.176521e-02
7.500000e-02 1.599685e+00 3.381181e-02
9.000000e-02 1.599685e+00 2.930923e-02
1.050000e-01 1.599685e+00 2.663921e-02
1.200000e-01 1.599685e+00 2.492892e-02
1.350000e-01 1.599685e+00 2.374820e-02
1.500000e-01 1.599685e+00 2.288417e-02
1.650000e-01 1.599685e+00 2.222581e-02
1.800000e-01 1.599685e+00 2.171053e-02
1.950000e-01 1.599685e+00 2.129991e-02
2.100000e-01 1.599685e+00 2.096857e-02
2.250000e-01 1.599685e+00 2.069872e-02
2.400000e-01 1.599685e+00 2.047741e-02
2.550000e-01 1.599685e+00 2.029498e-02
2.700000e-01 1.599685e+00 2.014410e-02
2.850000e-01 1.599685e+00 2.001916e-02
3.000000e-01 1.599685e+00 1.991577e-02
-3.000000e-01 1.613349e+00 1.964521e-02
-2.850000e-01 1.613349e+00 1.974779e-02
-2.700000e-01 1.613349e+00 1.987224e-02
-2.550000e-01 1.613349e+00 2.002299e-02
-2.400000e-01 1.613349e+00 2.020576e-02
-2.250000e-01 1.613349e+00 2.042800e-02
-2.100000e-01 1.613349e+00 2.069964e-02
-1.950000e-01 1.613349e+00 2.103405e-02
-1.800000e-01 1.613349e+00 2.144977e-02
-1.650000e-01 1.613349e+00 2.197351e-02
-1.500000e-01 1.613349e+00 2.264614e-02
-1.350000e-01 1.613349e+00 2.353482e-02
-1.200000e-01 1.613349e+00 2.475942e-02
-1.050000e-01 1.613349e+00 2.655023e-02
-9.000000e-02 1.613349e+00 2.937232e-02
-7.500000e-02 1.613349e+00 3.416768e-02
-6.000000e-02 1.613349e+00 4.267949e-02
-4.500000e-02 1.613349e+00 5.723302e-02
-3.000000e-02 1.613349e+00 7.809280e-02
-1.500000e-02 1.613349e+00 9.869940e-02
5.551115e-17 1.613349e+00 1.075115e-01
1.500000e-02 1.613349e+00 9.869940e-02
3.000000e-02 1.613349e+00 7.809280e-02
4.500000e-02 1.613349e+00 5.723302e-02
6.000000e-02 1.613349e+00 4.267949e-02
7.500000e-02 1.613349e+00 3.416768e-02
9.000000e-02 1.613349e+00 2.937232e-02
1.050000e-01 1.613349e+00 2.655023e-02
1.200000e-01 1.613349e+00 2.475942e-02
1.350000e-01 1.613349e+00 2.353482e-02
1.500000e-01 1.613349e+00 2.264614e-02
1.650000e-01 1.613349e+00 2.197351e-02
1.800000e-01 1.613349e+00 2.144977e-02
1.950000e-01 1.613349e+00 2.103405e-02
2.100000e-01 1.613349e+00 2.069964e-02
2.250000e-01 1.613349e+00 2.042800e-02
2.400000e-01 1.613349e+00 2.020576e-02
2.550000e-01 1.613349e+00 2.002299e-02
2.700000e-01 1.613349e+00 1.987224e-02
2.850000e-01 1.613349e+00 1.974779e-02
3.000000e-01 1.613349e+00 1.964521e-02
-3.000000e-01 1.627013e+00 1.938456e-02
-2.850000e-01 1.627013e+00 1.948672e-02
-2.700000e-01 1.627013e+00 1.961120e-02
-2.550000e-01 1.627013e+00 1.976255e-02
-2.400000e-01 1.627013e+00 1.994657e-02
-2.250000e-01 1.627013e+00 2.017092e-02
-2.100000e-01 1.627013e+00 2.044580e-02
-1.950000e-01 1.627013e+00 2.078508e-02
-1.800000e-01 1.627013e+00 2.120815e-02
-1.650000e-01 1.627013e+00 2.174324e-02
-1.500000e-01 1.627013e+00 2.243395e-02
-1.350000e-01 1.627013e+00 2.335261e-02
-1.200000e-01 1.627013e+00 2.462890e-02
-1.050000e-01 1.627013e+00 2.651249e-02
-9.000000e-02 1.627013e+00 2.950709e-02
-7.500000e-02 1.627013e+00 3.463094e-02
-6.000000e-02 1.627013e+00 4.376473e-02
-4.500000e-02 1.627013e+00 5.941393e-02
-3.000000e-02 1.627013e+00 8.186501e-02
-1.500000e-02 1.627013e+00 1.040569e-01
5.551115e-17 1.627013e+00 1.135508e-01
1.500000e-02 1.627013e+00 1.040569e-01
3.000000e-02 1.627013e+00 8.186501e-02
4.500000e-02 1.627013e+00 5.941393e-02
6.000000e-02 1.627013e+00 4.376473e-02
7.500000e-02 1.627013e+00 3.463094e-02
9.000000e-02 1.627013e+00 2.950709e-02
1.050000e-01 1.627013e+00 2.651249e-02
1.200000e-01 1.627013e+00 2.462890e-02
1.350000e-01 1.627013e+00 2.335261e-02
1.500000e-01 1.627013e+00 2.243395e-02
1.650000e-01 1.627013e+00 2.174324e-02
1.800000e-01 1.627013e+00 2.120815e-02
1.950000e-01 1.627013e+00 2.078508e-02
2.100000e-01 1.627013e+00 2.044580e-02
2.250000e-01 1.627013e+00 2.017092e-02
2.400000e-01 1.627013e+00 1.994657e-02
2.550000e-01 1.627013e+00 1.976255e-02
2.700000e-01 1.627013e+00 1.961120e-02
2.850000e-01 1.627013e+00 1.948672e-02
3.000000e-01 1.627013e+00 1.938456e-02
-3.000000e-01 1.640677e+00 1.913458e-02
-2.850000e-01 1.640677e+00 1.923680e-02
-2.700000e-01 1.640677e+00 1.936203e-02
-2.550000e-01 1.640677e+00 1.951491e-02
-2.400000e-01 1.640677e+00 1.970140e-02
-2.250000e-01 1.640677e+00 1.992935e-02
-2.100000e-01 1.640677e+00 2.020929e-02
-1.950000e-01 1.640677e+00 2.055567e-02
-1.800000e-01 1.640677e+00 2.098882e-02
-1.650000e-01 1.640677e+00 2.153870e-02
-1.500000e-01 1.640677e+00 2.225199e-02
-1.350000e-01 1.640677e+00 2.320679e-02
-1.200000e-01 1.640677e+00 2.454384e-02
-1.050000e-01 1.640677e+00 2.653438e-02
-9.000000e-02 1.640677e+00 2.972503e-02
-7.500000e-02 1.640677e+00 3.521851e-02
-6.000000e-02 1.640677e+00 4.504729e-02
-4.500000e-02 1.640677e+00 6.191543e-02
-3.000000e-02 1.640677e+00 8.613287e-02
-1.500000e-02 1.640677e+00 1.100833e-01
5.551115e-17 1.640677e+00 1.203336e-01
1.500000e-02 1.640677e+00 1.100833e-01
3.000000e-02 1.640677e+00 8.613287e-02
4.500000e-02 1.640677e+00 6.191543e-02
6.000000e-02 1.640677e+00 4.504729e-02
7.500000e-02 1.640677e+00 3.521851e-02
9.000000e-02 1.640677e+00 2.972503e-02
1.050000e-01 1.640677e+00 2.653438e-02
1.200000e-01 1.640677e+00 2.454384e-02
1.350000e-01 1.640677e+00 2.320679e-02
1.500000e-01 1.640677e+00 2.225199e-02
1.650000e-01 1.640677e+00 2.153870e-02
1.800000e-01 1.640677e+00 2.098882e-02
1.950000e-01 1.640677e+00 2.055567e-02
2.100000e-01 1.640677e+00 2.020929e-02
2.250000e-01 1.640677e+00 1.992935e-02
2.400000e-01 1.640677e+00 1.970140e-02
2.550000e-01 1.640677e+00 1.951491e-02
2.700000e-01 1.640677e+00 1.936203e-02
2.850000e-01 1.640677e+00 1.923680e-02
3.000000e-01 1.640677e+00 1.913458e-02
-3.000000e-01 1.654342e+00 1.889585e-02
-2.850000e-01 1.654342e+00 1.899887e-02
-2.700000e-01 1.654342e+00 1.912585e-02
-2.550000e-01 1.654342e+00 1.928158e-02
-2.400000e-01 1.654342e+00 1.947216e-02
-2.250000e-01 1.654342e+00 1.970569e-02
-2.100000e-01 1.654342e+00 1.999309e-02
-1.950000e-01 1.654342e+00 2.034939e-02
-1.800000e-01 1.654342e+00 2.079602e-02
-1.650000e-01 1.654342e+00 2.136484e-02
-1.500000e-01 1.654342e+00 2.210603e-02
-1.350000e-01 1.654342e+00 2.310423e-02
-1.200000e-01 1.654342e+00 2.451258e-02
-1.050000e-01 1.654342e+00 2.662650e-02
-9.000000e-02 1.654342e+00 3.004050e-02
-7.500000e-02 1.654342e+00 3.595115e-02
-6.000000e-02 1.654342e+00 4.655921e-02
-4.500000e-02 1.654342e+00 6.478829e-02
-3.000000e-02 1.654342e+00 9.097358e-02
-1.500000e-02 1.654342e+00 1.168821e-01
5.551115e-17 1.654342e+00 1.279748e-01
1.500000e-02 1.654342e+00 1.168821e-01
3.000000e-02 1.654342e+00 9.097358e-02
4.500000e-02 1.654342e+00 6.478829e-02
6.000000e-02 1.654342e+00 4.655921e-02
7.500000e-02 1.654342e+00 3.595115e-02
9.000000e-02 1.654342e+00 3.004050e-02
1.050000e-01 1.654342e+00 2.662650e-02
1.200000e-01 1.654342e+00 2.451258e-02
1.350000e-01 1.654342e+00 2.310423e-02
1.500000e-01 1.654342e+00 2.210603e-02
1.650000e-01 1.654342e+00 2.136484e-02
1.800000e-01 1.654342e+00 2.079602e-02
1.950000e-01 1.654342e+00 2.034939e-02
2.100000e-01 1.654342e+00 1.999309e-02
2.250000e-01 1.654342e+00 1.970569e-02
2.400000e-01 1.654342e+00 1.947216e-02
2.550000e-01 1.654342e+00 1.928158e-02
2.700000e-01 1.654342e+00 1.912585e-02
2.850000e-01 1.654342e+00 1.899887e-02
3.000000e-01 1.654342e+00 1.889585e-02
-3.000000e-01 1.668006e+00 1.866822e-02
-2.850000e-01 1.668006e+00 1.877320e-02
-2.700000e-01 1.668006e+00 1.890342e-02
-2.550000e-01 1.668006e+00 1.906387e-02
-2.400000e-01 1.668006e+00 1.926088e-02
-2.250000e-01 1.668006e+00 1.950278e-02
-2.100000e-01 1.668006e+00 1.980088e-02
-1.950000e-01 1.668006e+00 2.017088e-02
-1.800000e-01 1.668006e+00 2.063534e-02
-1.650000e-01 1.668006e+00 2.122825e-02
-1.500000e-01 1.668006e+00 2.200377e-02
-1.350000e-01 1.668006e+00 2.305393e-02
-1.200000e-01 1.668006e+00 2.454592e-02
-1.050000e-01 1.668006e+00 2.680239e-02
-9.000000e-02 1.668006e+00 3.047150e-02
-7.500000e-02 1.668006e+00 3.685457e-02
-6.000000e-02 1.668006e+00 4.833962e-02
-4.500000e-02 1.668006e+00 6.809400e-02
-3.000000e-02 1.668006e+00 9.648013e-02
-1.500000e-02 1.668006e+00 1.245775e-01
5.551115e-17 1.668006e+00 1.366119e-01
1.500000e-02 1.668006e+00 1.245775e-01
3.000000e-02 1.668006e+00 9.648013e-02
4.500000e-02 1.668006e+00 6.809400e-02
6.000000e-02 1.668006e+00 4.833962e-02
7.500000e-02 1.668006e+00 3.685457e-02
9.000000e-02 1.668006e+00 3.047150e-02
1.050000e-01 1.668006e+00 2.680239e-02
1.200000e-01 1.668006e+00 2.454592e-02
1.350000e-01 1.668006e+00 2.305393e-02
1.500000e-01 1.668006e+00 2.200377e-02
1.650000e-01 1.668006e+00 2.122825e-02
1.800000e-01 1.668006e+00 2.063534e-02
1.950000e-01 1.668006e+00 2.017088e-02
2.100000e-01 1.668006e+00 1.980088e-02
2.250000e-01 1.668006e+00 1.950278e-02
2.400000e-01 1.668006e+00 1.926088e-02
2.550000e-01 1.668006e+00 1.906387e-02
2.700000e-01 1.668006e+00 1.890342e-02
2.850000e-01 1.668006e+00 1.877320e-02
3.000000e-01 1.668006e+00 1.866822e-02
-3.000000e-01 1.681670e+00 1.844959e-02
-2.850000e-01 1.681670e+00 1.855828e-02
-2.700000e-01 1.681670e+00 1.869398e-02
-2.550000e-01 1.681670e+00 1.886198e-02
-2.400000e-01 1.681670e+00 1.906888e-02
-2.250000e-01 1.681670e+00 1.932328e-02
-2.100000e-01 1.681670e+00 1.963683e-02
-1.950000e-01 1.681670e+00 2.002582e-02
-1.800000e-01 1.681670e+00 2.051399e-02
-1.650000e-01 1.681670e+00 2.113764e-02
-1.500000e-01 1.681670e+00 2.195541e-02
-1.350000e-01 1.681670e+00 2.306778e-02
-1.200000e-01 1.681670e+00 2.465797e-02
-1.050000e-01 1.681670e+00 2.707944e-02
-9.000000e-02 1.681670e+00 3.104080e-02
-7.500000e-02 1.681670e+00 3.796081e-02
-6.000000e-02 1.681670e+00 5.043671e-02
-4.500000e-02 1.681670e+00 7.190754e-02
-3.000000e-02 1.681670e+00 1.027652e-01
-1.500000e-02 1.681670e+00 1.333195e-01
5.551115e-17 1.681670e+00 1.464114e-01
1.500000e-02 1.681670e+00 1.333195e-01
3.000000e-02 1.681670e+00 1.027652e-01
4.500000e-02 1.681670e+00 7.190754e-02
6.000000e-02 1.681670e+00 5.043671e-02
7.500000e-02 1.681670e+00 3.796081e-02
9.000000e-02 1.681670e+00 3.104080e-02
1.050000e-01 1.681670e+00 2.707944e-02
1.200000e-01 1.681670e+00 2.465797e-02
1.350000e-01 1.681670e+00 2.306778e-02
1.500000e-01 1.681670e+00 2.195541e-02
1.650000e-01 1.681670e+00 2.113764e-02
1.800000e-01 1.681670e+00 2.051399e-02
1.950000e-01 1.681670e+00 2.002582e-02
2.100000e-01 1.681670e+00 1.963683e-02
2.250000e-01 1.681670e+00 1.932328e-02
2.400000e-01 1.681670e+00 1.906888e-02
2.550000e-01 1.681670e+00 1.886198e-02
2.700000e-01 1.681670e+00 1.869398e-02
2.850000e-01 1.681670e+00 1.855828e-02
3.000000e-01 1.681670e+00 1.844959e-02
-3.000000e-01 1.695335e+00 1.823442e-02
-2.850000e-01 1.695335e+00 1.834916e-02
-2.700000e-01 1.695335e+00 1.849340e-02
-2.550000e-01 1.695335e+00 1.867299e-02
-2.400000e-01 1.695335e+00 1.889494e-02
-2.250000e-01 1.695335e+00 1.916814e-02
-2.100000e-01 1.695335e+00 1.950444e-02
-1.950000e-01 1.695335e+00 1.992043e-02
-1.800000e-01 1.695335e+00 2.044082e-02
-1.650000e-01 1.695335e+00 2.110426e-02
-1.500000e-01 1.695335e+00 2.197442e-02
-1.350000e-01 1.695335e+00 2.316152e-02
-1.200000e-01 1.695335e+00 2.486721e-02
-1.050000e-01 1.695335e+00 2.748016e-02
-9.000000e-02 1.695335e+00 3.177742e-02
-7.500000e-02 1.695335e+00 3.931007e-02
-6.000000e-02 1.695335e+00 5.291016e-02
-4.500000e-02 1.695335e+00 7.632092e-02
-3.000000e-02 1.695335e+00 1.099664e-01
-1.500000e-02 1.695335e+00 1.432909e-01
5.551115e-17 1.695335e+00 1.575754e-01
1.500000e-02 1.695335e+00 1.432909e-01
3.000000e-02 1.695335e+00 1.099664e-01
4.500000e-02 1.695335e+00 7.632092e-02
6.000000e-02 1.695335e+00 5.291016e-02
7.500000e-02 1.695335e+00 3.931007e-02
9.000000e-02 1.695335e+00 3.177742e-02
1.050000e-01 1.695335e+00 2.748016e-02
1.200000e-01 1.695335e+00 2.486721e-02
1.350000e-01 1.695335e+00 2.316152e-02
1.500000e-01 1.695335e+00 2.197442e-02
1.650000e-01 1.695335e+00 2.110426e-02
1.800000e-01 1.695335e+00 2.044082e-02
1.950000e-01 1.695335e+00 1.992043e-02
2.100000e-01 1.695335e+00 1.950444e-02
2.250000e-01 1.695335e+00 1.916814e-02
2.400000e-01 1.695335e+00 1.889494e-02
2.550000e-01 1.695335e+00 1.867299e-02
2.700000e-01 1.695335e+00 1.849340e-02
2.850000e-01 1.695335e+00 1.834916e-02
3.000000e-01 1.695335e+00 1.823442e-02
-3.000000e-01 1.708999e+00 1.801359e-02
-2.850000e-01 1.708999e+00 1.813636e-02
-2.700000e-01 1.708999e+00 1.829221e-02
-2.550000e-01 1.708999e+00 1.848811e-02
-2.400000e-01 1.708999e+00 1.873202e-02
-2.250000e-01 1.708999e+00 1.903331e-02
-2.100000e-01 1.708999e+00 1.940374e-02
-1.950000e-01 1.708999e+00 1.985951e-02
-1.800000e-01 1.708999e+00 2.042539e-02
-1.650000e-01 1.708999e+00 2.114196e-02
-1.500000e-01 1.708999e+00 2.207830e-02
-1.350000e-01 1.708999e+00 2.335593e-02
-1.200000e-01 1.708999e+00 2.519805e-02
-1.050000e-01 1.708999e+00 2.803390e-02
-9.000000e-02 1.708999e+00 3.271865e-02
-7.500000e-02 1.708999e+00 4.095322e-02
-6.000000e-02 1.708999e+00 5.583453e-02
-4.500000e-02 1.708999e+00 8.144790e-02
-3.000000e-02 1.708999e+00 1.182526e-01
-1.500000e-02 1.708999e+00 1.547154e-01
5.551115e-17 1.708999e+00 1.703515e-01
1.500000e-02 1.708999e+00 1.547154e-01
3.000000e-02 1.708999e+00 1.182526e-01
4.500000e-02 1.708999e+00 8.144790e-02
6.000000e-02 1.708999e+00 5.583453e-02
7.500000e-02 1.708999e+00 4.095322e-02
9.000000e-02 1.708999e+00 3.271865e-02
1.050000e-01 1.708999e+00 2.803390e-02
1.200000e-01 1.708999e+00 2.519805e-02
1.350000e-01 1.708999e+00 2.335593e-02
1.500000e-01 1.708999e+00 2.207830e-02
1.650000e-01 1.708999e+00 2.114196e-02
1.800000e-01 1.708999e+00 2.042539e-02
1.950000e-01 1.708999e+00 1.985951e-02
2.100000e-01 1.708999e+00 1.940374e-02
2.250000e-01 1.708999e+00 1.903331e-02
2.400000e-01 1.708999e+00 1.873202e-02
2.550000e-01 1.708999e+00 1.848811e-02
2.700000e-01 1.708999e+00 1.829221e-02
2.850000e-01 1.708999e+00 1.813636e-02
3.000000e-01 1.708999e+00 1.801359e-02
-3.000000e-01 1.722663e+00 1.777814e-02
-2.850000e-01 1.722663e+00 1.790856e-02
-2.700000e-01 1.722663e+00 1.807665e-02
-2.550000e-01 1.722663e+00 1.829168e-02
-2.400000e-01 1.722663e+00 1.856398e-02
-2.250000e-01 1.722663e+00 1.890472e-02
-2.100000e-01 1.722663e+00 1.932580e-02
-1.950000e-01 1.722663e+00 1.984173e-02
-1.800000e-01 1.722663e+00 2.047503e-02
-1.650000e-01 1.722663e+00 2.126609e-02
-1.500000e-01 1.722663e+00 2.228895e-02
-1.350000e-01 1.722663e+00 2.367822e-02
-1.200000e-01 1.722663e+00 2.568269e-02
-1.050000e-01 1.722663e+00 2.877916e-02
-9.000000e-02 1.722663e+00 3.391272e-02
-7.500000e-02 1.722663e+00 4.295513e-02
-6.000000e-02 1.722663e+00 5.930360e-02
-4.500000e-02 1.722663e+00 8.743017e-02
-3.000000e-02 1.722663e+00 1.278329e-01
-1.500000e-02 1.722663e+00 1.678690e-01
5.551115e-17 1.722663e+00 1.850447e-01
1.500000e-02 1.722663e+00 1.678690e-01
3.000000e-02 1.722663e+00 1.278329e-01
4.500000e-02 1.722663e+00 8.743017e-02
6.000000e-02 1.722663e+00 5.930360e-02
7.500000e-02 1.722663e+00 4.295513e-02
9.000000e-02 1.722663e+00 3.391272e-02
1.050000e-01 1.722663e+00 2.877916e-02
1.200000e-01 1.722663e+00 2.568269e-02
1.350000e-01 1.722663e+00 2.367822e-02
1.500000e-01 1.722663e+00 2.228895e-02
1.650000e-01 1.722663e+00 2.126609e-02
1.800000e-01 1.722663e+00 2.047503e-02
1.950000e-01 1.722663e+00 1.984173e-02
2.100000e-01 1.722663e+00 1.932580e-02
2.250000e-01 1.722663e+00 1.890472e-02
2.400000e-01 1.722663e+00 1.856398e-02
2.550000e-01 1.722663e+00 1.829168e-02
2.700000e-01 1.722663e+00 1.807665e-02
2.850000e-01 1.722663e+00 1.790856e-02
3.000000e-01 1.722663e+00 1.777814e-02
-3.000000e-01 1.736327e+00 1.752571e-02
-2.850000e-01 1.736327e+00 1.765981e-02
-2.700000e-01 1.736327e+00 1.783581e-02
-2.550000e-01 1.736327e+00 1.806662e-02
-2.400000e-01 1.736327e+00 1.836764e-02
-2.250000e-01 1.736327e+00 1.875549e-02
-2.100000e-01 1.736327e+00 1.924556e-02
-1.950000e-01 1.736327e+00 1.985085e-02
-1.800000e-01 1.736327e+00 2.058741e-02
-1.650000e-01 1.736327e+00 2.148926e-02
-1.500000e-01 1.736327e+00 2.263159e-02
-1.350000e-01 1.736327e+00 2.416308e-02
-1.200000e-01 1.736327e+00 2.636352e-02
-1.050000e-01 1.736327e+00 2.976669e-02
-9.000000e-02 1.736327e+00 3.542257e-02
-7.500000e-02 1.736327e+00 4.539926e-02
-6.000000e-02 1.736327e+00 6.343642e-02
-4.500000e-02 1.736327e+00 9.444563e-02
-3.000000e-02 1.736327e+00 1.389679e-01
-1.500000e-02 1.736327e+00 1.830949e-01
5.551115e-17 1.736327e+00 2.020340e-01
1.500000e-02 1.736327e+00 1.830949e-01
3.000000e-02 1.736327e+00 1.389679e-01
4.500000e-02 1.736327e+00 9.444563e-02
6.000000e-02 1.736327e+00 6.343642e-02
7.500000e-02 1.736327e+00 4.539926e-02
9.000000e-02 1.736327e+00 3.542257e-02
1.050000e-01 1.736327e+00 2.976669e-02
1.200000e-01 1.736327e+00 2.636352e-02
1.350000e-01 1.736327e+00 2.416308e-02
1.500000e-01 1.736327e+00 2.263159e-02
1.650000e-01 1.736327e+00 2.148926e-02
1.800000e-01 1.736327e+00 2.058741e-02
1.950000e-01 1.736327e+00 1.985085e-02
2.100000e-01 1.736327e+00 1.924556e-02
2.250000e-01 1.736327e+00 1.875549e-02
2.400000e-01 1.736327e+00 1.836764e-02
2.550000e-01 1.736327e+00 1.806662e-02
2.700000e-01 1.736327e+00 1.783581e-02
2.850000e-01 1.736327e+00 1.765981e-02
3.000000e-01 1.736327e+00 1.752571e-02
-3.000000e-01 1.749992e+00 1.726245e-02
-2.850000e-01 1.749992e+00 1.739438e-02
-2.700000e-01 1.749992e+00 1.757007e-02
-2.550000e-01 1.749992e+00 1.780612e-02
-2.400000e-01 1.749992e+00 1.812488e-02
-2.250000e-01 1.749992e+00 1.855382e-02
-2.100000e-01 1.749992e+00 1.912079e-02
-1.950000e-01 1.749992e+00 1.984557e-02
-1.800000e-01 1.749992e+00 2.073699e-02
-1.650000e-01 1.749992e+00 2.181074e-02
-1.500000e-01 1.749992e+00 2.312970e-02
-1.350000e-01 1.749992e+00 2.485227e-02
-1.200000e-01 1.749992e+00 2.729551e-02
-1.050000e-01 1.749992e+00 3.106340e-02
-9.000000e-02 1.749992e+00 3.733082e-02
-7.500000e-02 1.749992e+00 4.839377e-02
-6.000000e-02 1.749992e+00 6.838530e-02
-4.500000e-02 1.749992e+00 1.027195e-01
-3.000000e-02 1.749992e+00 1.519857e-01
-1.500000e-02 1.749992e+00 2.008231e-01
5.551115e-17 1.749992e+00 2.217938e-01
1.500000e-02 1.749992e+00 2.008231e-01
3.000000e-02 1.749992e+00 1.519857e-01
4.500000e-02 1.749992e+00 1.027195e-01
6.000000e-02 1.749992e+00 6.838530e-02
7.500000e-02 1.749992e+00 4.839377e-02
9.000000e-02 1.749992e+00 3.733082e-02
1.050000e-01 1.749992e+00 3.106340e-02
1.200000e-01 1.749992e+00 2.729551e-02
1.350000e-01 1.749992e+00 2.485227e-02
1.500000e-01 1.749992e+00 2.312970e-02
1.650000e-01 1.749992e+00 2.181074e-02
1.800000e-01 1.749992e+00 2.073699e-02
1.950000e-01 1.749992e+00 1.984557e-02
2.100000e-01 1.749992e+00 1.912079e-02
2.250000e-01 1.749992e+00 1.855382e-02
2.400000e-01 1.749992e+00 1.812488e-02
2.550000e-01 1.749992e+00 1.780612e-02
2.700000e-01 1.749992e+00 1.757007e-02
2.850000e-01 1.749992e+00 1.739438e-02
3.000000e-01 1.749992e+00 1.726245e-02
-3.000000e-01 1.763656e+00 1.699790e-02
-2.850000e-01 1.763656e+00 1.712304e-02
-2.700000e-01 1.763656e+00 1.729067e-02
-2.550000e-01 1.763656e+00 1.751933e-02
-2.400000e-01 1.763656e+00 1.783692e-02
-2.250000e-01 1.763656e+00 1.828345e-02
-2.100000e-01 1.763656e+00 1.890916e-02
-1.950000e-01 1.763656e+00 1.976112e-02
-1.800000e-01 1.763656e+00 2.085967e-02
-1.650000e-01 1.763656e+00 2.219611e-02
-1.500000e-01 1.763656e+00 2.379109e-02
-1.350000e-01 1.763656e+00 2.578970e-02
-1.200000e-01 1.763656e+00 2.854742e-02
-1.050000e-01 1.763656e+00 3.275701e-02
-9.000000e-02 1.763656e+00 3.974632e-02
-7.500000e-02 1.763656e+00 5.207997e-02
-6.000000e-02 1.763656e+00 7.434675e-02
-4.500000e-02 1.763656e+00 1.125394e-01
-3.000000e-02 1.763656e+00 1.673017e-01
-1.500000e-02 1.763656e+00 2.215969e-01
5.551115e-17 1.763656e+00 2.449232e-01
1.500000e-02 1.763656e+00 2.215969e-01
3.000000e-02 1.763656e+00 1.673017e-01
4.500000e-02 1.763656e+00 1.125394e-01
6.000000e-02 1.763656e+00 7.434675e-02
7.500000e-02 1.763656e+00 5.207997e-02
9.000000e-02 1.763656e+00 3.974632e-02
1.050000e-01 1.763656e+00 3.275701e-02
1.200000e-01 1.763656e+00 2.854742e-02
1.350000e-01 1.763656e+00 2.578970e-02
1.500000e-01 1.763656e+00 2.379109e-02
1.650000e-01 1.763656e+00 2.219611e-02
1.800000e-01 1.763656e+00 2.085967e-02
1.950000e-01 1.763656e+00 1.976112e-02
2.100000e-01 1.763656e+00 1.890916e-02
2.250000e-01 1.763656e+00 1.828345e-02
2.400000e-01 1.763656e+00 1.783692e-02
2.550000e-01 1.763656e+00 1.751933e-02
2.700000e-01 1.763656e+00 1.729067e-02
2.850000e-01 1.763656e+00 1.712304e-02
3.000000e-01 1.763656e+00 1.699790e-02
-3.000000e-01 1.777320e+00 1.673925e-02
-2.850000e-01 1.777320e+00 1.685557e-02
-2.700000e-01 1.777320e+00 1.701092e-02
-2.550000e-01 1.777320e+00 1.722356e-02
-2.400000e-01 1.777320e+00 1.752309e-02
-2.250000e-01 1.777320e+00 1.795733e-02
-2.100000e-01 1.777320e+00 1.859866e-02
-1.950000e-01 1.777320e+00 1.953934e-02
-1.800000e-01 1.777320e+00 2.085594e-02
-1.650000e-01 1.777320e+00 2.255199e-02
-1.500000e-01 1.777320e+00 2.457899e-02
-1.350000e-01 1.777320e+00 2.700538e-02
-1.200000e-01 1.777320e+00 3.019866e-02
-1.050000e-01 1.777320e+00 3.496035e-02
-9.000000e-02 1.777320e+00 4.281246e-02
-7.500000e-02 1.777320e+00 5.664352e-02
-6.000000e-02 1.777320e+00 8.157638e-02
-4.500000e-02 1.777320e+00 1.242754e-01
-3.000000e-02 1.777320e+00 1.854473e-01
-1.500000e-02 1.777320e+00 2.461086e-01
5.551115e-17 1.777320e+00 2.721846e-01
1.500000e-02 1.777320e+00 2.461086e-01
3.000000e-02 1.777320e+00 1.854473e-01
4.500000e-02 1.777320e+00 1.242754e-01
6.000000e-02 1.777320e+00 8.157638e-02
7.500000e-02 1.777320e+00 5.664352e-02
9.000000e-02 1.777320e+00 4.281246e-02
1.050000e-01 1.777320e+00 3.496035e-02
1.200000e-01 1.777320e+00 3.019866e-02
1.350000e-01 1.777320e+00 2.700538e-02
1.500000e-01 1.777320e+00 2.457899e-02
1.650000e-01 1.777320e+00 2.255199e-02
1.800000e-01 1.777320e+00 2.085594e-02
1.950000e-01 1.777320e+00 1.953934e-02
2.100000e-01 1.777320e+00 1.859866e-02
2.250000e-01 1.777320e+00 1.795733e-02
2.400000e-01 1.777320e+00 1.752309e-02
2.550000e-01 1.777320e+00 1.722356e-02
2.700000e-01 1.777320e+00 1.701092e-02
2.850000e-01 1.777320e+00 1.685557e-02
3.000000e-01 1.777320e+00 1.673925e-02
-3.000000e-01 1.790985e+00 1.648986e-02
-2.850000e-01 1.790985e+00 1.659733e-02
-2.700000e-01 1.790985e+00 1.673959e-02
-2.550000e-01 1.790985e+00 1.693315e-02
-2.400000e-01 1.790985e+00 1.720592e-02
-2.250000e-01 1.790985e+00 1.760639e-02
-2.100000e-01 1.790985e+00 1.821786e-02
-1.950000e-01 1.790985e+00 1.917259e-02
-1.800000e-01 1.790985e+00 2.063816e-02
-1.650000e-01 1.790985e+00 2.272489e-02
-1.500000e-01 1.790985e+00 2.536984e-02
-1.350000e-01 1.790985e+00 2.847800e-02
-1.200000e-01 1.790985e+00 3.232388e-02
-1.050000e-01 1.790985e+00 3.781206e-02
-9.000000e-02 1.790985e+00 4.671655e-02
-7.500000e-02 1.790985e+00 6.232908e-02
-6.000000e-02 1.790985e+00 9.040893e-02
-4.500000e-02 1.790985e+00 1.384081e-01
-3.000000e-02 1.790985e+00 2.071077e-01
-1.500000e-02 1.790985e+00 2.752479e-01
5.551115e-17 1.790985e+00 3.045570e-01
1.500000e-02 1.790985e+00 2.752479e-01
3.000000e-02 1.790985e+00 2.071077e-01
4.500000e-02 1.790985e+00 1.384081e-01
6.000000e-02 1.790985e+00 9.040893e-02
7.500000e-02 1.790985e+00 6.232908e-02
9.000000e-02 1.790985e+00 4.671655e-02
1.050000e-01 1.790985e+00 3.781206e-02
1.200000e-01 1.790985e+00 3.232388e-02
1.350000e-01 1.790985e+00 2.847800e-02
1.500000e-01 1.790985e+00 2.536984e-02
1.650000e-01 1.790985e+00 2.272489e-02
1.800000e-01 1.790985e+00 2.063816e-02
1.950000e-01 1.790985e+00 1.917259e-02
2.100000e-01 1.790985e+00 1.821786e-02
2.250000e-01 1.790985e+00 1.760639e-02
2.400000e-01 1.790985e+00 1.720592e-02
2.550000e-01 1.790985e+00 1.693315e-02
2.700000e-01 1.790985e+00 1.673959e-02
2.850000e-01 1.790985e+00 1.659733e-02
3.000000e-01 1.790985e+00 1.648986e-02
-3.000000e-01 1.804649e+00 1.625038e-02
-2.850000e-01 1.804649e+00 1.634992e-02
-2.700000e-01 1.804649e+00 1.648018e-02
-2.550000e-01 1.804649e+00 1.665540e-02
-2.400000e-01 1.804649e+00 1.690010e-02
-2.250000e-01 1.804649e+00 1.725849e-02
-2.100000e-01 1.804649e+00 1.781227e-02
-1.950000e-01 1.804649e+00 1.871027e-02
-1.800000e-01 1.804649e+00 2.019710e-02
-1.650000e-01 1.804649e+00 2.256703e-02
-1.500000e-01 1.804649e+00 2.593245e-02
-1.350000e-01 1.804649e+00 3.006927e-02
-1.200000e-01 1.804649e+00 3.495039e-02
-1.050000e-01 1.804649e+00 4.146563e-02
-9.000000e-02 1.804649e+00 5.169742e-02
-7.500000e-02 1.804649e+00 6.945844e-02
-6.000000e-02 1.804649e+00 1.012849e-01
-4.500000e-02 1.804649e+00 1.555658e-01
-3.000000e-02 1.804649e+00 2.331736e-01
-1.500000e-02 1.804649e+00 3.101675e-01
5.551115e-17 1.804649e+00 3.433078e-01
1.500000e-02 1.804649e+00 3.101675e-01
3.000000e-02 1.804649e+00 2.331736e-01
4.500000e-02 1.804649e+00 1.555658e-01
6.000000e-02 1.804649e+00 1.012849e-01
7.500000e-02 1.804649e+00 6.945844e-02
9.000000e-02 1.804649e+00 5.169742e-02
1.050000e-01 1.804649e+00 4.146563e-02
1.200000e-01 1.804649e+00 3.495039e-02
1.350000e-01 1.804649e+00 3.006927e-02
1.500000e-01 1.804649e+00 2.593245e-02
1.650000e-01 1.804649e+00 2.256703e-02
1.800000e-01 1.804649e+00 2.019710e-02
1.950000e-01 1.804649e+00 1.871027e-02
2.100000e-01 1.804649e+00 1.781227e-02
2.250000e-01 1.804649e+00 1.725849e-02
2.400000e-01 1.804649e+00 1.690010e-02
2.550000e-01 1.804649e+00 1.665540e-02
2.700000e-01 1.804649e+00 1.648018e-02
2.850000e-01 1.804649e+00 1.634992e-02
3.000000e-01 1.804649e+00 1.625038e-02
-3.000000e-01 1.818313e+00 1.602021e-02
-2.850000e-01 1.818313e+00 1.611301e-02
-2.700000e-01 1.818313e+00 1.623299e-02
-2.550000e-01 1.818313e+00 1.639222e-02
-2.400000e-01 1.818313e+00 1.661150e-02
-2.250000e-01 1.818313e+00 1.692882e-02
-2.100000e-01 1.818313e+00 1.741701e-02
-1.950000e-01 1.818313e+00 1.821919e-02
-1.800000e-01 1.818313e+00 1.960992e-02
-1.650000e-01 1.818313e+00 2.204475e-02
-1.500000e-01 1.818313e+00 2.600149e-02
-1.350000e-01 1.818313e+00 3.145855e-02
-1.200000e-01 1.818313e+00 3.796880e-02
-1.050000e-01 1.818313e+00 4.604812e-02
-9.000000e-02 1.818313e+00 5.804322e-02
-7.500000e-02 1.818313e+00 7.844978e-02
-6.000000e-02 1.818313e+00 1.147849e-01
-4.500000e-02 1.818313e+00 1.765747e-01
-3.000000e-02 1.818313e+00 2.648107e-01
-1.500000e-02 1.818313e+00 3.523725e-01
5.551115e-17 1.818313e+00 3.900904e-01
1.500000e-02 1.818313e+00 3.523725e-01
3.000000e-02 1.818313e+00 2.648107e-01
4.500000e-02 1.818313e+00 1.765747e-01
6.000000e-02 1.818313e+00 1.147849e-01
7.500000e-02 1.818313e+00 7.844978e-02
9.000000e-02 1.818313e+00 5.804322e-02
1.050000e-01 1.818313e+00 4.604812e-02
1.200000e-01 1.818313e+00 3.796880e-02
1.350000e-01 1.818313e+00 3.145855e-02
1.500000e-01 1.818313e+00 2.600149e-02
1.650000e-01 1.818313e+00 2.204475e-02
1.800000e-01 1.818313e+00 1.960992e-02
1.950000e-01 1.818313e+00 1.821919e-02
2.100000e-01 1.818313e+00 1.741701e-02
2.250000e-01 1.818313e+00 1.692882e-02
2.400000e-01 1.818313e+00 1.661150e-02
2.550000e-01 1.818313e+00 1.639222e-02
2.700000e-01 1.818313e+00 1.623299e-02
2.850000e-01 1.818313e+00 1.611301e-02
3.000000e-01 1.818313e+00 1.602021e-02
-3.000000e-01 1.831977e+00 1.579834e-02
-2.850000e-01 1.831977e+00 1.588551e-02
-2.700000e-01 1.831977e+00 1.599693e-02
-2.550000e-01 1.831977e+00 1.614282e-02
-2.400000e-01 1.831977e+00 1.634060e-02
-2.250000e-01 1.831977e+00 1.662207e-02
-2.100000e-01 1.831977e+00 1.704891e-02
-1.950000e-01 1.831977e+00 1.774690e-02
-1.800000e-01 1.831977e+00 1.897862e-02
-1.650000e-01 1.831977e+00 2.126768e-02
-1.500000e-01 1.831977e+00 2.545336e-02
-1.350000e-01 1.831977e+00 3.218254e-02
-1.200000e-01 1.831977e+00 4.100104e-02
-1.050000e-01 1.831977e+00 5.155584e-02
-9.000000e-02 1.831977e+00 6.605875e-02
-7.500000e-02 1.831977e+00 8.983004e-02
-6.000000e-02 1.831977e+00 1.316692e-01
-4.500000e-02 1.831977e+00 2.025233e-01
-3.000000e-02 1.831977e+00 3.035530e-01
-1.500000e-02 1.831977e+00 4.038398e-01
5.551115e-17 1.831977e+00 4.470754e-01
1.500000e-02 1.831977e+00 4.038398e-01
3.000000e-02 1.831977e+00 3.035530e-01
4.500000e-02 1.831977e+00 2.025233e-01
6.000000e-02 1.831977e+00 1.316692e-01
7.500000e-02 1.831977e+00 8.983004e-02
9.000000e-02 1.831977e+00 6.605875e-02
1.050000e-01 1.831977e+00 5.155584e-02
1.200000e-01 1.831977e+00 4.100104e-02
1.350000e-01 1.831977e+00 3.218254e-02
1.500000e-01 1.831977e+00 2.545336e-02
1.650000e-01 1.831977e+00 2.126768e-02
1.800000e-01 1.831977e+00 1.897862e-02
1.950000e-01 1.831977e+00 1.774690e-02
2.100000e-01 1.831977e+00 1.704891e-02
2.250000e-01 1.831977e+00 1.662207e-02
2.400000e-01 1.831977e+00 1.634060e-02
2.550000e-01 1.831977e+00 1.614282e-02
2.700000e-01 1.831977e+00 1.599693e-02
2.850000e-01 1.831977e+00 1.588551e-02
3.000000e-01 1.831977e+00 1.579834e-02
-3.000000e-01 1.845642e+00 1.558379e-02
-2.850000e-01 1.845642e+00 1.566626e-02
-2.700000e-01 1.845642e+00 1.577061e-02
-2.550000e-01 1.845642e+00 1.590553e-02
-2.400000e-01 1.845642e+00 1.608564e-02
-2.250000e-01 1.845642e+00 1.633735e-02
-2.100000e-01 1.845642e+00 1.671180e-02
-1.950000e-01 1.845642e+00 1.731450e-02
-1.800000e-01 1.845642e+00 1.837494e-02
-1.650000e-01 1.845642e+00 2.039917e-02
-1.500000e-01 1.845642e+00 2.441132e-02
-1.350000e-01 1.845642e+00 3.187965e-02
-1.200000e-01 1.845642e+00 4.332988e-02
-1.050000e-01 1.845642e+00 5.765343e-02
-9.000000e-02 1.845642e+00 7.595874e-02
-7.500000e-02 1.845642e+00 1.042180e-01
-6.000000e-02 1.845642e+00 1.529153e-01
-4.500000e-02 1.845642e+00 2.348408e-01
-3.000000e-02 1.845642e+00 3.514214e-01
-1.500000e-02 1.845642e+00 4.671739e-01
5.551115e-17 1.845642e+00 5.171225e-01
1.500000e-02 1.845642e+00 4.671739e-01
3.000000e-02 1.845642e+00 3.514214e-01
4.500000e-02 1.845642e+00 2.348408e-01
6.000000e-02 1.845642e+00 1.529153e-01
7.500000e-02 1.845642e+00 1.042180e-01
9.000000e-02 1.845642e+00 7.595874e-02
1.050000e-01 1.845642e+00 5.765343e-02
1.200000e-01 1.845642e+00 4.332988e-02
1.350000e-01 1.845642e+00 3.187965e-02
1.500000e-01 1.845642e+00 2.441132e-02
1.650000e-01 1.845642e+00 2.039917e-02
1.800000e-01 1.845642e+00 1.837494e-02
1.950000e-01 1.845642e+00 1.731450e-02
2.100000e-01 1.845642e+00 1.671180e-02
2.250000e-01 1.845642e+00 1.633735e-02
2.400000e-01 1.845642e+00 1.608564e-02
2.550000e-01 1.845642e+00 1.590553e-02
2.700000e-01 1.845642e+00 1.577061e-02
2.850000e-01 1.845642e+00 1.566626e-02
3.000000e-01 1.845642e+00 1.558379e-02
-3.000000e-01 1.859306e+00 1.537571e-02
-2.850000e-01 1.859306e+00 1.545422e-02
-2.700000e-01 1.859306e+00 1.555270e-02
-2.550000e-01 1.859306e+00 1.567860e-02
-2.400000e-01 1.859306e+00 1.584430e-02
-2.250000e-01 1.859306e+00 1.607182e-02
-2.100000e-01 1.859306e+00 1.640331e-02
-1.950000e-01 1.859306e+00 1.692560e-02
-1.800000e-01 1.859306e+00 1.783032e-02
-1.650000e-01 1.859306e+00 1.956147e-02
-1.500000e-01 1.859306e+00 2.314041e-02
-1.350000e-01 1.859306e+00 3.057560e-02
-1.200000e-01 1.859306e+00 4.411863e-02
-1.050000e-01 1.859306e+00 6.342361e-02
-9.000000e-02 1.859306e+00 8.761528e-02
-7.500000e-02 1.859306e+00 1.222242e-01
-6.000000e-02 1.859306e+00 1.797245e-01
-4.500000e-02 1.859306e+00 2.753758e-01
-3.000000e-02 1.859306e+00 4.110647e-01
-1.500000e-02 1.859306e+00 5.457993e-01
5.551115e-17 1.859306e+00 6.039936e-01
1.500000e-02 1.859306e+00 5.457993e-01
3.000000e-02 1.859306e+00 4.110647e-01
4.500000e-02 1.859306e+00 2.753758e-01
6.000000e-02 1.859306e+00 1.797245e-01
7.500000e-02 1.859306e+00 1.222242e-01
9.000000e-02 1.859306e+00 8.761528e-02
1.050000e-01 1.859306e+00 6.342361e-02
1.200000e-01 1.859306e+00 4.411863e-02
1.350000e-01 1.859306e+00 3.057560e-02
1.500000e-01 1.859306e+00 2.314041e-02
1.650000e-01 1.859306e+00 1.956147e-02
1.800000e-01 1.859306e+00 1.783032e-02
1.950000e-01 1.859306e+00 1.692560e-02
2.100000e-01 1.859306e+00 1.640331e-02
2.250000e-01 1.859306e+00 1.607182e-02
2.400000e-01 1.859306e+00 1.584430e-02
2.550000e-01 1.859306e+00 1.567860e-02
2.700000e-01 1.859306e+00 1.555270e-02
2.850000e-01 1.859306e+00 1.545422e-02
3.000000e-01 1.859306e+00 1.537571e-02
-3.000000e-01 1.872970e+00 1.517341e-02
-2.850000e-01 1.872970e+00 1.524855e-02
-2.700000e-01 1.872970e+00 1.534209e-02
-2.550000e-01 1.872970e+00 1.546052e-02
-2.400000e-01 1.872970e+00 1.561444e-02
-2.250000e-01 1.872970e+00 1.582234e-02
-2.100000e-01 1.872970e+00 1.611914e-02
-1.950000e-01 1.872970e+00 1.657601e-02
-1.800000e-01 1.872970e+00 1.734992e-02
-1.650000e-01 1.872970e+00 1.881165e-02
-1.500000e-01 1.872970e+00 2.187159e-02
-1.350000e-01 1.872970e+00 2.866080e-02
-1.200000e-01 1.872970e+00 4.295936e-02
-1.050000e-01 1.872970e+00 6.735094e-02
-9.000000e-02 1.872970e+00 1.001101e-01
-7.500000e-02 1.872970e+00 1.441585e-01
-6.000000e-02 1.872970e+00 2.134270e-01
-4.500000e-02 1.872970e+00 3.264322e-01
-3.000000e-02 1.872970e+00 4.858921e-01
-1.500000e-02 1.872970e+00 6.441649e-01
5.551115e-17 1.872970e+00 7.125851e-01
1.500000e-02 1.872970e+00 6.441649e-01
3.000000e-02 1.872970e+00 4.858921e-01
4.500000e-02 1.872970e+00 3.264322e-01
6.000000e-02 1.872970e+00 2.134270e-01
7.500000e-02 1.872970e+00 1.441585e-01
9.000000e-02 1.872970e+00 1.001101e-01
1.050000e-01 1.872970e+00 6.735094e-02
1.200000e-01 1.872970e+00 4.295936e-02
1.350000e-01 1.872970e+00 2.866080e-02
1.500000e-01 1.872970e+00 2.187159e-02
1.650000e-01 1.872970e+00 1.881165e-02
1.800000e-01 1.872970e+00 1.734992e-02
1.950000e-01 1.872970e+00 1.657601e-02
2.100000e-01 1.872970e+00 1.611914e-02
2.250000e-01 1.872970e+00 1.582234e-02
2.400000e-01 1.872970e+00 1.561444e-02
2.550000e-01 1.872970e+00 1.546052e-02
2.700000e-01 1.872970e+00 1.534209e-02
2.850000e-01 1.872970e+00 1.524855e-02
3.000000e-01 1.872970e+00 1.517341e-02
-3.000000e-01 1.886635e+00 1.497634e-02
-2.850000e-01 1.886635e+00 1.504857e-02
-2.700000e-01 1.886635e+00 1.513790e-02
-2.550000e-01 1.886635e+00 1.525008e-02
-2.400000e-01 1.886635e+00 1.539426e-02
-2.250000e-01 1.886635e+00 1.558618e-02
-2.100000e-01 1.886635e+00 1.585500e-02
-1.950000e-01 1.886635e+00 1.625933e-02
-1.800000e-01 1.886635e+00 1.692721e-02
-1.650000e-01 1.886635e+00 1.816172e-02
-1.500000e-01 1.886635e+00 2.072819e-02
-1.350000e-01 1.886635e+00 2.659037e-02
-1.200000e-01 1.886635e+00 4.021885e-02
-1.050000e-01 1.886635e+00 6.796726e-02
-9.000000e-02 1.886635e+00 1.112750e-01
-7.500000e-02 1.886635e+00 1.693913e-01
-6.000000e-02 1.886635e+00 2.551257e-01
-4.500000e-02 1.886635e+00 3.906478e-01
-3.000000e-02 1.886635e+00 5.801063e-01
-1.500000e-02 1.886635e+00 7.678735e-01
5.551115e-17 1.886635e+00 8.490927e-01
1.500000e-02 1.886635e+00 7.678735e-01
3.000000e-02 1.886635e+00 5.801063e-01
4.500000e-02 1.886635e+00 3.906478e-01
6.000000e-02 1.886635e+00 2.551257e-01
7.500000e-02 1.886635e+00 1.693913e-01
9.000000e-02 1.886635e+00 1.112750e-01
1.050000e-01 1.886635e+00 6.796726e-02
1.200000e-01 1.886635e+00 4.021885e-02
1.350000e-01 1.886635e+00 2.659037e-02
1.500000e-01 1.886635e+00 2.072819e-02
1.650000e-01 1.886635e+00 1.816172e-02
1.800000e-01 1.886635e+00 1.692721e-02
1.950000e-01 1.886635e+00 1.625933e-02
2.100000e-01 1.886635e+00 1.585500e-02
2.250000e-01 1.886635e+00 1.558618e-02
2.400000e-01 1.886635e+00 1.539426e-02
2.550000e-01 1.886635e+00 1.525008e-02
2.700000e-01 1.886635e+00 1.513790e-02
2.850000e-01 1.886635e+00 1.504857e-02
3.000000e-01 1.886635e+00 1.497634e-02
-3.000000e-01 1.900299e+00 1.478407e-02
-2.850000e-01 1.900299e+00 1.485374e-02
-2.700000e-01 1.900299e+00 1.493944e-02
-2.550000e-01 1.900299e+00 1.504630e-02
-2.400000e-01 1.900299e+00 1.518234e-02
-2.250000e-01 1.900299e+00 1.536111e-02
-2.100000e-01 1.900299e+00 1.560723e-02
-1.950000e-01 1.900299e+00 1.596938e-02
-1.800000e-01 1.900299e+00 1.655243e-02
-1.650000e-01 1.900299e+00 1.760276e-02
-1.500000e-01 1.900299e+00 1.974671e-02
-1.350000e-01 1.900299e+00 2.466217e-02
-1.200000e-01 1.900299e+00 3.672526e-02
-1.050000e-01 1.900299e+00 6.492614e-02
-9.000000e-02 1.900299e+00 1.179249e-01
-7.500000e-02 1.900299e+00 1.953387e-01
-6.000000e-02 1.900299e+00 3.047954e-01
-4.500000e-02 1.900299e+00 4.704476e-01
-3.000000e-02 1.900299e+00 6.983954e-01
-1.500000e-02 1.900299e+00 9.234963e-01
5.551115e-17 1.900299e+00 1.020860e+00
1.500000e-02 1.900299e+00 9.234963e-01
3.000000e-02 1.900299e+00 6.983954e-01
4.500000e-02 1.900299e+00 4.704476e-01
6.000000e-02 1.900299e+00 3.047954e-01
7.500000e-02 1.900299e+00 1.953387e-01
9.000000e-02 1.900299e+00 1.179249e-01
1.050000e-01 1.900299e+00 6.492614e-02
1.200000e-01 1.900299e+00 3.672526e-02
1.350000e-01 1.900299e+00 2.466217e-02
1.500000e-01 1.900299e+00 1.974671e-02
1.650000e-01 1.900299e+00 1.760276e-02
1.800000e-01 1.900299e+00 1.655243e-02
1.950000e-01 1.900299e+00 1.596938e-02
2.100000e-01 1.900299e+00 1.560723e-02
2.250000e-01 1.900299e+00 1.536111e-02
2.400000e-01 1.900299e+00 1.518234e-02
2.550000e-01 1.900299e+00 1.504630e-02
2.700000e-01 1.900299e+00 1.493944e-02
2.850000e-01 1.900299e+00 1.485374e-02
3.000000e-01 1.900299e+00 1.478407e-02
-3.000000e-01 1.913963e+00 1.459624e-02
-2.850000e-01 1.913963e+00 1.466363e-02
-2.700000e-01 1.913963e+00 1.474616e-02
-2.550000e-01 1.913963e+00 1.484844e-02
-2.400000e-01 1.913963e+00 1.497758e-02
-2.250000e-01 1.913963e+00 1.514539e-02
-2.100000e-01 1.913963e+00 1.537290e-02
-1.950000e-01 1.913963e+00 1.570098e-02
-1.800000e-01 1.913963e+00 1.621623e-02
-1.650000e-01 1.913963e+00 1.711954e-02
-1.500000e-01 1.913963e+00 1.891908e-02
-1.350000e-01 1.913963e+00 2.299670e-02
-1.200000e-01 1.913963e+00 3.321230e-02
-1.050000e-01 1.913963e+00 5.930436e-02
-9.000000e-02 1.913963e+00 1.175024e-01
-7.500000e-02 1.913963e+00 2.167286e-01
-6.000000e-02 1.913963e+00 3.595454e-01
-4.500000e-02 1.913963e+00 5.665594e-01
-3.000000e-02 1.913963e+00 8.447419e-01
-1.500000e-02 1.913963e+00 1.117496e+00
5.551115e-17 1.913963e+00 1.235318e+00
1.500000e-02 1.913963e+00 1.117496e+00
3.000000e-02 1.913963e+00 8.447419e-01
4.500000e-02 1.913963e+00 5.665594e-01
6.000000e-02 1.913963e+00 3.595454e-01
7.500000e-02 1.913963e+00 2.167286e-01
9.000000e-02 1.913963e+00 1.175024e-01
1.050000e-01 1.913963e+00 5.930436e-02
1.200000e-01 1.913963e+00 3.321230e-02
1.350000e-01 1.913963e+00 2.299670e-02
1.500000e-01 1.913963e+00 1.891908e-02
1.650000e-01 1.913963e+00 1.711954e-02
1.800000e-01 1.913963e+00 1.621623e-02
1.950000e-01 1.913963e+00 1.570098e-02
2.100000e-01 1.913963e+00 1.537290e-02
2.250000e-01 1.913963e+00 1.514539e-02
2.400000e-01 1.913963e+00 1.497758e-02
2.550000e-01 1.913963e+00 1.484844e-02
2.700000e-01 1.913963e+00 1.474616e-02
2.850000e-01 1.913963e+00 1.466363e-02
3.000000e-01 1.913963e+00 1.459624e-02
-3.000000e-01 1.927627e+00 1.441257e-02
-2.850000e-01 1.927627e+00 1.447792e-02
-2.700000e-01 1.927627e+00 1.455763e-02
-2.550000e-01 1.927627e+00 1.465590e-02
-2.400000e-01 1.927627e+00 1.477912e-02
-2.250000e-01 1.927627e+00 1.493767e-02
-2.100000e-01 1.927627e+00 1.514975e-02
-1.950000e-01 1.927627e+00 1.545004e-02
-1.800000e-01 1.927627e+00 1.591078e-02
-1.650000e-01 1.927627e+00 1.669701e-02
-1.500000e-01 1.927627e+00 1.822155e-02
-1.350000e-01 1.927627e+00 2.160617e-02
-1.200000e-01 1.927627e+00 3.007700e-02
-1.050000e-01 1.927627e+00 5.272137e-02
-9.000000e-02 1.927627e+00 1.100823e-01
-7.500000e-02 1.927627e+00 2.268660e-01
-6.000000e-02 1.927627e+00 4.114522e-01
-4.500000e-02 1.927627e+00 6.749522e-01
-3.000000e-02 1.927627e+00 1.019363e+00
-1.500000e-02 1.927627e+00 1.353099e+00
5.551115e-17 1.927627e+00 1.496777e+00
1.500000e-02 1.927627e+00 1.353099e+00
3.000000e-02 1.927627e+00 1.019363e+00
4.500000e-02 1.927627e+00 6.749522e-01
6.000000e-02 1.927627e+00 4.114522e-01
7.500000e-02 1.927627e+00 2.268660e-01
9.000000e-02 1.927627e+00 1.100823e-01
1.050000e-01 1.927627e+00 5.272137e-02
1.200000e-01 1.927627e+00 3.007700e-02
1.350000e-01 1.927627e+00 2.160617e-02
1.500000e-01 1.927627e+00 1.822155e-02
1.650000e-01 1.927627e+00 1.669701e-02
1.800000e-01 1.927627e+00 1.591078e-02
1.950000e-01 1.927627e+00 1.545004e-02
2.100000e-01 1.927627e+00 1.514975e-02
2.250000e-01 1.927627e+00 1.493767e-02
2.400000e-01 1.927627e+00 1.477912e-02
2.550000e-01 1.927627e+00 1.465590e-02
2.700000e-01 1.927627e+00 1.455763e-02
2.850000e-01 1.927627e+00 1.447792e-02
3.000000e-01 1.927627e+00 1.441257e-02
-3.000000e-01 1.941292e+00 1.423282e-02
-2.850000e-01 1.941292e+00 1.429631e-02
-2.700000e-01 1.941292e+00 1.437350e-02
-2.550000e-01 1.941292e+00 1.446823e-02
-2.400000e-01 1.941292e+00 1.458629e-02
-2.250000e-01 1.941292e+00 1.473693e-02
-2.100000e-01 1.941292e+00 1.493604e-02
-1.950000e-01 1.941292e+00 1.521340e-02
-1.800000e-01 1.941292e+00 1.562991e-02
-1.650000e-01 1.941292e+00 1.632248e-02
-1.500000e-01 1.941292e+00 1.762862e-02
-1.350000e-01 1.941292e+00 2.045725e-02
-1.200000e-01 1.941292e+00 2.744019e-02
-1.050000e-01 1.941292e+00 4.639521e-02
-9.000000e-02 1.941292e+00 9.830624e-02
-7.500000e-02 1.941292e+00 2.217186e-01
-6.000000e-02 1.941292e+00 4.474067e-01
-4.500000e-02 1.941292e+00 7.824543e-01
-3.000000e-02 1.941292e+00 1.212732e+00
-1.500000e-02 1.941292e+00 1.623464e+00
5.551115e-17 1.941292e+00 1.799226e+00
1.500000e-02 1.941292e+00 1.623464e+00
3.000000e-02 1.941292e+00 1.212732e+00
4.500000e-02 1.941292e+00 7.824543e-01
6.000000e-02 1.941292e+00 4.474067e-01
7.500000e-02 1.941292e+00 2.217186e-01
9.000000e-02 1.941292e+00 9.830624e-02
1.050000e-01 1.941292e+00 4.639521e-02
1.200000e-01 1.941292e+00 2.744019e-02
1.350000e-01 1.941292e+00 2.045725e-02
1.500000e-01 1.941292e+00 1.762862e-02
1.650000e-01 1.941292e+00 1.632248e-02
1.800000e-01 1.941292e+00 1.562991e-02
1.950000e-01 1.941292e+00 1.521340e-02
2.100000e-01 1.941292e+00 1.493604e-02
2.250000e-01 1.941292e+00 1.473693e-02
2.400000e-01 1.941292e+00 1.458629e-02
2.550000e-01 1.941292e+00 1.446823e-02
2.700000e-01 1.941292e+00 1.437350e-02
2.850000e-01 1.941292e+00 1.429631e-02
3.000000e-01 1.941292e+00 1.423282e-02
-3.000000e-01 1.954956e+00 1.405680e-02
-2.850000e-01 1.954956e+00 1.411858e-02
-2.700000e-01 1.954956e+00 1.419347e-02
-2.550000e-01 1.954956e+00 1.428504e-02
-2.400000e-01 1.954956e+00 1.439856e-02
-2.250000e-01 1.954956e+00 1.454234e-02
-2.100000e-01 1.954956e+00 1.473043e-02
-1.950000e-01 1.954956e+00 1.498864e-02
-1.800000e-01 1.954956e+00 1.536888e-02
-1.650000e-01 1.954956e+00 1.598588e-02
-1.500000e-01 1.954956e+00 1.711811e-02
-1.350000e-01 1.954956e+00 1.950549e-02
-1.200000e-01 1.954956e+00 2.527919e-02
-1.050000e-01 1.954956e+00 4.089774e-02
-9.000000e-02 1.954956e+00 8.533583e-02
-7.500000e-02 1.954956e+00 2.032637e-01
-6.000000e-02 1.954956e+00 4.546831e-01
-4.500000e-02 1.954956e+00 8.647906e-01
-3.000000e-02 1.954956e+00 1.397879e+00
-1.500000e-02 1.954956e+00 1.900906e+00
5.551115e-17 1.954956e+00 2.114465e+00
1.500000e-02 1.954956e+00 1.900906e+00
3.000000e-02 1.954956e+00 1.397879e+00
4.500000e-02 1.954956e+00 8.647906e-01
6.000000e-02 1.954956e+00 4.546831e-01
7.500000e-02 1.954956e+00 2.032637e-01
9.000000e-02 1.954956e+00 8.533583e-02
1.050000e-01 1.954956e+00 4.089774e-02
1.200000e-01 1.954956e+00 2.527919e-02
1.350000e-01 1.954956e+00 1.950549e-02
1.500000e-01 1.954956e+00 1.711811e-02
1.650000e-01 1.954956e+00 1.598588e-02
1.800000e-01 1.954956e+00 1.536888e-02
1.950000e-01 1.954956e+00 1.498864e-02
2.100000e-01 1.954956e+00 1.473043e-02
2.250000e-01 1.954956e+00 1.454234e-02
2.400000e-01 1.954956e+00 1.439856e-02
2.550000e-01 1.954956e+00 1.428504e-02
2.700000e-01 1.954956e+00 1.419347e-02
2.850000e-01 1.954956e+00 1.411858e-02
3.000000e-01 1.954956e+00 1.405680e-02
-3.000000e-01 1.968620e+00 1.388433e-02
-2.850000e-01 1.968620e+00 1.394453e-02
-2.700000e-01 1.968620e+00 1.401732e-02
-2.550000e-01 1.968620e+00 1.410603e-02
-2.400000e-01 1.968620e+00 1.421551e-02
-2.250000e-01 1.968620e+00 1.435328e-02
-2.100000e-01 1.968620e+00 1.453188e-02
-1.950000e-01 1.968620e+00 1.477390e-02
-1.800000e-01 1.968620e+00 1.512406e-02
-1.650000e-01 1.968620e+00 1.567949e-02
-1.500000e-01 1.968620e+00 1.667222e-02
-1.350000e-01 1.968620e+00 1.870953e-02
-1.200000e-01 1.968620e+00 2.352032e-02
-1.050000e-01 1.968620e+00 3.635194e-02
-9.000000e-02 1.968620e+00 7.327388e-02
-7.500000e-02 1.968620e+00 1.777762e-01
-6.000000e-02 1.968620e+00 4.302449e-01
-4.500000e-02 1.968620e+00 8.946515e-01
-3.000000e-02 1.968620e+00 1.529193e+00
-1.500000e-02 1.968620e+00 2.129219e+00
5.551115e-17 1.968620e+00 2.382256e+00
1.500000e-02 1.968620e+00 2.129219e+00
3.000000e-02 1.968620e+00 1.529193e+00
4.500000e-02 1.968620e+00 8.946515e-01
6.000000e-02 1.968620e+00 4.302449e-01
7.500000e-02 1.968620e+00 1.777762e-01
9.000000e-02 1.968620e+00 7.327388e-02
1.050000e-01 1.968620e+00 3.635194e-02
1.200000e-01 1.968620e+00 2.352032e-02
1.350000e-01 1.968620e+00 1.870953e-02
1.500000e-01 1.968620e+00 1.667222e-02
1.650000e-01 1.968620e+00 1.567949e-02
1.800000e-01 1.968620e+00 1.512406e-02
1.950000e-01 1.968620e+00 1.477390e-02
2.100000e-01 1.968620e+00 1.453188e-02
2.250000e-01 1.968620e+00 1.435328e-02
2.400000e-01 1.968620e+00 1.421551e-02
2.550000e-01 1.968620e+00 1.410603e-02
2.700000e-01 1.968620e+00 1.401732e-02
2.850000e-01 1.968620e+00 1.394453e-02
3.000000e-01 1.968620e+00 1.388433e-02
-3.000000e-01 1.982284e+00 1.371526e-02
-2.850000e-01 1.982284e+00 1.377399e-02
-2.700000e-01 1.982284e+00 1.384484e-02
-2.550000e-01 1.982284e+00 1.393094e-02
-2.400000e-01 1.982284e+00 1.403678e-02
-2.250000e-01 1.982284e+00 1.416924e-02
-2.100000e-01 1.982284e+00 1.433957e-02
-1.950000e-01 1.982284e+00 1.456776e-02
-1.800000e-01 1.982284e+00 1.489267e-02
-1.650000e-01 1.982284e+00 1.539738e-02
-1.500000e-01 1.982284e+00 1.627720e-02
-1.350000e-01 1.982284e+00 1.803530e-02
-1.200000e-01 1.982284e+00 2.208356e-02
-1.050000e-01 1.982284e+00 3.267153e-02
-9.000000e-02 1.982284e+00 6.298752e-02
-7.500000e-02 1.982284e+00 1.513670e-01
-6.000000e-02 1.982284e+00 3.833875e-01
-4.500000e-02 1.982284e+00 8.600603e-01
-3.000000e-02 1.982284e+00 1.560957e+00
-1.500000e-02 1.982284e+00 2.237437e+00
5.551115e-17 1.982284e+00 2.522261e+00
1.500000e-02 1.982284e+00 2.237437e+00
3.000000e-02 1.982284e+00 1.560957e+00
4.500000e-02 1.982284e+00 8.600603e-01
6.000000e-02 1.982284e+00 3.833875e-01
7.500000e-02 1.982284e+00 1.513670e-01
9.000000e-02 1.982284e+00 6.298752e-02
1.050000e-01 1.982284e+00 3.267153e-02
1.200000e-01 1.982284e+00 2.208356e-02
1.350000e-01 1.982284e+00 1.803530e-02
1.500000e-01 1.982284e+00 1.627720e-02
1.650000e-01 1.982284e+00 1.539738e-02
1.800000e-01 1.982284e+00 1.489267e-02
1.950000e-01 1.982284e+00 1.456776e-02
2.100000e-01 1.982284e+00 1.433957e-02
2.250000e-01 1.982284e+00 1.416924e-02
2.400000e-01 1.982284e+00 1.403678e-02
2.550000e-01 1.982284e+00 1.393094e-02
2.700000e-01 1.982284e+00 1.384484e-02
2.850000e-01 1.982284e+00 1.377399e-02
3.000000e-01 1.982284e+00 1.371526e-02
-3.000000e-01 1.995949e+00 1.354947e-02
-2.850000e-01 1.995949e+00 1.360682e-02
-2.700000e-01 1.995949e+00 1.367587e-02
-2.550000e-01 1.995949e+00 1.375957e-02
-2.400000e-01 1.995949e+00 1.386210e-02
-2.250000e-01 1.995949e+00 1.398980e-02
-2.100000e-01 1.995949e+00 1.415286e-02
-1.950000e-01 1.995949e+00 1.436909e-02
-1.800000e-01 1.995949e+00 1.467259e-02
-1.650000e-01 1.995949e+00 1.513507e-02
-1.500000e-01 1.995949e+00 1.592255e-02
-1.350000e-01 1.995949e+00 1.745612e-02
-1.200000e-01 1.995949e+00 2.089909e-02
-1.050000e-01 1.995949e+00 2.970676e-02
-9.000000e-02 1.995949e+00 5.457880e-02
-7.500000e-02 1.995949e+00 1.275874e-01
-6.000000e-02 1.995949e+00 3.281337e-01
-4.500000e-02 1.995949e+00 7.746073e-01
-3.000000e-02 1.995949e+00 1.480272e+00
-1.500000e-02 1.995949e+00 2.183369e+00
5.551115e-17 1.995949e+00 2.480720e+00
1.500000e-02 1.995949e+00 2.183369e+00
3.000000e-02 1.995949e+00 1.480272e+00
4.500000e-02 1.995949e+00 7.746073e-01
6.000000e-02 1.995949e+00 3.281337e-01
7.500000e-02 1.995949e+00 1.275874e-01
9.000000e-02 1.995949e+00 5.457880e-02
1.050000e-01 1.995949e+00 2.970676e-02
1.200000e-01 1.995949e+00 2.089909e-02
1.350000e-01 1.995949e+00 1.745612e-02
1.500000e-01 1.995949e+00 1.592255e-02
1.650000e-01 1.995949e+00 1.513507e-02
1.800000e-01 1.995949e+00 1.467259e-02
1.950000e-01 1.995949e+00 1.436909e-02
2.100000e-01 1.995949e+00 1.415286e-02
2.250000e-01 1.995949e+00 1.398980e-02
2.400000e-01 1.995949e+00 1.386210e-02
2.550000e-01 1.995949e+00 1.375957e-02
2.700000e-01 1.995949e+00 1.367587e-02
2.850000e-01 1.995949e+00 1.360682e-02
3.000000e-01 1.995949e+00 1.354947e-02
-3.000000e-01 2.009613e+00 1.338684e-02
-2.850000e-01 2.009613e+00 1.344288e-02
-2.700000e-01 2.009613e+00 1.351024e-02
-2.550000e-01 2.009613e+00 1.359172e-02
-2.400000e-01 2.009613e+00 1.369124e-02
-2.250000e-01 2.009613e+00 1.381464e-02
-2.100000e-01 2.009613e+00 1.397123e-02
-1.950000e-01 2.009613e+00 1.417703e-02
-1.800000e-01 2.009613e+00 1.446216e-02
-1.650000e-01 2.009613e+00 1.488910e-02
-1.500000e-01 2.009613e+00 1.560027e-02
-1.350000e-01 2.009613e+00 1.695157e-02
-1.200000e-01 2.009613e+00 1.991088e-02
-1.050000e-01 2.009613e+00 2.730937e-02
-9.000000e-02 2.009613e+00 4.782397e-02
-7.500000e-02 2.009613e+00 1.076595e-01
-6.000000e-02 2.009613e+00 2.750465e-01
-4.500000e-02 2.009613e+00 6.659280e-01
-3.000000e-02 2.009613e+00 1.318250e+00
-1.500000e-02 2.009613e+00 1.988684e+00
5.551115e-17 2.009613e+00 2.274354e+00
1.500000e-02 2.009613e+00 1.988684e+00
3.000000e-02 2.009613e+00 1.318250e+00
4.500000e-02 2.009613e+00 6.659280e-01
6.000000e-02 2.009613e+00 2.750465e-01
7.500000e-02 2.009613e+00 1.076595e-01
9.000000e-02 2.009613e+00 4.782397e-02
1.050000e-01 2.009613e+00 2.730937e-02
1.200000e-01 2.009613e+00 1.991088e-02
1.350000e-01 2.009613e+00 1.695157e-02
1.500000e-01 2.009613e+00 1.560027e-02
1.650000e-01 2.009613e+00 1.488910e-02
1.800000e-01 2.009613e+00 1.446216e-02
1.950000e-01 2.009613e+00 1.417703e-02
2.100000e-01 2.009613e+00 1.397123e-02
2.250000e-01 2.009613e+00 1.381464e-02
2.400000e-01 2.009613e+00 1.369124e-02
2.550000e-01 2.009613e+00 1.359172e-02
2.700000e-01 2.009613e+00 1.351024e-02
2.850000e-01 2.009613e+00 1.344288e-02
3.000000e-01 2.009613e+00 1.338684e-02
-3.000000e-01 2.023277e+00 1.322726e-02
-2.850000e-01 2.023277e+00 1.328206e-02
-2.700000e-01 2.023277e+00 1.334784e-02
-2.550000e-01 2.023277e+00 1.342725e-02
-2.400000e-01 2.023277e+00 1.352397e-02
-2.250000e-01 2.023277e+00 1.364346e-02
-2.100000e-01 2.023277e+00 1.379426e-02
-1.950000e-01 2.023277e+00 1.399085e-02
-1.800000e-01 2.023277e+00 1.426009e-02
-1.650000e-01 2.023277e+00 1.465682e-02
-1.500000e-01 2.023277e+00 1.530429e-02
-1.350000e-01 2.023277e+00 1.650612e-02
-1.200000e-01 2.023277e+00 1.907560e-02
-1.050000e-01 2.023277e+00 2.535422e-02
-9.000000e-02 2.023277e+00 4.241715e-02
-7.500000e-02 2.023277e+00 9.152238e-02
-6.000000e-02 2.023277e+00 2.290929e-01
-4.500000e-02 2.023277e+00 5.576359e-01
-3.000000e-02 2.023277e+00 1.124348e+00
-1.500000e-02 2.023277e+00 1.720162e+00
5.551115e-17 2.023277e+00 1.975811e+00
1.500000e-02 2.023277e+00 1.720162e+00
3.000000e-02 2.023277e+00 1.124348e+00
4.500000e-02 2.023277e+00 5.576359e-01
6.000000e-02 2.023277e+00 2.290929e-01
7.500000e-02 2.023277e+00 9.152238e-02
9.000000e-02 2.023277e+00 4.241715e-02
1.050000e-01 2.023277e+00 2.535422e-02
1.200000e-01 2.023277e+00 1.907560e-02
1.350000e-01 2.023277e+00 1.650612e-02
1.500000e-01 2.023277e+00 1.530429e-02
1.650000e-01 2.023277e+00 1.465682e-02
1.800000e-01 2.023277e+00 1.426009e-02
1.950000e-01 2.023277e+00 1.399085e-02
2.100000e-01 2.023277e+00 1.379426e-02
2.250000e-01 2.023277e+00 1.364346e-02
2.400000e-01 2.023277e+00 1.352397e-02
2.550000e-01 2.023277e+00 1.342725e-02
2.700000e-01 2.023277e+00 1.334784e-02
2.850000e-01 2.023277e+00 1.328206e-02
3.000000e-01 2.023277e+00 1.322726e-02
-3.000000e-01 2.036942e+00 1.307063e-02
-2.850000e-01 2.036942e+00 1.312425e-02
-2.700000e-01 2.036942e+00 1.318854e-02
-2.550000e-01 2.036942e+00 1.326601e-02
-2.400000e-01 2.036942e+00 1.336014e-02
-2.250000e-01 2.036942e+00 1.347605e-02
-2.100000e-01 2.036942e+00 1.362161e-02
-1.950000e-01 2.036942e+00 1.381001e-02
-1.800000e-01 2.036942e+00 1.406536e-02
-1.650000e-01 2.036942e+00 1.443614e-02
-1.500000e-01 2.036942e+00 1.502991e-02
-1.350000e-01 2.036942e+00 1.610796e-02
-1.200000e-01 2.036942e+00 1.836021e-02
-1.050000e-01 2.036942e+00 2.374236e-02
-9.000000e-02 2.036942e+00 3.807192e-02
-7.500000e-02 2.036942e+00 7.862736e-02
-6.000000e-02 2.036942e+00 1.913465e-01
-4.500000e-02 2.036942e+00 4.621436e-01
-3.000000e-02 2.036942e+00 9.367537e-01
-1.500000e-02 2.036942e+00 1.442389e+00
5.551115e-17 2.036942e+00 1.660384e+00
1.500000e-02 2.036942e+00 1.442389e+00
3.000000e-02 2.036942e+00 9.367537e-01
4.500000e-02 2.036942e+00 4.621436e-01
6.000000e-02 2.036942e+00 1.913465e-01
7.500000e-02 2.036942e+00 7.862736e-02
9.000000e-02 2.036942e+00 3.807192e-02
1.050000e-01 2.036942e+00 2.374236e-02
1.200000e-01 2.036942e+00 1.836021e-02
1.350000e-01 2.036942e+00 1.610796e-02
1.500000e-01 2.036942e+00 1.502991e-02
1.650000e-01 2.036942e+00 1.443614e-02
1.800000e-01 2.036942e+00 1.406536e-02
1.950000e-01 2.036942e+00 1.381001e-02
2.100000e-01 2.036942e+00 1.362161e-02
2.250000e-01 2.036942e+00 1.347605e-02
2.400000e-01 2.036942e+00 1.336014e-02
2.550000e-01 2.036942e+00 1.326601e-02
2.700000e-01 2.036942e+00 1.318854e-02
2.850000e-01 2.036942e+00 1.312425e-02
3.000000e-01 2.036942e+00 1.307063e-02
-3.000000e-01 2.050606e+00 1.291686e-02
-2.850000e-01 2.050606e+00 1.296937e-02
-2.700000e-01 2.050606e+00 1.303223e-02
-2.550000e-01 2.050606e+00 1.310787e-02
-2.400000e-01 2.050606e+00 1.319959e-02
-2.250000e-01 2.050606e+00 1.331219e-02
-2.100000e-01 2.050606e+00 1.345298e-02
-1.950000e-01 2.050606e+00 1.363404e-02
-1.800000e-01 2.050606e+00 1.387714e-02
-1.650000e-01 2.050606e+00 1.422545e-02
-1.500000e-01 2.050606e+00 1.477351e-02
-1.350000e-01 2.050606e+00 1.574805e-02
-1.200000e-01 2.050606e+00 1.773964e-02
-1.050000e-01 2.050606e+00 2.239772e-02
-9.000000e-02 2.050606e+00 3.455176e-02
-7.500000e-02 2.050606e+00 6.833960e-02
-6.000000e-02 2.050606e+00 1.610643e-01
-4.500000e-02 2.050606e+00 3.830196e-01
-3.000000e-02 2.050606e+00 7.738465e-01
-1.500000e-02 2.050606e+00 1.192717e+00
5.551115e-17 2.050606e+00 1.373775e+00
1.500000e-02 2.050606e+00 1.192717e+00
3.000000e-02 2.050606e+00 7.738465e-01
4.500000e-02 2.050606e+00 3.830196e-01
6.000000e-02 2.050606e+00 1.610643e-01
7.500000e-02 2.050606e+00 6.833960e-02
9.000000e-02 2.050606e+00 3.455176e-02
1.050000e-01 2.050606e+00 2.239772e-02
1.200000e-01 2.050606e+00 1.773964e-02
1.350000e-01 2.050606e+00 1.574805e-02
1.500000e-01 2.050606e+00 1.477351e-02
1.650000e-01 2.050606e+00 1.422545e-02
1.800000e-01 2.050606e+00 1.387714e-02
1.950000e-01 2.050606e+00 1.363404e-02
2.100000e-01 2.050606e+00 1.345298e-02
2.250000e-01 2.050606e+00 1.331219e-02
2.400000e-01 2.050606e+00 1.319959e-02
2.550000e-01 2.050606e+00 1.310787e-02
2.700000e-01 2.050606e+00 1.303223e-02
2.850000e-01 2.050606e+00 1.296937e-02
3.000000e-01 2.050606e+00 1.291686e-02
-3.000000e-01 2.064270e+00 1.276588e-02
-2.850000e-01 2.064270e+00 1.281731e-02
-2.700000e-01 2.064270e+00 1.287882e-02
-2.550000e-01 2.064270e+00 1.295273e-02
-2.400000e-01 2.064270e+00 1.304219e-02
-2.250000e-01 2.064270e+00 1.315171e-02
-2.100000e-01 2.064270e+00 1.328813e-02
-1.950000e-01 2.064270e+00 1.346256e-02
-1.800000e-01 2.064270e+00 1.369477e-02
-1.650000e-01 2.064270e+00 1.402345e-02
-1.500000e-01 2.064270e+00 1.453227e-02
-1.350000e-01 2.064270e+00 1.541944e-02
-1.200000e-01 2.064270e+00 1.719478e-02
-1.050000e-01 2.064270e+00 2.126248e-02
-9.000000e-02 2.064270e+00 3.167143e-02
-7.500000e-02 2.064270e+00 6.009319e-02
-6.000000e-02 2.064270e+00 1.369510e-01
-4.500000e-02 2.064270e+00 3.193412e-01
-3.000000e-02 2.064270e+00 6.398896e-01
-1.500000e-02 2.064270e+00 9.838984e-01
5.551115e-17 2.064270e+00 1.132753e+00
1.500000e-02 2.064270e+00 9.838984e-01
3.000000e-02 2.064270e+00 6.398896e-01
4.500000e-02 2.064270e+00 3.193412e-01
6.000000e-02 2.064270e+00 1.369510e-01
7.500000e-02 2.064270e+00 6.009319e-02
9.000000e-02 2.064270e+00 3.167143e-02
1.050000e-01 2.064270e+00 2.126248e-02
1.200000e-01 2.064270e+00 1.719478e-02
1.350000e-01 2.064270e+00 1.541944e-02
1.500000e-01 2.064270e+00 1.453227e-02
1.650000e-01 2.064270e+00 1.402345e-02
1.800000e-01 2.064270e+00 1.369477e-02
1.950000e-01 2.064270e+00 1.346256e-02
2.100000e-01 2.064270e+00 1.328813e-02
2.250000e-01 2.064270e+00 1.315171e-02
2.400000e-01 2.064270e+00 1.304219e-02
2.550000e-01 2.064270e+00 1.295273e-02
2.700000e-01 2.064270e+00 1.287882e-02
2.850000e-01 2.064270e+00 1.281731e-02
3.000000e-01 2.064270e+00 1.276588e-02
-3.000000e-01 2.077934e+00 1.261760e-02
-2.850000e-01 2.077934e+00 1.266799e-02
-2.700000e-01 2.077934e+00 1.272822e-02
-2.550000e-01 2.077934e+00 1.280049e-02
-2.400000e-01 2.077934e+00 1.288781e-02
-2.250000e-01 2.077934e+00 1.299447e-02
-2.100000e-01 2.077934e+00 1.312685e-02
-1.950000e-01 2.077934e+00 1.329525e-02
-1.800000e-01 2.077934e+00 1.351770e-02
-1.650000e-01 2.077934e+00 1.382910e-02
-1.500000e-01 2.077934e+00 1.430394e-02
-1.350000e-01 2.077934e+00 1.511673e-02
-1.200000e-01 2.077934e+00 1.671101e-02
-1.050000e-01 2.077934e+00 2.029271e-02
-9.000000e-02 2.077934e+00 2.928915e-02
-7.500000e-02 2.077934e+00 5.343012e-02
-6.000000e-02 2.077934e+00 1.177236e-01
-4.500000e-02 2.077934e+00 2.686352e-01
-3.000000e-02 2.077934e+00 5.324438e-01
-1.500000e-02 2.077934e+00 8.151961e-01
5.551115e-17 2.077934e+00 9.375602e-01
1.500000e-02 2.077934e+00 8.151961e-01
3.000000e-02 2.077934e+00 5.324438e-01
4.500000e-02 2.077934e+00 2.686352e-01
6.000000e-02 2.077934e+00 1.177236e-01
7.500000e-02 2.077934e+00 5.343012e-02
9.000000e-02 2.077934e+00 2.928915e-02
1.050000e-01 2.077934e+00 2.029271e-02
1.200000e-01 2.077934e+00 1.671101e-02
1.350000e-01 2.077934e+00 1.511673e-02
1.500000e-01 2.077934e+00 1.430394e-02
1.650000e-01 2.077934e+00 1.382910e-02
1.800000e-01 2.077934e+00 1.351770e-02
1.950000e-01 2.077934e+00 1.329525e-02
2.100000e-01 2.077934e+00 1.312685e-02
2.250000e-01 2.077934e+00 1.299447e-02
2.400000e-01 2.077934e+00 1.288781e-02
2.550000e-01 2.077934e+00 1.280049e-02
2.700000e-01 2.077934e+00 1.272822e-02
2.850000e-01 2.077934e+00 1.266799e-02
3.000000e-01 2.077934e+00 1.261760e-02
-3.000000e-01 2.091599e+00 1.247195e-02
-2.850000e-01 2.091599e+00 1.252135e-02
-2.700000e-01 2.091599e+00 1.258034e-02
-2.550000e-01 2.091599e+00 1.265105e-02
-2.400000e-01 2.091599e+00 1.273635e-02
-2.250000e-01 2.091599e+00 1.284032e-02
-2.100000e-01 2.091599e+00 1.296896e-02
-1.950000e-01 2.091599e+00 1.313184e-02
-1.800000e-01 2.091599e+00 1.334549e-02
-1.650000e-01 2.091599e+00 1.364155e-02
-1.500000e-01 2.091599e+00 1.408675e-02
-1.350000e-01 2.091599e+00 1.483569e-02
-1.200000e-01 2.091599e+00 1.627705e-02
-1.050000e-01 2.091599e+00 1.945495e-02
-9.000000e-02 2.091599e+00 2.729722e-02
-7.500000e-02 2.091599e+00 4.799488e-02
-6.000000e-02 2.091599e+00 1.022984e-01
-4.500000e-02 2.091599e+00 2.282762e-01
-3.000000e-02 2.091599e+00 4.469744e-01
-1.500000e-02 2.091599e+00 6.807648e-01
5.551115e-17 2.091599e+00 7.819024e-01
1.500000e-02 2.091599e+00 6.807648e-01
3.000000e-02 2.091599e+00 4.469744e-01
4.500000e-02 2.091599e+00 2.282762e-01
6.000000e-02 2.091599e+00 1.022984e-01
7.500000e-02 2.091599e+00 4.799488e-02
9.000000e-02 2.091599e+00 2.729722e-02
1.050000e-01 2.091599e+00 1.945495e-02
1.200000e-01 2.091599e+00 1.627705e-02
1.350000e-01 2.091599e+00 1.483569e-02
1.500000e-01 2.091599e+00 1.408675e-02
1.650000e-01 2.091599e+00 1.364155e-02
1.800000e-01 2.091599e+00 1.334549e-02
1.950000e-01 2.091599e+00 1.313184e-02
2.100000e-01 2.091599e+00 1.296896e-02
2.250000e-01 2.091599e+00 1.284032e-02
2.400000e-01 2.091599e+00 1.273635e-02
2.550000e-01 2.091599e+00 1.265105e-02
2.700000e-01 2.091599e+00 1.258034e-02
2.850000e-01 2.091599e+00 1.252135e-02
3.000000e-01 2.091599e+00 1.247195e-02
-3.000000e-01 2.105263e+00 1.232886e-02
-2.850000e-01 2.105263e+00 1.237730e-02
-2.700000e-01 2.105263e+00 1.243510e-02
-2.550000e-01 2.105263e+00 1.250432e-02
-2.400000e-01 2.105263e+00 1.258771e-02
-2.250000e-01 2.105263e+00 1.268915e-02
-2.100000e-01 2.105263e+00 1.281430e-02
-1.950000e-01 2.105263e+00 1.297209e-02
-1.800000e-01 2.105263e+00 1.317777e-02
-1.650000e-01 2.105263e+00 1.346013e-02
-1.500000e-01 2.105263e+00 1.387927e-02
-1.350000e-01 2.105263e+00 1.457297e-02
-1.200000e-01 2.105263e+00 1.588410e-02
-1.050000e-01 2.105263e+00 1.872352e-02
-9.000000e-02 2.105263e+00 2.561383e-02
-7.500000e-02 2.105263e+00 4.351631e-02
-6.000000e-02 2.105263e+00 8.981895e-02
-4.500000e-02 2.105263e+00 1.959901e-01
-3.000000e-02 2.105263e+00 3.789314e-01
-1.500000e-02 2.105263e+00 5.738755e-01
5.551115e-17 2.105263e+00 6.581571e-01
1.500000e-02 2.105263e+00 5.738755e-01
3.000000e-02 2.105263e+00 3.789314e-01
4.500000e-02 2.105263e+00 1.959901e-01
6.000000e-02 2.105263e+00 8.981895e-02
7.500000e-02 2.105263e+00 4.351631e-02
9.000000e-02 2.105263e+00 2.561383e-02
1.050000e-01 2.105263e+00 1.872352e-02
1.200000e-01 2.105263e+00 1.588410e-02
1.350000e-01 2.105263e+00 1.457297e-02
1.500000e-01 2.105263e+00 1.387927e-02
1.650000e-01 2.105263e+00 1.346013e-02
1.800000e-01 2.105263e+00 1.317777e-02
1.950000e-01 2.105263e+00 1.297209e-02
2.100000e-01 2.105263e+00 1.281430e-02
2.250000e-01 2.105263e+00 1.268915e-02
2.400000e-01 2.105263e+00 1.258771e-02
2.550000e-01 2.105263e+00 1.250432e-02
2.700000e-01 2.105263e+00 1.243510e-02
2.850000e-01 2.105263e+00 1.237730e-02
3.000000e-01 2.105263e+00 1.232886e-02
-3.000000e-01 2.118927e+00 1.218826e-02
-2.850000e-01 2.118927e+00 1.223578e-02
-2.700000e-01 2.118927e+00 1.229244e-02
-2.550000e-01 2.118927e+00 1.236023e-02
-2.400000e-01 2.118927e+00 1.244180e-02
-2.250000e-01 2.118927e+00 1.254084e-02
-2.100000e-01 2.118927e+00 1.266273e-02
-1.950000e-01 2.118927e+00 1.281581e-02
-1.800000e-01 2.118927e+00 1.301420e-02
-1.650000e-01 2.118927e+00 1.328425e-02
-1.500000e-01 2.118927e+00 1.368033e-02
-1.350000e-01 2.118927e+00 1.432591e-02
-1.200000e-01 2.118927e+00 1.552526e-02
-1.050000e-01 2.118927e+00 1.807856e-02
-9.000000e-02 2.118927e+00 2.417657e-02
-7.500000e-02 2.118927e+00 3.978857e-02
-6.000000e-02 2.118927e+00 7.962687e-02
-4.500000e-02 2.118927e+00 1.699593e-01
-3.000000e-02 2.118927e+00 3.244551e-01
-1.500000e-02 2.118927e+00 4.885391e-01
5.551115e-17 2.118927e+00 5.594298e-01
1.500000e-02 2.118927e+00 4.885391e-01
3.000000e-02 2.118927e+00 3.244551e-01
4.500000e-02 2.118927e+00 1.699593e-01
6.000000e-02 2.118927e+00 7.962687e-02
7.500000e-02 2.118927e+00 3.978857e-02
9.000000e-02 2.118927e+00 2.417657e-02
1.050000e-01 2.118927e+00 1.807856e-02
1.200000e-01 2.118927e+00 1.552526e-02
1.350000e-01 2.118927e+00 1.432591e-02
1.500000e-01 2.118927e+00 1.368033e-02
1.650000e-01 2.118927e+00 1.328425e-02
1.800000e-01 2.118927e+00 1.301420e-02
1.950000e-01 2.118927e+00 1.281581e-02
2.100000e-01 2.118927e+00 1.266273e-02
2.250000e-01 2.118927e+00 1.254084e-02
2.400000e-01 2.118927e+00 1.244180e-02
2.550000e-01 2.118927e+00 1.236023e-02
2.700000e-01 2.118927e+00 1.229244e-02
2.850000e-01 2.118927e+00 1.223578e-02
3.000000e-01 2.118927e+00 1.218826e-02
-3.000000e-01 2.132592e+00 1.205009e-02
-2.850000e-01 2.132592e+00 1.209672e-02
-2.700000e-01 2.132592e+00 1.215228e-02
-2.550000e-01 2.132592e+00 1.221870e-02
-2.400000e-01 2.132592e+00 1.229853e-02
-2.250000e-01 2.132592e+00 1.239531e-02
-2.100000e-01 2.132592e+00 1.251412e-02
-1.950000e-01 2.132592e+00 1.266283e-02
-1.800000e-01 2.132592e+00 1.285453e-02
-1.650000e-01 2.132592e+00 1.311344e-02
-1.500000e-01 2.132592e+00 1.348898e-02
-1.350000e-01 2.132592e+00 1.409234e-02
-1.200000e-01 2.132592e+00 1.519509e-02
-1.050000e-01 2.132592e+00 1.750461e-02
-9.000000e-02 2.132592e+00 2.293748e-02
-7.500000e-02 2.132592e+00 3.665517e-02
-6.000000e-02 2.132592e+00 7.122175e-02
-4.500000e-02 2.132592e+00 1.487804e-01
-3.000000e-02 2.132592e+00 2.804871e-01
-1.500000e-02 2.132592e+00 4.199117e-01
5.551115e-17 2.132592e+00 4.801064e-01
1.500000e-02 2.132592e+00 4.199117e-01
3.000000e-02 2.132592e+00 2.804871e-01
4.500000e-02 2.132592e+00 1.487804e-01
6.000000e-02 2.132592e+00 7.122175e-02
7.500000e-02 2.132592e+00 3.665517e-02
9.000000e-02 2.132592e+00 2.293748e-02
1.050000e-01 2.132592e+00 1.750461e-02
1.200000e-01 2.132592e+00 1.519509e-02
1.350000e-01 2.132592e+00 1.409234e-02
1.500000e-01 2.132592e+00 1.348898e-02
1.650000e-01 2.132592e+00 1.311344e-02
1.800000e-01 2.132592e+00 1.285453e-02
1.950000e-01 2.132592e+00 1.266283e-02
2.100000e-01 2.132592e+00 1.251412e-02
2.250000e-01 2.132592e+00 1.239531e-02
2.400000e-01 2.132592e+00 1.229853e-02
2.550000e-01 2.132592e+00 1.221870e-02
2.700000e-01 2.132592e+00 1.215228e-02
2.850000e-01 2.132592e+00 1.209672e-02
3.000000e-01 2.132592e+00 1.205009e-02
-3.000000e-01 2.146256e+00 1.191429e-02
-2.850000e-01 2.146256e+00 1.196006e-02
-2.700000e-01 2.146256e+00 1.201456e-02
-2.550000e-01 2.146256e+00 1.207966e-02
-2.400000e-01 2.146256e+00 1.215782e-02
-2.250000e-01 2.146256e+00 1.225244e-02
-2.100000e-01 2.146256e+00 1.236836e-02
-1.950000e-01 2.146256e+00 1.251298e-02
-1.800000e-01 2.146256e+00 1.269852e-02
-1.650000e-01 2.146256e+00 1.294730e-02
-1.500000e-01 2.146256e+00 1.330444e-02
-1.350000e-01 2.146256e+00 1.387054e-02
-1.200000e-01 2.146256e+00 1.488920e-02
-1.050000e-01 2.146256e+00 1.698949e-02
-9.000000e-02 2.146256e+00 2.185943e-02
-7.500000e-02 2.146256e+00 3.399651e-02
-6.000000e-02 2.146256e+00 6.422370e-02
-4.500000e-02 2.146256e+00 1.313849e-01
-3.000000e-02 2.146256e+00 2.446756e-01
-1.500000e-02 2.146256e+00 3.642348e-01
5.551115e-17 2.146256e+00 4.158184e-01
1.500000e-02 2.146256e+00 3.642348e-01
3.000000e-02 2.146256e+00 2.446756e-01
4.500000e-02 2.146256e+00 1.313849e-01
6.000000e-02 2.146256e+00 6.422370e-02
7.500000e-02 2.146256e+00 3.399651e-02
9.000000e-02 2.146256e+00 2.185943e-02
1.050000e-01 2.146256e+00 1.698949e-02
1.200000e-01 2.146256e+00 1.488920e-02
1.350000e-01 2.146256e+00 1.387054e-02
1.500000e-01 2.146256e+00 1.330444e-02
1.650000e-01 2.146256e+00 1.294730e-02
1.800000e-01 2.146256e+00 1.269852e-02
1.950000e-01 2.146256e+00 1.251298e-02
2.100000e-01 2.146256e+00 1.236836e-02
2.250000e-01 2.146256e+00 1.225244e-02
2.400000e-01 2.146256e+00 1.215782e-02
2.550000e-01 2.146256e+00 1.207966e-02
2.700000e-01 2.146256e+00 1.201456e-02
2.850000e-01 2.146256e+00 1.196006e-02
3.000000e-01 2.146256e+00 1.191429e-02
-3.000000e-01 2.159920e+00 1.178080e-02
-2.850000e-01 2.159920e+00 1.182574e-02
-2.700000e-01 2.159920e+00 1.187921e-02
-2.550000e-01 2.159920e+00 1.194304e-02
-2.400000e-01 2.159920e+00 1.201961e-02
-2.250000e-01 2.159920e+00 1.211217e-02
-2.100000e-01 2.159920e+00 1.222535e-02
-1.950000e-01 2.159920e+00 1.236614e-02
-1.800000e-01 2.159920e+00 1.254596e-02
-1.650000e-01 2.159920e+00 1.278548e-02
-1.500000e-01 2.159920e+00 1.312605e-02
-1.350000e-01 2.159920e+00 1.365905e-02
-1.200000e-01 2.159920e+00 1.460407e-02
-1.050000e-01 2.159920e+00 1.652355e-02
-9.000000e-02 2.159920e+00 2.091342e-02
-7.500000e-02 2.159920e+00 3.172054e-02
-6.000000e-02 2.159920e+00 5.834333e-02
-4.500000e-02 2.159920e+00 1.169619e-01
-3.000000e-02 2.159920e+00 2.152321e-01
-1.500000e-02 2.159920e+00 3.186419e-01
5.551115e-17 2.159920e+00 3.632303e-01
1.500000e-02 2.159920e+00 3.186419e-01
3.000000e-02 2.159920e+00 2.152321e-01
4.500000e-02 2.159920e+00 1.169619e-01
6.000000e-02 2.159920e+00 5.834333e-02
7.500000e-02 2.159920e+00 3.172054e-02
9.000000e-02 2.159920e+00 2.091342e-02
1.050000e-01 2.159920e+00 1.652355e-02
1.200000e-01 2.159920e+00 1.460407e-02
1.350000e-01 2.159920e+00 1.365905e-02
1.500000e-01 2.159920e+00 1.312605e-02
1.650000e-01 2.159920e+00 1.278548e-02
1.800000e-01 2.159920e+00 1.254596e-02
1.950000e-01 2.159920e+00 1.236614e-02
2.100000e-01 2.159920e+00 1.222535e-02
2.250000e-01 2.159920e+00 1.211217e-02
2.400000e-01 2.159920e+00 1.201961e-02
2.550000e-01 2.159920e+00 1.194304e-02
2.700000e-01 2.159920e+00 1.187921e-02
2.850000e-01 2.159920e+00 1.182574e-02
3.000000e-01 2.159920e+00 1.178080e-02
-3.000000e-01 2.173584e+00 1.164957e-02
-2.850000e-01 2.173584e+00 1.169369e-02
-2.700000e-01 2.173584e+00 1.174618e-02
-2.550000e-01 2.173584e+00 1.180878e-02
-2.400000e-01 2.173584e+00 1.188382e-02
-2.250000e-01 2.173584e+00 1.197441e-02
-2.100000e-01 2.173584e+00 1.208499e-02
-1.950000e-01 2.173584e+00 1.222217e-02
-1.800000e-01 2.173584e+00 1.239668e-02
-1.650000e-01 2.173584e+00 1.262770e-02
-1.500000e-01 2.173584e+00 1.295325e-02
-1.350000e-01 2.173584e+00 1.345671e-02
-1.200000e-01 2.173584e+00 1.433686e-02
-1.050000e-01 2.173584e+00 1.609906e-02
-9.000000e-02 2.173584e+00 2.007661e-02
-7.500000e-02 2.173584e+00 2.975581e-02
-6.000000e-02 2.173584e+00 5.335881e-02
-4.500000e-02 2.173584e+00 1.048946e-01
-3.000000e-02 2.173584e+00 1.907992e-01
-1.500000e-02 2.173584e+00 2.809576e-01
5.551115e-17 2.173584e+00 3.198103e-01
1.500000e-02 2.173584e+00 2.809576e-01
3.000000e-02 2.173584e+00 1.907992e-01
4.500000e-02 2.173584e+00 1.048946e-01
6.000000e-02 2.173584e+00 5.335881e-02
7.500000e-02 2.173584e+00 2.975581e-02
9.000000e-02 2.173584e+00 2.007661e-02
1.050000e-01 2.173584e+00 1.609906e-02
1.200000e-01 2.173584e+00 1.433686e-02
1.350000e-01 2.173584e+00 1.345671e-02
1.500000e-01 2.173584e+00 1.295325e-02
1.650000e-01 2.173584e+00 1.262770e-02
1.800000e-01 2.173584e+00 1.239668e-02
1.950000e-01 2.173584e+00 1.222217e-02
2.100000e-01 2.173584e+00 1.208499e-02
2.250000e-01 2.173584e+00 1.197441e-02
2.400000e-01 2.173584e+00 1.188382e-02
2.550000e-01 2.173584e+00 1.180878e-02
2.700000e-01 2.173584e+00 1.174618e-02
2.850000e-01 2.173584e+00 1.169369e-02
3.000000e-01 2.173584e+00 1.164957e-02
-3.000000e-01 2.187249e+00 1.152055e-02
-2.850000e-01 2.187249e+00 1.156388e-02
-2.700000e-01 2.187249e+00 1.161540e-02
-2.550000e-01 2.187249e+00 1.167683e-02
-2.400000e-01 2.187249e+00 1.175038e-02
-2.250000e-01 2.187249e+00 1.183910e-02
-2.100000e-01 2.187249e+00 1.194720e-02
-1.950000e-01 2.187249e+00 1.208097e-02
-1.800000e-01 2.187249e+00 1.225052e-02
-1.650000e-01 2.187249e+00 1.247369e-02
-1.500000e-01 2.187249e+00 1.278559e-02
-1.350000e-01 2.187249e+00 1.326253e-02
-1.200000e-01 2.187249e+00 1.408521e-02
-1.050000e-01 2.187249e+00 1.570980e-02
-9.000000e-02 2.187249e+00 1.933085e-02
-7.500000e-02 2.187249e+00 2.804640e-02
-6.000000e-02 2.187249e+00 4.909879e-02
-4.500000e-02 2.187249e+00 9.471084e-02
-3.000000e-02 2.187249e+00 1.703429e-01
-1.500000e-02 2.187249e+00 2.495280e-01
5.551115e-17 2.187249e+00 2.836342e-01
1.500000e-02 2.187249e+00 2.495280e-01
3.000000e-02 2.187249e+00 1.703429e-01
4.500000e-02 2.187249e+00 9.471084e-02
6.000000e-02 2.187249e+00 4.909879e-02
7.500000e-02 2.187249e+00 2.804640e-02
9.000000e-02 2.187249e+00 1.933085e-02
1.050000e-01 2.187249e+00 1.570980e-02
1.200000e-01 2.187249e+00 1.408521e-02
1.350000e-01 2.187249e+00 1.326253e-02
1.500000e-01 2.187249e+00 1.278559e-02
1.650000e-01 2.187249e+00 1.247369e-02
1.800000e-01 2.187249e+00 1.225052e-02
1.950000e-01 2.187249e+00 1.208097e-02
2.100000e-01 2.187249e+00 1.194720e-02
2.250000e-01 2.187249e+00 1.183910e-02
2.400000e-01 2.187249e+00 1.175038e-02
2.550000e-01 2.187249e+00 1.167683e-02
2.700000e-01 2.187249e+00 1.161540e-02
2.850000e-01 2.187249e+00 1.156388e-02
3.000000e-01 2.187249e+00 1.152055e-02
-3.000000e-01 2.200913e+00 1.139367e-02
-2.850000e-01 2.200913e+00 1.143624e-02
-2.700000e-01 2.200913e+00 1.148683e-02
-2.550000e-01 2.200913e+00 1.154711e-02
-2.400000e-01 2.200913e+00 1.161924e-02
-2.250000e-01 2.200913e+00 1.170615e-02
-2.100000e-01 2.200913e+00 1.181189e-02
-1.950000e-01 2.200913e+00 1.194244e-02
-1.800000e-01 2.200913e+00 1.210734e-02
-1.650000e-01 2.200913e+00 1.232325e-02
-1.500000e-01 2.200913e+00 1.262266e-02
-1.350000e-01 2.200913e+00 1.307569e-02
-1.200000e-01 2.200913e+00 1.384719e-02
-1.050000e-01 2.200913e+00 1.535069e-02
-9.000000e-02 2.200913e+00 1.866162e-02
-7.500000e-02 2.200913e+00 2.654816e-02
-6.000000e-02 2.200913e+00 4.542977e-02
-4.500000e-02 2.200913e+00 8.604649e-02
-3.000000e-02 2.200913e+00 1.530712e-01
-1.500000e-02 2.200913e+00 2.230890e-01
5.551115e-17 2.200913e+00 2.532328e-01
1.500000e-02 2.200913e+00 2.230890e-01
3.000000e-02 2.200913e+00 1.530712e-01
4.500000e-02 2.200913e+00 8.604649e-02
6.000000e-02 2.200913e+00 4.542977e-02
7.500000e-02 2.200913e+00 2.654816e-02
9.000000e-02 2.200913e+00 1.866162e-02
1.050000e-01 2.200913e+00 1.535069e-02
1.200000e-01 2.200913e+00 1.384719e-02
1.350000e-01 2.200913e+00 1.307569e-02
1.500000e-01 2.200913e+00 1.262266e-02
1.650000e-01 2.200913e+00 1.232325e-02
1.800000e-01 2.200913e+00 1.210734e-02
1.950000e-01 2.200913e+00 1.194244e-02
2.100000e-01 2.200913e+00 1.181189e-02
2.250000e-01 2.200913e+00 1.170615e-02
2.400000e-01 2.200913e+00 1.161924e-02
2.550000e-01 2.200913e+00 1.154711e-02
2.700000e-01 2.200913e+00 1.148683e-02
2.850000e-01 2.200913e+00 1.143624e-02
3.000000e-01 2.200913e+00 1.139367e-02
-3.000000e-01 2.214577e+00 1.126890e-02
-2.850000e-01 2.214577e+00 1.131072e-02
-2.700000e-01 2.214577e+00 1.136041e-02
-2.550000e-01 2.214577e+00 1.141958e-02
-2.400000e-01 2.214577e+00 1.149034e-02
-2.250000e-01 2.214577e+00 1.157551e-02
-2.100000e-01 2.214577e+00 1.167899e-02
-1.950000e-01 2.214577e+00 1.180649e-02
-1.800000e-01 2.214577e+00 1.196700e-02
-1.650000e-01 2.214577e+00 1.217616e-02
-1.500000e-01 2.214577e+00 1.246412e-02
-1.350000e-01 2.214577e+00 1.289548e-02
-1.200000e-01 2.214577e+00 1.362119e-02
-1.050000e-01 2.214577e+00 1.501758e-02
-9.000000e-02 2.214577e+00 1.805715e-02
-7.500000e-02 2.214577e+00 2.522597e-02
-6.000000e-02 2.214577e+00 4.224690e-02
-4.500000e-02 2.214577e+00 7.861864e-02
-3.000000e-02 2.214577e+00 1.383724e-01
-1.500000e-02 2.214577e+00 2.006679e-01
5.551115e-17 2.214577e+00 2.274759e-01
1.500000e-02 2.214577e+00 2.006679e-01
3.000000e-02 2.214577e+00 1.383724e-01
4.500000e-02 2.214577e+00 7.861864e-02
6.000000e-02 2.214577e+00 4.224690e-02
7.500000e-02 2.214577e+00 2.522597e-02
9.000000e-02 2.214577e+00 1.805715e-02
1.050000e-01 2.214577e+00 1.501758e-02
1.200000e-01 2.214577e+00 1.362119e-02
1.350000e-01 2.214577e+00 1.289548e-02
1.500000e-01 2.214577e+00 1.246412e-02
1.650000e-01 2.214577e+00 1.217616e-02
1.800000e-01 2.214577e+00 1.196700e-02
1.950000e-01 2.214577e+00 1.180649e-02
2.100000e-01 2.214577e+00 1.167899e-02
2.250000e-01 2.214577e+00 1.157551e-02
2.400000e-01 2.214577e+00 1.149034e-02
2.550000e-01 2.214577e+00 1.141958e-02
2.700000e-01 2.214577e+00 1.136041e-02
2.850000e-01 2.214577e+00 1.131072e-02
3.000000e-01 2.214577e+00 1.126890e-02
-3.000000e-01 2.228242e+00 1.114618e-02
-2.850000e-01 2.228242e+00 1.118728e-02
-2.700000e-01 2.228242e+00 1.123609e-02
-2.550000e-01 2.228242e+00 1.129419e-02
-2.400000e-01 2.228242e+00 1.136362e-02
-2.250000e-01 2.228242e+00 1.144711e-02
-2.100000e-01 2.228242e+00 1.154843e-02
-1.950000e-01 2.228242e+00 1.167302e-02
-1.800000e-01 2.228242e+00 1.182941e-02
-1.650000e-01 2.228242e+00 1.203226e-02
-1.500000e-01 2.228242e+00 1.230966e-02
-1.350000e-01 2.228242e+00 1.272131e-02
-1.200000e-01 2.228242e+00 1.340587e-02
-1.050000e-01 2.228242e+00 1.470705e-02
-9.000000e-02 2.228242e+00 1.750792e-02
-7.500000e-02 2.228242e+00 2.405160e-02
-6.000000e-02 2.228242e+00 3.946708e-02
-4.500000e-02 2.228242e+00 7.220545e-02
-3.000000e-02 2.228242e+00 1.257703e-01
-1.500000e-02 2.228242e+00 1.815099e-01
5.551115e-17 2.228242e+00 2.054875e-01
1.500000e-02 2.228242e+00 1.815099e-01
3.000000e-02 2.228242e+00 1.257703e-01
4.500000e-02 2.228242e+00 7.220545e-02
6.000000e-02 2.228242e+00 3.946708e-02
7.500000e-02 2.228242e+00 2.405160e-02
9.000000e-02 2.228242e+00 1.750792e-02
1.050000e-01 2.228242e+00 1.470705e-02
1.200000e-01 2.228242e+00 1.340587e-02
1.350000e-01 2.228242e+00 1.272131e-02
1.500000e-01 2.228242e+00 1.230966e-02
1.650000e-01 2.228242e+00 1.203226e-02
1.800000e-01 2.228242e+00 1.182941e-02
1.950000e-01 2.228242e+00 1.167302e-02
2.100000e-01 2.228242e+00 1.154843e-02
2.250000e-01 2.228242e+00 1.144711e-02
2.400000e-01 2.228242e+00 1.136362e-02
2.550000e-01 2.228242e+00 1.129419e-02
2.700000e-01 2.228242e+00 1.123609e-02
2.850000e-01 2.228242e+00 1.118728e-02
3.000000e-01 2.228242e+00 1.114618e-02
-3.000000e-01 2.241906e+00 1.102547e-02
-2.850000e-01 2.241906e+00 1.106586e-02
-2.700000e-01 2.241906e+00 1.111382e-02
-2.550000e-01 2.241906e+00 1.117087e-02
-2.400000e-01 2.241906e+00 1.123902e-02
-2.250000e-01 2.241906e+00 1.132090e-02
-2.100000e-01 2.241906e+00 1.142014e-02
-1.950000e-01 2.241906e+00 1.154196e-02
-1.800000e-01 2.241906e+00 1.169444e-02
-1.650000e-01 2.241906e+00 1.189140e-02
-1.500000e-01 2.241906e+00 1.215904e-02
-1.350000e-01 2.241906e+00 1.255268e-02
-1.200000e-01 2.241906e+00 1.320009e-02
-1.050000e-01 2.241906e+00 1.441626e-02
-9.000000e-02 2.241906e+00 1.700608e-02
-7.500000e-02 2.241906e+00 2.300225e-02
-6.000000e-02 2.241906e+00 3.702395e-02
-4.500000e-02 2.241906e+00 6.663150e-02
-3.000000e-02 2.241906e+00 1.148909e-01
-1.500000e-02 2.241906e+00 1.650241e-01
5.551115e-17 2.241906e+00 1.865824e-01
1.500000e-02 2.241906e+00 1.650241e-01
3.000000e-02 2.241906e+00 1.148909e-01
4.500000e-02 2.241906e+00 6.663150e-02
6.000000e-02 2.241906e+00 3.702395e-02
7.500000e-02 2.241906e+00 2.300225e-02
9.000000e-02 2.241906e+00 1.700608e-02
1.050000e-01 2.241906e+00 1.441626e-02
1.200000e-01 2.241906e+00 1.320009e-02
1.350000e-01 2.241906e+00 1.255268e-02
1.500000e-01 2.241906e+00 1.215904e-02
1.650000e-01 2.241906e+00 1.189140e-02
1.800000e-01 2.241906e+00 1.169444e-02
1.950000e-01 2.241906e+00 1.154196e-02
2.100000e-01 2.241906e+00 1.142014e-02
2.250000e-01 2.241906e+00 1.132090e-02
2.400000e-01 2.241906e+00 1.123902e-02
2.550000e-01 2.241906e+00 1.117087e-02
2.700000e-01 2.241906e+00 1.111382e-02
2.850000e-01 2.241906e+00 1.106586e-02
3.000000e-01 2.241906e+00 1.102547e-02
-3.000000e-01 2.255570e+00 1.090672e-02
-2.850000e-01 2.255570e+00 1.094643e-02
-2.700000e-01 2.255570e+00 1.099355e-02
-2.550000e-01 2.255570e+00 1.104960e-02
-2.400000e-01 2.255570e+00 1.111650e-02
-2.250000e-01 2.255570e+00 1.119682e-02
-2.100000e-01 2.255570e+00 1.129406e-02
-1.950000e-01 2.255570e+00 1.141323e-02
-1.800000e-01 2.255570e+00 1.156201e-02
-1.650000e-01 2.255570e+00 1.175344e-02
-1.500000e-01 2.255570e+00 1.201201e-02
-1.350000e-01 2.255570e+00 1.238915e-02
-1.200000e-01 2.255570e+00 1.300288e-02
-1.050000e-01 2.255570e+00 1.414281e-02
-9.000000e-02 2.255570e+00 1.654517e-02
-7.500000e-02 2.255570e+00 2.205932e-02
-6.000000e-02 2.255570e+00 3.486402e-02
-4.500000e-02 2.255570e+00 6.175694e-02
-3.000000e-02 2.255570e+00 1.054383e-01
-1.500000e-02 2.255570e+00 1.507443e-01
5.551115e-17 2.255570e+00 1.702207e-01
1.500000e-02 2.255570e+00 1.507443e-01
3.000000e-02 2.255570e+00 1.054383e-01
4.500000e-02 2.255570e+00 6.175694e-02
6.000000e-02 2.255570e+00 3.486402e-02
7.500000e-02 2.255570e+00 2.205932e-02
9.000000e-02 2.255570e+00 1.654517e-02
1.050000e-01 2.255570e+00 1.414281e-02
1.200000e-01 2.255570e+00 1.300288e-02
1.350000e-01 2.255570e+00 1.238915e-02
1.500000e-01 2.255570e+00 1.201201e-02
1.650000e-01 2.255570e+00 1.175344e-02
1.800000e-01 2.255570e+00 1.156201e-02
1.950000e-01 2.255570e+00 1.141323e-02
2.100000e-01 2.255570e+00 1.129406e-02
2.250000e-01 2.255570e+00 1.119682e-02
2.400000e-01 2.255570e+00 1.111650e-02
2.550000e-01 2.255570e+00 1.104960e-02
2.700000e-01 2.255570e+00 1.099355e-02
2.850000e-01 2.255570e+00 1.094643e-02
3.000000e-01 2.255570e+00 1.090672e-02
-3.000000e-01 2.269234e+00 1.078989e-02
-2.850000e-01 2.269234e+00 1.082893e-02
-2.700000e-01 2.269234e+00 1.087525e-02
-2.550000e-01 2.269234e+00 1.093031e-02
-2.400000e-01 2.269234e+00 1.099600e-02
-2.250000e-01 2.269234e+00 1.107482e-02
-2.100000e-01 2.269234e+00 1.117014e-02
-1.950000e-01 2.269234e+00 1.128677e-02
-1.800000e-01 2.269234e+00 1.143204e-02
-1.650000e-01 2.269234e+00 1.161825e-02
-1.500000e-01 2.269234e+00 1.186839e-02
-1.350000e-01 2.269234e+00 1.223034e-02
-1.200000e-01 2.269234e+00 1.281344e-02
-1.050000e-01 2.269234e+00 1.388472e-02
-9.000000e-02 2.269234e+00 1.611982e-02
-7.500000e-02 2.269234e+00 2.120754e-02
-6.000000e-02 2.269234e+00 3.294394e-02
-4.500000e-02 2.269234e+00 5.746937e-02
-3.000000e-02 2.269234e+00 9.717583e-02
-1.500000e-02 2.269234e+00 1.382994e-01
5.551115e-17 2.269234e+00 1.559728e-01
1.500000e-02 2.269234e+00 1.382994e-01
3.000000e-02 2.269234e+00 9.717583e-02
4.500000e-02 2.269234e+00 5.746937e-02
6.000000e-02 2.269234e+00 3.294394e-02
7.500000e-02 2.269234e+00 2.120754e-02
9.000000e-02 2.269234e+00 1.611982e-02
1.050000e-01 2.269234e+00 1.388472e-02
1.200000e-01 2.269234e+00 1.281344e-02
1.350000e-01 2.269234e+00 1.223034e-02
1.500000e-01 2.269234e+00 1.186839e-02
1.650000e-01 2.269234e+00 1.161825e-02
1.800000e-01 2.269234e+00 1.143204e-02
1.950000e-01 2.269234e+00 1.128677e-02
2.100000e-01 2.269234e+00 1.117014e-02
2.250000e-01 2.269234e+00 1.107482e-02
2.400000e-01 2.269234e+00 1.099600e-02
2.550000e-01 2.269234e+00 1.093031e-02
2.700000e-01 2.269234e+00 1.087525e-02
2.850000e-01 2.269234e+00 1.082893e-02
3.000000e-01 2.269234e+00 1.078989e-02
-3.000000e-01 2.282899e+00 1.067493e-02
-2.850000e-01 2.282899e+00 1.071332e-02
-2.700000e-01 2.282899e+00 1.075885e-02
-2.550000e-01 2.282899e+00 1.081296e-02
-2.400000e-01 2.282899e+00 1.087749e-02
-2.250000e-01 2.282899e+00 1.095485e-02
-2.100000e-01 2.282899e+00 1.104831e-02
-1.950000e-01 2.282899e+00 1.116250e-02
-1.800000e-01 2.282899e+00 1.130442e-02
-1.650000e-01 2.282899e+00 1.148572e-02
-1.500000e-01 2.282899e+00 1.172798e-02
-1.350000e-01 2.282899e+00 1.207591e-02
-1.200000e-01 2.282899e+00 1.263105e-02
-1.050000e-01 2.282899e+00 1.364027e-02
-9.000000e-02 2.282899e+00 1.572554e-02
-7.500000e-02 2.282899e+00 2.043430e-02
-6.000000e-02 2.282899e+00 3.122823e-02
-4.500000e-02 2.282899e+00 5.367773e-02
-3.000000e-02 2.282899e+00 8.991329e-02
-1.500000e-02 2.282899e+00 1.273917e-01
5.551115e-17 2.282899e+00 1.434942e-01
1.500000e-02 2.282899e+00 1.273917e-01
3.000000e-02 2.282899e+00 8.991329e-02
4.500000e-02 2.282899e+00 5.367773e-02
6.000000e-02 2.282899e+00 3.122823e-02
7.500000e-02 2.282899e+00 2.043430e-02
9.000000e-02 2.282899e+00 1.572554e-02
1.050000e-01 2.282899e+00 1.364027e-02
1.200000e-01 2.282899e+00 1.263105e-02
1.350000e-01 2.282899e+00 1.207591e-02
1.500000e-01 2.282899e+00 1.172798e-02
1.650000e-01 2.282899e+00 1.148572e-02
1.800000e-01 2.282899e+00 1.130442e-02
1.950000e-01 2.282899e+00 1.116250e-02
2.100000e-01 2.282899e+00 1.104831e-02
2.250000e-01 2.282899e+00 1.095485e-02
2.400000e-01 2.282899e+00 1.087749e-02
2.550000e-01 2.282899e+00 1.081296e-02
2.700000e-01 2.282899e+00 1.075885e-02
2.850000e-01 2.282899e+00 1.071332e-02
3.000000e-01 2.282899e+00 1.067493e-02
-3.000000e-01 2.296563e+00 1.056182e-02
-2.850000e-01 2.296563e+00 1.059957e-02
-2.700000e-01 2.296563e+00 1.064433e-02
-2.550000e-01 2.296563e+00 1.069751e-02
-2.400000e-01 2.296563e+00 1.076090e-02
-2.250000e-01 2.296563e+00 1.083685e-02
-2.100000e-01 2.296563e+00 1.092853e-02
-1.950000e-01 2.296563e+00 1.104038e-02
-1.800000e-01 2.296563e+00 1.117910e-02
-1.650000e-01 2.296563e+00 1.135574e-02
-1.500000e-01 2.296563e+00 1.159063e-02
-1.350000e-01 2.296563e+00 1.192558e-02
-1.200000e-01 2.296563e+00 1.245510e-02
-1.050000e-01 2.296563e+00 1.340804e-02
-9.000000e-02 2.296563e+00 1.535855e-02
-7.500000e-02 2.296563e+00 1.972911e-02
-6.000000e-02 2.296563e+00 2.968771e-02
-4.500000e-02 2.296563e+00 5.030773e-02
-3.000000e-02 2.296563e+00 8.349629e-02
-1.500000e-02 2.296563e+00 1.177804e-01
5.551115e-17 2.296563e+00 1.325069e-01
1.500000e-02 2.296563e+00 1.177804e-01
3.000000e-02 2.296563e+00 8.349629e-02
4.500000e-02 2.296563e+00 5.030773e-02
6.000000e-02 2.296563e+00 2.968771e-02
7.500000e-02 2.296563e+00 1.972911e-02
9.000000e-02 2.296563e+00 1.535855e-02
1.050000e-01 2.296563e+00 1.340804e-02
1.200000e-01 2.296563e+00 1.245510e-02
1.350000e-01 2.296563e+00 1.192558e-02
1.500000e-01 2.296563e+00 1.159063e-02
1.650000e-01 2.296563e+00 1.135574e-02
1.800000e-01 2.296563e+00 1.117910e-02
1.950000e-01 2.296563e+00 1.104038e-02
2.100000e-01 2.296563e+00 1.092853e-02
2.250000e-01 2.296563e+00 1.083685e-02
2.400000e-01 2.296563e+00 1.076090e-02
2.550000e-01 2.296563e+00 1.069751e-02
2.700000e-01 2.296563e+00 1.064433e-02
2.850000e-01 2.296563e+00 1.059957e-02
3.000000e-01 2.296563e+00 1.056182e-02
-3.000000e-01 2.310227e+00 1.045050e-02
-2.850000e-01 2.310227e+00 1.048763e-02
-2.700000e-01 2.310227e+00 1.053164e-02
-2.550000e-01 2.310227e+00 1.058392e-02
-2.400000e-01 2.310227e+00 1.064620e-02
-2.250000e-01 2.310227e+00 1.072078e-02
-2.100000e-01 2.310227e+00 1.081073e-02
-1.950000e-01 2.310227e+00 1.092033e-02
-1.800000e-01 2.310227e+00 1.105600e-02
-1.650000e-01 2.310227e+00 1.122823e-02
-1.500000e-01 2.310227e+00 1.145620e-02
-1.350000e-01 2.310227e+00 1.177908e-02
-1.200000e-01 2.310227e+00 1.228507e-02
-1.050000e-01 2.310227e+00 1.318678e-02
-9.000000e-02 2.310227e+00 1.501565e-02
-7.500000e-02 2.310227e+00 1.908319e-02
-6.000000e-02 2.310227e+00 2.829818e-02
-4.500000e-02 2.310227e+00 4.729834e-02
-3.000000e-02 2.310227e+00 7.779872e-02
-1.500000e-02 2.310227e+00 1.092693e-01
5.551115e-17 2.310227e+00 1.227842e-01
1.500000e-02 2.310227e+00 1.092693e-01
3.000000e-02 2.310227e+00 7.779872e-02
4.500000e-02 2.310227e+00 4.729834e-02
6.000000e-02 2.310227e+00 2.829818e-02
7.500000e-02 2.310227e+00 1.908319e-02
9.000000e-02 2.310227e+00 1.501565e-02
1.050000e-01 2.310227e+00 1.318678e-02
1.200000e-01 2.310227e+00 1.228507e-02
1.350000e-01 2.310227e+00 1.177908e-02
1.500000e-01 2.310227e+00 1.145620e-02
1.650000e-01 2.310227e+00 1.122823e-02
1.800000e-01 2.310227e+00 1.105600e-02
1.950000e-01 2.310227e+00 1.092033e-02
2.100000e-01 2.310227e+00 1.081073e-02
2.250000e-01 2.310227e+00 1.072078e-02
2.400000e-01 2.310227e+00 1.064620e-02
2.550000e-01 2.310227e+00 1.058392e-02
2.700000e-01 2.310227e+00 1.053164e-02
2.850000e-01 2.310227e+00 1.048763e-02
3.000000e-01 2.310227e+00 1.045050e-02
-3.000000e-01 2.323891e+00 1.034093e-02
-2.850000e-01 2.323891e+00 1.037746e-02
-2.700000e-01 2.323891e+00 1.042075e-02
-2.550000e-01 2.323891e+00 1.047214e-02
-2.400000e-01 2.323891e+00 1.053335e-02
-2.250000e-01 2.323891e+00 1.060660e-02
-2.100000e-01 2.323891e+00 1.069488e-02
-1.950000e-01 2.323891e+00 1.080232e-02
-1.800000e-01 2.323891e+00 1.093506e-02
-1.650000e-01 2.323891e+00 1.110310e-02
-1.500000e-01 2.323891e+00 1.132454e-02
-1.350000e-01 2.323891e+00 1.163620e-02
-1.200000e-01 2.323891e+00 1.212050e-02
-1.050000e-01 2.323891e+00 1.297543e-02
-9.000000e-02 2.323891e+00 1.469414e-02
-7.500000e-02 2.323891e+00 1.848915e-02
-6.000000e-02 2.323891e+00 2.703950e-02
-4.500000e-02 2.323891e+00 4.459907e-02
-3.000000e-02 2.323891e+00 7.271682e-02
-1.500000e-02 2.323891e+00 1.016976e-01
5.551115e-17 2.323891e+00 1.141405e-01
1.500000e-02 2.323891e+00 1.016976e-01
3.000000e-02 2.323891e+00 7.271682e-02
4.500000e-02 2.323891e+00 4.459907e-02
6.000000e-02 2.323891e+00 2.703950e-02
7.500000e-02 2.323891e+00 1.848915e-02
9.000000e-02 2.323891e+00 1.469414e-02
1.050000e-01 2.323891e+00 1.297543e-02
1.200000e-01 2.323891e+00 1.212050e-02
1.350000e-01 2.323891e+00 1.163620e-02
1.500000e-01 2.323891e+00 1.132454e-02
1.650000e-01 2.323891e+00 1.110310e-02
1.800000e-01 2.323891e+00 1.093506e-02
1.950000e-01 2.323891e+00 1.080232e-02
2.100000e-01 2.323891e+00 1.069488e-02
2.250000e-01 2.323891e+00 1.060660e-02
2.400000e-01 2.323891e+00 1.053335e-02
2.550000e-01 2.323891e+00 1.047214e-02
2.700000e-01 2.323891e+00 1.042075e-02
2.850000e-01 2.323891e+00 1.037746e-02
3.000000e-01 2.323891e+00 1.034093e-02
-3.000000e-01 2.337556e+00 1.023309e-02
-2.850000e-01 2.337556e+00 1.026902e-02
-2.700000e-01 2.337556e+00 1.031160e-02
-2.550000e-01 2.337556e+00 1.036214e-02
-2.400000e-01 2.337556e+00 1.042230e-02
-2.250000e-01 2.337556e+00 1.049427e-02
-2.100000e-01 2.337556e+00 1.058092e-02
-1.950000e-01 2.337556e+00 1.068627e-02
-1.800000e-01 2.337556e+00 1.081621e-02
-1.650000e-01 2.337556e+00 1.098026e-02
-1.500000e-01 2.337556e+00 1.119555e-02
-1.350000e-01 2.337556e+00 1.149672e-02
-1.200000e-01 2.337556e+00 1.196097e-02
-1.050000e-01 2.337556e+00 1.277306e-02
-9.000000e-02 2.337556e+00 1.439168e-02
-7.500000e-02 2.337556e+00 1.794073e-02
-6.000000e-02 2.337556e+00 2.589474e-02
-4.500000e-02 2.337556e+00 4.216788e-02
-3.000000e-02 2.337556e+00 6.816470e-02
-1.500000e-02 2.337556e+00 9.493219e-02
5.551115e-17 2.337556e+00 1.064226e-01
1.500000e-02 2.337556e+00 9.493219e-02
3.000000e-02 2.337556e+00 6.816470e-02
4.500000e-02 2.337556e+00 4.216788e-02
6.000000e-02 2.337556e+00 2.589474e-02
7.500000e-02 2.337556e+00 1.794073e-02
9.000000e-02 2.337556e+00 1.439168e-02
1.050000e-01 2.337556e+00 1.277306e-02
1.200000e-01 2.337556e+00 1.196097e-02
1.350000e-01 2.337556e+00 1.149672e-02
1.500000e-01 2.337556e+00 1.119555e-02
1.650000e-01 2.337556e+00 1.098026e-02
1.800000e-01 2.337556e+00 1.081621e-02
1.950000e-01 2.337556e+00 1.068627e-02
2.100000e-01 2.337556e+00 1.058092e-02
2.250000e-01 2.337556e+00 1.049427e-02
2.400000e-01 2.337556e+00 1.042230e-02
2.550000e-01 2.337556e+00 1.036214e-02
2.700000e-01 2.337556e+00 1.031160e-02
2.850000e-01 2.337556e+00 1.026902e-02
3.000000e-01 2.337556e+00 1.023309e-02
-3.000000e-01 2.351220e+00 1.012693e-02
-2.850000e-01 2.351220e+00 1.016229e-02
-2.700000e-01 2.351220e+00 1.020417e-02
-2.550000e-01 2.351220e+00 1.025387e-02
-2.400000e-01 2.351220e+00 1.031302e-02
-2.250000e-01 2.351220e+00 1.038373e-02
-2.100000e-01 2.351220e+00 1.046882e-02
-1.950000e-01 2.351220e+00 1.057215e-02
-1.800000e-01 2.351220e+00 1.069939e-02
-1.650000e-01 2.351220e+00 1.085963e-02
-1.500000e-01 2.351220e+00 1.106912e-02
-1.350000e-01 2.351220e+00 1.136047e-02
-1.200000e-01 2.351220e+00 1.180614e-02
-1.050000e-01 2.351220e+00 1.257889e-02
-9.000000e-02 2.351220e+00 1.410628e-02
-7.500000e-02 2.351220e+00 1.743262e-02
-6.000000e-02 2.351220e+00 2.484966e-02
-4.500000e-02 2.351220e+00 3.996961e-02
-3.000000e-02 2.351220e+00 6.407078e-02
-1.500000e-02 2.351220e+00 8.886275e-02
5.551115e-17 2.351220e+00 9.950317e-02
1.500000e-02 2.351220e+00 8.886275e-02
3.000000e-02 2.351220e+00 6.407078e-02
4.500000e-02 2.351220e+00 3.996961e-02
6.000000e-02 2.351220e+00 2.484966e-02
7.500000e-02 2.351220e+00 1.743262e-02
9.000000e-02 2.351220e+00 1.410628e-02
1.050000e-01 2.351220e+00 1.257889e-02
1.200000e-01 2.351220e+00 1.180614e-02
1.350000e-01 2.351220e+00 1.136047e-02
1.500000e-01 2.351220e+00 1.106912e-02
1.650000e-01 2.351220e+00 1.085963e-02
1.800000e-01 2.351220e+00 1.069939e-02
1.950000e-01 2.351220e+00 1.057215e-02
2.100000e-01 2.351220e+00 1.046882e-02
2.250000e-01 2.351220e+00 1.038373e-02
2.400000e-01 2.351220e+00 1.031302e-02
2.550000e-01 2.351220e+00 1.025387e-02
2.700000e-01 2.351220e+00 1.020417e-02
2.850000e-01 2.351220e+00 1.016229e-02
3.000000e-01 2.351220e+00 1.012693e-02
-3.000000e-01 2.364884e+00 1.002242e-02
-2.850000e-01 2.364884e+00 1.005721e-02
-2.700000e-01 2.364884e+00 1.009842e-02
-2.550000e-01 2.364884e+00 1.014730e-02
-2.400000e-01 2.364884e+00 1.020546e-02
-2.250000e-01 2.364884e+00 1.027495e-02
-2.100000e-01 2.364884e+00 1.035852e-02
-1.950000e-01 2.364884e+00 1.045990e-02
-1.800000e-01 2.364884e+00 1.058455e-02
-1.650000e-01 2.364884e+00 1.074116e-02
-1.500000e-01 2.364884e+00 1.094514e-02
-1.350000e-01 2.364884e+00 1.122729e-02
-1.200000e-01 2.364884e+00 1.165569e-02
-1.050000e-01 2.364884e+00 1.239221e-02
-9.000000e-02 2.364884e+00 1.383621e-02
-7.500000e-02 2.364884e+00 1.696027e-02
-6.000000e-02 2.364884e+00 2.389216e-02
-4.500000e-02 2.364884e+00 3.797461e-02
-3.000000e-02 2.364884e+00 6.037507e-02
-1.500000e-02 2.364884e+00 8.339686e-02
5.551115e-17 2.364884e+00 9.327581e-02
1.500000e-02 2.364884e+00 8.339686e-02
3.000000e-02 2.364884e+00 6.037507e-02
4.500000e-02 2.364884e+00 3.797461e-02
6.000000e-02 2.364884e+00 2.389216e-02
7.500000e-02 2.364884e+00 1.696027e-02
9.000000e-02 2.364884e+00 1.383621e-02
1.050000e-01 2.364884e+00 1.239221e-02
1.200000e-01 2.364884e+00 1.165569e-02
1.350000e-01 2.364884e+00 1.122729e-02
1.500000e-01 2.364884e+00 1.094514e-02
1.650000e-01 2.364884e+00 1.074116e-02
1.800000e-01 2.364884e+00 1.058455e-02
1.950000e-01 2.364884e+00 1.045990e-02
2.100000e-01 2.364884e+00 1.035852e-02
2.250000e-01 2.364884e+00 1.027495e-02
2.400000e-01 2.364884e+00 1.020546e-02
2.550000e-01 2.364884e+00 1.014730e-02
2.700000e-01 2.364884e+00 1.009842e-02
2.850000e-01 2.364884e+00 1.005721e-02
3.000000e-01 2.364884e+00 1.002242e-02
